H2107030_1,高知県,第３１２回,1,23,5,10,臨時,DiscussNetPremium 平成２３年　　５月　臨時会（第３１２回） - 05月10日－01号 ,答弁者,その他,鍵山和司,事務局長,一般選挙後最初の議会でありますので、議長が選挙されるまでの間、地方自治法第107条の規定により、年長議員が臨時議長の職務を行うことになっております。,,https://www.kaigiroku.net/cgi-bin/WWWdocHatugen.exe?A=docHatugen&RA=frameNittei&USR=kockock&N=2372&H=2107030,null
H2107030_2,高知県,第３１２回,1,23,5,10,臨時,DiscussNetPremium 平成２３年　　５月　臨時会（第３１２回） - 05月10日－01号 ,答弁者,その他,鍵山和司,事務局長,出席議員中、西岡寅八郎議員が年長者でありますので、御紹介申し上げます。,,https://www.kaigiroku.net/cgi-bin/WWWdocHatugen.exe?A=docHatugen&RA=frameNittei&USR=kockock&N=2372&H=2107030,null
H2107030_3,高知県,第３１２回,1,23,5,10,臨時,DiscussNetPremium 平成２３年　　５月　臨時会（第３１２回） - 05月10日－01号 ,答弁者,その他,鍵山和司,事務局長,（年長議員西岡寅八郎君議長席に着席）,,https://www.kaigiroku.net/cgi-bin/WWWdocHatugen.exe?A=docHatugen&RA=frameNittei&USR=kockock&N=2372&H=2107030,null
H2107030_4,高知県,第３１２回,1,23,5,10,臨時,DiscussNetPremium 平成２３年　　５月　臨時会（第３１２回） - 05月10日－01号 ,答弁者,その他,鍵山和司,事務局長,－－－－－－－－－－－－－－－－－－－－－－－－－－－－－－－－－－－－－－－,,https://www.kaigiroku.net/cgi-bin/WWWdocHatugen.exe?A=docHatugen&RA=frameNittei&USR=kockock&N=2372&H=2107030,null
H2107031_1,高知県,第３１２回,1,23,5,10,臨時,DiscussNetPremium 平成２３年　　５月　臨時会（第３１２回） - 05月10日－01号 ,議長,議長,西岡寅八郎,臨時議長,ただいま紹介をいただきました西岡寅八郎でございます。,,https://www.kaigiroku.net/cgi-bin/WWWdocHatugen.exe?A=docHatugen&RA=frameNittei&USR=kockock&N=2372&H=2107031,null
H2107031_2,高知県,第３１２回,1,23,5,10,臨時,DiscussNetPremium 平成２３年　　５月　臨時会（第３１２回） - 05月10日－01号 ,議長,議長,西岡寅八郎,臨時議長,地方自治法第107条の規定により、臨時に議長の職務を行います。,,https://www.kaigiroku.net/cgi-bin/WWWdocHatugen.exe?A=docHatugen&RA=frameNittei&USR=kockock&N=2372&H=2107031,null
H2107031_3,高知県,第３１２回,1,23,5,10,臨時,DiscussNetPremium 平成２３年　　５月　臨時会（第３１２回） - 05月10日－01号 ,議長,議長,西岡寅八郎,臨時議長,何とぞ皆様方の御協力のほどよろしくお願いします。,,https://www.kaigiroku.net/cgi-bin/WWWdocHatugen.exe?A=docHatugen&RA=frameNittei&USR=kockock&N=2372&H=2107031,null
H2107031_4,高知県,第３１２回,1,23,5,10,臨時,DiscussNetPremium 平成２３年　　５月　臨時会（第３１２回） - 05月10日－01号 ,議長,議長,西岡寅八郎,臨時議長,ただいまから平成23年５月高知県議会臨時会を開会いたします。,,https://www.kaigiroku.net/cgi-bin/WWWdocHatugen.exe?A=docHatugen&RA=frameNittei&USR=kockock&N=2372&H=2107031,null
H2107031_5,高知県,第３１２回,1,23,5,10,臨時,DiscussNetPremium 平成２３年　　５月　臨時会（第３１２回） - 05月10日－01号 ,議長,議長,西岡寅八郎,臨時議長,これより本日の会議を開きます。,,https://www.kaigiroku.net/cgi-bin/WWWdocHatugen.exe?A=docHatugen&RA=frameNittei&USR=kockock&N=2372&H=2107031,null
H2107031_6,高知県,第３１２回,1,23,5,10,臨時,DiscussNetPremium 平成２３年　　５月　臨時会（第３１２回） - 05月10日－01号 ,議長,議長,西岡寅八郎,臨時議長,－－－－－－－－－－－－－－－－－－－－－－－－－－－－－－－－－－－－－－－,,https://www.kaigiroku.net/cgi-bin/WWWdocHatugen.exe?A=docHatugen&RA=frameNittei&USR=kockock&N=2372&H=2107031,null
H2107033_1,高知県,第３１２回,1,23,5,10,臨時,DiscussNetPremium 平成２３年　　５月　臨時会（第３１２回） - 05月10日－01号 ,議長,議長,西岡寅八郎,臨時議長,この際、議事運営上、仮議席を指定いたします。,,https://www.kaigiroku.net/cgi-bin/WWWdocHatugen.exe?A=docHatugen&RA=frameNittei&USR=kockock&N=2372&H=2107033,null
H2107033_2,高知県,第３１２回,1,23,5,10,臨時,DiscussNetPremium 平成２３年　　５月　臨時会（第３１２回） - 05月10日－01号 ,議長,議長,西岡寅八郎,臨時議長,仮議席は、ただいま御着席の議席を指定いたします。,,https://www.kaigiroku.net/cgi-bin/WWWdocHatugen.exe?A=docHatugen&RA=frameNittei&USR=kockock&N=2372&H=2107033,null
H2107033_3,高知県,第３１２回,1,23,5,10,臨時,DiscussNetPremium 平成２３年　　５月　臨時会（第３１２回） - 05月10日－01号 ,議長,議長,西岡寅八郎,臨時議長,－－－－－－－－－－－－－－－－－－－－－－－－－－－－－－－－－－－－－－－,,https://www.kaigiroku.net/cgi-bin/WWWdocHatugen.exe?A=docHatugen&RA=frameNittei&USR=kockock&N=2372&H=2107033,null
H2107035_1,高知県,第３１２回,1,23,5,10,臨時,DiscussNetPremium 平成２３年　　５月　臨時会（第３１２回） - 05月10日－01号 ,議長,議長,西岡寅八郎,臨時議長,これより日程に入ります。,,https://www.kaigiroku.net/cgi-bin/WWWdocHatugen.exe?A=docHatugen&RA=frameNittei&USR=kockock&N=2372&H=2107035,null
H2107035_2,高知県,第３１２回,1,23,5,10,臨時,DiscussNetPremium 平成２３年　　５月　臨時会（第３１２回） - 05月10日－01号 ,議長,議長,西岡寅八郎,臨時議長,日程第１、議長の選挙を行います。,,https://www.kaigiroku.net/cgi-bin/WWWdocHatugen.exe?A=docHatugen&RA=frameNittei&USR=kockock&N=2372&H=2107035,null
H2107035_3,高知県,第３１２回,1,23,5,10,臨時,DiscussNetPremium 平成２３年　　５月　臨時会（第３１２回） - 05月10日－01号 ,議長,議長,西岡寅八郎,臨時議長,本選挙は、投票により行います。,,https://www.kaigiroku.net/cgi-bin/WWWdocHatugen.exe?A=docHatugen&RA=frameNittei&USR=kockock&N=2372&H=2107035,null
H2107035_4,高知県,第３１２回,1,23,5,10,臨時,DiscussNetPremium 平成２３年　　５月　臨時会（第３１２回） - 05月10日－01号 ,議長,議長,西岡寅八郎,臨時議長,議場を閉鎖いたします。,,https://www.kaigiroku.net/cgi-bin/WWWdocHatugen.exe?A=docHatugen&RA=frameNittei&USR=kockock&N=2372&H=2107035,null
H2107035_5,高知県,第３１２回,1,23,5,10,臨時,DiscussNetPremium 平成２３年　　５月　臨時会（第３１２回） - 05月10日－01号 ,議長,議長,西岡寅八郎,臨時議長,（議場閉鎖）,,https://www.kaigiroku.net/cgi-bin/WWWdocHatugen.exe?A=docHatugen&RA=frameNittei&USR=kockock&N=2372&H=2107035,null
H2107036_1,高知県,第３１２回,1,23,5,10,臨時,DiscussNetPremium 平成２３年　　５月　臨時会（第３１２回） - 05月10日－01号 ,議長,議長,西岡寅八郎,臨時議長,議場における議員の現在数は、39人であります。,,https://www.kaigiroku.net/cgi-bin/WWWdocHatugen.exe?A=docHatugen&RA=frameNittei&USR=kockock&N=2372&H=2107036,null
H2107036_2,高知県,第３１２回,1,23,5,10,臨時,DiscussNetPremium 平成２３年　　５月　臨時会（第３１２回） - 05月10日－01号 ,議長,議長,西岡寅八郎,臨時議長,お諮りいたします。,,https://www.kaigiroku.net/cgi-bin/WWWdocHatugen.exe?A=docHatugen&RA=frameNittei&USR=kockock&N=2372&H=2107036,null
H2107036_3,高知県,第３１２回,1,23,5,10,臨時,DiscussNetPremium 平成２３年　　５月　臨時会（第３１２回） - 05月10日－01号 ,議長,議長,西岡寅八郎,臨時議長,会議規則第31条第２項の規定により、立会人に９番梶原大介君及び32番大石宗君を指名いたしたいと存じますが、御異議ありませんか。,,https://www.kaigiroku.net/cgi-bin/WWWdocHatugen.exe?A=docHatugen&RA=frameNittei&USR=kockock&N=2372&H=2107036,null
H2107036_4,高知県,第３１２回,1,23,5,10,臨時,DiscussNetPremium 平成２３年　　５月　臨時会（第３１２回） - 05月10日－01号 ,議長,議長,西岡寅八郎,臨時議長,（「異議なし」と言う者あり）,,https://www.kaigiroku.net/cgi-bin/WWWdocHatugen.exe?A=docHatugen&RA=frameNittei&USR=kockock&N=2372&H=2107036,null
H2107037_1,高知県,第３１２回,1,23,5,10,臨時,DiscussNetPremium 平成２３年　　５月　臨時会（第３１２回） - 05月10日－01号 ,議長,議長,西岡寅八郎,臨時議長,御異議ないものと認めます。,,https://www.kaigiroku.net/cgi-bin/WWWdocHatugen.exe?A=docHatugen&RA=frameNittei&USR=kockock&N=2372&H=2107037,null
H2107037_2,高知県,第３１２回,1,23,5,10,臨時,DiscussNetPremium 平成２３年　　５月　臨時会（第３１２回） - 05月10日－01号 ,議長,議長,西岡寅八郎,臨時議長,よって、立会人に９番梶原大介君及び32番大石宗君を指名いたします。,,https://www.kaigiroku.net/cgi-bin/WWWdocHatugen.exe?A=docHatugen&RA=frameNittei&USR=kockock&N=2372&H=2107037,null
H2107037_3,高知県,第３１２回,1,23,5,10,臨時,DiscussNetPremium 平成２３年　　５月　臨時会（第３１２回） - 05月10日－01号 ,議長,議長,西岡寅八郎,臨時議長,御両人は、御了承願います。,,https://www.kaigiroku.net/cgi-bin/WWWdocHatugen.exe?A=docHatugen&RA=frameNittei&USR=kockock&N=2372&H=2107037,null
H2107037_4,高知県,第３１２回,1,23,5,10,臨時,DiscussNetPremium 平成２３年　　５月　臨時会（第３１２回） - 05月10日－01号 ,議長,議長,西岡寅八郎,臨時議長,書記に投票用紙を配布させます。,,https://www.kaigiroku.net/cgi-bin/WWWdocHatugen.exe?A=docHatugen&RA=frameNittei&USR=kockock&N=2372&H=2107037,null
H2107037_5,高知県,第３１２回,1,23,5,10,臨時,DiscussNetPremium 平成２３年　　５月　臨時会（第３１２回） - 05月10日－01号 ,議長,議長,西岡寅八郎,臨時議長,（投票用紙配布）,,https://www.kaigiroku.net/cgi-bin/WWWdocHatugen.exe?A=docHatugen&RA=frameNittei&USR=kockock&N=2372&H=2107037,null
H2107038_1,高知県,第３１２回,1,23,5,10,臨時,DiscussNetPremium 平成２３年　　５月　臨時会（第３１２回） - 05月10日－01号 ,議長,議長,西岡寅八郎,臨時議長,投票用紙の配布漏れはありませんか。,,https://www.kaigiroku.net/cgi-bin/WWWdocHatugen.exe?A=docHatugen&RA=frameNittei&USR=kockock&N=2372&H=2107038,null
H2107038_2,高知県,第３１２回,1,23,5,10,臨時,DiscussNetPremium 平成２３年　　５月　臨時会（第３１２回） - 05月10日－01号 ,議長,議長,西岡寅八郎,臨時議長,－－配布漏れなしと認めます。,,https://www.kaigiroku.net/cgi-bin/WWWdocHatugen.exe?A=docHatugen&RA=frameNittei&USR=kockock&N=2372&H=2107038,null
H2107038_3,高知県,第３１２回,1,23,5,10,臨時,DiscussNetPremium 平成２３年　　５月　臨時会（第３１２回） - 05月10日－01号 ,議長,議長,西岡寅八郎,臨時議長,なお、念のため申し上げます。,,https://www.kaigiroku.net/cgi-bin/WWWdocHatugen.exe?A=docHatugen&RA=frameNittei&USR=kockock&N=2372&H=2107038,null
H2107038_4,高知県,第３１２回,1,23,5,10,臨時,DiscussNetPremium 平成２３年　　５月　臨時会（第３１２回） - 05月10日－01号 ,議長,議長,西岡寅八郎,臨時議長,投票は、単記無記名であります。,,https://www.kaigiroku.net/cgi-bin/WWWdocHatugen.exe?A=docHatugen&RA=frameNittei&USR=kockock&N=2372&H=2107038,null
H2107038_5,高知県,第３１２回,1,23,5,10,臨時,DiscussNetPremium 平成２３年　　５月　臨時会（第３１２回） - 05月10日－01号 ,議長,議長,西岡寅八郎,臨時議長,投票用紙に被選挙人の氏名を記載の上、投票願います。,,https://www.kaigiroku.net/cgi-bin/WWWdocHatugen.exe?A=docHatugen&RA=frameNittei&USR=kockock&N=2372&H=2107038,null
H2107038_6,高知県,第３１２回,1,23,5,10,臨時,DiscussNetPremium 平成２３年　　５月　臨時会（第３１２回） - 05月10日－01号 ,議長,議長,西岡寅八郎,臨時議長,投票箱を点検させます。,,https://www.kaigiroku.net/cgi-bin/WWWdocHatugen.exe?A=docHatugen&RA=frameNittei&USR=kockock&N=2372&H=2107038,null
H2107038_7,高知県,第３１２回,1,23,5,10,臨時,DiscussNetPremium 平成２３年　　５月　臨時会（第３１２回） - 05月10日－01号 ,議長,議長,西岡寅八郎,臨時議長,（投票箱点検）,,https://www.kaigiroku.net/cgi-bin/WWWdocHatugen.exe?A=docHatugen&RA=frameNittei&USR=kockock&N=2372&H=2107038,null
H2107039_1,高知県,第３１２回,1,23,5,10,臨時,DiscussNetPremium 平成２３年　　５月　臨時会（第３１２回） - 05月10日－01号 ,議長,議長,西岡寅八郎,臨時議長,投票箱に異状なしと認めます。,,https://www.kaigiroku.net/cgi-bin/WWWdocHatugen.exe?A=docHatugen&RA=frameNittei&USR=kockock&N=2372&H=2107039,null
H2107039_2,高知県,第３１２回,1,23,5,10,臨時,DiscussNetPremium 平成２３年　　５月　臨時会（第３１２回） - 05月10日－01号 ,議長,議長,西岡寅八郎,臨時議長,これより投票を開始いたします。,,https://www.kaigiroku.net/cgi-bin/WWWdocHatugen.exe?A=docHatugen&RA=frameNittei&USR=kockock&N=2372&H=2107039,null
H2107039_3,高知県,第３１２回,1,23,5,10,臨時,DiscussNetPremium 平成２３年　　５月　臨時会（第３１２回） - 05月10日－01号 ,議長,議長,西岡寅八郎,臨時議長,点呼に応じて順次投票願います。,,https://www.kaigiroku.net/cgi-bin/WWWdocHatugen.exe?A=docHatugen&RA=frameNittei&USR=kockock&N=2372&H=2107039,null
H2107039_4,高知県,第３１２回,1,23,5,10,臨時,DiscussNetPremium 平成２３年　　５月　臨時会（第３１２回） - 05月10日－01号 ,議長,議長,西岡寅八郎,臨時議長,（氏名点呼）,,https://www.kaigiroku.net/cgi-bin/WWWdocHatugen.exe?A=docHatugen&RA=frameNittei&USR=kockock&N=2372&H=2107039,null
H2107039_5,高知県,第３１２回,1,23,5,10,臨時,DiscussNetPremium 平成２３年　　５月　臨時会（第３１２回） - 05月10日－01号 ,議長,議長,西岡寅八郎,臨時議長,（各員投票）,,https://www.kaigiroku.net/cgi-bin/WWWdocHatugen.exe?A=docHatugen&RA=frameNittei&USR=kockock&N=2372&H=2107039,null
H2107040_1,高知県,第３１２回,1,23,5,10,臨時,DiscussNetPremium 平成２３年　　５月　臨時会（第３１２回） - 05月10日－01号 ,議長,議長,西岡寅八郎,臨時議長,投票漏れはありませんか。,,https://www.kaigiroku.net/cgi-bin/WWWdocHatugen.exe?A=docHatugen&RA=frameNittei&USR=kockock&N=2372&H=2107040,null
H2107040_2,高知県,第３１２回,1,23,5,10,臨時,DiscussNetPremium 平成２３年　　５月　臨時会（第３１２回） - 05月10日－01号 ,議長,議長,西岡寅八郎,臨時議長,－－投票漏れなしと認めます。,,https://www.kaigiroku.net/cgi-bin/WWWdocHatugen.exe?A=docHatugen&RA=frameNittei&USR=kockock&N=2372&H=2107040,null
H2107040_3,高知県,第３１２回,1,23,5,10,臨時,DiscussNetPremium 平成２３年　　５月　臨時会（第３１２回） - 05月10日－01号 ,議長,議長,西岡寅八郎,臨時議長,投票を終了いたします。,,https://www.kaigiroku.net/cgi-bin/WWWdocHatugen.exe?A=docHatugen&RA=frameNittei&USR=kockock&N=2372&H=2107040,null
H2107040_4,高知県,第３１２回,1,23,5,10,臨時,DiscussNetPremium 平成２３年　　５月　臨時会（第３１２回） - 05月10日－01号 ,議長,議長,西岡寅八郎,臨時議長,議場の閉鎖を解きます。,,https://www.kaigiroku.net/cgi-bin/WWWdocHatugen.exe?A=docHatugen&RA=frameNittei&USR=kockock&N=2372&H=2107040,null
H2107040_5,高知県,第３１２回,1,23,5,10,臨時,DiscussNetPremium 平成２３年　　５月　臨時会（第３１２回） - 05月10日－01号 ,議長,議長,西岡寅八郎,臨時議長,（議場開鎖）,,https://www.kaigiroku.net/cgi-bin/WWWdocHatugen.exe?A=docHatugen&RA=frameNittei&USR=kockock&N=2372&H=2107040,null
H2107041_1,高知県,第３１２回,1,23,5,10,臨時,DiscussNetPremium 平成２３年　　５月　臨時会（第３１２回） - 05月10日－01号 ,議長,議長,西岡寅八郎,臨時議長,これより開票を行います。,,https://www.kaigiroku.net/cgi-bin/WWWdocHatugen.exe?A=docHatugen&RA=frameNittei&USR=kockock&N=2372&H=2107041,null
H2107041_2,高知県,第３１２回,1,23,5,10,臨時,DiscussNetPremium 平成２３年　　５月　臨時会（第３１２回） - 05月10日－01号 ,議長,議長,西岡寅八郎,臨時議長,９番梶原大介君、32番大石宗君の立ち会いを願います。,,https://www.kaigiroku.net/cgi-bin/WWWdocHatugen.exe?A=docHatugen&RA=frameNittei&USR=kockock&N=2372&H=2107041,null
H2107041_3,高知県,第３１２回,1,23,5,10,臨時,DiscussNetPremium 平成２３年　　５月　臨時会（第３１２回） - 05月10日－01号 ,議長,議長,西岡寅八郎,臨時議長,（開票点検）,,https://www.kaigiroku.net/cgi-bin/WWWdocHatugen.exe?A=docHatugen&RA=frameNittei&USR=kockock&N=2372&H=2107041,null
H2107042_1,高知県,第３１２回,1,23,5,10,臨時,DiscussNetPremium 平成２３年　　５月　臨時会（第３１２回） - 05月10日－01号 ,議長,議長,西岡寅八郎,臨時議長,選挙の結果を御報告いたします。,,https://www.kaigiroku.net/cgi-bin/WWWdocHatugen.exe?A=docHatugen&RA=frameNittei&USR=kockock&N=2372&H=2107042,null
H2107042_2,高知県,第３１２回,1,23,5,10,臨時,DiscussNetPremium 平成２３年　　５月　臨時会（第３１２回） - 05月10日－01号 ,議長,議長,西岡寅八郎,臨時議長,投票総数　　　　　　39票,,https://www.kaigiroku.net/cgi-bin/WWWdocHatugen.exe?A=docHatugen&RA=frameNittei&USR=kockock&N=2372&H=2107042,null
H2107042_3,高知県,第３１２回,1,23,5,10,臨時,DiscussNetPremium 平成２３年　　５月　臨時会（第３１２回） - 05月10日－01号 ,議長,議長,西岡寅八郎,臨時議長,有効投票　　　　39票,,https://www.kaigiroku.net/cgi-bin/WWWdocHatugen.exe?A=docHatugen&RA=frameNittei&USR=kockock&N=2372&H=2107042,null
H2107042_4,高知県,第３１２回,1,23,5,10,臨時,DiscussNetPremium 平成２３年　　５月　臨時会（第３１２回） - 05月10日－01号 ,議長,議長,西岡寅八郎,臨時議長,有効投票中,,https://www.kaigiroku.net/cgi-bin/WWWdocHatugen.exe?A=docHatugen&RA=frameNittei&USR=kockock&N=2372&H=2107042,null
H2107042_5,高知県,第３１２回,1,23,5,10,臨時,DiscussNetPremium 平成２３年　　５月　臨時会（第３１２回） - 05月10日－01号 ,議長,議長,西岡寅八郎,臨時議長,中西　哲君　　　34票,,https://www.kaigiroku.net/cgi-bin/WWWdocHatugen.exe?A=docHatugen&RA=frameNittei&USR=kockock&N=2372&H=2107042,null
H2107042_6,高知県,第３１２回,1,23,5,10,臨時,DiscussNetPremium 平成２３年　　５月　臨時会（第３１２回） - 05月10日－01号 ,議長,議長,西岡寅八郎,臨時議長,塚地佐智さん　　５票,,https://www.kaigiroku.net/cgi-bin/WWWdocHatugen.exe?A=docHatugen&RA=frameNittei&USR=kockock&N=2372&H=2107042,null
H2107042_7,高知県,第３１２回,1,23,5,10,臨時,DiscussNetPremium 平成２３年　　５月　臨時会（第３１２回） - 05月10日－01号 ,議長,議長,西岡寅八郎,臨時議長,以上のとおりであります。,,https://www.kaigiroku.net/cgi-bin/WWWdocHatugen.exe?A=docHatugen&RA=frameNittei&USR=kockock&N=2372&H=2107042,null
H2107042_8,高知県,第３１２回,1,23,5,10,臨時,DiscussNetPremium 平成２３年　　５月　臨時会（第３１２回） - 05月10日－01号 ,議長,議長,西岡寅八郎,臨時議長,この選挙の法定得票数は、10票であります。,,https://www.kaigiroku.net/cgi-bin/WWWdocHatugen.exe?A=docHatugen&RA=frameNittei&USR=kockock&N=2372&H=2107042,null
H2107042_9,高知県,第３１２回,1,23,5,10,臨時,DiscussNetPremium 平成２３年　　５月　臨時会（第３１２回） - 05月10日－01号 ,議長,議長,西岡寅八郎,臨時議長,よって、中西哲君が高知県議会議長に当選されました。,,https://www.kaigiroku.net/cgi-bin/WWWdocHatugen.exe?A=docHatugen&RA=frameNittei&USR=kockock&N=2372&H=2107042,null
H2107042_10,高知県,第３１２回,1,23,5,10,臨時,DiscussNetPremium 平成２３年　　５月　臨時会（第３１２回） - 05月10日－01号 ,議長,議長,西岡寅八郎,臨時議長,ただいま議長に当選されました中西哲君が議場におられますので、本席から、会議規則第32条第２項の規定による告知をいたします。,,https://www.kaigiroku.net/cgi-bin/WWWdocHatugen.exe?A=docHatugen&RA=frameNittei&USR=kockock&N=2372&H=2107042,null
H2107042_11,高知県,第３１２回,1,23,5,10,臨時,DiscussNetPremium 平成２３年　　５月　臨時会（第３１２回） - 05月10日－01号 ,議長,議長,西岡寅八郎,臨時議長,中西哲君のごあいさつがあります。,,https://www.kaigiroku.net/cgi-bin/WWWdocHatugen.exe?A=docHatugen&RA=frameNittei&USR=kockock&N=2372&H=2107042,null
H2107042_12,高知県,第３１２回,1,23,5,10,臨時,DiscussNetPremium 平成２３年　　５月　臨時会（第３１２回） - 05月10日－01号 ,議長,議長,西岡寅八郎,臨時議長,（12番中西哲君登壇）,,https://www.kaigiroku.net/cgi-bin/WWWdocHatugen.exe?A=docHatugen&RA=frameNittei&USR=kockock&N=2372&H=2107042,null
H2107043_1,高知県,第３１２回,1,23,5,10,臨時,DiscussNetPremium 平成２３年　　５月　臨時会（第３１２回） - 05月10日－01号 ,質問者,3900030000024,中西哲,議員,お許しをいただきまして、一言ごあいさつを申し上げます。,,https://www.kaigiroku.net/cgi-bin/WWWdocHatugen.exe?A=docHatugen&RA=frameNittei&USR=kockock&N=2372&H=2107043,null
H2107043_2,高知県,第３１２回,1,23,5,10,臨時,DiscussNetPremium 平成２３年　　５月　臨時会（第３１２回） - 05月10日－01号 ,質問者,3900030000024,中西哲,議員,このたび、先輩、同僚議員の皆様の御推挙によりまして、第90代高知県議会議長に選任をしていただきました。,,https://www.kaigiroku.net/cgi-bin/WWWdocHatugen.exe?A=docHatugen&RA=frameNittei&USR=kockock&N=2372&H=2107043,null
H2107043_3,高知県,第３１２回,1,23,5,10,臨時,DiscussNetPremium 平成２３年　　５月　臨時会（第３１２回） - 05月10日－01号 ,質問者,3900030000024,中西哲,議員,まことに身に余る光栄でありまして、心より感謝を申し上げますとともに、改めて職責の重大さを痛感しているところであります。,,https://www.kaigiroku.net/cgi-bin/WWWdocHatugen.exe?A=docHatugen&RA=frameNittei&USR=kockock&N=2372&H=2107043,null
H2107043_4,高知県,第３１２回,1,23,5,10,臨時,DiscussNetPremium 平成２３年　　５月　臨時会（第３１２回） - 05月10日－01号 ,質問者,3900030000024,中西哲,議員,本県では、少子高齢化対策や中山間地域の活性化、雇用の確保など多くの課題が山積しておりますが、尾崎県政は、産業振興計画の推進や日本一の健康長寿県づくりなど５つの基本政策を中心に、官民協働による県勢の浮揚に向け、積極的に取り組んでおります。,,https://www.kaigiroku.net/cgi-bin/WWWdocHatugen.exe?A=docHatugen&RA=frameNittei&USR=kockock&N=2372&H=2107043,null
H2107043_5,高知県,第３１２回,1,23,5,10,臨時,DiscussNetPremium 平成２３年　　５月　臨時会（第３１２回） - 05月10日－01号 ,質問者,3900030000024,中西哲,議員,このような中、県民の皆様から負託を受けました県議会としましては、監視機能と政策提言機能を十分に発揮しながら、さらなる県勢の浮揚、地域の活性化に向け、執行部と一丸となって取り組んでいくことが何よりも重要であると考えております。,,https://www.kaigiroku.net/cgi-bin/WWWdocHatugen.exe?A=docHatugen&RA=frameNittei&USR=kockock&N=2372&H=2107043,null
H2107043_6,高知県,第３１２回,1,23,5,10,臨時,DiscussNetPremium 平成２３年　　５月　臨時会（第３１２回） - 05月10日－01号 ,質問者,3900030000024,中西哲,議員,また、３月に発生しました東日本大震災を受け、南海地震対策もいま一度見直していかなければなりません。,,https://www.kaigiroku.net/cgi-bin/WWWdocHatugen.exe?A=docHatugen&RA=frameNittei&USR=kockock&N=2372&H=2107043,null
H2107043_7,高知県,第３１２回,1,23,5,10,臨時,DiscussNetPremium 平成２３年　　５月　臨時会（第３１２回） - 05月10日－01号 ,質問者,3900030000024,中西哲,議員,私はもとより微力ではありますが、先輩、同僚議員の皆様の御指導、御鞭撻を賜りながら、公正かつ公平な議会運営と県勢発展のため、誠心誠意努めてまいる所存でございます。,,https://www.kaigiroku.net/cgi-bin/WWWdocHatugen.exe?A=docHatugen&RA=frameNittei&USR=kockock&N=2372&H=2107043,null
H2107043_8,高知県,第３１２回,1,23,5,10,臨時,DiscussNetPremium 平成２３年　　５月　臨時会（第３１２回） - 05月10日－01号 ,質問者,3900030000024,中西哲,議員,何とぞよろしくお願いをいたします。,,https://www.kaigiroku.net/cgi-bin/WWWdocHatugen.exe?A=docHatugen&RA=frameNittei&USR=kockock&N=2372&H=2107043,null
H2107043_9,高知県,第３１２回,1,23,5,10,臨時,DiscussNetPremium 平成２３年　　５月　臨時会（第３１２回） - 05月10日－01号 ,質問者,3900030000024,中西哲,議員,終わりに、知事を初め執行部の皆様並びに報道関係の皆様の一層の御協力、御鞭撻を賜りますよう心からお願い申し上げまして、就任に当たってのごあいさつといたします。,,https://www.kaigiroku.net/cgi-bin/WWWdocHatugen.exe?A=docHatugen&RA=frameNittei&USR=kockock&N=2372&H=2107043,null
H2107043_10,高知県,第３１２回,1,23,5,10,臨時,DiscussNetPremium 平成２３年　　５月　臨時会（第３１２回） - 05月10日－01号 ,質問者,3900030000024,中西哲,議員,ありがとうございました。,,https://www.kaigiroku.net/cgi-bin/WWWdocHatugen.exe?A=docHatugen&RA=frameNittei&USR=kockock&N=2372&H=2107043,null
H2107043_11,高知県,第３１２回,1,23,5,10,臨時,DiscussNetPremium 平成２３年　　５月　臨時会（第３１２回） - 05月10日－01号 ,質問者,3900030000024,中西哲,議員,（拍手）,,https://www.kaigiroku.net/cgi-bin/WWWdocHatugen.exe?A=docHatugen&RA=frameNittei&USR=kockock&N=2372&H=2107043,null
H2107044_1,高知県,第３１２回,1,23,5,10,臨時,DiscussNetPremium 平成２３年　　５月　臨時会（第３１２回） - 05月10日－01号 ,議長,議長,西岡寅八郎,臨時議長,以上をもちまして、臨時議長としての私の職務は終わりました。,,https://www.kaigiroku.net/cgi-bin/WWWdocHatugen.exe?A=docHatugen&RA=frameNittei&USR=kockock&N=2372&H=2107044,null
H2107044_2,高知県,第３１２回,1,23,5,10,臨時,DiscussNetPremium 平成２３年　　５月　臨時会（第３１２回） - 05月10日－01号 ,議長,議長,西岡寅八郎,臨時議長,御協力ありがとうございました。,,https://www.kaigiroku.net/cgi-bin/WWWdocHatugen.exe?A=docHatugen&RA=frameNittei&USR=kockock&N=2372&H=2107044,null
H2107044_3,高知県,第３１２回,1,23,5,10,臨時,DiscussNetPremium 平成２３年　　５月　臨時会（第３１２回） - 05月10日－01号 ,議長,議長,西岡寅八郎,臨時議長,新議長と交代いたします。,,https://www.kaigiroku.net/cgi-bin/WWWdocHatugen.exe?A=docHatugen&RA=frameNittei&USR=kockock&N=2372&H=2107044,null
H2107044_4,高知県,第３１２回,1,23,5,10,臨時,DiscussNetPremium 平成２３年　　５月　臨時会（第３１２回） - 05月10日－01号 ,議長,議長,西岡寅八郎,臨時議長,（臨時議長の西岡寅八郎君退席、議長中西哲君議長席に着席）,,https://www.kaigiroku.net/cgi-bin/WWWdocHatugen.exe?A=docHatugen&RA=frameNittei&USR=kockock&N=2372&H=2107044,null
H2107044_5,高知県,第３１２回,1,23,5,10,臨時,DiscussNetPremium 平成２３年　　５月　臨時会（第３１２回） - 05月10日－01号 ,議長,議長,西岡寅八郎,臨時議長,－－－－－－－－－－－－－－－－－－－－－－－－－－－－－－－－－－－－－－－,,https://www.kaigiroku.net/cgi-bin/WWWdocHatugen.exe?A=docHatugen&RA=frameNittei&USR=kockock&N=2372&H=2107044,null
H2107046_1,高知県,第３１２回,1,23,5,10,臨時,DiscussNetPremium 平成２３年　　５月　臨時会（第３１２回） - 05月10日－01号 ,議長,議長,中西哲,議長,日程第１、議席の件を議題といたします。,,https://www.kaigiroku.net/cgi-bin/WWWdocHatugen.exe?A=docHatugen&RA=frameNittei&USR=kockock&N=2372&H=2107046,null
H2107046_2,高知県,第３１２回,1,23,5,10,臨時,DiscussNetPremium 平成２３年　　５月　臨時会（第３１２回） - 05月10日－01号 ,議長,議長,中西哲,議長,お諮りいたします。,,https://www.kaigiroku.net/cgi-bin/WWWdocHatugen.exe?A=docHatugen&RA=frameNittei&USR=kockock&N=2372&H=2107046,null
H2107046_3,高知県,第３１２回,1,23,5,10,臨時,DiscussNetPremium 平成２３年　　５月　臨時会（第３１２回） - 05月10日－01号 ,議長,議長,中西哲,議長,議席は、お手元にお配りいたしてあります案のとおり決することに御異議ありませんか。,,https://www.kaigiroku.net/cgi-bin/WWWdocHatugen.exe?A=docHatugen&RA=frameNittei&USR=kockock&N=2372&H=2107046,null
H2107046_4,高知県,第３１２回,1,23,5,10,臨時,DiscussNetPremium 平成２３年　　５月　臨時会（第３１２回） - 05月10日－01号 ,議長,議長,中西哲,議長,（「異議なし」と言う者あり）,,https://www.kaigiroku.net/cgi-bin/WWWdocHatugen.exe?A=docHatugen&RA=frameNittei&USR=kockock&N=2372&H=2107046,null
H2107047_1,高知県,第３１２回,1,23,5,10,臨時,DiscussNetPremium 平成２３年　　５月　臨時会（第３１２回） - 05月10日－01号 ,議長,議長,中西哲,議長,御異議ないものと認めます。,,https://www.kaigiroku.net/cgi-bin/WWWdocHatugen.exe?A=docHatugen&RA=frameNittei&USR=kockock&N=2372&H=2107047,null
H2107047_2,高知県,第３１２回,1,23,5,10,臨時,DiscussNetPremium 平成２３年　　５月　臨時会（第３１２回） - 05月10日－01号 ,議長,議長,中西哲,議長,よって、さよう決しました。,,https://www.kaigiroku.net/cgi-bin/WWWdocHatugen.exe?A=docHatugen&RA=frameNittei&USR=kockock&N=2372&H=2107047,null
H2107047_3,高知県,第３１２回,1,23,5,10,臨時,DiscussNetPremium 平成２３年　　５月　臨時会（第３１２回） - 05月10日－01号 ,議長,議長,中西哲,議長,［議席（案）　巻末21ページに掲載］,,https://www.kaigiroku.net/cgi-bin/WWWdocHatugen.exe?A=docHatugen&RA=frameNittei&USR=kockock&N=2372&H=2107047,null
H2107047_4,高知県,第３１２回,1,23,5,10,臨時,DiscussNetPremium 平成２３年　　５月　臨時会（第３１２回） - 05月10日－01号 ,議長,議長,中西哲,議長,－－－－－－－－－－－－－－－－－－－－－－－－－－－－－－－－－－－－－－－,,https://www.kaigiroku.net/cgi-bin/WWWdocHatugen.exe?A=docHatugen&RA=frameNittei&USR=kockock&N=2372&H=2107047,null
H2107049_1,高知県,第３１２回,1,23,5,10,臨時,DiscussNetPremium 平成２３年　　５月　臨時会（第３１２回） - 05月10日－01号 ,議長,議長,中西哲,議長,次に、日程第２、会議録署名議員の指名を行います。,,https://www.kaigiroku.net/cgi-bin/WWWdocHatugen.exe?A=docHatugen&RA=frameNittei&USR=kockock&N=2372&H=2107049,null
H2107049_2,高知県,第３１２回,1,23,5,10,臨時,DiscussNetPremium 平成２３年　　５月　臨時会（第３１２回） - 05月10日－01号 ,議長,議長,中西哲,議長,会議録署名議員は、会議規則第117条の規定により、今期臨時会を通じて次の３君にお願いいたします。,,https://www.kaigiroku.net/cgi-bin/WWWdocHatugen.exe?A=docHatugen&RA=frameNittei&USR=kockock&N=2372&H=2107049,null
H2107049_3,高知県,第３１２回,1,23,5,10,臨時,DiscussNetPremium 平成２３年　　５月　臨時会（第３１２回） - 05月10日－01号 ,議長,議長,中西哲,議長,11番　　佐竹紀夫君,,https://www.kaigiroku.net/cgi-bin/WWWdocHatugen.exe?A=docHatugen&RA=frameNittei&USR=kockock&N=2372&H=2107049,null
H2107049_4,高知県,第３１２回,1,23,5,10,臨時,DiscussNetPremium 平成２３年　　５月　臨時会（第３１２回） - 05月10日－01号 ,議長,議長,中西哲,議長,23番　　清藤真司君,,https://www.kaigiroku.net/cgi-bin/WWWdocHatugen.exe?A=docHatugen&RA=frameNittei&USR=kockock&N=2372&H=2107049,null
H2107049_5,高知県,第３１２回,1,23,5,10,臨時,DiscussNetPremium 平成２３年　　５月　臨時会（第３１２回） - 05月10日－01号 ,議長,議長,中西哲,議長,33番　　坂本茂雄君,,https://www.kaigiroku.net/cgi-bin/WWWdocHatugen.exe?A=docHatugen&RA=frameNittei&USR=kockock&N=2372&H=2107049,null
H2107049_6,高知県,第３１２回,1,23,5,10,臨時,DiscussNetPremium 平成２３年　　５月　臨時会（第３１２回） - 05月10日－01号 ,議長,議長,中西哲,議長,－－－－－－－－－－－－－－－－－－－－－－－－－－－－－－－－－－－－－－－,,https://www.kaigiroku.net/cgi-bin/WWWdocHatugen.exe?A=docHatugen&RA=frameNittei&USR=kockock&N=2372&H=2107049,null
H2107051_1,高知県,第３１２回,1,23,5,10,臨時,DiscussNetPremium 平成２３年　　５月　臨時会（第３１２回） - 05月10日－01号 ,議長,議長,中西哲,議長,次に、日程第３、会期決定の件を議題といたします。,,https://www.kaigiroku.net/cgi-bin/WWWdocHatugen.exe?A=docHatugen&RA=frameNittei&USR=kockock&N=2372&H=2107051,null
H2107051_2,高知県,第３１２回,1,23,5,10,臨時,DiscussNetPremium 平成２３年　　５月　臨時会（第３１２回） - 05月10日－01号 ,議長,議長,中西哲,議長,お諮りいたします。,,https://www.kaigiroku.net/cgi-bin/WWWdocHatugen.exe?A=docHatugen&RA=frameNittei&USR=kockock&N=2372&H=2107051,null
H2107051_3,高知県,第３１２回,1,23,5,10,臨時,DiscussNetPremium 平成２３年　　５月　臨時会（第３１２回） - 05月10日－01号 ,議長,議長,中西哲,議長,今期臨時会の会期を、本日から５月12日までの３日間といたしたいと存じますが、御異議ありませんか。,,https://www.kaigiroku.net/cgi-bin/WWWdocHatugen.exe?A=docHatugen&RA=frameNittei&USR=kockock&N=2372&H=2107051,null
H2107051_4,高知県,第３１２回,1,23,5,10,臨時,DiscussNetPremium 平成２３年　　５月　臨時会（第３１２回） - 05月10日－01号 ,議長,議長,中西哲,議長,（「異議なし」と言う者あり）,,https://www.kaigiroku.net/cgi-bin/WWWdocHatugen.exe?A=docHatugen&RA=frameNittei&USR=kockock&N=2372&H=2107051,null
H2107052_1,高知県,第３１２回,1,23,5,10,臨時,DiscussNetPremium 平成２３年　　５月　臨時会（第３１２回） - 05月10日－01号 ,議長,議長,中西哲,議長,御異議ないものと認めます。,,https://www.kaigiroku.net/cgi-bin/WWWdocHatugen.exe?A=docHatugen&RA=frameNittei&USR=kockock&N=2372&H=2107052,null
H2107052_2,高知県,第３１２回,1,23,5,10,臨時,DiscussNetPremium 平成２３年　　５月　臨時会（第３１２回） - 05月10日－01号 ,議長,議長,中西哲,議長,よって、今期臨時会の会期は、本日から５月12日までの３日間と決しました。,,https://www.kaigiroku.net/cgi-bin/WWWdocHatugen.exe?A=docHatugen&RA=frameNittei&USR=kockock&N=2372&H=2107052,null
H2107052_3,高知県,第３１２回,1,23,5,10,臨時,DiscussNetPremium 平成２３年　　５月　臨時会（第３１２回） - 05月10日－01号 ,議長,議長,中西哲,議長,－－－－－－－－－－－－－－－－－－－－－－－－－－－－－－－－－－－－－－－,,https://www.kaigiroku.net/cgi-bin/WWWdocHatugen.exe?A=docHatugen&RA=frameNittei&USR=kockock&N=2372&H=2107052,null
H2107054_1,高知県,第３１２回,1,23,5,10,臨時,DiscussNetPremium 平成２３年　　５月　臨時会（第３１２回） - 05月10日－01号 ,議長,議長,中西哲,議長,次に、日程第４、副議長の選挙を行います。,,https://www.kaigiroku.net/cgi-bin/WWWdocHatugen.exe?A=docHatugen&RA=frameNittei&USR=kockock&N=2372&H=2107054,null
H2107054_2,高知県,第３１２回,1,23,5,10,臨時,DiscussNetPremium 平成２３年　　５月　臨時会（第３１２回） - 05月10日－01号 ,議長,議長,中西哲,議長,本選挙は、投票により行います。,,https://www.kaigiroku.net/cgi-bin/WWWdocHatugen.exe?A=docHatugen&RA=frameNittei&USR=kockock&N=2372&H=2107054,null
H2107054_3,高知県,第３１２回,1,23,5,10,臨時,DiscussNetPremium 平成２３年　　５月　臨時会（第３１２回） - 05月10日－01号 ,議長,議長,中西哲,議長,議場を閉鎖いたします。,,https://www.kaigiroku.net/cgi-bin/WWWdocHatugen.exe?A=docHatugen&RA=frameNittei&USR=kockock&N=2372&H=2107054,null
H2107054_4,高知県,第３１２回,1,23,5,10,臨時,DiscussNetPremium 平成２３年　　５月　臨時会（第３１２回） - 05月10日－01号 ,議長,議長,中西哲,議長,（議場閉鎖）,,https://www.kaigiroku.net/cgi-bin/WWWdocHatugen.exe?A=docHatugen&RA=frameNittei&USR=kockock&N=2372&H=2107054,null
H2107055_1,高知県,第３１２回,1,23,5,10,臨時,DiscussNetPremium 平成２３年　　５月　臨時会（第３１２回） - 05月10日－01号 ,議長,議長,中西哲,議長,議場における議員の現在数は、39人であります。,,https://www.kaigiroku.net/cgi-bin/WWWdocHatugen.exe?A=docHatugen&RA=frameNittei&USR=kockock&N=2372&H=2107055,null
H2107055_2,高知県,第３１２回,1,23,5,10,臨時,DiscussNetPremium 平成２３年　　５月　臨時会（第３１２回） - 05月10日－01号 ,議長,議長,中西哲,議長,お諮りいたします。,,https://www.kaigiroku.net/cgi-bin/WWWdocHatugen.exe?A=docHatugen&RA=frameNittei&USR=kockock&N=2372&H=2107055,null
H2107055_3,高知県,第３１２回,1,23,5,10,臨時,DiscussNetPremium 平成２３年　　５月　臨時会（第３１２回） - 05月10日－01号 ,議長,議長,中西哲,議長,会議規則第31条第２項の規定により、立会人に９番梶原大介君及び32番大石宗君を指名いたしたいと存じますが、御異議ありませんか。,,https://www.kaigiroku.net/cgi-bin/WWWdocHatugen.exe?A=docHatugen&RA=frameNittei&USR=kockock&N=2372&H=2107055,null
H2107055_4,高知県,第３１２回,1,23,5,10,臨時,DiscussNetPremium 平成２３年　　５月　臨時会（第３１２回） - 05月10日－01号 ,議長,議長,中西哲,議長,（「異議なし」と言う者あり）,,https://www.kaigiroku.net/cgi-bin/WWWdocHatugen.exe?A=docHatugen&RA=frameNittei&USR=kockock&N=2372&H=2107055,null
H2107056_1,高知県,第３１２回,1,23,5,10,臨時,DiscussNetPremium 平成２３年　　５月　臨時会（第３１２回） - 05月10日－01号 ,議長,議長,中西哲,議長,御異議ないものと認めます。,,https://www.kaigiroku.net/cgi-bin/WWWdocHatugen.exe?A=docHatugen&RA=frameNittei&USR=kockock&N=2372&H=2107056,null
H2107056_2,高知県,第３１２回,1,23,5,10,臨時,DiscussNetPremium 平成２３年　　５月　臨時会（第３１２回） - 05月10日－01号 ,議長,議長,中西哲,議長,よって、立会人に９番梶原大介君及び32番大石宗君を指名いたします。,,https://www.kaigiroku.net/cgi-bin/WWWdocHatugen.exe?A=docHatugen&RA=frameNittei&USR=kockock&N=2372&H=2107056,null
H2107056_3,高知県,第３１２回,1,23,5,10,臨時,DiscussNetPremium 平成２３年　　５月　臨時会（第３１２回） - 05月10日－01号 ,議長,議長,中西哲,議長,御両人は、御了承願います。,,https://www.kaigiroku.net/cgi-bin/WWWdocHatugen.exe?A=docHatugen&RA=frameNittei&USR=kockock&N=2372&H=2107056,null
H2107056_4,高知県,第３１２回,1,23,5,10,臨時,DiscussNetPremium 平成２３年　　５月　臨時会（第３１２回） - 05月10日－01号 ,議長,議長,中西哲,議長,書記に投票用紙を配布させます。,,https://www.kaigiroku.net/cgi-bin/WWWdocHatugen.exe?A=docHatugen&RA=frameNittei&USR=kockock&N=2372&H=2107056,null
H2107056_5,高知県,第３１２回,1,23,5,10,臨時,DiscussNetPremium 平成２３年　　５月　臨時会（第３１２回） - 05月10日－01号 ,議長,議長,中西哲,議長,（投票用紙配布）,,https://www.kaigiroku.net/cgi-bin/WWWdocHatugen.exe?A=docHatugen&RA=frameNittei&USR=kockock&N=2372&H=2107056,null
H2107057_1,高知県,第３１２回,1,23,5,10,臨時,DiscussNetPremium 平成２３年　　５月　臨時会（第３１２回） - 05月10日－01号 ,議長,議長,中西哲,議長,投票用紙の配布漏れはありませんか。,,https://www.kaigiroku.net/cgi-bin/WWWdocHatugen.exe?A=docHatugen&RA=frameNittei&USR=kockock&N=2372&H=2107057,null
H2107057_2,高知県,第３１２回,1,23,5,10,臨時,DiscussNetPremium 平成２３年　　５月　臨時会（第３１２回） - 05月10日－01号 ,議長,議長,中西哲,議長,－－配布漏れなしと認めます。,,https://www.kaigiroku.net/cgi-bin/WWWdocHatugen.exe?A=docHatugen&RA=frameNittei&USR=kockock&N=2372&H=2107057,null
H2107057_3,高知県,第３１２回,1,23,5,10,臨時,DiscussNetPremium 平成２３年　　５月　臨時会（第３１２回） - 05月10日－01号 ,議長,議長,中西哲,議長,なお、念のため申し上げます。,,https://www.kaigiroku.net/cgi-bin/WWWdocHatugen.exe?A=docHatugen&RA=frameNittei&USR=kockock&N=2372&H=2107057,null
H2107057_4,高知県,第３１２回,1,23,5,10,臨時,DiscussNetPremium 平成２３年　　５月　臨時会（第３１２回） - 05月10日－01号 ,議長,議長,中西哲,議長,投票は、単記無記名であります。,,https://www.kaigiroku.net/cgi-bin/WWWdocHatugen.exe?A=docHatugen&RA=frameNittei&USR=kockock&N=2372&H=2107057,null
H2107057_5,高知県,第３１２回,1,23,5,10,臨時,DiscussNetPremium 平成２３年　　５月　臨時会（第３１２回） - 05月10日－01号 ,議長,議長,中西哲,議長,投票用紙に被選挙人の氏名を記載の上、投票願います。,,https://www.kaigiroku.net/cgi-bin/WWWdocHatugen.exe?A=docHatugen&RA=frameNittei&USR=kockock&N=2372&H=2107057,null
H2107057_6,高知県,第３１２回,1,23,5,10,臨時,DiscussNetPremium 平成２３年　　５月　臨時会（第３１２回） - 05月10日－01号 ,議長,議長,中西哲,議長,投票箱を点検させます。,,https://www.kaigiroku.net/cgi-bin/WWWdocHatugen.exe?A=docHatugen&RA=frameNittei&USR=kockock&N=2372&H=2107057,null
H2107057_7,高知県,第３１２回,1,23,5,10,臨時,DiscussNetPremium 平成２３年　　５月　臨時会（第３１２回） - 05月10日－01号 ,議長,議長,中西哲,議長,（投票箱点検）,,https://www.kaigiroku.net/cgi-bin/WWWdocHatugen.exe?A=docHatugen&RA=frameNittei&USR=kockock&N=2372&H=2107057,null
H2107058_1,高知県,第３１２回,1,23,5,10,臨時,DiscussNetPremium 平成２３年　　５月　臨時会（第３１２回） - 05月10日－01号 ,議長,議長,中西哲,議長,投票箱に異状なしと認めます。,,https://www.kaigiroku.net/cgi-bin/WWWdocHatugen.exe?A=docHatugen&RA=frameNittei&USR=kockock&N=2372&H=2107058,null
H2107058_2,高知県,第３１２回,1,23,5,10,臨時,DiscussNetPremium 平成２３年　　５月　臨時会（第３１２回） - 05月10日－01号 ,議長,議長,中西哲,議長,これより投票を開始いたします。,,https://www.kaigiroku.net/cgi-bin/WWWdocHatugen.exe?A=docHatugen&RA=frameNittei&USR=kockock&N=2372&H=2107058,null
H2107058_3,高知県,第３１２回,1,23,5,10,臨時,DiscussNetPremium 平成２３年　　５月　臨時会（第３１２回） - 05月10日－01号 ,議長,議長,中西哲,議長,点呼に応じて順次投票願います。,,https://www.kaigiroku.net/cgi-bin/WWWdocHatugen.exe?A=docHatugen&RA=frameNittei&USR=kockock&N=2372&H=2107058,null
H2107058_4,高知県,第３１２回,1,23,5,10,臨時,DiscussNetPremium 平成２３年　　５月　臨時会（第３１２回） - 05月10日－01号 ,議長,議長,中西哲,議長,（氏名点呼）,,https://www.kaigiroku.net/cgi-bin/WWWdocHatugen.exe?A=docHatugen&RA=frameNittei&USR=kockock&N=2372&H=2107058,null
H2107058_5,高知県,第３１２回,1,23,5,10,臨時,DiscussNetPremium 平成２３年　　５月　臨時会（第３１２回） - 05月10日－01号 ,議長,議長,中西哲,議長,（各員投票）,,https://www.kaigiroku.net/cgi-bin/WWWdocHatugen.exe?A=docHatugen&RA=frameNittei&USR=kockock&N=2372&H=2107058,null
H2107059_1,高知県,第３１２回,1,23,5,10,臨時,DiscussNetPremium 平成２３年　　５月　臨時会（第３１２回） - 05月10日－01号 ,議長,議長,中西哲,議長,投票漏れはありませんか。,,https://www.kaigiroku.net/cgi-bin/WWWdocHatugen.exe?A=docHatugen&RA=frameNittei&USR=kockock&N=2372&H=2107059,null
H2107059_2,高知県,第３１２回,1,23,5,10,臨時,DiscussNetPremium 平成２３年　　５月　臨時会（第３１２回） - 05月10日－01号 ,議長,議長,中西哲,議長,－－投票漏れなしと認めます。,,https://www.kaigiroku.net/cgi-bin/WWWdocHatugen.exe?A=docHatugen&RA=frameNittei&USR=kockock&N=2372&H=2107059,null
H2107059_3,高知県,第３１２回,1,23,5,10,臨時,DiscussNetPremium 平成２３年　　５月　臨時会（第３１２回） - 05月10日－01号 ,議長,議長,中西哲,議長,投票を終了いたします。,,https://www.kaigiroku.net/cgi-bin/WWWdocHatugen.exe?A=docHatugen&RA=frameNittei&USR=kockock&N=2372&H=2107059,null
H2107059_4,高知県,第３１２回,1,23,5,10,臨時,DiscussNetPremium 平成２３年　　５月　臨時会（第３１２回） - 05月10日－01号 ,議長,議長,中西哲,議長,議場の閉鎖を解きます。,,https://www.kaigiroku.net/cgi-bin/WWWdocHatugen.exe?A=docHatugen&RA=frameNittei&USR=kockock&N=2372&H=2107059,null
H2107059_5,高知県,第３１２回,1,23,5,10,臨時,DiscussNetPremium 平成２３年　　５月　臨時会（第３１２回） - 05月10日－01号 ,議長,議長,中西哲,議長,（議場開鎖）,,https://www.kaigiroku.net/cgi-bin/WWWdocHatugen.exe?A=docHatugen&RA=frameNittei&USR=kockock&N=2372&H=2107059,null
H2107060_1,高知県,第３１２回,1,23,5,10,臨時,DiscussNetPremium 平成２３年　　５月　臨時会（第３１２回） - 05月10日－01号 ,議長,議長,中西哲,議長,これより開票を行います。,,https://www.kaigiroku.net/cgi-bin/WWWdocHatugen.exe?A=docHatugen&RA=frameNittei&USR=kockock&N=2372&H=2107060,null
H2107060_2,高知県,第３１２回,1,23,5,10,臨時,DiscussNetPremium 平成２３年　　５月　臨時会（第３１２回） - 05月10日－01号 ,議長,議長,中西哲,議長,９番梶原大介君、32番大石宗君の立ち会いを願います。,,https://www.kaigiroku.net/cgi-bin/WWWdocHatugen.exe?A=docHatugen&RA=frameNittei&USR=kockock&N=2372&H=2107060,null
H2107060_3,高知県,第３１２回,1,23,5,10,臨時,DiscussNetPremium 平成２３年　　５月　臨時会（第３１２回） - 05月10日－01号 ,議長,議長,中西哲,議長,（開票点検）,,https://www.kaigiroku.net/cgi-bin/WWWdocHatugen.exe?A=docHatugen&RA=frameNittei&USR=kockock&N=2372&H=2107060,null
H2107061_1,高知県,第３１２回,1,23,5,10,臨時,DiscussNetPremium 平成２３年　　５月　臨時会（第３１２回） - 05月10日－01号 ,議長,議長,中西哲,議長,選挙の結果を御報告いたします。,,https://www.kaigiroku.net/cgi-bin/WWWdocHatugen.exe?A=docHatugen&RA=frameNittei&USR=kockock&N=2372&H=2107061,null
H2107061_2,高知県,第３１２回,1,23,5,10,臨時,DiscussNetPremium 平成２３年　　５月　臨時会（第３１２回） - 05月10日－01号 ,議長,議長,中西哲,議長,投票総数　　　　　　39票,,https://www.kaigiroku.net/cgi-bin/WWWdocHatugen.exe?A=docHatugen&RA=frameNittei&USR=kockock&N=2372&H=2107061,null
H2107061_3,高知県,第３１２回,1,23,5,10,臨時,DiscussNetPremium 平成２３年　　５月　臨時会（第３１２回） - 05月10日－01号 ,議長,議長,中西哲,議長,有効投票　　　　39票,,https://www.kaigiroku.net/cgi-bin/WWWdocHatugen.exe?A=docHatugen&RA=frameNittei&USR=kockock&N=2372&H=2107061,null
H2107061_4,高知県,第３１２回,1,23,5,10,臨時,DiscussNetPremium 平成２３年　　５月　臨時会（第３１２回） - 05月10日－01号 ,議長,議長,中西哲,議長,有効投票中,,https://www.kaigiroku.net/cgi-bin/WWWdocHatugen.exe?A=docHatugen&RA=frameNittei&USR=kockock&N=2372&H=2107061,null
H2107061_5,高知県,第３１２回,1,23,5,10,臨時,DiscussNetPremium 平成２３年　　５月　臨時会（第３１２回） - 05月10日－01号 ,議長,議長,中西哲,議長,三石文隆君　　　34票,,https://www.kaigiroku.net/cgi-bin/WWWdocHatugen.exe?A=docHatugen&RA=frameNittei&USR=kockock&N=2372&H=2107061,null
H2107061_6,高知県,第３１２回,1,23,5,10,臨時,DiscussNetPremium 平成２３年　　５月　臨時会（第３１２回） - 05月10日－01号 ,議長,議長,中西哲,議長,米田　稔君　　　５票,,https://www.kaigiroku.net/cgi-bin/WWWdocHatugen.exe?A=docHatugen&RA=frameNittei&USR=kockock&N=2372&H=2107061,null
H2107061_7,高知県,第３１２回,1,23,5,10,臨時,DiscussNetPremium 平成２３年　　５月　臨時会（第３１２回） - 05月10日－01号 ,議長,議長,中西哲,議長,以上のとおりであります。,,https://www.kaigiroku.net/cgi-bin/WWWdocHatugen.exe?A=docHatugen&RA=frameNittei&USR=kockock&N=2372&H=2107061,null
H2107061_8,高知県,第３１２回,1,23,5,10,臨時,DiscussNetPremium 平成２３年　　５月　臨時会（第３１２回） - 05月10日－01号 ,議長,議長,中西哲,議長,この選挙の法定得票数は、10票であります。,,https://www.kaigiroku.net/cgi-bin/WWWdocHatugen.exe?A=docHatugen&RA=frameNittei&USR=kockock&N=2372&H=2107061,null
H2107061_9,高知県,第３１２回,1,23,5,10,臨時,DiscussNetPremium 平成２３年　　５月　臨時会（第３１２回） - 05月10日－01号 ,議長,議長,中西哲,議長,よって、三石文隆君が高知県議会副議長に当選されました。,,https://www.kaigiroku.net/cgi-bin/WWWdocHatugen.exe?A=docHatugen&RA=frameNittei&USR=kockock&N=2372&H=2107061,null
H2107061_10,高知県,第３１２回,1,23,5,10,臨時,DiscussNetPremium 平成２３年　　５月　臨時会（第３１２回） - 05月10日－01号 ,議長,議長,中西哲,議長,ただいま副議長に当選されました三石文隆君が議場におられますので、本席から、会議規則第32条第２項の規定による告知をいたします。,,https://www.kaigiroku.net/cgi-bin/WWWdocHatugen.exe?A=docHatugen&RA=frameNittei&USR=kockock&N=2372&H=2107061,null
H2107061_11,高知県,第３１２回,1,23,5,10,臨時,DiscussNetPremium 平成２３年　　５月　臨時会（第３１２回） - 05月10日－01号 ,議長,議長,中西哲,議長,三石文隆君のごあいさつがあります。,,https://www.kaigiroku.net/cgi-bin/WWWdocHatugen.exe?A=docHatugen&RA=frameNittei&USR=kockock&N=2372&H=2107061,null
H2107061_12,高知県,第３１２回,1,23,5,10,臨時,DiscussNetPremium 平成２３年　　５月　臨時会（第３１２回） - 05月10日－01号 ,議長,議長,中西哲,議長,（13番三石文隆君登壇）,,https://www.kaigiroku.net/cgi-bin/WWWdocHatugen.exe?A=docHatugen&RA=frameNittei&USR=kockock&N=2372&H=2107061,null
H2107062_1,高知県,第３１２回,1,23,5,10,臨時,DiscussNetPremium 平成２３年　　５月　臨時会（第３１２回） - 05月10日－01号 ,質問者,3900030000002,三石文隆,議員,お許しをいただきまして、一言ごあいさつを申し上げます。,,https://www.kaigiroku.net/cgi-bin/WWWdocHatugen.exe?A=docHatugen&RA=frameNittei&USR=kockock&N=2372&H=2107062,null
H2107062_2,高知県,第３１２回,1,23,5,10,臨時,DiscussNetPremium 平成２３年　　５月　臨時会（第３１２回） - 05月10日－01号 ,質問者,3900030000002,三石文隆,議員,ただいま、先輩、同僚議員の皆様の格別の御推挙によりまして、副議長の要職に選任を賜りましたことは、この上もなく光栄に存じますとともに、その責任の重大さに身の引き締まる思いがいたします。,,https://www.kaigiroku.net/cgi-bin/WWWdocHatugen.exe?A=docHatugen&RA=frameNittei&USR=kockock&N=2372&H=2107062,null
H2107062_3,高知県,第３１２回,1,23,5,10,臨時,DiscussNetPremium 平成２３年　　５月　臨時会（第３１２回） - 05月10日－01号 ,質問者,3900030000002,三石文隆,議員,幸いにいたしまして、人格、見識ともにすぐれた中西議長のもと、議長の補佐役といたしまして公正かつ円滑な議会運営に誠心誠意、努力したいと存じております。,,https://www.kaigiroku.net/cgi-bin/WWWdocHatugen.exe?A=docHatugen&RA=frameNittei&USR=kockock&N=2372&H=2107062,null
H2107062_4,高知県,第３１２回,1,23,5,10,臨時,DiscussNetPremium 平成２３年　　５月　臨時会（第３１２回） - 05月10日－01号 ,質問者,3900030000002,三石文隆,議員,本県では、解決すべき多くの課題に直面しておりますが、関係各位の御支援、御協力を仰ぎながら執行部ともどもこの難局を克服し、県勢の浮揚に努めてまいりたいと考えております。,,https://www.kaigiroku.net/cgi-bin/WWWdocHatugen.exe?A=docHatugen&RA=frameNittei&USR=kockock&N=2372&H=2107062,null
H2107062_5,高知県,第３１２回,1,23,5,10,臨時,DiscussNetPremium 平成２３年　　５月　臨時会（第３１２回） - 05月10日－01号 ,質問者,3900030000002,三石文隆,議員,どうか議員の皆様におかれましては、変わらぬ御指導、御鞭撻を賜りますよう心よりお願いを申し上げます。,,https://www.kaigiroku.net/cgi-bin/WWWdocHatugen.exe?A=docHatugen&RA=frameNittei&USR=kockock&N=2372&H=2107062,null
H2107062_6,高知県,第３１２回,1,23,5,10,臨時,DiscussNetPremium 平成２３年　　５月　臨時会（第３１２回） - 05月10日－01号 ,質問者,3900030000002,三石文隆,議員,また、知事を初め執行部の皆様、報道関係の皆様方には、今後とも一層の御支援、御協力を賜りますようお願いを申し上げまして、甚だ簡単でございますけれども、就任のあいさつといたします。,,https://www.kaigiroku.net/cgi-bin/WWWdocHatugen.exe?A=docHatugen&RA=frameNittei&USR=kockock&N=2372&H=2107062,null
H2107062_7,高知県,第３１２回,1,23,5,10,臨時,DiscussNetPremium 平成２３年　　５月　臨時会（第３１２回） - 05月10日－01号 ,質問者,3900030000002,三石文隆,議員,ありがとうございました。,,https://www.kaigiroku.net/cgi-bin/WWWdocHatugen.exe?A=docHatugen&RA=frameNittei&USR=kockock&N=2372&H=2107062,null
H2107062_8,高知県,第３１２回,1,23,5,10,臨時,DiscussNetPremium 平成２３年　　５月　臨時会（第３１２回） - 05月10日－01号 ,質問者,3900030000002,三石文隆,議員,（拍手）,,https://www.kaigiroku.net/cgi-bin/WWWdocHatugen.exe?A=docHatugen&RA=frameNittei&USR=kockock&N=2372&H=2107062,null
H2107062_9,高知県,第３１２回,1,23,5,10,臨時,DiscussNetPremium 平成２３年　　５月　臨時会（第３１２回） - 05月10日－01号 ,質問者,3900030000002,三石文隆,議員,－－－－－－－－－－－－－－－－－－－－－－－－－－－－－－－－－－－－－－－,,https://www.kaigiroku.net/cgi-bin/WWWdocHatugen.exe?A=docHatugen&RA=frameNittei&USR=kockock&N=2372&H=2107062,null
H2107064_1,高知県,第３１２回,1,23,5,10,臨時,DiscussNetPremium 平成２３年　　５月　臨時会（第３１２回） - 05月10日－01号 ,議長,議長,中西哲,議長,これより県知事のごあいさつがあります。,,https://www.kaigiroku.net/cgi-bin/WWWdocHatugen.exe?A=docHatugen&RA=frameNittei&USR=kockock&N=2372&H=2107064,null
H2107064_2,高知県,第３１２回,1,23,5,10,臨時,DiscussNetPremium 平成２３年　　５月　臨時会（第３１２回） - 05月10日－01号 ,議長,議長,中西哲,議長,（知事尾崎正直君登壇）,,https://www.kaigiroku.net/cgi-bin/WWWdocHatugen.exe?A=docHatugen&RA=frameNittei&USR=kockock&N=2372&H=2107064,null
H2107065_1,高知県,第３１２回,1,23,5,10,臨時,DiscussNetPremium 平成２３年　　５月　臨時会（第３１２回） - 05月10日－01号 ,答弁者,知事,尾崎正直,知事,平成23年５月臨時会を開催しましたところ、議員の皆様には大変御多用の中、御出席をいただきまして、厚く御礼を申し上げます。,,https://www.kaigiroku.net/cgi-bin/WWWdocHatugen.exe?A=docHatugen&RA=frameNittei&USR=kockock&N=2372&H=2107065,null
H2107065_2,高知県,第３１２回,1,23,5,10,臨時,DiscussNetPremium 平成２３年　　５月　臨時会（第３１２回） - 05月10日－01号 ,答弁者,知事,尾崎正直,知事,まず、このたびの県議会議員選挙で晴れて当選の栄誉をかち取られました皆様方に対し、心からお喜びを申し上げます。,,https://www.kaigiroku.net/cgi-bin/WWWdocHatugen.exe?A=docHatugen&RA=frameNittei&USR=kockock&N=2372&H=2107065,null
H2107065_3,高知県,第３１２回,1,23,5,10,臨時,DiscussNetPremium 平成２３年　　５月　臨時会（第３１２回） - 05月10日－01号 ,答弁者,知事,尾崎正直,知事,皆様方の晴れやかなお顔を拝見することができ、大変うれしく存じます。,,https://www.kaigiroku.net/cgi-bin/WWWdocHatugen.exe?A=docHatugen&RA=frameNittei&USR=kockock&N=2372&H=2107065,null
H2107065_4,高知県,第３１２回,1,23,5,10,臨時,DiscussNetPremium 平成２３年　　５月　臨時会（第３１２回） - 05月10日－01号 ,答弁者,知事,尾崎正直,知事,また、ただいま新しく議長に就任されました中西哲議員と、副議長に就任されました三石文隆議員に対しまして、重ねて心からお喜びを申し上げます。,,https://www.kaigiroku.net/cgi-bin/WWWdocHatugen.exe?A=docHatugen&RA=frameNittei&USR=kockock&N=2372&H=2107065,null
H2107065_5,高知県,第３１２回,1,23,5,10,臨時,DiscussNetPremium 平成２３年　　５月　臨時会（第３１２回） - 05月10日－01号 ,答弁者,知事,尾崎正直,知事,議員の皆様方も御存じのとおり、本県を取り巻く状況は、人口減少、少子高齢化の進行などにより経済規模が縮小するとともに、中山間地域などにおける地域の支え合いの力が弱まるなど、非常に厳しいものがあります。,,https://www.kaigiroku.net/cgi-bin/WWWdocHatugen.exe?A=docHatugen&RA=frameNittei&USR=kockock&N=2372&H=2107065,null
H2107065_6,高知県,第３１２回,1,23,5,10,臨時,DiscussNetPremium 平成２３年　　５月　臨時会（第３１２回） - 05月10日－01号 ,答弁者,知事,尾崎正直,知事,加えまして、去る３月11日に発生いたしました東日本大震災を受け、被災地の支援に全力を挙げるとともに、この大震災を教訓に本県においても津波地震対策を抜本的に強化していく必要があります。,,https://www.kaigiroku.net/cgi-bin/WWWdocHatugen.exe?A=docHatugen&RA=frameNittei&USR=kockock&N=2372&H=2107065,null
H2107065_7,高知県,第３１２回,1,23,5,10,臨時,DiscussNetPremium 平成２３年　　５月　臨時会（第３１２回） - 05月10日－01号 ,答弁者,知事,尾崎正直,知事,本年度を、県勢浮揚への足がかりをしっかり築いていくための正念場の年ととらえ、南海地震対策の抜本強化など県民の皆様の安全・安心の確保に向けた取り組みを初め、経済の活性化のための産業振興計画のさらなる推進や日本一の健康長寿県構想の推進、教育の充実と子育て支援、まだまだおくれているインフラ整備など５つの基本政策に、私自身が率先して汗をかき全力で取り組んでまいります。,,https://www.kaigiroku.net/cgi-bin/WWWdocHatugen.exe?A=docHatugen&RA=frameNittei&USR=kockock&N=2372&H=2107065,null
H2107065_8,高知県,第３１２回,1,23,5,10,臨時,DiscussNetPremium 平成２３年　　５月　臨時会（第３１２回） - 05月10日－01号 ,答弁者,知事,尾崎正直,知事,議員の皆様方には、これまで培われました豊かな経験と卓越した英知を存分に発揮されまして、高知県のために多大なる御活躍をなされませんことを心より御祈念申し上げます。,,https://www.kaigiroku.net/cgi-bin/WWWdocHatugen.exe?A=docHatugen&RA=frameNittei&USR=kockock&N=2372&H=2107065,null
H2107065_9,高知県,第３１２回,1,23,5,10,臨時,DiscussNetPremium 平成２３年　　５月　臨時会（第３１２回） - 05月10日－01号 ,答弁者,知事,尾崎正直,知事,私も、議長、副議長を初め議員の皆様方の御指導、御鞭撻を賜りながら、県民の皆様と力を合わせて、県勢浮揚に邁進してまいりたいと存じます。,,https://www.kaigiroku.net/cgi-bin/WWWdocHatugen.exe?A=docHatugen&RA=frameNittei&USR=kockock&N=2372&H=2107065,null
H2107065_10,高知県,第３１２回,1,23,5,10,臨時,DiscussNetPremium 平成２３年　　５月　臨時会（第３１２回） - 05月10日－01号 ,答弁者,知事,尾崎正直,知事,皆様方に重ねて御当選のお喜びを申し上げまして、簡単ではございますが、臨時会の開会に際しましての私からのごあいさつとさせていただきます。,,https://www.kaigiroku.net/cgi-bin/WWWdocHatugen.exe?A=docHatugen&RA=frameNittei&USR=kockock&N=2372&H=2107065,null
H2107065_11,高知県,第３１２回,1,23,5,10,臨時,DiscussNetPremium 平成２３年　　５月　臨時会（第３１２回） - 05月10日－01号 ,答弁者,知事,尾崎正直,知事,－－－－－－－－－－－－－－－－－－－－－－－－－－－－－－－－－－－－－－－,,https://www.kaigiroku.net/cgi-bin/WWWdocHatugen.exe?A=docHatugen&RA=frameNittei&USR=kockock&N=2372&H=2107065,null
H2107067_1,高知県,第３１２回,1,23,5,10,臨時,DiscussNetPremium 平成２３年　　５月　臨時会（第３１２回） - 05月10日－01号 ,議長,議長,中西哲,議長,この際、出席を求めている執行機関の諸君を御紹介いたします。,,https://www.kaigiroku.net/cgi-bin/WWWdocHatugen.exe?A=docHatugen&RA=frameNittei&USR=kockock&N=2372&H=2107067,null
H2107067_2,高知県,第３１２回,1,23,5,10,臨時,DiscussNetPremium 平成２３年　　５月　臨時会（第３１２回） - 05月10日－01号 ,議長,議長,中西哲,議長,それでは、順次自席でごあいさつ願います。,,https://www.kaigiroku.net/cgi-bin/WWWdocHatugen.exe?A=docHatugen&RA=frameNittei&USR=kockock&N=2372&H=2107067,null
H2107067_3,高知県,第３１２回,1,23,5,10,臨時,DiscussNetPremium 平成２３年　　５月　臨時会（第３１２回） - 05月10日－01号 ,議長,議長,中西哲,議長,副知事十河清君。,,https://www.kaigiroku.net/cgi-bin/WWWdocHatugen.exe?A=docHatugen&RA=frameNittei&USR=kockock&N=2372&H=2107067,null
H2107068_1,高知県,第３１２回,1,23,5,10,臨時,DiscussNetPremium 平成２３年　　５月　臨時会（第３１２回） - 05月10日－01号 ,答弁者,副知事,十河清,副知事,副知事の十河清でございます。,,https://www.kaigiroku.net/cgi-bin/WWWdocHatugen.exe?A=docHatugen&RA=frameNittei&USR=kockock&N=2372&H=2107068,null
H2107068_2,高知県,第３１２回,1,23,5,10,臨時,DiscussNetPremium 平成２３年　　５月　臨時会（第３１２回） - 05月10日－01号 ,答弁者,副知事,十河清,副知事,どうかよろしくお願いいたします。,,https://www.kaigiroku.net/cgi-bin/WWWdocHatugen.exe?A=docHatugen&RA=frameNittei&USR=kockock&N=2372&H=2107068,null
H2107069_1,高知県,第３１２回,1,23,5,10,臨時,DiscussNetPremium 平成２３年　　５月　臨時会（第３１２回） - 05月10日－01号 ,議長,議長,中西哲,議長,総務部長恩田馨君。,,https://www.kaigiroku.net/cgi-bin/WWWdocHatugen.exe?A=docHatugen&RA=frameNittei&USR=kockock&N=2372&H=2107069,null
H2107070_1,高知県,第３１２回,1,23,5,10,臨時,DiscussNetPremium 平成２３年　　５月　臨時会（第３１２回） - 05月10日－01号 ,答弁者,その他,恩田馨,総務部長,総務部長の恩田でございます。,,https://www.kaigiroku.net/cgi-bin/WWWdocHatugen.exe?A=docHatugen&RA=frameNittei&USR=kockock&N=2372&H=2107070,null
H2107070_2,高知県,第３１２回,1,23,5,10,臨時,DiscussNetPremium 平成２３年　　５月　臨時会（第３１２回） - 05月10日－01号 ,答弁者,その他,恩田馨,総務部長,どうぞよろしくお願いいたします。,,https://www.kaigiroku.net/cgi-bin/WWWdocHatugen.exe?A=docHatugen&RA=frameNittei&USR=kockock&N=2372&H=2107070,null
H2107071_1,高知県,第３１２回,1,23,5,10,臨時,DiscussNetPremium 平成２３年　　５月　臨時会（第３１２回） - 05月10日－01号 ,議長,議長,中西哲,議長,危機管理部長森部慎之助君。,,https://www.kaigiroku.net/cgi-bin/WWWdocHatugen.exe?A=docHatugen&RA=frameNittei&USR=kockock&N=2372&H=2107071,null
H2107072_1,高知県,第３１２回,1,23,5,10,臨時,DiscussNetPremium 平成２３年　　５月　臨時会（第３１２回） - 05月10日－01号 ,答弁者,その他,森部慎之助,危機管理部長,危機管理部長の森部でございます。,,https://www.kaigiroku.net/cgi-bin/WWWdocHatugen.exe?A=docHatugen&RA=frameNittei&USR=kockock&N=2372&H=2107072,null
H2107072_2,高知県,第３１２回,1,23,5,10,臨時,DiscussNetPremium 平成２３年　　５月　臨時会（第３１２回） - 05月10日－01号 ,答弁者,その他,森部慎之助,危機管理部長,どうぞよろしくお願いをいたします。,,https://www.kaigiroku.net/cgi-bin/WWWdocHatugen.exe?A=docHatugen&RA=frameNittei&USR=kockock&N=2372&H=2107072,null
H2107073_1,高知県,第３１２回,1,23,5,10,臨時,DiscussNetPremium 平成２３年　　５月　臨時会（第３１２回） - 05月10日－01号 ,議長,議長,中西哲,議長,健康政策部長入福聖一君。,,https://www.kaigiroku.net/cgi-bin/WWWdocHatugen.exe?A=docHatugen&RA=frameNittei&USR=kockock&N=2372&H=2107073,null
H2107074_1,高知県,第３１２回,1,23,5,10,臨時,DiscussNetPremium 平成２３年　　５月　臨時会（第３１２回） - 05月10日－01号 ,答弁者,その他,入福聖一,健康政策部長,健康政策部長入福と申します。,,https://www.kaigiroku.net/cgi-bin/WWWdocHatugen.exe?A=docHatugen&RA=frameNittei&USR=kockock&N=2372&H=2107074,null
H2107074_2,高知県,第３１２回,1,23,5,10,臨時,DiscussNetPremium 平成２３年　　５月　臨時会（第３１２回） - 05月10日－01号 ,答弁者,その他,入福聖一,健康政策部長,よろしくお願いします。,,https://www.kaigiroku.net/cgi-bin/WWWdocHatugen.exe?A=docHatugen&RA=frameNittei&USR=kockock&N=2372&H=2107074,null
H2107075_1,高知県,第３１２回,1,23,5,10,臨時,DiscussNetPremium 平成２３年　　５月　臨時会（第３１２回） - 05月10日－01号 ,議長,議長,中西哲,議長,地域福祉部長小田切泰禎君。,,https://www.kaigiroku.net/cgi-bin/WWWdocHatugen.exe?A=docHatugen&RA=frameNittei&USR=kockock&N=2372&H=2107075,null
H2107076_1,高知県,第３１２回,1,23,5,10,臨時,DiscussNetPremium 平成２３年　　５月　臨時会（第３１２回） - 05月10日－01号 ,答弁者,その他,小田切泰禎,地域福祉部長,地域福祉部長の小田切でございます。,,https://www.kaigiroku.net/cgi-bin/WWWdocHatugen.exe?A=docHatugen&RA=frameNittei&USR=kockock&N=2372&H=2107076,null
H2107076_2,高知県,第３１２回,1,23,5,10,臨時,DiscussNetPremium 平成２３年　　５月　臨時会（第３１２回） - 05月10日－01号 ,答弁者,その他,小田切泰禎,地域福祉部長,よろしくお願いいたします。,,https://www.kaigiroku.net/cgi-bin/WWWdocHatugen.exe?A=docHatugen&RA=frameNittei&USR=kockock&N=2372&H=2107076,null
H2107077_1,高知県,第３１２回,1,23,5,10,臨時,DiscussNetPremium 平成２３年　　５月　臨時会（第３１２回） - 05月10日－01号 ,議長,議長,中西哲,議長,文化生活部長大崎富夫君。,,https://www.kaigiroku.net/cgi-bin/WWWdocHatugen.exe?A=docHatugen&RA=frameNittei&USR=kockock&N=2372&H=2107077,null
H2107078_1,高知県,第３１２回,1,23,5,10,臨時,DiscussNetPremium 平成２３年　　５月　臨時会（第３１２回） - 05月10日－01号 ,答弁者,その他,大崎富夫,文化生活部長,文化生活部長の大崎でございます。,,https://www.kaigiroku.net/cgi-bin/WWWdocHatugen.exe?A=docHatugen&RA=frameNittei&USR=kockock&N=2372&H=2107078,null
H2107078_2,高知県,第３１２回,1,23,5,10,臨時,DiscussNetPremium 平成２３年　　５月　臨時会（第３１２回） - 05月10日－01号 ,答弁者,その他,大崎富夫,文化生活部長,よろしくお願いいたします。,,https://www.kaigiroku.net/cgi-bin/WWWdocHatugen.exe?A=docHatugen&RA=frameNittei&USR=kockock&N=2372&H=2107078,null
H2107079_1,高知県,第３１２回,1,23,5,10,臨時,DiscussNetPremium 平成２３年　　５月　臨時会（第３１２回） - 05月10日－01号 ,議長,議長,中西哲,議長,産業振興推進部長岩城孝章君。,,https://www.kaigiroku.net/cgi-bin/WWWdocHatugen.exe?A=docHatugen&RA=frameNittei&USR=kockock&N=2372&H=2107079,null
H2107080_1,高知県,第３１２回,1,23,5,10,臨時,DiscussNetPremium 平成２３年　　５月　臨時会（第３１２回） - 05月10日－01号 ,答弁者,その他,岩城孝章,産業振興推進部長,産業振興推進部長の岩城でございます。,,https://www.kaigiroku.net/cgi-bin/WWWdocHatugen.exe?A=docHatugen&RA=frameNittei&USR=kockock&N=2372&H=2107080,null
H2107080_2,高知県,第３１２回,1,23,5,10,臨時,DiscussNetPremium 平成２３年　　５月　臨時会（第３１２回） - 05月10日－01号 ,答弁者,その他,岩城孝章,産業振興推進部長,よろしくお願いいたします。,,https://www.kaigiroku.net/cgi-bin/WWWdocHatugen.exe?A=docHatugen&RA=frameNittei&USR=kockock&N=2372&H=2107080,null
H2107081_1,高知県,第３１２回,1,23,5,10,臨時,DiscussNetPremium 平成２３年　　５月　臨時会（第３１２回） - 05月10日－01号 ,議長,議長,中西哲,議長,交通運輸政策担当理事片岡万知雄君。,,https://www.kaigiroku.net/cgi-bin/WWWdocHatugen.exe?A=docHatugen&RA=frameNittei&USR=kockock&N=2372&H=2107081,null
H2107082_1,高知県,第３１２回,1,23,5,10,臨時,DiscussNetPremium 平成２３年　　５月　臨時会（第３１２回） - 05月10日－01号 ,答弁者,その他,片岡万知雄,交通運輸政策担当理事,交通運輸政策担当理事の片岡でございます。,,https://www.kaigiroku.net/cgi-bin/WWWdocHatugen.exe?A=docHatugen&RA=frameNittei&USR=kockock&N=2372&H=2107082,null
H2107082_2,高知県,第３１２回,1,23,5,10,臨時,DiscussNetPremium 平成２３年　　５月　臨時会（第３１２回） - 05月10日－01号 ,答弁者,その他,片岡万知雄,交通運輸政策担当理事,どうかよろしくお願い申し上げます。,,https://www.kaigiroku.net/cgi-bin/WWWdocHatugen.exe?A=docHatugen&RA=frameNittei&USR=kockock&N=2372&H=2107082,null
H2107083_1,高知県,第３１２回,1,23,5,10,臨時,DiscussNetPremium 平成２３年　　５月　臨時会（第３１２回） - 05月10日－01号 ,議長,議長,中西哲,議長,商工労働部長高松清之君。,,https://www.kaigiroku.net/cgi-bin/WWWdocHatugen.exe?A=docHatugen&RA=frameNittei&USR=kockock&N=2372&H=2107083,null
H2107084_1,高知県,第３１２回,1,23,5,10,臨時,DiscussNetPremium 平成２３年　　５月　臨時会（第３１２回） - 05月10日－01号 ,答弁者,その他,高松清之,商工労働部長,商工労働部長の高松でございます。,,https://www.kaigiroku.net/cgi-bin/WWWdocHatugen.exe?A=docHatugen&RA=frameNittei&USR=kockock&N=2372&H=2107084,null
H2107084_2,高知県,第３１２回,1,23,5,10,臨時,DiscussNetPremium 平成２３年　　５月　臨時会（第３１２回） - 05月10日－01号 ,答弁者,その他,高松清之,商工労働部長,よろしくお願いいたします。,,https://www.kaigiroku.net/cgi-bin/WWWdocHatugen.exe?A=docHatugen&RA=frameNittei&USR=kockock&N=2372&H=2107084,null
H2107085_1,高知県,第３１２回,1,23,5,10,臨時,DiscussNetPremium 平成２３年　　５月　臨時会（第３１２回） - 05月10日－01号 ,議長,議長,中西哲,議長,観光振興部長久保博孝君。,,https://www.kaigiroku.net/cgi-bin/WWWdocHatugen.exe?A=docHatugen&RA=frameNittei&USR=kockock&N=2372&H=2107085,null
H2107086_1,高知県,第３１２回,1,23,5,10,臨時,DiscussNetPremium 平成２３年　　５月　臨時会（第３１２回） - 05月10日－01号 ,答弁者,その他,久保博孝,観光振興部長,観光振興部長の久保でございます。,,https://www.kaigiroku.net/cgi-bin/WWWdocHatugen.exe?A=docHatugen&RA=frameNittei&USR=kockock&N=2372&H=2107086,null
H2107086_2,高知県,第３１２回,1,23,5,10,臨時,DiscussNetPremium 平成２３年　　５月　臨時会（第３１２回） - 05月10日－01号 ,答弁者,その他,久保博孝,観光振興部長,どうぞよろしくお願いします。,,https://www.kaigiroku.net/cgi-bin/WWWdocHatugen.exe?A=docHatugen&RA=frameNittei&USR=kockock&N=2372&H=2107086,null
H2107087_1,高知県,第３１２回,1,23,5,10,臨時,DiscussNetPremium 平成２３年　　５月　臨時会（第３１２回） - 05月10日－01号 ,議長,議長,中西哲,議長,農業振興部長杉本雅敏君。,,https://www.kaigiroku.net/cgi-bin/WWWdocHatugen.exe?A=docHatugen&RA=frameNittei&USR=kockock&N=2372&H=2107087,null
H2107088_1,高知県,第３１２回,1,23,5,10,臨時,DiscussNetPremium 平成２３年　　５月　臨時会（第３１２回） - 05月10日－01号 ,答弁者,その他,杉本雅敏,農業振興部長,農業振興部長杉本でございます。,,https://www.kaigiroku.net/cgi-bin/WWWdocHatugen.exe?A=docHatugen&RA=frameNittei&USR=kockock&N=2372&H=2107088,null
H2107088_2,高知県,第３１２回,1,23,5,10,臨時,DiscussNetPremium 平成２３年　　５月　臨時会（第３１２回） - 05月10日－01号 ,答弁者,その他,杉本雅敏,農業振興部長,どうぞよろしくお願い申し上げます。,,https://www.kaigiroku.net/cgi-bin/WWWdocHatugen.exe?A=docHatugen&RA=frameNittei&USR=kockock&N=2372&H=2107088,null
H2107089_1,高知県,第３１２回,1,23,5,10,臨時,DiscussNetPremium 平成２３年　　５月　臨時会（第３１２回） - 05月10日－01号 ,議長,議長,中西哲,議長,林業振興・環境部長田村壮児君。,,https://www.kaigiroku.net/cgi-bin/WWWdocHatugen.exe?A=docHatugen&RA=frameNittei&USR=kockock&N=2372&H=2107089,null
H2107090_1,高知県,第３１２回,1,23,5,10,臨時,DiscussNetPremium 平成２３年　　５月　臨時会（第３１２回） - 05月10日－01号 ,答弁者,その他,田村壮児,林業振興・環境部長,林業振興・環境部長の田村でございます。,,https://www.kaigiroku.net/cgi-bin/WWWdocHatugen.exe?A=docHatugen&RA=frameNittei&USR=kockock&N=2372&H=2107090,null
H2107090_2,高知県,第３１２回,1,23,5,10,臨時,DiscussNetPremium 平成２３年　　５月　臨時会（第３１２回） - 05月10日－01号 ,答弁者,その他,田村壮児,林業振興・環境部長,よろしくお願いします。,,https://www.kaigiroku.net/cgi-bin/WWWdocHatugen.exe?A=docHatugen&RA=frameNittei&USR=kockock&N=2372&H=2107090,null
H2107091_1,高知県,第３１２回,1,23,5,10,臨時,DiscussNetPremium 平成２３年　　５月　臨時会（第３１２回） - 05月10日－01号 ,議長,議長,中西哲,議長,水産振興部長東好男君。,,https://www.kaigiroku.net/cgi-bin/WWWdocHatugen.exe?A=docHatugen&RA=frameNittei&USR=kockock&N=2372&H=2107091,null
H2107092_1,高知県,第３１２回,1,23,5,10,臨時,DiscussNetPremium 平成２３年　　５月　臨時会（第３１２回） - 05月10日－01号 ,答弁者,その他,東好男,水産振興部長,水産振興部長の東でございます。,,https://www.kaigiroku.net/cgi-bin/WWWdocHatugen.exe?A=docHatugen&RA=frameNittei&USR=kockock&N=2372&H=2107092,null
H2107092_2,高知県,第３１２回,1,23,5,10,臨時,DiscussNetPremium 平成２３年　　５月　臨時会（第３１２回） - 05月10日－01号 ,答弁者,その他,東好男,水産振興部長,よろしくお願いいたします。,,https://www.kaigiroku.net/cgi-bin/WWWdocHatugen.exe?A=docHatugen&RA=frameNittei&USR=kockock&N=2372&H=2107092,null
H2107093_1,高知県,第３１２回,1,23,5,10,臨時,DiscussNetPremium 平成２３年　　５月　臨時会（第３１２回） - 05月10日－01号 ,議長,議長,中西哲,議長,土木部長石井一生君。,,https://www.kaigiroku.net/cgi-bin/WWWdocHatugen.exe?A=docHatugen&RA=frameNittei&USR=kockock&N=2372&H=2107093,null
H2107094_1,高知県,第３１２回,1,23,5,10,臨時,DiscussNetPremium 平成２３年　　５月　臨時会（第３１２回） - 05月10日－01号 ,答弁者,その他,石井一生,土木部長,土木部長の石井でございます。,,https://www.kaigiroku.net/cgi-bin/WWWdocHatugen.exe?A=docHatugen&RA=frameNittei&USR=kockock&N=2372&H=2107094,null
H2107094_2,高知県,第３１２回,1,23,5,10,臨時,DiscussNetPremium 平成２３年　　５月　臨時会（第３１２回） - 05月10日－01号 ,答弁者,その他,石井一生,土木部長,よろしくお願いいたします。,,https://www.kaigiroku.net/cgi-bin/WWWdocHatugen.exe?A=docHatugen&RA=frameNittei&USR=kockock&N=2372&H=2107094,null
H2107095_1,高知県,第３１２回,1,23,5,10,臨時,DiscussNetPremium 平成２３年　　５月　臨時会（第３１２回） - 05月10日－01号 ,議長,議長,中西哲,議長,会計管理者吉田眞里さん。,,https://www.kaigiroku.net/cgi-bin/WWWdocHatugen.exe?A=docHatugen&RA=frameNittei&USR=kockock&N=2372&H=2107095,null
H2107096_1,高知県,第３１２回,1,23,5,10,臨時,DiscussNetPremium 平成２３年　　５月　臨時会（第３１２回） - 05月10日－01号 ,答弁者,その他,吉田眞里,会計管理者,会計管理者の吉田でございます。,,https://www.kaigiroku.net/cgi-bin/WWWdocHatugen.exe?A=docHatugen&RA=frameNittei&USR=kockock&N=2372&H=2107096,null
H2107096_2,高知県,第３１２回,1,23,5,10,臨時,DiscussNetPremium 平成２３年　　５月　臨時会（第３１２回） - 05月10日－01号 ,答弁者,その他,吉田眞里,会計管理者,どうぞよろしくお願いいたします。,,https://www.kaigiroku.net/cgi-bin/WWWdocHatugen.exe?A=docHatugen&RA=frameNittei&USR=kockock&N=2372&H=2107096,null
H2107097_1,高知県,第３１２回,1,23,5,10,臨時,DiscussNetPremium 平成２３年　　５月　臨時会（第３１２回） - 05月10日－01号 ,議長,議長,中西哲,議長,公営企業局長安岡俊作君。,,https://www.kaigiroku.net/cgi-bin/WWWdocHatugen.exe?A=docHatugen&RA=frameNittei&USR=kockock&N=2372&H=2107097,null
H2107098_1,高知県,第３１２回,1,23,5,10,臨時,DiscussNetPremium 平成２３年　　５月　臨時会（第３１２回） - 05月10日－01号 ,答弁者,その他,安岡俊作,公営企業局長,公営企業局長の安岡といいます。,,https://www.kaigiroku.net/cgi-bin/WWWdocHatugen.exe?A=docHatugen&RA=frameNittei&USR=kockock&N=2372&H=2107098,null
H2107098_2,高知県,第３１２回,1,23,5,10,臨時,DiscussNetPremium 平成２３年　　５月　臨時会（第３１２回） - 05月10日－01号 ,答弁者,その他,安岡俊作,公営企業局長,どうぞよろしくお願いします。,,https://www.kaigiroku.net/cgi-bin/WWWdocHatugen.exe?A=docHatugen&RA=frameNittei&USR=kockock&N=2372&H=2107098,null
H2107099_1,高知県,第３１２回,1,23,5,10,臨時,DiscussNetPremium 平成２３年　　５月　臨時会（第３１２回） - 05月10日－01号 ,議長,議長,中西哲,議長,教育委員長小島一久君。,,https://www.kaigiroku.net/cgi-bin/WWWdocHatugen.exe?A=docHatugen&RA=frameNittei&USR=kockock&N=2372&H=2107099,null
H2107100_1,高知県,第３１２回,1,23,5,10,臨時,DiscussNetPremium 平成２３年　　５月　臨時会（第３１２回） - 05月10日－01号 ,答弁者,その他,小島一久,教育委員長,教育委員長の小島一久でございます。,,https://www.kaigiroku.net/cgi-bin/WWWdocHatugen.exe?A=docHatugen&RA=frameNittei&USR=kockock&N=2372&H=2107100,null
H2107100_2,高知県,第３１２回,1,23,5,10,臨時,DiscussNetPremium 平成２３年　　５月　臨時会（第３１２回） - 05月10日－01号 ,答弁者,その他,小島一久,教育委員長,どうぞよろしくお願い申し上げます。,,https://www.kaigiroku.net/cgi-bin/WWWdocHatugen.exe?A=docHatugen&RA=frameNittei&USR=kockock&N=2372&H=2107100,null
H2107101_1,高知県,第３１２回,1,23,5,10,臨時,DiscussNetPremium 平成２３年　　５月　臨時会（第３１２回） - 05月10日－01号 ,議長,議長,中西哲,議長,教育長中澤卓史君。,,https://www.kaigiroku.net/cgi-bin/WWWdocHatugen.exe?A=docHatugen&RA=frameNittei&USR=kockock&N=2372&H=2107101,null
H2107102_1,高知県,第３１２回,1,23,5,10,臨時,DiscussNetPremium 平成２３年　　５月　臨時会（第３１２回） - 05月10日－01号 ,答弁者,その他,中澤卓史,教育長,教育長の中澤でございます。,,https://www.kaigiroku.net/cgi-bin/WWWdocHatugen.exe?A=docHatugen&RA=frameNittei&USR=kockock&N=2372&H=2107102,null
H2107102_2,高知県,第３１２回,1,23,5,10,臨時,DiscussNetPremium 平成２３年　　５月　臨時会（第３１２回） - 05月10日－01号 ,答弁者,その他,中澤卓史,教育長,よろしくお願い申し上げます。,,https://www.kaigiroku.net/cgi-bin/WWWdocHatugen.exe?A=docHatugen&RA=frameNittei&USR=kockock&N=2372&H=2107102,null
H2107103_1,高知県,第３１２回,1,23,5,10,臨時,DiscussNetPremium 平成２３年　　５月　臨時会（第３１２回） - 05月10日－01号 ,議長,議長,中西哲,議長,公安委員長近森正幸君。,,https://www.kaigiroku.net/cgi-bin/WWWdocHatugen.exe?A=docHatugen&RA=frameNittei&USR=kockock&N=2372&H=2107103,null
H2107104_1,高知県,第３１２回,1,23,5,10,臨時,DiscussNetPremium 平成２３年　　５月　臨時会（第３１２回） - 05月10日－01号 ,答弁者,その他,近森正幸,公安委員長,公安委員長の近森でございます。,,https://www.kaigiroku.net/cgi-bin/WWWdocHatugen.exe?A=docHatugen&RA=frameNittei&USR=kockock&N=2372&H=2107104,null
H2107104_2,高知県,第３１２回,1,23,5,10,臨時,DiscussNetPremium 平成２３年　　５月　臨時会（第３１２回） - 05月10日－01号 ,答弁者,その他,近森正幸,公安委員長,どうかよろしくお願いします。,,https://www.kaigiroku.net/cgi-bin/WWWdocHatugen.exe?A=docHatugen&RA=frameNittei&USR=kockock&N=2372&H=2107104,null
H2107105_1,高知県,第３１２回,1,23,5,10,臨時,DiscussNetPremium 平成２３年　　５月　臨時会（第３１２回） - 05月10日－01号 ,議長,議長,中西哲,議長,警察本部長加藤晃久君。,,https://www.kaigiroku.net/cgi-bin/WWWdocHatugen.exe?A=docHatugen&RA=frameNittei&USR=kockock&N=2372&H=2107105,null
H2107106_1,高知県,第３１２回,1,23,5,10,臨時,DiscussNetPremium 平成２３年　　５月　臨時会（第３１２回） - 05月10日－01号 ,答弁者,その他,加藤晃久,警察本部長,警察本部長の加藤でございます。,,https://www.kaigiroku.net/cgi-bin/WWWdocHatugen.exe?A=docHatugen&RA=frameNittei&USR=kockock&N=2372&H=2107106,null
H2107106_2,高知県,第３１２回,1,23,5,10,臨時,DiscussNetPremium 平成２３年　　５月　臨時会（第３１２回） - 05月10日－01号 ,答弁者,その他,加藤晃久,警察本部長,よろしくお願い申し上げます。,,https://www.kaigiroku.net/cgi-bin/WWWdocHatugen.exe?A=docHatugen&RA=frameNittei&USR=kockock&N=2372&H=2107106,null
H2107107_1,高知県,第３１２回,1,23,5,10,臨時,DiscussNetPremium 平成２３年　　５月　臨時会（第３１２回） - 05月10日－01号 ,議長,議長,中西哲,議長,代表監査委員朝日満夫君。,,https://www.kaigiroku.net/cgi-bin/WWWdocHatugen.exe?A=docHatugen&RA=frameNittei&USR=kockock&N=2372&H=2107107,null
H2107108_1,高知県,第３１２回,1,23,5,10,臨時,DiscussNetPremium 平成２３年　　５月　臨時会（第３１２回） - 05月10日－01号 ,答弁者,その他,朝日満夫,代表監査委員,代表監査委員朝日でございます。,,https://www.kaigiroku.net/cgi-bin/WWWdocHatugen.exe?A=docHatugen&RA=frameNittei&USR=kockock&N=2372&H=2107108,null
H2107108_2,高知県,第３１２回,1,23,5,10,臨時,DiscussNetPremium 平成２３年　　５月　臨時会（第３１２回） - 05月10日－01号 ,答弁者,その他,朝日満夫,代表監査委員,よろしくお願いいたします。,,https://www.kaigiroku.net/cgi-bin/WWWdocHatugen.exe?A=docHatugen&RA=frameNittei&USR=kockock&N=2372&H=2107108,null
H2107109_1,高知県,第３１２回,1,23,5,10,臨時,DiscussNetPremium 平成２３年　　５月　臨時会（第３１２回） - 05月10日－01号 ,議長,議長,中西哲,議長,監査委員事務局長中島佳代子さん。,,https://www.kaigiroku.net/cgi-bin/WWWdocHatugen.exe?A=docHatugen&RA=frameNittei&USR=kockock&N=2372&H=2107109,null
H2107110_1,高知県,第３１２回,1,23,5,10,臨時,DiscussNetPremium 平成２３年　　５月　臨時会（第３１２回） - 05月10日－01号 ,答弁者,その他,中島佳代子,監査委員事務局長,監査委員事務局長の中島でございます。,,https://www.kaigiroku.net/cgi-bin/WWWdocHatugen.exe?A=docHatugen&RA=frameNittei&USR=kockock&N=2372&H=2107110,null
H2107110_2,高知県,第３１２回,1,23,5,10,臨時,DiscussNetPremium 平成２３年　　５月　臨時会（第３１２回） - 05月10日－01号 ,答弁者,その他,中島佳代子,監査委員事務局長,よろしくお願いいたします。,,https://www.kaigiroku.net/cgi-bin/WWWdocHatugen.exe?A=docHatugen&RA=frameNittei&USR=kockock&N=2372&H=2107110,null
H2107111_1,高知県,第３１２回,1,23,5,10,臨時,DiscussNetPremium 平成２３年　　５月　臨時会（第３１２回） - 05月10日－01号 ,議長,議長,中西哲,議長,人事委員長山本俊二郎君。,,https://www.kaigiroku.net/cgi-bin/WWWdocHatugen.exe?A=docHatugen&RA=frameNittei&USR=kockock&N=2372&H=2107111,null
H2107112_1,高知県,第３１２回,1,23,5,10,臨時,DiscussNetPremium 平成２３年　　５月　臨時会（第３１２回） - 05月10日－01号 ,答弁者,その他,山本俊二郎,人事委員長,人事委員長の山本です。,,https://www.kaigiroku.net/cgi-bin/WWWdocHatugen.exe?A=docHatugen&RA=frameNittei&USR=kockock&N=2372&H=2107112,null
H2107112_2,高知県,第３１２回,1,23,5,10,臨時,DiscussNetPremium 平成２３年　　５月　臨時会（第３１２回） - 05月10日－01号 ,答弁者,その他,山本俊二郎,人事委員長,よろしくお願いします。,,https://www.kaigiroku.net/cgi-bin/WWWdocHatugen.exe?A=docHatugen&RA=frameNittei&USR=kockock&N=2372&H=2107112,null
H2107113_1,高知県,第３１２回,1,23,5,10,臨時,DiscussNetPremium 平成２３年　　５月　臨時会（第３１２回） - 05月10日－01号 ,議長,議長,中西哲,議長,人事委員会事務局長隅田明君。,,https://www.kaigiroku.net/cgi-bin/WWWdocHatugen.exe?A=docHatugen&RA=frameNittei&USR=kockock&N=2372&H=2107113,null
H2107114_1,高知県,第３１２回,1,23,5,10,臨時,DiscussNetPremium 平成２３年　　５月　臨時会（第３１２回） - 05月10日－01号 ,答弁者,その他,隅田明,人事委員会事務局長,人事委員会事務局長隅田でございます。,,https://www.kaigiroku.net/cgi-bin/WWWdocHatugen.exe?A=docHatugen&RA=frameNittei&USR=kockock&N=2372&H=2107114,null
H2107114_2,高知県,第３１２回,1,23,5,10,臨時,DiscussNetPremium 平成２３年　　５月　臨時会（第３１２回） - 05月10日－01号 ,答弁者,その他,隅田明,人事委員会事務局長,どうぞよろしくお願いいたします。,,https://www.kaigiroku.net/cgi-bin/WWWdocHatugen.exe?A=docHatugen&RA=frameNittei&USR=kockock&N=2372&H=2107114,null
H2107114_3,高知県,第３１２回,1,23,5,10,臨時,DiscussNetPremium 平成２３年　　５月　臨時会（第３１２回） - 05月10日－01号 ,答弁者,その他,隅田明,人事委員会事務局長,－－－－－－－－－－－－－－－－－－－－－－－－－－－－－－－－－－－－－－－,,https://www.kaigiroku.net/cgi-bin/WWWdocHatugen.exe?A=docHatugen&RA=frameNittei&USR=kockock&N=2372&H=2107114,null
H2107116_1,高知県,第３１２回,1,23,5,10,臨時,DiscussNetPremium 平成２３年　　５月　臨時会（第３１２回） - 05月10日－01号 ,議長,議長,中西哲,議長,御報告いたします。,,https://www.kaigiroku.net/cgi-bin/WWWdocHatugen.exe?A=docHatugen&RA=frameNittei&USR=kockock&N=2372&H=2107116,null
H2107116_2,高知県,第３１２回,1,23,5,10,臨時,DiscussNetPremium 平成２３年　　５月　臨時会（第３１２回） - 05月10日－01号 ,議長,議長,中西哲,議長,知事から、地方自治法第180条第２項の規定に基づく専決処分報告がありましたので、その写しをお手元にお配りいたしてあります。,,https://www.kaigiroku.net/cgi-bin/WWWdocHatugen.exe?A=docHatugen&RA=frameNittei&USR=kockock&N=2372&H=2107116,null
H2107116_3,高知県,第３１２回,1,23,5,10,臨時,DiscussNetPremium 平成２３年　　５月　臨時会（第３１２回） - 05月10日－01号 ,議長,議長,中西哲,議長,－－－－－－－－－－－－－－－－－－－－－－－－－－－－－－－－－－－－－－－,,https://www.kaigiroku.net/cgi-bin/WWWdocHatugen.exe?A=docHatugen&RA=frameNittei&USR=kockock&N=2372&H=2107116,null
H2107118_1,高知県,第３１２回,1,23,5,10,臨時,DiscussNetPremium 平成２３年　　５月　臨時会（第３１２回） - 05月10日－01号 ,議長,議長,中西哲,議長,日程第５、常任委員の選任を行います。,,https://www.kaigiroku.net/cgi-bin/WWWdocHatugen.exe?A=docHatugen&RA=frameNittei&USR=kockock&N=2372&H=2107118,null
H2107118_2,高知県,第３１２回,1,23,5,10,臨時,DiscussNetPremium 平成２３年　　５月　臨時会（第３１２回） - 05月10日－01号 ,議長,議長,中西哲,議長,お諮りいたします。,,https://www.kaigiroku.net/cgi-bin/WWWdocHatugen.exe?A=docHatugen&RA=frameNittei&USR=kockock&N=2372&H=2107118,null
H2107118_3,高知県,第３１２回,1,23,5,10,臨時,DiscussNetPremium 平成２３年　　５月　臨時会（第３１２回） - 05月10日－01号 ,議長,議長,中西哲,議長,常任委員の選任については、委員会条例第５条の規定により、お手元にお配りいたしてあります指名案のとおり、それぞれ選任することに御異議ありませんか。,,https://www.kaigiroku.net/cgi-bin/WWWdocHatugen.exe?A=docHatugen&RA=frameNittei&USR=kockock&N=2372&H=2107118,null
H2107118_4,高知県,第３１２回,1,23,5,10,臨時,DiscussNetPremium 平成２３年　　５月　臨時会（第３１２回） - 05月10日－01号 ,議長,議長,中西哲,議長,（「異議なし」と言う者あり）,,https://www.kaigiroku.net/cgi-bin/WWWdocHatugen.exe?A=docHatugen&RA=frameNittei&USR=kockock&N=2372&H=2107118,null
H2107119_1,高知県,第３１２回,1,23,5,10,臨時,DiscussNetPremium 平成２３年　　５月　臨時会（第３１２回） - 05月10日－01号 ,議長,議長,中西哲,議長,御異議ないものと認めます。,,https://www.kaigiroku.net/cgi-bin/WWWdocHatugen.exe?A=docHatugen&RA=frameNittei&USR=kockock&N=2372&H=2107119,null
H2107119_2,高知県,第３１２回,1,23,5,10,臨時,DiscussNetPremium 平成２３年　　５月　臨時会（第３１２回） - 05月10日－01号 ,議長,議長,中西哲,議長,よって、常任委員は、指名案のとおりそれぞれ選任することに決しました。,,https://www.kaigiroku.net/cgi-bin/WWWdocHatugen.exe?A=docHatugen&RA=frameNittei&USR=kockock&N=2372&H=2107119,null
H2107119_3,高知県,第３１２回,1,23,5,10,臨時,DiscussNetPremium 平成２３年　　５月　臨時会（第３１２回） - 05月10日－01号 ,議長,議長,中西哲,議長,［常任委員指名案　巻末22ページに掲載］,,https://www.kaigiroku.net/cgi-bin/WWWdocHatugen.exe?A=docHatugen&RA=frameNittei&USR=kockock&N=2372&H=2107119,null
H2107119_4,高知県,第３１２回,1,23,5,10,臨時,DiscussNetPremium 平成２３年　　５月　臨時会（第３１２回） - 05月10日－01号 ,議長,議長,中西哲,議長,－－－－－－－－－－－－－－－－－－－－－－－－－－－－－－－－－－－－－－－,,https://www.kaigiroku.net/cgi-bin/WWWdocHatugen.exe?A=docHatugen&RA=frameNittei&USR=kockock&N=2372&H=2107119,null
H2107121_1,高知県,第３１２回,1,23,5,10,臨時,DiscussNetPremium 平成２３年　　５月　臨時会（第３１２回） - 05月10日－01号 ,議長,議長,中西哲,議長,次に、日程第６、議会運営委員の選任を行います。,,https://www.kaigiroku.net/cgi-bin/WWWdocHatugen.exe?A=docHatugen&RA=frameNittei&USR=kockock&N=2372&H=2107121,null
H2107121_2,高知県,第３１２回,1,23,5,10,臨時,DiscussNetPremium 平成２３年　　５月　臨時会（第３１２回） - 05月10日－01号 ,議長,議長,中西哲,議長,お諮りいたします。,,https://www.kaigiroku.net/cgi-bin/WWWdocHatugen.exe?A=docHatugen&RA=frameNittei&USR=kockock&N=2372&H=2107121,null
H2107121_3,高知県,第３１２回,1,23,5,10,臨時,DiscussNetPremium 平成２３年　　５月　臨時会（第３１２回） - 05月10日－01号 ,議長,議長,中西哲,議長,議会運営委員の選任については、委員会条例第５条の規定により、お手元にお配りいたしてあります指名案のとおり、選任することに御異議ありませんか。,,https://www.kaigiroku.net/cgi-bin/WWWdocHatugen.exe?A=docHatugen&RA=frameNittei&USR=kockock&N=2372&H=2107121,null
H2107121_4,高知県,第３１２回,1,23,5,10,臨時,DiscussNetPremium 平成２３年　　５月　臨時会（第３１２回） - 05月10日－01号 ,議長,議長,中西哲,議長,（「異議なし」と言う者あり）,,https://www.kaigiroku.net/cgi-bin/WWWdocHatugen.exe?A=docHatugen&RA=frameNittei&USR=kockock&N=2372&H=2107121,null
H2107122_1,高知県,第３１２回,1,23,5,10,臨時,DiscussNetPremium 平成２３年　　５月　臨時会（第３１２回） - 05月10日－01号 ,議長,議長,中西哲,議長,御異議ないものと認めます。,,https://www.kaigiroku.net/cgi-bin/WWWdocHatugen.exe?A=docHatugen&RA=frameNittei&USR=kockock&N=2372&H=2107122,null
H2107122_2,高知県,第３１２回,1,23,5,10,臨時,DiscussNetPremium 平成２３年　　５月　臨時会（第３１２回） - 05月10日－01号 ,議長,議長,中西哲,議長,よって、議会運営委員は、指名案のとおり選任することに決しました。,,https://www.kaigiroku.net/cgi-bin/WWWdocHatugen.exe?A=docHatugen&RA=frameNittei&USR=kockock&N=2372&H=2107122,null
H2107122_3,高知県,第３１２回,1,23,5,10,臨時,DiscussNetPremium 平成２３年　　５月　臨時会（第３１２回） - 05月10日－01号 ,議長,議長,中西哲,議長,［議会運営委員指名案　巻末23ページに掲載］,,https://www.kaigiroku.net/cgi-bin/WWWdocHatugen.exe?A=docHatugen&RA=frameNittei&USR=kockock&N=2372&H=2107122,null
H2107122_4,高知県,第３１２回,1,23,5,10,臨時,DiscussNetPremium 平成２３年　　５月　臨時会（第３１２回） - 05月10日－01号 ,議長,議長,中西哲,議長,－－－－－－－－－－－－－－－－－－－－－－－－－－－－－－－－－－－－－－－,,https://www.kaigiroku.net/cgi-bin/WWWdocHatugen.exe?A=docHatugen&RA=frameNittei&USR=kockock&N=2372&H=2107122,null
H2107124_1,高知県,第３１２回,1,23,5,10,臨時,DiscussNetPremium 平成２３年　　５月　臨時会（第３１２回） - 05月10日－01号 ,議長,議長,中西哲,議長,御報告いたします。,,https://www.kaigiroku.net/cgi-bin/WWWdocHatugen.exe?A=docHatugen&RA=frameNittei&USR=kockock&N=2372&H=2107124,null
H2107124_2,高知県,第３１２回,1,23,5,10,臨時,DiscussNetPremium 平成２３年　　５月　臨時会（第３１２回） - 05月10日－01号 ,議長,議長,中西哲,議長,知事から議案が提出されましたので、お手元にお配りいたしてあります。,,https://www.kaigiroku.net/cgi-bin/WWWdocHatugen.exe?A=docHatugen&RA=frameNittei&USR=kockock&N=2372&H=2107124,null
H2107124_3,高知県,第３１２回,1,23,5,10,臨時,DiscussNetPremium 平成２３年　　５月　臨時会（第３１２回） - 05月10日－01号 ,議長,議長,中西哲,議長,提出書　巻末24ページに掲載,,https://www.kaigiroku.net/cgi-bin/WWWdocHatugen.exe?A=docHatugen&RA=frameNittei&USR=kockock&N=2372&H=2107124,null
H2107124_4,高知県,第３１２回,1,23,5,10,臨時,DiscussNetPremium 平成２３年　　５月　臨時会（第３１２回） - 05月10日－01号 ,議長,議長,中西哲,議長,日程第７、報第１号「平成22年度高知県一般会計補正予算の専決処分報告」から報第４号「高知県公立大学法人がその業務に関して徴収する料金の上限の認可の専決処分報告」まで、以上４件を一括議題といたします。,,https://www.kaigiroku.net/cgi-bin/WWWdocHatugen.exe?A=docHatugen&RA=frameNittei&USR=kockock&N=2372&H=2107124,null
H2107124_5,高知県,第３１２回,1,23,5,10,臨時,DiscussNetPremium 平成２３年　　５月　臨時会（第３１２回） - 05月10日－01号 ,議長,議長,中西哲,議長,ただいま議題となりました議案に対する提出者の説明を求めます。,,https://www.kaigiroku.net/cgi-bin/WWWdocHatugen.exe?A=docHatugen&RA=frameNittei&USR=kockock&N=2372&H=2107124,null
H2107124_6,高知県,第３１２回,1,23,5,10,臨時,DiscussNetPremium 平成２３年　　５月　臨時会（第３１２回） - 05月10日－01号 ,議長,議長,中西哲,議長,県知事尾崎正直君。,,https://www.kaigiroku.net/cgi-bin/WWWdocHatugen.exe?A=docHatugen&RA=frameNittei&USR=kockock&N=2372&H=2107124,null
H2107124_7,高知県,第３１２回,1,23,5,10,臨時,DiscussNetPremium 平成２３年　　５月　臨時会（第３１２回） - 05月10日－01号 ,議長,議長,中西哲,議長,（知事尾崎正直君登壇）,,https://www.kaigiroku.net/cgi-bin/WWWdocHatugen.exe?A=docHatugen&RA=frameNittei&USR=kockock&N=2372&H=2107124,null
H2107125_1,高知県,第３１２回,1,23,5,10,臨時,DiscussNetPremium 平成２３年　　５月　臨時会（第３１２回） - 05月10日－01号 ,答弁者,知事,尾崎正直,知事,ただいま提案いたしました議案について御説明申し上げます。,,https://www.kaigiroku.net/cgi-bin/WWWdocHatugen.exe?A=docHatugen&RA=frameNittei&USR=kockock&N=2372&H=2107125,null
H2107125_2,高知県,第３１２回,1,23,5,10,臨時,DiscussNetPremium 平成２３年　　５月　臨時会（第３１２回） - 05月10日－01号 ,答弁者,知事,尾崎正直,知事,これらの議案は、いずれも急を要しましたため、地方自治法第179条の規定により専決処分を行ったものに関する報告議案でございます。,,https://www.kaigiroku.net/cgi-bin/WWWdocHatugen.exe?A=docHatugen&RA=frameNittei&USR=kockock&N=2372&H=2107125,null
H2107125_3,高知県,第３１２回,1,23,5,10,臨時,DiscussNetPremium 平成２３年　　５月　臨時会（第３１２回） - 05月10日－01号 ,答弁者,知事,尾崎正直,知事,報第１号は、平成22年度の県債や地方交付税の額の確定などに伴いまして、一般会計予算について所要の補正を行ったものでございます。,,https://www.kaigiroku.net/cgi-bin/WWWdocHatugen.exe?A=docHatugen&RA=frameNittei&USR=kockock&N=2372&H=2107125,null
H2107125_4,高知県,第３１２回,1,23,5,10,臨時,DiscussNetPremium 平成２３年　　５月　臨時会（第３１２回） - 05月10日－01号 ,答弁者,知事,尾崎正直,知事,報第２号は、企業債の借入条件の変更に伴いまして、平成22年度の病院事業会計予算について所要の補正を行ったものでございます。,,https://www.kaigiroku.net/cgi-bin/WWWdocHatugen.exe?A=docHatugen&RA=frameNittei&USR=kockock&N=2372&H=2107125,null
H2107125_5,高知県,第３１２回,1,23,5,10,臨時,DiscussNetPremium 平成２３年　　５月　臨時会（第３１２回） - 05月10日－01号 ,答弁者,知事,尾崎正直,知事,報第３号は、県が当事者である損害賠償請求調停事件について、高知簡易裁判所から提示された調停条項案に合意したものでございます。,,https://www.kaigiroku.net/cgi-bin/WWWdocHatugen.exe?A=docHatugen&RA=frameNittei&USR=kockock&N=2372&H=2107125,null
H2107125_6,高知県,第３１２回,1,23,5,10,臨時,DiscussNetPremium 平成２３年　　５月　臨時会（第３１２回） - 05月10日－01号 ,答弁者,知事,尾崎正直,知事,報第４号は、高知県公立大学法人がその業務に関して徴収する料金の上限について認可を行ったものでございます。,,https://www.kaigiroku.net/cgi-bin/WWWdocHatugen.exe?A=docHatugen&RA=frameNittei&USR=kockock&N=2372&H=2107125,null
H2107125_7,高知県,第３１２回,1,23,5,10,臨時,DiscussNetPremium 平成２３年　　５月　臨時会（第３１２回） - 05月10日－01号 ,答弁者,知事,尾崎正直,知事,何とぞ御審議の上、適切な議決を賜りますようお願い申し上げます。,,https://www.kaigiroku.net/cgi-bin/WWWdocHatugen.exe?A=docHatugen&RA=frameNittei&USR=kockock&N=2372&H=2107125,null
H2107125_8,高知県,第３１２回,1,23,5,10,臨時,DiscussNetPremium 平成２３年　　５月　臨時会（第３１２回） - 05月10日－01号 ,答弁者,知事,尾崎正直,知事,－－－－－－－－－－－－－－－－－－－－－－－－－－－－－－－－－－－－－－－,,https://www.kaigiroku.net/cgi-bin/WWWdocHatugen.exe?A=docHatugen&RA=frameNittei&USR=kockock&N=2372&H=2107125,null
H2107126_1,高知県,第３１２回,1,23,5,10,臨時,DiscussNetPremium 平成２３年　　５月　臨時会（第３１２回） - 05月10日－01号 ,議長,議長,中西哲,議長,以上をもって、本日の議事日程は終了いたしました。,,https://www.kaigiroku.net/cgi-bin/WWWdocHatugen.exe?A=docHatugen&RA=frameNittei&USR=kockock&N=2372&H=2107126,null
H2107126_2,高知県,第３１２回,1,23,5,10,臨時,DiscussNetPremium 平成２３年　　５月　臨時会（第３１２回） - 05月10日－01号 ,議長,議長,中西哲,議長,お諮りいたします。,,https://www.kaigiroku.net/cgi-bin/WWWdocHatugen.exe?A=docHatugen&RA=frameNittei&USR=kockock&N=2372&H=2107126,null
H2107126_3,高知県,第３１２回,1,23,5,10,臨時,DiscussNetPremium 平成２３年　　５月　臨時会（第３１２回） - 05月10日－01号 ,議長,議長,中西哲,議長,明11日は委員会のため休会し、明後12日に会議を開きたいと存じますが御異議ありませんか。,,https://www.kaigiroku.net/cgi-bin/WWWdocHatugen.exe?A=docHatugen&RA=frameNittei&USR=kockock&N=2372&H=2107126,null
H2107126_4,高知県,第３１２回,1,23,5,10,臨時,DiscussNetPremium 平成２３年　　５月　臨時会（第３１２回） - 05月10日－01号 ,議長,議長,中西哲,議長,（「異議なし」と言う者あり）,,https://www.kaigiroku.net/cgi-bin/WWWdocHatugen.exe?A=docHatugen&RA=frameNittei&USR=kockock&N=2372&H=2107126,null
H2107127_1,高知県,第３１２回,1,23,5,10,臨時,DiscussNetPremium 平成２３年　　５月　臨時会（第３１２回） - 05月10日－01号 ,議長,議長,中西哲,議長,御異議ないものと認めます。,,https://www.kaigiroku.net/cgi-bin/WWWdocHatugen.exe?A=docHatugen&RA=frameNittei&USR=kockock&N=2372&H=2107127,null
H2107127_2,高知県,第３１２回,1,23,5,10,臨時,DiscussNetPremium 平成２３年　　５月　臨時会（第３１２回） - 05月10日－01号 ,議長,議長,中西哲,議長,よって、さよう決しました。,,https://www.kaigiroku.net/cgi-bin/WWWdocHatugen.exe?A=docHatugen&RA=frameNittei&USR=kockock&N=2372&H=2107127,null
H2107127_3,高知県,第３１２回,1,23,5,10,臨時,DiscussNetPremium 平成２３年　　５月　臨時会（第３１２回） - 05月10日－01号 ,議長,議長,中西哲,議長,５月12日の議事日程は、議案の審議であります。,,https://www.kaigiroku.net/cgi-bin/WWWdocHatugen.exe?A=docHatugen&RA=frameNittei&USR=kockock&N=2372&H=2107127,null
H2107127_4,高知県,第３１２回,1,23,5,10,臨時,DiscussNetPremium 平成２３年　　５月　臨時会（第３１２回） - 05月10日－01号 ,議長,議長,中西哲,議長,開議時刻は午前10時、本日はこれにて散会いたします。,,https://www.kaigiroku.net/cgi-bin/WWWdocHatugen.exe?A=docHatugen&RA=frameNittei&USR=kockock&N=2372&H=2107127,null
H2107127_5,高知県,第３１２回,1,23,5,10,臨時,DiscussNetPremium 平成２３年　　５月　臨時会（第３１２回） - 05月10日－01号 ,議長,議長,中西哲,議長,午前10時42分散会,,https://www.kaigiroku.net/cgi-bin/WWWdocHatugen.exe?A=docHatugen&RA=frameNittei&USR=kockock&N=2372&H=2107127,null
