1,千葉県,平成23年６月,1,23,6,15,定例,平成23年６月定例会（第１日目）,,,,,平成23年６月招集　　千葉県定例県議会会議録（第１号）,NULL,NULL,NULL
2,千葉県,平成23年６月,1,23,6,15,定例,平成23年６月定例会（第１日目）,,,,,平成23年６月15日（水曜日）,NULL,NULL,NULL
3,千葉県,平成23年６月,1,23,6,15,定例,平成23年６月定例会（第１日目）,,,,,現在議員94名で次のとおり,NULL,NULL,NULL
4,千葉県,平成23年６月,1,23,6,15,定例,平成23年６月定例会（第１日目）,,,,,横　山　秀　明　君　　　中　田　　　学　君　　　網　中　　　肇　君,NULL,NULL,NULL
5,千葉県,平成23年６月,1,23,6,15,定例,平成23年６月定例会（第１日目）,,,,,大　川　忠　夫　君　　　関　　　政　幸　君　　　坂　下　しげき　君,NULL,NULL,NULL
6,千葉県,平成23年６月,1,23,6,15,定例,平成23年６月定例会（第１日目）,,,,,中　沢　裕　隆　君　　　木　村　哲　也　君　　　村　上　純　丈　君,NULL,NULL,NULL
7,千葉県,平成23年６月,1,23,6,15,定例,平成23年６月定例会（第１日目）,,,,,實　川　　　隆　君　　　斉　藤　　　守　君　　　小　池　正　昭　君,NULL,NULL,NULL
8,千葉県,平成23年６月,1,23,6,15,定例,平成23年６月定例会（第１日目）,,,,,プリティ長嶋　　君　　　川　井　友　則　君　　　松　戸　隆　政　君,NULL,NULL,NULL
9,千葉県,平成23年６月,1,23,6,15,定例,平成23年６月定例会（第１日目）,,,,,入　江　晶　子　君　　　石　川　信　一　君　　　秋　林　貴　史　君,NULL,NULL,NULL
10,千葉県,平成23年６月,1,23,6,15,定例,平成23年６月定例会（第１日目）,,,,,石　井　敏　雄　君　　　高　橋　　　浩　君　　　礒　部　裕　和　君,NULL,NULL,NULL
11,千葉県,平成23年６月,1,23,6,15,定例,平成23年６月定例会（第１日目）,,,,,山　本　義　一　君　　　鶴　岡　宏　祥　君　　　林　　　幹　人　君,NULL,NULL,NULL
12,千葉県,平成23年６月,1,23,6,15,定例,平成23年６月定例会（第１日目）,,,,,武　田　正　光　君　　　内　田　悦　嗣　君　　　松　下　浩　明　君,NULL,NULL,NULL
13,千葉県,平成23年６月,1,23,6,15,定例,平成23年６月定例会（第１日目）,,,,,瀧　田　敏　幸　君　　　大　松　重　和　君　　　佐　藤　　　浩　君,NULL,NULL,NULL
14,千葉県,平成23年６月,1,23,6,15,定例,平成23年６月定例会（第１日目）,,,,,水　野　文　也　君　　　ふじしろ政　夫　君　　　岡　田　幸　子　君,NULL,NULL,NULL
15,千葉県,平成23年６月,1,23,6,15,定例,平成23年６月定例会（第１日目）,,,,,阿　部　俊　昭　君　　　矢　崎　堅太郎　君　　　石　井　宏　子　君,NULL,NULL,NULL
16,千葉県,平成23年６月,1,23,6,15,定例,平成23年６月定例会（第１日目）,,,,,天　野　行　雄　君　　　横　堀　喜一郎　君　　　花　崎　広　毅　君,NULL,NULL,NULL
17,千葉県,平成23年６月,1,23,6,15,定例,平成23年６月定例会（第１日目）,,,,,伊　藤　昌　弘　君　　　亀　田　郁　夫　君　　　鈴　木　　　衛　君,NULL,NULL,NULL
18,千葉県,平成23年６月,1,23,6,15,定例,平成23年６月定例会（第１日目）,,,,,江野澤　吉　克　君　　　木　下　敬　二　君　　　今　井　　　勝　君,NULL,NULL,NULL
19,千葉県,平成23年６月,1,23,6,15,定例,平成23年６月定例会（第１日目）,,,,,秋　山　光　章　君　　　渡　辺　芳　邦　君　　　臼　井　正　一　君,NULL,NULL,NULL
20,千葉県,平成23年６月,1,23,6,15,定例,平成23年６月定例会（第１日目）,,,,,佐　野　　　彰　君　　　谷田部　勝　男　君　　　中　台　良　男　君,NULL,NULL,NULL
21,千葉県,平成23年６月,1,23,6,15,定例,平成23年６月定例会（第１日目）,,,,,山　本　友　子　君　　　加　藤　英　雄　君　　　藤　井　弘　之　君,NULL,NULL,NULL
22,千葉県,平成23年６月,1,23,6,15,定例,平成23年６月定例会（第１日目）,,,,,塚　定　良　治　君　　　竹　内　圭　司　君　　　田　中　信　行　君,NULL,NULL,NULL
23,千葉県,平成23年６月,1,23,6,15,定例,平成23年６月定例会（第１日目）,,,,,堀　江　は　つ　君　　　西　田　三十五　君　　　信　田　光　保　君,NULL,NULL,NULL
24,千葉県,平成23年６月,1,23,6,15,定例,平成23年６月定例会（第１日目）,,,,,服　部　友　則　君　　　石　毛　之　行　君　　　山　中　　　操　君,NULL,NULL,NULL
25,千葉県,平成23年６月,1,23,6,15,定例,平成23年６月定例会（第１日目）,,,,,鈴　木　昌　俊　君　　　木名瀬　捷　司　君　　　皆　川　輝　夫　君,NULL,NULL,NULL
26,千葉県,平成23年６月,1,23,6,15,定例,平成23年６月定例会（第１日目）,,,,,石　橋　清　孝　君　　　阿　井　伸　也　君　　　吉　本　　　充　君,NULL,NULL,NULL
27,千葉県,平成23年６月,1,23,6,15,定例,平成23年６月定例会（第１日目）,,,,,山　口　　　登　君　　　伊　藤　　　勲　君　　　佐　藤　正　己　君,NULL,NULL,NULL
28,千葉県,平成23年６月,1,23,6,15,定例,平成23年６月定例会（第１日目）,,,,,西　尾　憲　一　君　　　小　宮　清　子　君　　　丸　山　慎　一　君,NULL,NULL,NULL
29,千葉県,平成23年６月,1,23,6,15,定例,平成23年６月定例会（第１日目）,,,,,赤　間　正　明　君　　　湯　浅　和　子　君　　　杉　田　守　康　君,NULL,NULL,NULL
30,千葉県,平成23年６月,1,23,6,15,定例,平成23年６月定例会（第１日目）,,,,,河　野　俊　紀　君　　　岡　村　泰　明　君　　　本　間　　　進　君,NULL,NULL,NULL
31,千葉県,平成23年６月,1,23,6,15,定例,平成23年６月定例会（第１日目）,,,,,宍　倉　　　登　君　　　浜　田　穂　積　君　　　本　清　秀　雄　君,NULL,NULL,NULL
32,千葉県,平成23年６月,1,23,6,15,定例,平成23年６月定例会（第１日目）,,,,,酒　井　茂　英　君　　　河　上　　　茂　君　　　伊　藤　和　男　君,NULL,NULL,NULL
33,千葉県,平成23年６月,1,23,6,15,定例,平成23年６月定例会（第１日目）,,,,,川　名　寛　章　君　　　小　高　伸　太　君　　　阿　部　紘　一　君,NULL,NULL,NULL
34,千葉県,平成23年６月,1,23,6,15,定例,平成23年６月定例会（第１日目）,,,,,遠　藤　澄　夫　君　　　宇　野　　　裕　君　　　田　中　宗　隆　君,NULL,NULL,NULL
35,千葉県,平成23年６月,1,23,6,15,定例,平成23年６月定例会（第１日目）,,,,,小　松　　　実　君,NULL,NULL,NULL
36,千葉県,平成23年６月,1,23,6,15,定例,平成23年６月定例会（第１日目）,,,,,━━━━━━━━━━━━━━━━━━━━━━━━━━━━━,NULL,NULL,NULL
37,千葉県,平成23年６月,1,23,6,15,定例,平成23年６月定例会（第１日目）,,,,,開　　　　　会,NULL,NULL,NULL
38,千葉県,平成23年６月,1,23,6,15,定例,平成23年６月定例会（第１日目）,,,,,平成23年６月15日（水曜日）午前10時０分開会,NULL,NULL,NULL
39,千葉県,平成23年６月,1,23,6,15,定例,平成23年６月定例会（第１日目）,議長（伊藤和男君）,議長,伊藤和男,議長,これより平成23年６月定例県議会を開会いたします。,NULL,NULL,NULL
40,千葉県,平成23年６月,1,23,6,15,定例,平成23年６月定例会（第１日目）,議長（伊藤和男君）,議長,伊藤和男,議長,━━━━━━━━━━━━━━━━━━━━━━━━━━━━━,NULL,NULL,NULL
41,千葉県,平成23年６月,1,23,6,15,定例,平成23年６月定例会（第１日目）,議長（伊藤和男君）,議長,伊藤和男,議長,議　　事　　日　　程,NULL,NULL,NULL
42,千葉県,平成23年６月,1,23,6,15,定例,平成23年６月定例会（第１日目）,議長（伊藤和男君）,議長,伊藤和男,議長,議事日程（第１号）,NULL,NULL,NULL
43,千葉県,平成23年６月,1,23,6,15,定例,平成23年６月定例会（第１日目）,議長（伊藤和男君）,議長,伊藤和男,議長,平成23年６月15日（水曜日）午前10時開議,NULL,NULL,NULL
44,千葉県,平成23年６月,1,23,6,15,定例,平成23年６月定例会（第１日目）,議長（伊藤和男君）,議長,伊藤和男,議長,日程第１　議席の指定及び変更,NULL,NULL,NULL
45,千葉県,平成23年６月,1,23,6,15,定例,平成23年６月定例会（第１日目）,議長（伊藤和男君）,議長,伊藤和男,議長,日程第２　会期決定の件,NULL,NULL,NULL
46,千葉県,平成23年６月,1,23,6,15,定例,平成23年６月定例会（第１日目）,議長（伊藤和男君）,議長,伊藤和男,議長,日程第３　会議録署名議員指名,NULL,NULL,NULL
47,千葉県,平成23年６月,1,23,6,15,定例,平成23年６月定例会（第１日目）,議長（伊藤和男君）,議長,伊藤和男,議長,日程第４　常任委員会委員辞任の件,NULL,NULL,NULL
48,千葉県,平成23年６月,1,23,6,15,定例,平成23年６月定例会（第１日目）,議長（伊藤和男君）,議長,伊藤和男,議長,日程第５　常任委員会委員補欠選任の件,NULL,NULL,NULL
49,千葉県,平成23年６月,1,23,6,15,定例,平成23年６月定例会（第１日目）,議長（伊藤和男君）,議長,伊藤和男,議長,日程第６　議会運営委員会委員辞任の件,NULL,NULL,NULL
50,千葉県,平成23年６月,1,23,6,15,定例,平成23年６月定例会（第１日目）,議長（伊藤和男君）,議長,伊藤和男,議長,日程第７　東日本大震災復旧・復興対策特別委員会中間報告の件,NULL,NULL,NULL
51,千葉県,平成23年６月,1,23,6,15,定例,平成23年６月定例会（第１日目）,議長（伊藤和男君）,議長,伊藤和男,議長,日程第８　議案第１号ないし議案第16号、報告第１号ないし報告第18号（知事提案理由説明）,NULL,NULL,NULL
52,千葉県,平成23年６月,1,23,6,15,定例,平成23年６月定例会（第１日目）,議長（伊藤和男君）,議長,伊藤和男,議長,日程第９　休会の件,NULL,NULL,NULL
53,千葉県,平成23年６月,1,23,6,15,定例,平成23年６月定例会（第１日目）,議長（伊藤和男君）,議長,伊藤和男,議長,━━━━━━━━━━━━━━━━━━━━━━━━━━━━━,NULL,NULL,NULL
54,千葉県,平成23年６月,1,23,6,15,定例,平成23年６月定例会（第１日目）,議長（伊藤和男君）,議長,伊藤和男,議長,午前10時０分開議,NULL,NULL,NULL
55,千葉県,平成23年６月,1,23,6,15,定例,平成23年６月定例会（第１日目）,議長（伊藤和男君）,議長,伊藤和男,議長,直ちに本日の会議を開きます。,NULL,NULL,NULL
56,千葉県,平成23年６月,1,23,6,15,定例,平成23年６月定例会（第１日目）,議長（伊藤和男君）,議長,伊藤和男,議長,━━━━━━━━━━━━━━━━━━━━━━━━━━━━━,NULL,NULL,NULL
57,千葉県,平成23年６月,1,23,6,15,定例,平成23年６月定例会（第１日目）,議長（伊藤和男君）,議長,伊藤和男,議長,議　長　の　報　告,NULL,NULL,NULL
58,千葉県,平成23年６月,1,23,6,15,定例,平成23年６月定例会（第１日目）,議長（伊藤和男君）,議長,伊藤和男,議長,日程に入るに先立ち、大野眞議員の御逝去について御報告いたします。,NULL,NULL,NULL
59,千葉県,平成23年６月,1,23,6,15,定例,平成23年６月定例会（第１日目）,議長（伊藤和男君）,議長,伊藤和男,議長,大野眞君には、６月３日、病気のため御逝去されました。,NULL,NULL,NULL
60,千葉県,平成23年６月,1,23,6,15,定例,平成23年６月定例会（第１日目）,議長（伊藤和男君）,議長,伊藤和男,議長,まことに痛惜の念にたえません。,NULL,NULL,NULL
61,千葉県,平成23年６月,1,23,6,15,定例,平成23年６月定例会（第１日目）,議長（伊藤和男君）,議長,伊藤和男,議長,故大野眞君の御冥福をお祈りいたしたく、１分間の黙祷をささげたいと存じます。,NULL,NULL,NULL
62,千葉県,平成23年６月,1,23,6,15,定例,平成23年６月定例会（第１日目）,議長（伊藤和男君）,議長,伊藤和男,議長,全員御起立願います。,NULL,NULL,NULL
63,千葉県,平成23年６月,1,23,6,15,定例,平成23年６月定例会（第１日目）,議長（伊藤和男君）,議長,伊藤和男,議長,黙祷。,NULL,NULL,NULL
64,千葉県,平成23年６月,1,23,6,15,定例,平成23年６月定例会（第１日目）,議長（伊藤和男君）,議長,伊藤和男,議長,（全員起立・黙祷）,NULL,NULL,NULL
65,千葉県,平成23年６月,1,23,6,15,定例,平成23年６月定例会（第１日目）,議長（伊藤和男君）,議長,伊藤和男,議長,黙祷を終わります。,NULL,NULL,NULL
66,千葉県,平成23年６月,1,23,6,15,定例,平成23年６月定例会（第１日目）,議長（伊藤和男君）,議長,伊藤和男,議長,御着席をお願いします。,NULL,NULL,NULL
67,千葉県,平成23年６月,1,23,6,15,定例,平成23年６月定例会（第１日目）,議長（伊藤和男君）,議長,伊藤和男,議長,どうもありがとうございました。,NULL,NULL,NULL
68,千葉県,平成23年６月,1,23,6,15,定例,平成23年６月定例会（第１日目）,議長（伊藤和男君）,議長,伊藤和男,議長,大野眞君の御逝去につきまして、河野俊紀君から発言を求められておりますので、これを許します。,NULL,NULL,NULL
69,千葉県,平成23年６月,1,23,6,15,定例,平成23年６月定例会（第１日目）,議長（伊藤和男君）,議長,伊藤和男,議長,河野俊紀君。,NULL,NULL,NULL
70,千葉県,平成23年６月,1,23,6,15,定例,平成23年６月定例会（第１日目）,議長（伊藤和男君）,議長,伊藤和男,議長,（河野俊紀君登壇）,NULL,NULL,NULL
71,千葉県,平成23年６月,1,23,6,15,定例,平成23年６月定例会（第１日目）,河野俊紀君,1200060000013,河野俊紀,議員,追悼の言葉。,NULL,NULL,NULL
72,千葉県,平成23年６月,1,23,6,15,定例,平成23年６月定例会（第１日目）,河野俊紀君,1200060000013,河野俊紀,議員,故大野眞議員におかれましては、去る６月３日に急逝されました。,NULL,NULL,NULL
73,千葉県,平成23年６月,1,23,6,15,定例,平成23年６月定例会（第１日目）,河野俊紀君,1200060000013,河野俊紀,議員,突然の悲報にただただ言葉を失うとともに、まことに痛惜の念にたえません。,NULL,NULL,NULL
74,千葉県,平成23年６月,1,23,6,15,定例,平成23年６月定例会（第１日目）,河野俊紀君,1200060000013,河野俊紀,議員,ここに千葉県議会議員一同を代表して、謹んで哀悼の言葉を申し上げます。,NULL,NULL,NULL
75,千葉県,平成23年６月,1,23,6,15,定例,平成23年６月定例会（第１日目）,河野俊紀君,1200060000013,河野俊紀,議員,大野君は栄町長を経て平成19年４月に千葉県議会議員に初当選され、健康福祉常任委員会副委員長、文教常任委員会委員長の要職を歴任され、県政の発展に大きく貢献されました。,NULL,NULL,NULL
76,千葉県,平成23年６月,1,23,6,15,定例,平成23年６月定例会（第１日目）,河野俊紀君,1200060000013,河野俊紀,議員,また、大野君は地元印旛郡の生活基盤の整備に御尽力され、鉄道、道路などの交通網の整備に取り組まれました。,NULL,NULL,NULL
77,千葉県,平成23年６月,1,23,6,15,定例,平成23年６月定例会（第１日目）,河野俊紀君,1200060000013,河野俊紀,議員,中でも北総鉄道の運賃問題では、国や関係機関に対して、みずから出向いて強く要望されたほか、東関東自動車道酒々井インターチェンジの早期着工の実現に向けて全力で取り組まれてこられ、平成21年度に本工事が着工しました。,NULL,NULL,NULL
78,千葉県,平成23年６月,1,23,6,15,定例,平成23年６月定例会（第１日目）,河野俊紀君,1200060000013,河野俊紀,議員,本インターチェンジが完成しますと、富里インターチェンジ周辺の国道51号などの交通混雑の緩和が図られるとともに、高速道路へのアクセス向上により、酒々井南部地区開発計画や富里第二工業団地などの企業立地促進による地域経済の活性化や住民の利便性向上に重要な役割を担うものであります。,NULL,NULL,NULL
79,千葉県,平成23年６月,1,23,6,15,定例,平成23年６月定例会（第１日目）,河野俊紀君,1200060000013,河野俊紀,議員,大野君におかれましては、印旛地区の経済の活性化がこれからというときに、また、県議会議員として２期目が始まったやさきであり、本当に悔しい気持ちであられたことと思います。,NULL,NULL,NULL
80,千葉県,平成23年６月,1,23,6,15,定例,平成23年６月定例会（第１日目）,河野俊紀君,1200060000013,河野俊紀,議員,現在、本県においては、東日本大震災による被害から一刻も早い復旧・復興に向け、県民、県議会、行政が一体となって取り組んでいるこのときだからこそ、大野君には卓越した見識を生かした御活躍を強く嘱望しておりました。,NULL,NULL,NULL
81,千葉県,平成23年６月,1,23,6,15,定例,平成23年６月定例会（第１日目）,河野俊紀君,1200060000013,河野俊紀,議員,それゆえ、まだ53歳という若さで突然逝去されましたことは、地元の皆様はもとより、県議会にとりましても大きな損失であり、まことに痛恨のきわみであります。,NULL,NULL,NULL
82,千葉県,平成23年６月,1,23,6,15,定例,平成23年６月定例会（第１日目）,河野俊紀君,1200060000013,河野俊紀,議員,この上は、大野君の地域づくりに注がれた情熱を受け継ぎ、この悲しみを乗り越え、心新たに県政に取り組んでまいることこそ、大野君がいつまでも私たちの心にともに生きることであり、また、残された私どもに課せられた責務であります。,NULL,NULL,NULL
83,千葉県,平成23年６月,1,23,6,15,定例,平成23年６月定例会（第１日目）,河野俊紀君,1200060000013,河野俊紀,議員,ここに、千葉県発展のため一層邁進することをかたくお誓い申し上げるものであります。,NULL,NULL,NULL
84,千葉県,平成23年６月,1,23,6,15,定例,平成23年６月定例会（第１日目）,河野俊紀君,1200060000013,河野俊紀,議員,最後に、御遺族の皆様に心から哀悼の意を表しますとともに、大野君の長逝を惜しみ、その御功績をたたえ、ひたすら御冥福をお祈り申し上げて追悼の言葉といたします。,NULL,NULL,NULL
85,千葉県,平成23年６月,1,23,6,15,定例,平成23年６月定例会（第１日目）,河野俊紀君,1200060000013,河野俊紀,議員,平成23年６月15日、千葉県議会議員代表河野俊紀。,NULL,NULL,NULL
86,千葉県,平成23年６月,1,23,6,15,定例,平成23年６月定例会（第１日目）,議長（伊藤和男君）,議長,伊藤和男,議長,次に、知事から発言を求められておりますので、これを許します。,NULL,NULL,NULL
87,千葉県,平成23年６月,1,23,6,15,定例,平成23年６月定例会（第１日目）,議長（伊藤和男君）,議長,伊藤和男,議長,知事森田健作君。,NULL,NULL,NULL
88,千葉県,平成23年６月,1,23,6,15,定例,平成23年６月定例会（第１日目）,議長（伊藤和男君）,議長,伊藤和男,議長,（知事森田健作君登壇）,NULL,NULL,NULL
89,千葉県,平成23年６月,1,23,6,15,定例,平成23年６月定例会（第１日目）,知事（森田健作君）,知事,森田健作,知事,執行部を代表して、故大野眞県議会議員の御逝去を悼み、謹んで哀悼の言葉を申し上げます。,NULL,NULL,NULL
90,千葉県,平成23年６月,1,23,6,15,定例,平成23年６月定例会（第１日目）,知事（森田健作君）,知事,森田健作,知事,大野議員は平成19年４月に当選されて以来、２期４年余りにわたり文教常任委員会委員長、健康福祉常任委員会副委員長などを歴任され、県政の発展に力を尽くしてこられました。,NULL,NULL,NULL
91,千葉県,平成23年６月,1,23,6,15,定例,平成23年６月定例会（第１日目）,知事（森田健作君）,知事,森田健作,知事,特に昨年、ゆめ半島千葉国体が開催された際には文教常任委員会委員長として、準備の段階から始まり、県選手団結団式や開・閉会式など多くの行事で重要な役割を果たしていただきました。,NULL,NULL,NULL
92,千葉県,平成23年６月,1,23,6,15,定例,平成23年６月定例会（第１日目）,知事（森田健作君）,知事,森田健作,知事,本県にとって実りある大会として大成功のうちに終えることができましたことに心から敬意を表する次第でございます。,NULL,NULL,NULL
93,千葉県,平成23年６月,1,23,6,15,定例,平成23年６月定例会（第１日目）,知事（森田健作君）,知事,森田健作,知事,顧みますと、大野議員は栄町で町議会議員、町長を歴任され、地方行政に関する豊富な経験と卓抜した識見をお持ちでありました。,NULL,NULL,NULL
94,千葉県,平成23年６月,1,23,6,15,定例,平成23年６月定例会（第１日目）,知事（森田健作君）,知事,森田健作,知事,その経験と実績を「ふるさと千葉のための政策推進を」という政治信条のもと、特別支援学校の教育環境の整備、印旛沼二期事業の積極的推進、東関東自動車道の酒々井インターチェンジの早期着工など、県と地元や関係機関との調整に御尽力され、多大な功績を上げられました。,NULL,NULL,NULL
95,千葉県,平成23年６月,1,23,6,15,定例,平成23年６月定例会（第１日目）,知事（森田健作君）,知事,森田健作,知事,また、私が知事になって初めて臨んだ本会議での質問に際しては、これから４年間、県民のために一生懸命頑張っていただきたいとの熱いエールを送ってくださったお姿を今でも鮮明に覚えているところでございます。,NULL,NULL,NULL
96,千葉県,平成23年６月,1,23,6,15,定例,平成23年６月定例会（第１日目）,知事（森田健作君）,知事,森田健作,知事,このたびの東日本大震災からの復旧・復興のため、高い御見識と豊かな御経験をお持ちになっておられた大野議員には、ますますの御指導をいただきたいと思っておりました。,NULL,NULL,NULL
97,千葉県,平成23年６月,1,23,6,15,定例,平成23年６月定例会（第１日目）,知事（森田健作君）,知事,森田健作,知事,そのやさきの余りにも突然の御逝去であるだけに、本県にとっては大きな痛手であり、まことに痛惜の念にたえません。,NULL,NULL,NULL
98,千葉県,平成23年６月,1,23,6,15,定例,平成23年６月定例会（第１日目）,知事（森田健作君）,知事,森田健作,知事,御遺族の皆様も、さぞお心落としのことと存じます。,NULL,NULL,NULL
99,千葉県,平成23年６月,1,23,6,15,定例,平成23年６月定例会（第１日目）,知事（森田健作君）,知事,森田健作,知事,心からお悔やみを申し上げます。,NULL,NULL,NULL
100,千葉県,平成23年６月,1,23,6,15,定例,平成23年６月定例会（第１日目）,知事（森田健作君）,知事,森田健作,知事,ここに生前のお人柄と郷土千葉県の発展に尽くされた御功績をしのび、御冥福をお祈りいたしまして、執行部を代表してのお別れの言葉といたします。,NULL,NULL,NULL
101,千葉県,平成23年６月,1,23,6,15,定例,平成23年６月定例会（第１日目）,知事（森田健作君）,知事,森田健作,知事,平成23年６月15日、千葉県知事森田健作。,NULL,NULL,NULL
102,千葉県,平成23年６月,1,23,6,15,定例,平成23年６月定例会（第１日目）,議長（伊藤和男君）,議長,伊藤和男,議長,次に、諸般の報告を申し上げます。,NULL,NULL,NULL
103,千葉県,平成23年６月,1,23,6,15,定例,平成23年６月定例会（第１日目）,議長（伊藤和男君）,議長,伊藤和男,議長,初めに、去る５月22日に執行されました浦安市選挙区における県議会議員再選挙で当選された諸君を御紹介いたします。,NULL,NULL,NULL
104,千葉県,平成23年６月,1,23,6,15,定例,平成23年６月定例会（第１日目）,議長（伊藤和男君）,議長,伊藤和男,議長,浦安市選挙区、内田悦嗣君。,NULL,NULL,NULL
105,千葉県,平成23年６月,1,23,6,15,定例,平成23年６月定例会（第１日目）,議長（伊藤和男君）,議長,伊藤和男,議長,（内田悦嗣君登壇）,NULL,NULL,NULL
106,千葉県,平成23年６月,1,23,6,15,定例,平成23年６月定例会（第１日目）,内田悦嗣君,1200060000094,内田悦嗣,議員,このたび再選挙におきまして戻ってまいりました浦安市の内田悦嗣でございます。,NULL,NULL,NULL
107,千葉県,平成23年６月,1,23,6,15,定例,平成23年６月定例会（第１日目）,内田悦嗣君,1200060000094,内田悦嗣,議員,いろいろありまして、おくればせながらの戻りでございますが、県政発展のため、また東日本大震災からの復興のため精いっぱい頑張ってまいりますので、よろしくお願いいたします。,NULL,NULL,NULL
108,千葉県,平成23年６月,1,23,6,15,定例,平成23年６月定例会（第１日目）,内田悦嗣君,1200060000094,内田悦嗣,議員,（拍手）,NULL,NULL,NULL
109,千葉県,平成23年６月,1,23,6,15,定例,平成23年６月定例会（第１日目）,議長（伊藤和男君）,議長,伊藤和男,議長,同じく浦安市選挙区、矢崎堅太郎君。,NULL,NULL,NULL
110,千葉県,平成23年６月,1,23,6,15,定例,平成23年６月定例会（第１日目）,議長（伊藤和男君）,議長,伊藤和男,議長,（矢崎堅太郎君登壇）,NULL,NULL,NULL
111,千葉県,平成23年６月,1,23,6,15,定例,平成23年６月定例会（第１日目）,矢崎堅太郎君,1200060000095,矢崎堅太郎,議員,浦安市選出、民主党の矢崎堅太郎でございます。,NULL,NULL,NULL
112,千葉県,平成23年６月,1,23,6,15,定例,平成23年６月定例会（第１日目）,矢崎堅太郎君,1200060000095,矢崎堅太郎,議員,遅くなりましたけれども、浦安市民の多くの皆さんの御支援をいただきまして、この議場に帰ってくることができました。,NULL,NULL,NULL
113,千葉県,平成23年６月,1,23,6,15,定例,平成23年６月定例会（第１日目）,矢崎堅太郎君,1200060000095,矢崎堅太郎,議員,これから震災からの復旧・復興、浦安、そして千葉県のために、一生懸命皆さんとともに頑張っていきたいと思います。,NULL,NULL,NULL
114,千葉県,平成23年６月,1,23,6,15,定例,平成23年６月定例会（第１日目）,矢崎堅太郎君,1200060000095,矢崎堅太郎,議員,どうぞよろしくお願いいたします。,NULL,NULL,NULL
115,千葉県,平成23年６月,1,23,6,15,定例,平成23年６月定例会（第１日目）,矢崎堅太郎君,1200060000095,矢崎堅太郎,議員,（拍手）,NULL,NULL,NULL
116,千葉県,平成23年６月,1,23,6,15,定例,平成23年６月定例会（第１日目）,議長（伊藤和男君）,議長,伊藤和男,議長,次に、所属会派について御報告いたします。,NULL,NULL,NULL
117,千葉県,平成23年６月,1,23,6,15,定例,平成23年６月定例会（第１日目）,議長（伊藤和男君）,議長,伊藤和男,議長,ただいま御紹介いたしました内田悦嗣君には５月24日付で自由民主党千葉県議会議員会に所属した旨、矢崎堅太郎君には同じく５月24日付で民主党千葉県議会議員会に所属した旨の届け出がありました。,NULL,NULL,NULL
118,千葉県,平成23年６月,1,23,6,15,定例,平成23年６月定例会（第１日目）,議長（伊藤和男君）,議長,伊藤和男,議長,次に、会派の結成について申し上げます。,NULL,NULL,NULL
119,千葉県,平成23年６月,1,23,6,15,定例,平成23年６月定例会（第１日目）,議長（伊藤和男君）,議長,伊藤和男,議長,西尾憲一君より、６月６日付で議員１名をもって無所属の会を結成した旨の届け出がありました。,NULL,NULL,NULL
120,千葉県,平成23年６月,1,23,6,15,定例,平成23年６月定例会（第１日目）,議長（伊藤和男君）,議長,伊藤和男,議長,次に、さきの５月臨時県議会において設置されました東日本大震災復旧・復興対策特別委員会につきましては、正副委員長互選の結果、委員長に宇野裕君が、副委員長に佐藤正己君がそれぞれ選任された旨、通知がありました。,NULL,NULL,NULL
121,千葉県,平成23年６月,1,23,6,15,定例,平成23年６月定例会（第１日目）,議長（伊藤和男君）,議長,伊藤和男,議長,次に、東日本大震災復旧・復興対策特別委員会委員について申し上げます。,NULL,NULL,NULL
122,千葉県,平成23年６月,1,23,6,15,定例,平成23年６月定例会（第１日目）,議長（伊藤和男君）,議長,伊藤和男,議長,去る５月24日付で堀江はつ君から、また、６月６日付で鈴木衛君から、委員をそれぞれ辞任したい旨の願い出があり、千葉県議会委員会条例第９条第１項のただし書きの規定により、５月26日付及び６月７日付でこれを許可いたしました。,NULL,NULL,NULL
123,千葉県,平成23年６月,1,23,6,15,定例,平成23年６月定例会（第１日目）,議長（伊藤和男君）,議長,伊藤和男,議長,また、これに伴う補欠選任については、千葉県議会委員会条例第６条第１項ただし書きの規定により、５月26日付で矢崎堅太郎君を、６月７日付で内田悦嗣君をそれぞれ選任いたしましたので、御報告申し上げます。,NULL,NULL,NULL
124,千葉県,平成23年６月,1,23,6,15,定例,平成23年６月定例会（第１日目）,議長（伊藤和男君）,議長,伊藤和男,議長,次に、議長の出席要求に対する出席者については、お手元に配付の印刷物により御了承願います。,NULL,NULL,NULL
125,千葉県,平成23年６月,1,23,6,15,定例,平成23年６月定例会（第１日目）,議長（伊藤和男君）,議長,伊藤和男,議長,次に、監査委員から監査報告及び例月出納検査結果の報告がありました。,NULL,NULL,NULL
126,千葉県,平成23年６月,1,23,6,15,定例,平成23年６月定例会（第１日目）,議長（伊藤和男君）,議長,伊藤和男,議長,お手元に配付の印刷物により御了承願います。,NULL,NULL,NULL
127,千葉県,平成23年６月,1,23,6,15,定例,平成23年６月定例会（第１日目）,議長（伊藤和男君）,議長,伊藤和男,議長,━━━━━━━━━━━━━━━━━━━━━━━━━━━━━,NULL,NULL,NULL
128,千葉県,平成23年６月,1,23,6,15,定例,平成23年６月定例会（第１日目）,議長（伊藤和男君）,議長,伊藤和男,議長,議席の指定及び変更,NULL,NULL,NULL
129,千葉県,平成23年６月,1,23,6,15,定例,平成23年６月定例会（第１日目）,議長（伊藤和男君）,議長,伊藤和男,議長,日程第１、議席の指定及び変更を行います。,NULL,NULL,NULL
130,千葉県,平成23年６月,1,23,6,15,定例,平成23年６月定例会（第１日目）,議長（伊藤和男君）,議長,伊藤和男,議長,千葉県議会会議規則第４条第２項の規定により、今回当選されました内田悦嗣君の議席は26番に、矢崎堅太郎君の議席は36番にそれぞれ指定いたします。,NULL,NULL,NULL
131,千葉県,平成23年６月,1,23,6,15,定例,平成23年６月定例会（第１日目）,議長（伊藤和男君）,議長,伊藤和男,議長,なお、このたびの議席の指定に関連し、千葉県議会会議規則第４条第３項の規定により、お手元に配付の議席表のとおり、議席の一部を変更いたします。,NULL,NULL,NULL
132,千葉県,平成23年６月,1,23,6,15,定例,平成23年６月定例会（第１日目）,議長（伊藤和男君）,議長,伊藤和男,議長,━━━━━━━━━━━━━━━━━━━━━━━━━━━━━,NULL,NULL,NULL
133,千葉県,平成23年６月,1,23,6,15,定例,平成23年６月定例会（第１日目）,議長（伊藤和男君）,議長,伊藤和男,議長,会　期　決　定　の　件,NULL,NULL,NULL
134,千葉県,平成23年６月,1,23,6,15,定例,平成23年６月定例会（第１日目）,議長（伊藤和男君）,議長,伊藤和男,議長,日程第２、会期決定の件を議題といたします。,NULL,NULL,NULL
135,千葉県,平成23年６月,1,23,6,15,定例,平成23年６月定例会（第１日目）,議長（伊藤和男君）,議長,伊藤和男,議長,お諮りいたします。,NULL,NULL,NULL
136,千葉県,平成23年６月,1,23,6,15,定例,平成23年６月定例会（第１日目）,議長（伊藤和男君）,議長,伊藤和男,議長,今期定例県議会の会期を本日から７月８日までの24日間といたしたいと思います。,NULL,NULL,NULL
137,千葉県,平成23年６月,1,23,6,15,定例,平成23年６月定例会（第１日目）,議長（伊藤和男君）,議長,伊藤和男,議長,これに御異議ありませんか。,NULL,NULL,NULL
138,千葉県,平成23年６月,1,23,6,15,定例,平成23年６月定例会（第１日目）,議長（伊藤和男君）,議長,伊藤和男,議長,（「異議なし」と呼ぶ者あり）,NULL,NULL,NULL
139,千葉県,平成23年６月,1,23,6,15,定例,平成23年６月定例会（第１日目）,議長（伊藤和男君）,議長,伊藤和男,議長,御異議ないものと認めます。,NULL,NULL,NULL
140,千葉県,平成23年６月,1,23,6,15,定例,平成23年６月定例会（第１日目）,議長（伊藤和男君）,議長,伊藤和男,議長,よって会期は24日間と決定いたしました。,NULL,NULL,NULL
141,千葉県,平成23年６月,1,23,6,15,定例,平成23年６月定例会（第１日目）,議長（伊藤和男君）,議長,伊藤和男,議長,━━━━━━━━━━━━━━━━━━━━━━━━━━━━━,NULL,NULL,NULL
142,千葉県,平成23年６月,1,23,6,15,定例,平成23年６月定例会（第１日目）,議長（伊藤和男君）,議長,伊藤和男,議長,会議録署名議員指名,NULL,NULL,NULL
143,千葉県,平成23年６月,1,23,6,15,定例,平成23年６月定例会（第１日目）,議長（伊藤和男君）,議長,伊藤和男,議長,日程第３、会議録署名議員の指名を行います。,NULL,NULL,NULL
144,千葉県,平成23年６月,1,23,6,15,定例,平成23年６月定例会（第１日目）,議長（伊藤和男君）,議長,伊藤和男,議長,千葉県議会会議規則第125条の規定により議長から指名いたします。,NULL,NULL,NULL
145,千葉県,平成23年６月,1,23,6,15,定例,平成23年６月定例会（第１日目）,議長（伊藤和男君）,議長,伊藤和男,議長,阿　井　伸　也　君　　　實　川　　　隆　君　　　大　川　忠　夫　君,NULL,NULL,NULL
146,千葉県,平成23年６月,1,23,6,15,定例,平成23年６月定例会（第１日目）,議長（伊藤和男君）,議長,伊藤和男,議長,━━━━━━━━━━━━━━━━━━━━━━━━━━━━━,NULL,NULL,NULL
147,千葉県,平成23年６月,1,23,6,15,定例,平成23年６月定例会（第１日目）,議長（伊藤和男君）,議長,伊藤和男,議長,常任委員会委員辞任の件,NULL,NULL,NULL
148,千葉県,平成23年６月,1,23,6,15,定例,平成23年６月定例会（第１日目）,議長（伊藤和男君）,議長,伊藤和男,議長,日程第４、常任委員会委員辞任の件を議題といたします。,NULL,NULL,NULL
149,千葉県,平成23年６月,1,23,6,15,定例,平成23年６月定例会（第１日目）,議長（伊藤和男君）,議長,伊藤和男,議長,去る６月６日付で石井宏子君から総合企画水道常任委員会委員を辞任したい旨の願い出がありました。,NULL,NULL,NULL
150,千葉県,平成23年６月,1,23,6,15,定例,平成23年６月定例会（第１日目）,議長（伊藤和男君）,議長,伊藤和男,議長,お諮りいたします。,NULL,NULL,NULL
151,千葉県,平成23年６月,1,23,6,15,定例,平成23年６月定例会（第１日目）,議長（伊藤和男君）,議長,伊藤和男,議長,石井宏子君からの願い出のとおり、これを許可することに御異議ありませんか。,NULL,NULL,NULL
152,千葉県,平成23年６月,1,23,6,15,定例,平成23年６月定例会（第１日目）,議長（伊藤和男君）,議長,伊藤和男,議長,（「異議なし」と呼ぶ者あり）,NULL,NULL,NULL
153,千葉県,平成23年６月,1,23,6,15,定例,平成23年６月定例会（第１日目）,議長（伊藤和男君）,議長,伊藤和男,議長,御異議ないものと認めます。,NULL,NULL,NULL
154,千葉県,平成23年６月,1,23,6,15,定例,平成23年６月定例会（第１日目）,議長（伊藤和男君）,議長,伊藤和男,議長,よって辞任を許可することに決定いたしました。,NULL,NULL,NULL
155,千葉県,平成23年６月,1,23,6,15,定例,平成23年６月定例会（第１日目）,議長（伊藤和男君）,議長,伊藤和男,議長,━━━━━━━━━━━━━━━━━━━━━━━━━━━━━,NULL,NULL,NULL
156,千葉県,平成23年６月,1,23,6,15,定例,平成23年６月定例会（第１日目）,議長（伊藤和男君）,議長,伊藤和男,議長,常任委員会委員補欠選任の件,NULL,NULL,NULL
157,千葉県,平成23年６月,1,23,6,15,定例,平成23年６月定例会（第１日目）,議長（伊藤和男君）,議長,伊藤和男,議長,日程第５、常任委員会委員補欠選任の件を議題といたします。,NULL,NULL,NULL
158,千葉県,平成23年６月,1,23,6,15,定例,平成23年６月定例会（第１日目）,議長（伊藤和男君）,議長,伊藤和男,議長,お諮りいたします。,NULL,NULL,NULL
159,千葉県,平成23年６月,1,23,6,15,定例,平成23年６月定例会（第１日目）,議長（伊藤和男君）,議長,伊藤和男,議長,ただいま欠員となっております常任委員会委員の補欠選任については、議長において指名することにいたしたいと思います。,NULL,NULL,NULL
160,千葉県,平成23年６月,1,23,6,15,定例,平成23年６月定例会（第１日目）,議長（伊藤和男君）,議長,伊藤和男,議長,これに御異議ありませんか。,NULL,NULL,NULL
161,千葉県,平成23年６月,1,23,6,15,定例,平成23年６月定例会（第１日目）,議長（伊藤和男君）,議長,伊藤和男,議長,（「異議なし」と呼ぶ者あり）,NULL,NULL,NULL
162,千葉県,平成23年６月,1,23,6,15,定例,平成23年６月定例会（第１日目）,議長（伊藤和男君）,議長,伊藤和男,議長,御異議ないものと認めます。,NULL,NULL,NULL
163,千葉県,平成23年６月,1,23,6,15,定例,平成23年６月定例会（第１日目）,議長（伊藤和男君）,議長,伊藤和男,議長,よって議長において指名することに決定いたしました。,NULL,NULL,NULL
164,千葉県,平成23年６月,1,23,6,15,定例,平成23年６月定例会（第１日目）,議長（伊藤和男君）,議長,伊藤和男,議長,総務防災常任委員会委員に内田悦嗣君を、総合企画水道常任委員会委員に矢崎堅太郎君を、農林水産常任委員会委員に石井宏子君をそれぞれ指名いたします。,NULL,NULL,NULL
165,千葉県,平成23年６月,1,23,6,15,定例,平成23年６月定例会（第１日目）,議長（伊藤和男君）,議長,伊藤和男,議長,これに御異議ありませんか。,NULL,NULL,NULL
166,千葉県,平成23年６月,1,23,6,15,定例,平成23年６月定例会（第１日目）,議長（伊藤和男君）,議長,伊藤和男,議長,（「異議なし」と呼ぶ者あり）,NULL,NULL,NULL
167,千葉県,平成23年６月,1,23,6,15,定例,平成23年６月定例会（第１日目）,議長（伊藤和男君）,議長,伊藤和男,議長,御異議ないものと認めます。,NULL,NULL,NULL
168,千葉県,平成23年６月,1,23,6,15,定例,平成23年６月定例会（第１日目）,議長（伊藤和男君）,議長,伊藤和男,議長,よってただいま指名のとおり選任されました。,NULL,NULL,NULL
169,千葉県,平成23年６月,1,23,6,15,定例,平成23年６月定例会（第１日目）,議長（伊藤和男君）,議長,伊藤和男,議長,━━━━━━━━━━━━━━━━━━━━━━━━━━━━━,NULL,NULL,NULL
170,千葉県,平成23年６月,1,23,6,15,定例,平成23年６月定例会（第１日目）,議長（伊藤和男君）,議長,伊藤和男,議長,議会運営委員会委員辞任の件,NULL,NULL,NULL
171,千葉県,平成23年６月,1,23,6,15,定例,平成23年６月定例会（第１日目）,議長（伊藤和男君）,議長,伊藤和男,議長,日程第６、議会運営委員会委員辞任の件を議題といたします。,NULL,NULL,NULL
172,千葉県,平成23年６月,1,23,6,15,定例,平成23年６月定例会（第１日目）,議長（伊藤和男君）,議長,伊藤和男,議長,去る６月８日付で塚定良治君から議会運営委員会委員を辞任したい旨の願い出がありました。,NULL,NULL,NULL
173,千葉県,平成23年６月,1,23,6,15,定例,平成23年６月定例会（第１日目）,議長（伊藤和男君）,議長,伊藤和男,議長,お諮りいたします。,NULL,NULL,NULL
174,千葉県,平成23年６月,1,23,6,15,定例,平成23年６月定例会（第１日目）,議長（伊藤和男君）,議長,伊藤和男,議長,塚定良治君からの願い出のとおり、これを許可することに御異議ありませんか。,NULL,NULL,NULL
175,千葉県,平成23年６月,1,23,6,15,定例,平成23年６月定例会（第１日目）,議長（伊藤和男君）,議長,伊藤和男,議長,（「異議なし」と呼ぶ者あり）,NULL,NULL,NULL
176,千葉県,平成23年６月,1,23,6,15,定例,平成23年６月定例会（第１日目）,議長（伊藤和男君）,議長,伊藤和男,議長,御異議ないものと認めます。,NULL,NULL,NULL
177,千葉県,平成23年６月,1,23,6,15,定例,平成23年６月定例会（第１日目）,議長（伊藤和男君）,議長,伊藤和男,議長,よって辞任を許可することに決定いたしました。,NULL,NULL,NULL
178,千葉県,平成23年６月,1,23,6,15,定例,平成23年６月定例会（第１日目）,議長（伊藤和男君）,議長,伊藤和男,議長,━━━━━━━━━━━━━━━━━━━━━━━━━━━━━,NULL,NULL,NULL
179,千葉県,平成23年６月,1,23,6,15,定例,平成23年６月定例会（第１日目）,議長（伊藤和男君）,議長,伊藤和男,議長,議事日程追加、議会運営委員会委員補欠選任の件,NULL,NULL,NULL
180,千葉県,平成23年６月,1,23,6,15,定例,平成23年６月定例会（第１日目）,議長（伊藤和男君）,議長,伊藤和男,議長,次に、お諮りいたします。,NULL,NULL,NULL
181,千葉県,平成23年６月,1,23,6,15,定例,平成23年６月定例会（第１日目）,議長（伊藤和男君）,議長,伊藤和男,議長,ただいま欠員となっております議会運営委員会委員補欠選任の件を日程に追加し、直ちに議題といたしたいと思います。,NULL,NULL,NULL
182,千葉県,平成23年６月,1,23,6,15,定例,平成23年６月定例会（第１日目）,議長（伊藤和男君）,議長,伊藤和男,議長,これに御異議ありませんか。,NULL,NULL,NULL
183,千葉県,平成23年６月,1,23,6,15,定例,平成23年６月定例会（第１日目）,議長（伊藤和男君）,議長,伊藤和男,議長,（「異議なし」と呼ぶ者あり）,NULL,NULL,NULL
184,千葉県,平成23年６月,1,23,6,15,定例,平成23年６月定例会（第１日目）,議長（伊藤和男君）,議長,伊藤和男,議長,御異議ないものと認め、議会運営委員会委員補欠選任の件を日程に追加し、直ちに議題といたします。,NULL,NULL,NULL
185,千葉県,平成23年６月,1,23,6,15,定例,平成23年６月定例会（第１日目）,議長（伊藤和男君）,議長,伊藤和男,議長,お諮りいたします。,NULL,NULL,NULL
186,千葉県,平成23年６月,1,23,6,15,定例,平成23年６月定例会（第１日目）,議長（伊藤和男君）,議長,伊藤和男,議長,委員の補欠選任については、議長において指名することにいたしたいと思います。,NULL,NULL,NULL
187,千葉県,平成23年６月,1,23,6,15,定例,平成23年６月定例会（第１日目）,議長（伊藤和男君）,議長,伊藤和男,議長,これに御異議ありませんか。,NULL,NULL,NULL
188,千葉県,平成23年６月,1,23,6,15,定例,平成23年６月定例会（第１日目）,議長（伊藤和男君）,議長,伊藤和男,議長,（「異議なし」と呼ぶ者あり）,NULL,NULL,NULL
189,千葉県,平成23年６月,1,23,6,15,定例,平成23年６月定例会（第１日目）,議長（伊藤和男君）,議長,伊藤和男,議長,御異議ないものと認めます。,NULL,NULL,NULL
190,千葉県,平成23年６月,1,23,6,15,定例,平成23年６月定例会（第１日目）,議長（伊藤和男君）,議長,伊藤和男,議長,よって議長において指名することに決定いたしました。,NULL,NULL,NULL
191,千葉県,平成23年６月,1,23,6,15,定例,平成23年６月定例会（第１日目）,議長（伊藤和男君）,議長,伊藤和男,議長,議会運営委員会委員に矢崎堅太郎君を指名いたします。,NULL,NULL,NULL
192,千葉県,平成23年６月,1,23,6,15,定例,平成23年６月定例会（第１日目）,議長（伊藤和男君）,議長,伊藤和男,議長,これに御異議ありませんか。,NULL,NULL,NULL
193,千葉県,平成23年６月,1,23,6,15,定例,平成23年６月定例会（第１日目）,議長（伊藤和男君）,議長,伊藤和男,議長,（「異議なし」と呼ぶ者あり）,NULL,NULL,NULL
194,千葉県,平成23年６月,1,23,6,15,定例,平成23年６月定例会（第１日目）,議長（伊藤和男君）,議長,伊藤和男,議長,御異議ないものと認めます。,NULL,NULL,NULL
195,千葉県,平成23年６月,1,23,6,15,定例,平成23年６月定例会（第１日目）,議長（伊藤和男君）,議長,伊藤和男,議長,よってただいま指名のとおり選任されました。,NULL,NULL,NULL
196,千葉県,平成23年６月,1,23,6,15,定例,平成23年６月定例会（第１日目）,議長（伊藤和男君）,議長,伊藤和男,議長,━━━━━━━━━━━━━━━━━━━━━━━━━━━━━,NULL,NULL,NULL
197,千葉県,平成23年６月,1,23,6,15,定例,平成23年６月定例会（第１日目）,議長（伊藤和男君）,議長,伊藤和男,議長,東日本大震災復旧・復興対策特別委員会中間報告の件,NULL,NULL,NULL
198,千葉県,平成23年６月,1,23,6,15,定例,平成23年６月定例会（第１日目）,議長（伊藤和男君）,議長,伊藤和男,議長,日程第７、東日本大震災復旧・復興対策特別委員会の中間報告の件を議題といたします。,NULL,NULL,NULL
199,千葉県,平成23年６月,1,23,6,15,定例,平成23年６月定例会（第１日目）,議長（伊藤和男君）,議長,伊藤和男,議長,東日本大震災復旧・復興対策特別委員会から、調査の経過について報告したい旨の申し出がありましたので、これを許します。,NULL,NULL,NULL
200,千葉県,平成23年６月,1,23,6,15,定例,平成23年６月定例会（第１日目）,議長（伊藤和男君）,議長,伊藤和男,議長,東日本大震災復旧・復興対策特別委員会委員長、宇野裕君。,NULL,NULL,NULL
201,千葉県,平成23年６月,1,23,6,15,定例,平成23年６月定例会（第１日目）,議長（伊藤和男君）,議長,伊藤和男,議長,（東日本大震災復旧・復興対策特別委員会委員長宇野　裕君登壇）,NULL,NULL,NULL
202,千葉県,平成23年６月,1,23,6,15,定例,平成23年６月定例会（第１日目）,東日本大震災復旧・復興対策特別委員会委員長（宇野　裕君）,1200060000084,宇野裕,東日本大震災復旧・復興対策特別委員会委員長,東日本大震災復旧・復興対策特別委員会は、平成23年５月臨時県議会において、東日本大震災の被害から一日も早い復旧・復興と災害に強い千葉県を目指すことを目的に設置され、県内の被害状況、復旧・復興対策、今後の防災対策について調査、検討、提言を行うことが付議されました。,NULL,NULL,NULL
203,千葉県,平成23年６月,1,23,6,15,定例,平成23年６月定例会（第１日目）,東日本大震災復旧・復興対策特別委員会委員長（宇野　裕君）,1200060000084,宇野裕,東日本大震災復旧・復興対策特別委員会委員長,これらの付議案件に関する調査のため、これまでに現地調査２回及び委員会２回を実施いたしました。,NULL,NULL,NULL
204,千葉県,平成23年６月,1,23,6,15,定例,平成23年６月定例会（第１日目）,東日本大震災復旧・復興対策特別委員会委員長（宇野　裕君）,1200060000084,宇野裕,東日本大震災復旧・復興対策特別委員会委員長,その調査の概要について御報告いたします。,NULL,NULL,NULL
205,千葉県,平成23年６月,1,23,6,15,定例,平成23年６月定例会（第１日目）,東日本大震災復旧・復興対策特別委員会委員長（宇野　裕君）,1200060000084,宇野裕,東日本大震災復旧・復興対策特別委員会委員長,初めに、当委員会として、５月31日と６月２日の２日間にわたり、我孫子市、浦安市、習志野市、千葉市美浜区、香取市、旭市、山武市、九十九里町など、被害の大きかった市町を中心に現地調査を行いました。,NULL,NULL,NULL
206,千葉県,平成23年６月,1,23,6,15,定例,平成23年６月定例会（第１日目）,東日本大震災復旧・復興対策特別委員会委員長（宇野　裕君）,1200060000084,宇野裕,東日本大震災復旧・復興対策特別委員会委員長,大地震の発生から約３カ月が経過し、瓦れきは撤去され、上下水道や道路等のインフラについての応急対策はおおむね済んではおりましたが、地域によっては、液状化被害により傾いたままの家や、津波により家屋が全壊し基礎部分だけとなった住居跡など、その傷跡は今なお生々しく残されており、改めて被害の大きさを痛感いたしました。,NULL,NULL,NULL
207,千葉県,平成23年６月,1,23,6,15,定例,平成23年６月定例会（第１日目）,東日本大震災復旧・復興対策特別委員会委員長（宇野　裕君）,1200060000084,宇野裕,東日本大震災復旧・復興対策特別委員会委員長,その際、現地において、被災された方々や地区自治会役員の方々、市町の職員から被災時の状況や復旧対策に対する要望をお伺いいたしました。,NULL,NULL,NULL
208,千葉県,平成23年６月,1,23,6,15,定例,平成23年６月定例会（第１日目）,東日本大震災復旧・復興対策特別委員会委員長（宇野　裕君）,1200060000084,宇野裕,東日本大震災復旧・復興対策特別委員会委員長,その主なものを申し上げますと、まず、「建物被害に対する公的支援は一戸建て住宅が中心となっているので、集合住宅の対策も検討するなど、復旧に当たっては、被災者や被災地域の立場に立って、可能な限り、それぞれの地域の実情に応じた支援をしていただきたい」との要望がありました。,NULL,NULL,NULL
209,千葉県,平成23年６月,1,23,6,15,定例,平成23年６月定例会（第１日目）,東日本大震災復旧・復興対策特別委員会委員長（宇野　裕君）,1200060000084,宇野裕,東日本大震災復旧・復興対策特別委員会委員長,次に、「被災した堤防や河川、海岸などの改修は、今後、国の災害査定が行われた後になるとのことだが、これから梅雨や台風シーズンの豪雨による２次災害の発生を未然に防ぐ対策を講じていただきたい」との要望がありました。,NULL,NULL,NULL
210,千葉県,平成23年６月,1,23,6,15,定例,平成23年６月定例会（第１日目）,東日本大震災復旧・復興対策特別委員会委員長（宇野　裕君）,1200060000084,宇野裕,東日本大震災復旧・復興対策特別委員会委員長,次に、「県においては、復旧・復興に当たって、今後とも市町村を初め関係機関との連携をより一層緊密にして、住居の建てかえやインフラ対策だけではなく、まちづくり全体の視点に立ち、あわせて被災者の心のケアを行うなど、ハード、ソフト両面からの総合的な施策を展開していただきたい」との要望がありました。,NULL,NULL,NULL
211,千葉県,平成23年６月,1,23,6,15,定例,平成23年６月定例会（第１日目）,東日本大震災復旧・復興対策特別委員会委員長（宇野　裕君）,1200060000084,宇野裕,東日本大震災復旧・復興対策特別委員会委員長,いずれの要望も市町では対応できないことがあるため、ぜひとも県、あるいは国に対して要望したいとの強い気持ちを感じました。,NULL,NULL,NULL
212,千葉県,平成23年６月,1,23,6,15,定例,平成23年６月定例会（第１日目）,東日本大震災復旧・復興対策特別委員会委員長（宇野　裕君）,1200060000084,宇野裕,東日本大震災復旧・復興対策特別委員会委員長,次に、これらの要望を踏まえ、６月９日に開催した委員会の中で、委員より、「できる限り被災地の声に耳を傾けるとともに、国の災害査定に当たっては、従来の方法にとらわれず迅速な対応を申し入れるなど早急な対策を図るとともに、必要な関係事業に係る予算措置について検討いただきたい」との意見がありました。,NULL,NULL,NULL
213,千葉県,平成23年６月,1,23,6,15,定例,平成23年６月定例会（第１日目）,東日本大震災復旧・復興対策特別委員会委員長（宇野　裕君）,1200060000084,宇野裕,東日本大震災復旧・復興対策特別委員会委員長,また、「今回の震災被害の主な原因となった液状化や津波に対しても防災対策を講ずることが必要だが、そのメカニズムも解明されていない。,NULL,NULL,NULL
214,千葉県,平成23年６月,1,23,6,15,定例,平成23年６月定例会（第１日目）,東日本大震災復旧・復興対策特別委員会委員長（宇野　裕君）,1200060000084,宇野裕,東日本大震災復旧・復興対策特別委員会委員長,このため、委員会に専門家や有識者を招いて意見を聞きながら議論していくべきである」との意見がありました。,NULL,NULL,NULL
215,千葉県,平成23年６月,1,23,6,15,定例,平成23年６月定例会（第１日目）,東日本大震災復旧・復興対策特別委員会委員長（宇野　裕君）,1200060000084,宇野裕,東日本大震災復旧・復興対策特別委員会委員長,今後の委員会運営に当たっては、東日本大震災による被災から立ち直り、災害に強く、だれもが安心して暮らせる元気な千葉県とするため、７月と８月の間は月に２回程度開催するなど議論を重ね、９月定例県議会や12月定例県議会の機会をとらえて必要な提言をしてまいります。,NULL,NULL,NULL
216,千葉県,平成23年６月,1,23,6,15,定例,平成23年６月定例会（第１日目）,東日本大震災復旧・復興対策特別委員会委員長（宇野　裕君）,1200060000084,宇野裕,東日本大震災復旧・復興対策特別委員会委員長,以上をもちまして東日本大震災復旧・復興対策特別委員会の報告を終わります。,NULL,NULL,NULL
217,千葉県,平成23年６月,1,23,6,15,定例,平成23年６月定例会（第１日目）,東日本大震災復旧・復興対策特別委員会委員長（宇野　裕君）,1200060000084,宇野裕,東日本大震災復旧・復興対策特別委員会委員長,━━━━━━━━━━━━━━━━━━━━━━━━━━━━━,NULL,NULL,NULL
218,千葉県,平成23年６月,1,23,6,15,定例,平成23年６月定例会（第１日目）,東日本大震災復旧・復興対策特別委員会委員長（宇野　裕君）,1200060000084,宇野裕,東日本大震災復旧・復興対策特別委員会委員長,議　長　の　報　告,NULL,NULL,NULL
219,千葉県,平成23年６月,1,23,6,15,定例,平成23年６月定例会（第１日目）,議長（伊藤和男君）,議長,伊藤和男,議長,本日、知事から議案の送付があり、これを受理いたしましたので、御報告いたします。,NULL,NULL,NULL
220,千葉県,平成23年６月,1,23,6,15,定例,平成23年６月定例会（第１日目）,議長（伊藤和男君）,議長,伊藤和男,議長,━━━━━━━━━━━━━━━━━━━━━━━━━━━━━,NULL,NULL,NULL
221,千葉県,平成23年６月,1,23,6,15,定例,平成23年６月定例会（第１日目）,議長（伊藤和男君）,議長,伊藤和男,議長,議案第１号ないし議案第16号、報告第１号ないし報告第18号,NULL,NULL,NULL
222,千葉県,平成23年６月,1,23,6,15,定例,平成23年６月定例会（第１日目）,議長（伊藤和男君）,議長,伊藤和男,議長,日程第８、議案第１号ないし第16号、報告第１号ないし第18号を一括議題といたします。,NULL,NULL,NULL
223,千葉県,平成23年６月,1,23,6,15,定例,平成23年６月定例会（第１日目）,議長（伊藤和男君）,議長,伊藤和男,議長,知事に提案理由の説明を求めます。,NULL,NULL,NULL
224,千葉県,平成23年６月,1,23,6,15,定例,平成23年６月定例会（第１日目）,議長（伊藤和男君）,議長,伊藤和男,議長,知事森田健作君。,NULL,NULL,NULL
225,千葉県,平成23年６月,1,23,6,15,定例,平成23年６月定例会（第１日目）,議長（伊藤和男君）,議長,伊藤和男,議長,（知事森田健作君登壇）,NULL,NULL,NULL
226,千葉県,平成23年６月,1,23,6,15,定例,平成23年６月定例会（第１日目）,知事（森田健作君）,知事,森田健作,知事,本日、ここに６月定例県議会を招集し、当面する諸案件について御審議いただくことといたしました。,NULL,NULL,NULL
227,千葉県,平成23年６月,1,23,6,15,定例,平成23年６月定例会（第１日目）,知事（森田健作君）,知事,森田健作,知事,今回提案いたしました案件は、平成23年度の補正予算案、各種条例案、そのほか附帯議案の16議案のほか、報告18件であります。,NULL,NULL,NULL
228,千葉県,平成23年６月,1,23,6,15,定例,平成23年６月定例会（第１日目）,知事（森田健作君）,知事,森田健作,知事,以下、その主な概要について申し上げます。,NULL,NULL,NULL
229,千葉県,平成23年６月,1,23,6,15,定例,平成23年６月定例会（第１日目）,知事（森田健作君）,知事,森田健作,知事,議案第１号は、平成23年度千葉県一般会計補正予算案でございます。,NULL,NULL,NULL
230,千葉県,平成23年６月,1,23,6,15,定例,平成23年６月定例会（第１日目）,知事（森田健作君）,知事,森田健作,知事,"補正額は328億1,800万余円の増額で、補正後の予算額は１兆6,466億5,900万余円となります。",NULL,NULL,NULL
231,千葉県,平成23年６月,1,23,6,15,定例,平成23年６月定例会（第１日目）,知事（森田健作君）,知事,森田健作,知事,今回の補正予算では、東日本大震災により、深刻な状況が長引く原子力発電所事故の影響への対応として、携帯可能な放射線量測定器であるサーベイメーターを35台整備するとともに、海水中の放射能濃度を測定するための経費などを計上いたしているところでございます。,NULL,NULL,NULL
232,千葉県,平成23年６月,1,23,6,15,定例,平成23年６月定例会（第１日目）,知事（森田健作君）,知事,森田健作,知事,県では、５月補正予算で措置している食品や輸出用工業製品の放射性物質分析機器の設置などともあわせ、放射性物質の総合監視体制を整備し、放射能に対する県民の不安の解消にきめ細かく対応してまいります。,NULL,NULL,NULL
233,千葉県,平成23年６月,1,23,6,15,定例,平成23年６月定例会（第１日目）,知事（森田健作君）,知事,森田健作,知事,また、住宅用太陽光発電設備の設置に対する助成制度の新設など電力供給不足・省エネルギー対策を推進してまいります。,NULL,NULL,NULL
234,千葉県,平成23年６月,1,23,6,15,定例,平成23年６月定例会（第１日目）,知事（森田健作君）,知事,森田健作,知事,さらに、震災等により、売り上げ減少など間接的な被害を受けた中小企業の資金繰りを支援するため、震災復興枠として、金融機関への預託金を300億円増額し、中小企業者向けの融資枠を拡充します。,NULL,NULL,NULL
235,千葉県,平成23年６月,1,23,6,15,定例,平成23年６月定例会（第１日目）,知事（森田健作君）,知事,森田健作,知事,このほか、災害の予防への取り組みとして、私立学校における校舎等の耐震化の促進を図るための県独自の補助制度を創設いたします。,NULL,NULL,NULL
236,千葉県,平成23年６月,1,23,6,15,定例,平成23年６月定例会（第１日目）,知事（森田健作君）,知事,森田健作,知事,今回の補正予算の財源は、国庫支出金や地方債などのほか、災害復興・地域再生基金を活用することにより確保したところでございます。,NULL,NULL,NULL
237,千葉県,平成23年６月,1,23,6,15,定例,平成23年６月定例会（第１日目）,知事（森田健作君）,知事,森田健作,知事,しかしながら、震災による経済情勢の悪化により、県税の大幅な減収も予想されることなどから、今後厳しい財政状況になるものと思われます。,NULL,NULL,NULL
238,千葉県,平成23年６月,1,23,6,15,定例,平成23年６月定例会（第１日目）,知事（森田健作君）,知事,森田健作,知事,このため、さらなる補正予算の編成が必要な場合は基金の取り崩しや廃止、特例的な地方債の活用を図るとともに、事業費の節減に努めるなど、あらゆる財源対策を講じてまいりたいと考えております。,NULL,NULL,NULL
239,千葉県,平成23年６月,1,23,6,15,定例,平成23年６月定例会（第１日目）,知事（森田健作君）,知事,森田健作,知事,議案第２号は、特別会計土地造成整備事業会計の補正予算案で、東日本大震災に対応するため補正しようとするものでございます。,NULL,NULL,NULL
240,千葉県,平成23年６月,1,23,6,15,定例,平成23年６月定例会（第１日目）,知事（森田健作君）,知事,森田健作,知事,議案第３号から議案第11号までの９議案は、いずれも条例の制定、一部改正または廃止に係るものでございます。,NULL,NULL,NULL
241,千葉県,平成23年６月,1,23,6,15,定例,平成23年６月定例会（第１日目）,知事（森田健作君）,知事,森田健作,知事,そのうち主なものについて御説明申し上げます。,NULL,NULL,NULL
242,千葉県,平成23年６月,1,23,6,15,定例,平成23年６月定例会（第１日目）,知事（森田健作君）,知事,森田健作,知事,議案第３号は、千葉県農業大学校を農業の担い手の確保、育成の中核機関として機能拡充を図るとともに、魅力ある学校とするため、専修学校化して、名称を千葉県立農業大学校とする条例を制定しようとするものでございます。,NULL,NULL,NULL
243,千葉県,平成23年６月,1,23,6,15,定例,平成23年６月定例会（第１日目）,知事（森田健作君）,知事,森田健作,知事,議案第８号は、港湾施設である千葉ポートパーク、新港公園及び潮浜公園の庭球場または野球場に係る指定管理者の利用料金制を導入するため、議案第９号は、柏の葉公園野球場を指定管理者による管理とするとともに、利用料金制を導入するため、それぞれ条例の一部を改正しようとするものでございます。,NULL,NULL,NULL
244,千葉県,平成23年６月,1,23,6,15,定例,平成23年６月定例会（第１日目）,知事（森田健作君）,知事,森田健作,知事,次に、議案第12号及び議案第13号は、いずれも谷津船橋インターチェンジに関する工事等委託の契約締結について、議案第15号は、大気常時監視自動計測器について、県がこうむった損害の賠償請求の訴えを提起することについて、それぞれ議会の議決を得ようとするものでございます。,NULL,NULL,NULL
245,千葉県,平成23年６月,1,23,6,15,定例,平成23年６月定例会（第１日目）,知事（森田健作君）,知事,森田健作,知事,また、議案第16号は、建物収去土地明渡等請求事件に係る和解について専決処分を行ったので、議会の承認を得ようとするものでございます。,NULL,NULL,NULL
246,千葉県,平成23年６月,1,23,6,15,定例,平成23年６月定例会（第１日目）,知事（森田健作君）,知事,森田健作,知事,以上がこのたび提案いたしました議案の概要でございますが、なおこの際、当面する諸問題について御報告を申し上げます。,NULL,NULL,NULL
247,千葉県,平成23年６月,1,23,6,15,定例,平成23年６月定例会（第１日目）,知事（森田健作君）,知事,森田健作,知事,まず、東日本大震災の被災地の復旧及び復興について申し上げます。,NULL,NULL,NULL
248,千葉県,平成23年６月,1,23,6,15,定例,平成23年６月定例会（第１日目）,知事（森田健作君）,知事,森田健作,知事,県の災害対策本部については、地震発生直後から、県内の被災状況の把握や応急対応並びに復旧活動に当たってきましたが、今後は被災者の生活再建支援や産業の再生など、復旧・復興に向け本格的に取り組んでいくことから、５月26日に廃止いたしました。,NULL,NULL,NULL
249,千葉県,平成23年６月,1,23,6,15,定例,平成23年６月定例会（第１日目）,知事（森田健作君）,知事,森田健作,知事,なお、各部局には、強い余震に備え、速やかに対応できる体制をとるよう指示したところでございます。,NULL,NULL,NULL
250,千葉県,平成23年６月,1,23,6,15,定例,平成23年６月定例会（第１日目）,知事（森田健作君）,知事,森田健作,知事,また、長期化が予想される福島第一原子力発電所事故の影響に対しては、庁内の連携をより一層密にして適切に対応してまいります。,NULL,NULL,NULL
251,千葉県,平成23年６月,1,23,6,15,定例,平成23年６月定例会（第１日目）,知事（森田健作君）,知事,森田健作,知事,さらに、市町村等とも連携し、千葉県震災復旧及び復興に係る指針を年内を目途に策定するとともに、県内の被害状況や、県や市町村の災害発生時の対応状況を検証するなどして、県内の防災対策を一層強化し、災害に強い元気な千葉県づくりを推進いたします。,NULL,NULL,NULL
252,千葉県,平成23年６月,1,23,6,15,定例,平成23年６月定例会（第１日目）,知事（森田健作君）,知事,森田健作,知事,県では、これまでも放射性物質の監視体制の強化や、深刻な状況にある風評被害への的確な対応、安定的な電力供給の確保、地域の実状に対応した震災被害への対策の充実、強化などについて、国において講じるよう、申し入れてまいりました。,NULL,NULL,NULL
253,千葉県,平成23年６月,1,23,6,15,定例,平成23年６月定例会（第１日目）,知事（森田健作君）,知事,森田健作,知事,今後とも被災者の方々の声や市町村、県議会議員の皆様の御意見などを踏まえながら、あらゆる機会をとらえて、必要な対策について国に働きかけてまいります。,NULL,NULL,NULL
254,千葉県,平成23年６月,1,23,6,15,定例,平成23年６月定例会（第１日目）,知事（森田健作君）,知事,森田健作,知事,次に、「がんばろう！千葉」キャンペーンについて申し上げます。,NULL,NULL,NULL
255,千葉県,平成23年６月,1,23,6,15,定例,平成23年６月定例会（第１日目）,知事（森田健作君）,知事,森田健作,知事,まず、４月下旬から募集を始めたちば産品応援隊では、県産農林水産物の積極的な購入など、県内農林水産業を応援していただいております。,NULL,NULL,NULL
256,千葉県,平成23年６月,1,23,6,15,定例,平成23年６月定例会（第１日目）,知事（森田健作君）,知事,森田健作,知事,５月下旬からは、旅行の自粛ムードで打撃を受けている本県の観光を応援するちばめぐり隊の募集を始めるとともに、今月11日、12日には、幕張メッセで観光イベント「千葉から日本を元気に！」を開催し、本県の観光情報のほか、東北３県及び茨城県とともに全国へ元気を発信いたしました。,NULL,NULL,NULL
257,千葉県,平成23年６月,1,23,6,15,定例,平成23年６月定例会（第１日目）,知事（森田健作君）,知事,森田健作,知事,また、夏休み期間中には、海、夏祭り、花火大会、キャンプ等をテーマとする夏の観光キャンペーンを実施するなど、一日も早い観光需要の回復を目指します。,NULL,NULL,NULL
258,千葉県,平成23年６月,1,23,6,15,定例,平成23年６月定例会（第１日目）,知事（森田健作君）,知事,森田健作,知事,さらに、ちば節電協力隊を募集し、この夏の大きな課題である電力供給不足に対し、全県的に節電に取り組んでまいります。,NULL,NULL,NULL
259,千葉県,平成23年６月,1,23,6,15,定例,平成23年６月定例会（第１日目）,知事（森田健作君）,知事,森田健作,知事,今後とも県民、企業、団体の方々と一丸となって、大いにこの運動を盛り上げ、千葉から日本を元気にしていきたいと考えております。,NULL,NULL,NULL
260,千葉県,平成23年６月,1,23,6,15,定例,平成23年６月定例会（第１日目）,知事（森田健作君）,知事,森田健作,知事,今回の震災を通じて、私は、東京湾アクアラインは、首都圏においてなくてはならない重要な道路であるということを再認識いたしました。,NULL,NULL,NULL
261,千葉県,平成23年６月,1,23,6,15,定例,平成23年６月定例会（第１日目）,知事（森田健作君）,知事,森田健作,知事,震災直後から11日間、首都高速道路湾岸線の一部が通行どめとなり、周辺道路で大渋滞が発生したため、アクアラインは都心部の迂回道路として機能を発揮し、首都圏の交通ルートの確保に大きな役割を果たしました。,NULL,NULL,NULL
262,千葉県,平成23年６月,1,23,6,15,定例,平成23年６月定例会（第１日目）,知事（森田健作君）,知事,森田健作,知事,これまでもアクアラインは料金引き下げの社会実験の実施により、観光の振興、企業立地の促進、物流の効率化が図られるなど、千葉県はもとより、首都圏の経済の活性化に大きな役割を果たしております。,NULL,NULL,NULL
263,千葉県,平成23年６月,1,23,6,15,定例,平成23年６月定例会（第１日目）,知事（森田健作君）,知事,森田健作,知事,"また、東日本大震災の復興財源に充てるため、これまで全国の高速道路で実施されてきた休日の上限料金を1,000円とする制度は廃止されますが、アクアラインについては、引き続き料金の引き下げが維持されております。",NULL,NULL,NULL
264,千葉県,平成23年６月,1,23,6,15,定例,平成23年６月定例会（第１日目）,知事（森田健作君）,知事,森田健作,知事,県内の観光を復興していく視点からも、より多くの方々にアクアラインをより一層活用していただきたいと考えております。,NULL,NULL,NULL
265,千葉県,平成23年６月,1,23,6,15,定例,平成23年６月定例会（第１日目）,知事（森田健作君）,知事,森田健作,知事,震災の影響から遠出を控える傾向もありますので、首都圏に近い千葉の観光を「がんばろう！千葉」キャンペーンと一体となって、私みずから先頭に立ちアピールしてまいりたいと、そのように考えております。,NULL,NULL,NULL
266,千葉県,平成23年６月,1,23,6,15,定例,平成23年６月定例会（第１日目）,知事（森田健作君）,知事,森田健作,知事,続いて夏期における節電対策について申し上げます。,NULL,NULL,NULL
267,千葉県,平成23年６月,1,23,6,15,定例,平成23年６月定例会（第１日目）,知事（森田健作君）,知事,森田健作,知事,今回の大震災に伴い、電力需要が増大する夏には依然として電力の供給不足が見込まれております。,NULL,NULL,NULL
268,千葉県,平成23年６月,1,23,6,15,定例,平成23年６月定例会（第１日目）,知事（森田健作君）,知事,森田健作,知事,県民生活や経済活動に大きな影響を及ぼす計画停電に至らないよう、より一層の節電対策に取り組むことが重要でございます。,NULL,NULL,NULL
269,千葉県,平成23年６月,1,23,6,15,定例,平成23年６月定例会（第１日目）,知事（森田健作君）,知事,森田健作,知事,このため、４月に設置した千葉県省エネルギー等対策推進本部において、夏期の節電対策を今月２日に公表したところでございます。,NULL,NULL,NULL
270,千葉県,平成23年６月,1,23,6,15,定例,平成23年６月定例会（第１日目）,知事（森田健作君）,知事,森田健作,知事,この対策では「ピークに賢くみんなで節電！」という基本的な考え方に立ち、県民や事業者の方々に対し、前年の使用最大電力に比べて15％の削減を達成するための取り組みを紹介しており、今後、さまざまな広報媒体を通じて広く呼びかけてまいります。,NULL,NULL,NULL
271,千葉県,平成23年６月,1,23,6,15,定例,平成23年６月定例会（第１日目）,知事（森田健作君）,知事,森田健作,知事,また、県庁舎については25％の削減を目標に、より徹底した節電対策に取り組みます。,NULL,NULL,NULL
272,千葉県,平成23年６月,1,23,6,15,定例,平成23年６月定例会（第１日目）,知事（森田健作君）,知事,森田健作,知事,最後に、千葉県保健医療計画の改定について申し上げます。,NULL,NULL,NULL
273,千葉県,平成23年６月,1,23,6,15,定例,平成23年６月定例会（第１日目）,知事（森田健作君）,知事,森田健作,知事,本県の医療提供体制の確保に関する事項を定める千葉県保健医療計画について、平成23年度から27年度までの計画として改定いたしました。,NULL,NULL,NULL
274,千葉県,平成23年６月,1,23,6,15,定例,平成23年６月定例会（第１日目）,知事（森田健作君）,知事,森田健作,知事,本県では、今後、全国２位のスピードで高齢化が進むことから、医療施設や医療従事者のさらなる不足が懸念されております。,NULL,NULL,NULL
275,千葉県,平成23年６月,1,23,6,15,定例,平成23年６月定例会（第１日目）,知事（森田健作君）,知事,森田健作,知事,このため、本計画に基づき医療機関同士、さらには福祉分野との連携体制の充実、強化、住みなれた自宅などで療養する在宅医療の充実、医師や看護師等の人材の確保や育成などの施策を展開してまいります。,NULL,NULL,NULL
276,千葉県,平成23年６月,1,23,6,15,定例,平成23年６月定例会（第１日目）,知事（森田健作君）,知事,森田健作,知事,以上、このたび提案いたしました主な案件の概要及び当面の諸問題について御報告させていただきました。,NULL,NULL,NULL
277,千葉県,平成23年６月,1,23,6,15,定例,平成23年６月定例会（第１日目）,知事（森田健作君）,知事,森田健作,知事,よろしく御審議くださいますようお願いを申し上げます。,NULL,NULL,NULL
278,千葉県,平成23年６月,1,23,6,15,定例,平成23年６月定例会（第１日目）,知事（森田健作君）,知事,森田健作,知事,━━━━━━━━━━━━━━━━━━━━━━━━━━━━━,NULL,NULL,NULL
279,千葉県,平成23年６月,1,23,6,15,定例,平成23年６月定例会（第１日目）,知事（森田健作君）,知事,森田健作,知事,休　会　の　件,NULL,NULL,NULL
280,千葉県,平成23年６月,1,23,6,15,定例,平成23年６月定例会（第１日目）,議長（伊藤和男君）,議長,伊藤和男,議長,日程第９、休会の件を議題といたします。,NULL,NULL,NULL
281,千葉県,平成23年６月,1,23,6,15,定例,平成23年６月定例会（第１日目）,議長（伊藤和男君）,議長,伊藤和男,議長,お諮りいたします。,NULL,NULL,NULL
282,千葉県,平成23年６月,1,23,6,15,定例,平成23年６月定例会（第１日目）,議長（伊藤和男君）,議長,伊藤和男,議長,議案調査のため、６月16日、17日及び20日は休会といたしたいと思います。,NULL,NULL,NULL
283,千葉県,平成23年６月,1,23,6,15,定例,平成23年６月定例会（第１日目）,議長（伊藤和男君）,議長,伊藤和男,議長,これに御異議ありませんか。,NULL,NULL,NULL
284,千葉県,平成23年６月,1,23,6,15,定例,平成23年６月定例会（第１日目）,議長（伊藤和男君）,議長,伊藤和男,議長,（「異議なし」と呼ぶ者あり）,NULL,NULL,NULL
285,千葉県,平成23年６月,1,23,6,15,定例,平成23年６月定例会（第１日目）,議長（伊藤和男君）,議長,伊藤和男,議長,御異議ないものと認めます。,NULL,NULL,NULL
286,千葉県,平成23年６月,1,23,6,15,定例,平成23年６月定例会（第１日目）,議長（伊藤和男君）,議長,伊藤和男,議長,よって６月16日、17日及び20日の３日間は議案調査のため休会とすることに決定いたしました。,NULL,NULL,NULL
287,千葉県,平成23年６月,1,23,6,15,定例,平成23年６月定例会（第１日目）,議長（伊藤和男君）,議長,伊藤和男,議長,以上をもって本日の日程は終了いたしました。,NULL,NULL,NULL
288,千葉県,平成23年６月,1,23,6,15,定例,平成23年６月定例会（第１日目）,議長（伊藤和男君）,議長,伊藤和男,議長,６月21日は定刻より会議を開きます。,NULL,NULL,NULL
289,千葉県,平成23年６月,1,23,6,15,定例,平成23年６月定例会（第１日目）,議長（伊藤和男君）,議長,伊藤和男,議長,これにて散会します。,NULL,NULL,NULL
290,千葉県,平成23年６月,1,23,6,15,定例,平成23年６月定例会（第１日目）,議長（伊藤和男君）,議長,伊藤和男,議長,午前10時38分散会,NULL,NULL,NULL
291,千葉県,平成23年６月,1,23,6,15,定例,平成23年６月定例会（第１日目）,議長（伊藤和男君）,議長,伊藤和男,議長,━━━━━━━━━━━━━━━━━━━━━━━━━━━━━,NULL,NULL,NULL
292,千葉県,平成23年６月,1,23,6,15,定例,平成23年６月定例会（第１日目）,議長（伊藤和男君）,議長,伊藤和男,議長,本日の会議に付した事件,NULL,NULL,NULL
293,千葉県,平成23年６月,1,23,6,15,定例,平成23年６月定例会（第１日目）,議長（伊藤和男君）,議長,伊藤和男,議長,1．開　　会,NULL,NULL,NULL
294,千葉県,平成23年６月,1,23,6,15,定例,平成23年６月定例会（第１日目）,議長（伊藤和男君）,議長,伊藤和男,議長,2．議長の報告,NULL,NULL,NULL
295,千葉県,平成23年６月,1,23,6,15,定例,平成23年６月定例会（第１日目）,議長（伊藤和男君）,議長,伊藤和男,議長,3．議席の指定及び変更,NULL,NULL,NULL
296,千葉県,平成23年６月,1,23,6,15,定例,平成23年６月定例会（第１日目）,議長（伊藤和男君）,議長,伊藤和男,議長,4．会期決定の件,NULL,NULL,NULL
297,千葉県,平成23年６月,1,23,6,15,定例,平成23年６月定例会（第１日目）,議長（伊藤和男君）,議長,伊藤和男,議長,5．会議録署名議員指名,NULL,NULL,NULL
298,千葉県,平成23年６月,1,23,6,15,定例,平成23年６月定例会（第１日目）,議長（伊藤和男君）,議長,伊藤和男,議長,6．常任委員会委員辞任の件,NULL,NULL,NULL
299,千葉県,平成23年６月,1,23,6,15,定例,平成23年６月定例会（第１日目）,議長（伊藤和男君）,議長,伊藤和男,議長,7．常任委員会委員補欠選任の件,NULL,NULL,NULL
300,千葉県,平成23年６月,1,23,6,15,定例,平成23年６月定例会（第１日目）,議長（伊藤和男君）,議長,伊藤和男,議長,8．議会運営委員会委員辞任の件,NULL,NULL,NULL
301,千葉県,平成23年６月,1,23,6,15,定例,平成23年６月定例会（第１日目）,議長（伊藤和男君）,議長,伊藤和男,議長,9．議会運営委員会委員補欠選任の件,NULL,NULL,NULL
302,千葉県,平成23年６月,1,23,6,15,定例,平成23年６月定例会（第１日目）,議長（伊藤和男君）,議長,伊藤和男,議長,10．東日本大震災復旧・復興対策特別委員会中間報告の件,NULL,NULL,NULL
303,千葉県,平成23年６月,1,23,6,15,定例,平成23年６月定例会（第１日目）,議長（伊藤和男君）,議長,伊藤和男,議長,11．議長の報告,NULL,NULL,NULL
304,千葉県,平成23年６月,1,23,6,15,定例,平成23年６月定例会（第１日目）,議長（伊藤和男君）,議長,伊藤和男,議長,12．議案第１号ないし議案第16号、報告第１号ないし報告第18号,NULL,NULL,NULL
305,千葉県,平成23年６月,1,23,6,15,定例,平成23年６月定例会（第１日目）,議長（伊藤和男君）,議長,伊藤和男,議長,13．知事提案理由説明,NULL,NULL,NULL
306,千葉県,平成23年６月,1,23,6,15,定例,平成23年６月定例会（第１日目）,議長（伊藤和男君）,議長,伊藤和男,議長,14．休会の件,NULL,NULL,NULL
307,千葉県,平成23年６月,1,23,6,15,定例,平成23年６月定例会（第１日目）,議長（伊藤和男君）,議長,伊藤和男,議長,━━━━━━━━━━━━━━━━━━━━━━━━━━━━━,NULL,NULL,NULL
308,千葉県,平成23年６月,1,23,6,15,定例,平成23年６月定例会（第１日目）,議長（伊藤和男君）,議長,伊藤和男,議長,出　席　議　員,NULL,NULL,NULL
309,千葉県,平成23年６月,1,23,6,15,定例,平成23年６月定例会（第１日目）,議長（伊藤和男君）,議長,伊藤和男,議長,議　　　長　　　伊　藤　和　男　君,NULL,NULL,NULL
310,千葉県,平成23年６月,1,23,6,15,定例,平成23年６月定例会（第１日目）,議長（伊藤和男君）,議長,伊藤和男,議長,副　議　長　　　田　中　宗　隆　君,NULL,NULL,NULL
311,千葉県,平成23年６月,1,23,6,15,定例,平成23年６月定例会（第１日目）,議長（伊藤和男君）,議長,伊藤和男,議長,議　　　員　　　横　山　秀　明　君　　　中　田　　　学　君　　　網　中　　　肇　君,NULL,NULL,NULL
312,千葉県,平成23年６月,1,23,6,15,定例,平成23年６月定例会（第１日目）,議長（伊藤和男君）,議長,伊藤和男,議長,大　川　忠　夫　君　　　関　　　政　幸　君　　　坂　下　しげき　君,NULL,NULL,NULL
313,千葉県,平成23年６月,1,23,6,15,定例,平成23年６月定例会（第１日目）,議長（伊藤和男君）,議長,伊藤和男,議長,中　沢　裕　隆　君　　　村　上　純　丈　君　　　實　川　　　隆　君,NULL,NULL,NULL
314,千葉県,平成23年６月,1,23,6,15,定例,平成23年６月定例会（第１日目）,議長（伊藤和男君）,議長,伊藤和男,議長,斉　藤　　　守　君　　　小　池　正　昭　君　　　プリティ長嶋　　君,NULL,NULL,NULL
315,千葉県,平成23年６月,1,23,6,15,定例,平成23年６月定例会（第１日目）,議長（伊藤和男君）,議長,伊藤和男,議長,川　井　友　則　君　　　松　戸　隆　政　君　　　入　江　晶　子　君,NULL,NULL,NULL
316,千葉県,平成23年６月,1,23,6,15,定例,平成23年６月定例会（第１日目）,議長（伊藤和男君）,議長,伊藤和男,議長,石　川　信　一　君　　　秋　林　貴　史　君　　　石　井　敏　雄　君,NULL,NULL,NULL
317,千葉県,平成23年６月,1,23,6,15,定例,平成23年６月定例会（第１日目）,議長（伊藤和男君）,議長,伊藤和男,議長,高　橋　　　浩　君　　　礒　部　裕　和　君　　　山　本　義　一　君,NULL,NULL,NULL
318,千葉県,平成23年６月,1,23,6,15,定例,平成23年６月定例会（第１日目）,議長（伊藤和男君）,議長,伊藤和男,議長,鶴　岡　宏　祥　君　　　林　　　幹　人　君　　　武　田　正　光　君,NULL,NULL,NULL
319,千葉県,平成23年６月,1,23,6,15,定例,平成23年６月定例会（第１日目）,議長（伊藤和男君）,議長,伊藤和男,議長,内　田　悦　嗣　君　　　松　下　浩　明　君　　　瀧　田　敏　幸　君,NULL,NULL,NULL
320,千葉県,平成23年６月,1,23,6,15,定例,平成23年６月定例会（第１日目）,議長（伊藤和男君）,議長,伊藤和男,議長,大　松　重　和　君　　　佐　藤　　　浩　君　　　水　野　文　也　君,NULL,NULL,NULL
321,千葉県,平成23年６月,1,23,6,15,定例,平成23年６月定例会（第１日目）,議長（伊藤和男君）,議長,伊藤和男,議長,ふじしろ政　夫　君　　　岡　田　幸　子　君　　　阿　部　俊　昭　君,NULL,NULL,NULL
322,千葉県,平成23年６月,1,23,6,15,定例,平成23年６月定例会（第１日目）,議長（伊藤和男君）,議長,伊藤和男,議長,矢　崎　堅太郎　君　　　石　井　宏　子　君　　　天　野　行　雄　君,NULL,NULL,NULL
323,千葉県,平成23年６月,1,23,6,15,定例,平成23年６月定例会（第１日目）,議長（伊藤和男君）,議長,伊藤和男,議長,横　堀　喜一郎　君　　　花　崎　広　毅　君　　　伊　藤　昌　弘　君,NULL,NULL,NULL
324,千葉県,平成23年６月,1,23,6,15,定例,平成23年６月定例会（第１日目）,議長（伊藤和男君）,議長,伊藤和男,議長,鈴　木　　　衛　君　　　江野澤　吉　克　君　　　木　下　敬　二　君,NULL,NULL,NULL
325,千葉県,平成23年６月,1,23,6,15,定例,平成23年６月定例会（第１日目）,議長（伊藤和男君）,議長,伊藤和男,議長,今　井　　　勝　君　　　秋　山　光　章　君　　　渡　辺　芳　邦　君,NULL,NULL,NULL
326,千葉県,平成23年６月,1,23,6,15,定例,平成23年６月定例会（第１日目）,議長（伊藤和男君）,議長,伊藤和男,議長,臼　井　正　一　君　　　佐　野　　　彰　君　　　谷田部　勝　男　君,NULL,NULL,NULL
327,千葉県,平成23年６月,1,23,6,15,定例,平成23年６月定例会（第１日目）,議長（伊藤和男君）,議長,伊藤和男,議長,中　台　良　男　君　　　山　本　友　子　君　　　加　藤　英　雄　君,NULL,NULL,NULL
328,千葉県,平成23年６月,1,23,6,15,定例,平成23年６月定例会（第１日目）,議長（伊藤和男君）,議長,伊藤和男,議長,藤　井　弘　之　君　　　塚　定　良　治　君　　　竹　内　圭　司　君,NULL,NULL,NULL
329,千葉県,平成23年６月,1,23,6,15,定例,平成23年６月定例会（第１日目）,議長（伊藤和男君）,議長,伊藤和男,議長,田　中　信　行　君　　　堀　江　は　つ　君　　　西　田　三十五　君,NULL,NULL,NULL
330,千葉県,平成23年６月,1,23,6,15,定例,平成23年６月定例会（第１日目）,議長（伊藤和男君）,議長,伊藤和男,議長,信　田　光　保　君　　　服　部　友　則　君　　　石　毛　之　行　君,NULL,NULL,NULL
331,千葉県,平成23年６月,1,23,6,15,定例,平成23年６月定例会（第１日目）,議長（伊藤和男君）,議長,伊藤和男,議長,山　中　　　操　君　　　鈴　木　昌　俊　君　　　木名瀬　捷　司　君,NULL,NULL,NULL
332,千葉県,平成23年６月,1,23,6,15,定例,平成23年６月定例会（第１日目）,議長（伊藤和男君）,議長,伊藤和男,議長,皆　川　輝　夫　君　　　石　橋　清　孝　君　　　阿　井　伸　也　君,NULL,NULL,NULL
333,千葉県,平成23年６月,1,23,6,15,定例,平成23年６月定例会（第１日目）,議長（伊藤和男君）,議長,伊藤和男,議長,吉　本　　　充　君　　　山　口　　　登　君　　　伊　藤　　　勲　君,NULL,NULL,NULL
334,千葉県,平成23年６月,1,23,6,15,定例,平成23年６月定例会（第１日目）,議長（伊藤和男君）,議長,伊藤和男,議長,佐　藤　正　己　君　　　西　尾　憲　一　君　　　小　宮　清　子　君,NULL,NULL,NULL
335,千葉県,平成23年６月,1,23,6,15,定例,平成23年６月定例会（第１日目）,議長（伊藤和男君）,議長,伊藤和男,議長,丸　山　慎　一　君　　　赤　間　正　明　君　　　湯　浅　和　子　君,NULL,NULL,NULL
336,千葉県,平成23年６月,1,23,6,15,定例,平成23年６月定例会（第１日目）,議長（伊藤和男君）,議長,伊藤和男,議長,杉　田　守　康　君　　　河　野　俊　紀　君　　　岡　村　泰　明　君,NULL,NULL,NULL
337,千葉県,平成23年６月,1,23,6,15,定例,平成23年６月定例会（第１日目）,議長（伊藤和男君）,議長,伊藤和男,議長,本　間　　　進　君　　　宍　倉　　　登　君　　　浜　田　穂　積　君,NULL,NULL,NULL
338,千葉県,平成23年６月,1,23,6,15,定例,平成23年６月定例会（第１日目）,議長（伊藤和男君）,議長,伊藤和男,議長,本　清　秀　雄　君　　　酒　井　茂　英　君　　　河　上　　　茂　君,NULL,NULL,NULL
339,千葉県,平成23年６月,1,23,6,15,定例,平成23年６月定例会（第１日目）,議長（伊藤和男君）,議長,伊藤和男,議長,川　名　寛　章　君　　　阿　部　紘　一　君　　　遠　藤　澄　夫　君,NULL,NULL,NULL
340,千葉県,平成23年６月,1,23,6,15,定例,平成23年６月定例会（第１日目）,議長（伊藤和男君）,議長,伊藤和男,議長,宇　野　　　裕　君　　　小　松　　　実　君,NULL,NULL,NULL
341,千葉県,平成23年６月,1,23,6,15,定例,平成23年６月定例会（第１日目）,議長（伊藤和男君）,議長,伊藤和男,議長,欠　席　議　員,NULL,NULL,NULL
342,千葉県,平成23年６月,1,23,6,15,定例,平成23年６月定例会（第１日目）,議長（伊藤和男君）,議長,伊藤和男,議長,木　村　哲　也　君　　　亀　田　郁　夫　君　　　小　高　伸　太　君,NULL,NULL,NULL
343,千葉県,平成23年６月,1,23,6,15,定例,平成23年６月定例会（第１日目）,議長（伊藤和男君）,議長,伊藤和男,議長,出席説明者,NULL,NULL,NULL
344,千葉県,平成23年６月,1,23,6,15,定例,平成23年６月定例会（第１日目）,議長（伊藤和男君）,議長,伊藤和男,議長,知　　　　　　　事　　　　　　　　森　田　健　作　君,NULL,NULL,NULL
345,千葉県,平成23年６月,1,23,6,15,定例,平成23年６月定例会（第１日目）,議長（伊藤和男君）,議長,伊藤和男,議長,副　　　知　　　事　　　　　　　　石　渡　哲　彦　君,NULL,NULL,NULL
346,千葉県,平成23年６月,1,23,6,15,定例,平成23年６月定例会（第１日目）,議長（伊藤和男君）,議長,伊藤和男,議長,副　　　知　　　事　　　　　　　　坂　本　森　男　君,NULL,NULL,NULL
347,千葉県,平成23年６月,1,23,6,15,定例,平成23年６月定例会（第１日目）,議長（伊藤和男君）,議長,伊藤和男,議長,総　務　部　長　　　　　　　　　　小　宮　大一郎　君,NULL,NULL,NULL
348,千葉県,平成23年６月,1,23,6,15,定例,平成23年６月定例会（第１日目）,議長（伊藤和男君）,議長,伊藤和男,議長,総合企画部長　　　　　　　　　　　高　橋　　　渡　君,NULL,NULL,NULL
349,千葉県,平成23年６月,1,23,6,15,定例,平成23年６月定例会（第１日目）,議長（伊藤和男君）,議長,伊藤和男,議長,健康福祉部長　　　　　　　　　　　川　島　貞　夫　君,NULL,NULL,NULL
350,千葉県,平成23年６月,1,23,6,15,定例,平成23年６月定例会（第１日目）,議長（伊藤和男君）,議長,伊藤和男,議長,保健医療担当部長　　　　　　　　　井　上　　　肇　君,NULL,NULL,NULL
351,千葉県,平成23年６月,1,23,6,15,定例,平成23年６月定例会（第１日目）,議長（伊藤和男君）,議長,伊藤和男,議長,環境生活部長　　　　　　　　　　　戸　谷　久　子　君,NULL,NULL,NULL
352,千葉県,平成23年６月,1,23,6,15,定例,平成23年６月定例会（第１日目）,議長（伊藤和男君）,議長,伊藤和男,議長,商工労働部長　　　　　　　　　　　久　保　　　繁　君,NULL,NULL,NULL
353,千葉県,平成23年６月,1,23,6,15,定例,平成23年６月定例会（第１日目）,議長（伊藤和男君）,議長,伊藤和男,議長,農林水産部長　　　　　　　　　　　永　妻　能　成　君,NULL,NULL,NULL
354,千葉県,平成23年６月,1,23,6,15,定例,平成23年６月定例会（第１日目）,議長（伊藤和男君）,議長,伊藤和男,議長,県土整備部長　　　　　　　　　　　橋　場　克　司　君,NULL,NULL,NULL
355,千葉県,平成23年６月,1,23,6,15,定例,平成23年６月定例会（第１日目）,議長（伊藤和男君）,議長,伊藤和男,議長,都市整備局長　　　　　　　　　　　田　中　　　亨　君,NULL,NULL,NULL
356,千葉県,平成23年６月,1,23,6,15,定例,平成23年６月定例会（第１日目）,議長（伊藤和男君）,議長,伊藤和男,議長,防災危機管理監　　　　　　　　　　岩　舘　和　彦　君,NULL,NULL,NULL
357,千葉県,平成23年６月,1,23,6,15,定例,平成23年６月定例会（第１日目）,議長（伊藤和男君）,議長,伊藤和男,議長,会計管理者　　　　　　　　　　　　本　橋　　　誠　君,NULL,NULL,NULL
358,千葉県,平成23年６月,1,23,6,15,定例,平成23年６月定例会（第１日目）,議長（伊藤和男君）,議長,伊藤和男,議長,水　道　局　長　　　　　　　　　　名　輪　淑　行　君,NULL,NULL,NULL
359,千葉県,平成23年６月,1,23,6,15,定例,平成23年６月定例会（第１日目）,議長（伊藤和男君）,議長,伊藤和男,議長,企　業　庁　長　　　　　　　　　　高　梨　国　雄　君,NULL,NULL,NULL
360,千葉県,平成23年６月,1,23,6,15,定例,平成23年６月定例会（第１日目）,議長（伊藤和男君）,議長,伊藤和男,議長,病　院　局　長　　　　　　　　　　小　田　清　一　君,NULL,NULL,NULL
361,千葉県,平成23年６月,1,23,6,15,定例,平成23年６月定例会（第１日目）,議長（伊藤和男君）,議長,伊藤和男,議長,教　　　育　　　長　　　　　　　　鬼　澤　佳　弘　君,NULL,NULL,NULL
362,千葉県,平成23年６月,1,23,6,15,定例,平成23年６月定例会（第１日目）,議長（伊藤和男君）,議長,伊藤和男,議長,警察本部長　　　　　　　　　　　　五十嵐　邦　雄　君,NULL,NULL,NULL
363,千葉県,平成23年６月,1,23,6,15,定例,平成23年６月定例会（第１日目）,議長（伊藤和男君）,議長,伊藤和男,議長,人事委員会事務局長　　　　　　　　古　澤　昭　彦　君,NULL,NULL,NULL
364,千葉県,平成23年６月,1,23,6,15,定例,平成23年６月定例会（第１日目）,議長（伊藤和男君）,議長,伊藤和男,議長,代表監査委員　　　　　　　　　　　袴　田　哲　也　君,NULL,NULL,NULL
365,千葉県,平成23年６月,1,23,6,15,定例,平成23年６月定例会（第１日目）,議長（伊藤和男君）,議長,伊藤和男,議長,出席事務局職員,NULL,NULL,NULL
366,千葉県,平成23年６月,1,23,6,15,定例,平成23年６月定例会（第１日目）,議長（伊藤和男君）,議長,伊藤和男,議長,事　務　局　長　　　　　　　　　　平　井　俊　行,NULL,NULL,NULL
367,千葉県,平成23年６月,1,23,6,15,定例,平成23年６月定例会（第１日目）,議長（伊藤和男君）,議長,伊藤和男,議長,事務局次長　　　　　　　　　　　　竹　下　正　男,NULL,NULL,NULL
368,千葉県,平成23年６月,1,23,6,15,定例,平成23年６月定例会（第１日目）,議長（伊藤和男君）,議長,伊藤和男,議長,議　事　課　長　　　　　　　　　　藤　崎　　　勲,NULL,NULL,NULL
369,千葉県,平成23年６月,1,23,6,15,定例,平成23年６月定例会（第１日目）,議長（伊藤和男君）,議長,伊藤和男,議長,政務調査課長　　　　　　　　　　　鵜　原　　　肇,NULL,NULL,NULL
370,千葉県,平成23年６月,1,23,6,15,定例,平成23年６月定例会（第１日目）,議長（伊藤和男君）,議長,伊藤和男,議長,議事課副課長　　　　　　　　　　　曽　我　和　平,NULL,NULL,NULL
371,千葉県,平成23年６月,1,23,6,15,定例,平成23年６月定例会（第１日目）,議長（伊藤和男君）,議長,伊藤和男,議長,議　事　班　長　　　　　　　　　　神　保　恒　男,NULL,NULL,NULL
372,千葉県,平成23年６月,1,23,6,15,定例,平成23年６月定例会（第１日目）,議長（伊藤和男君）,議長,伊藤和男,議長,委員会班長　　　　　　　　　　　　伊　菅　久　雄,NULL,NULL,NULL
