1,福井県,平成23年第３６９回,1,23,5,11,臨時,平成23年第３６９回臨時会（第１号）本文,事務局長（森阪輝次君）,その他,事務局長,森阪輝次,一般選挙後最初の議会でございますので、議長が選挙されるまでの間、地方自治法第107条の規定によりまして、年長議員が臨時議長の職務を行うことになっております。,null,null,null
2,福井県,平成23年第３６９回,1,23,5,11,臨時,平成23年第３６９回臨時会（第１号）本文,事務局長（森阪輝次君）,その他,事務局長,森阪輝次,出席議員中、石川議員が年長議員でございますので、御紹介申し上げます。,null,null,null
3,福井県,平成23年第３６９回,1,23,5,11,臨時,平成23年第３６９回臨時会（第１号）本文,事務局長（森阪輝次君）,その他,事務局長,森阪輝次,〔石川与三吉君議長席に着席〕,null,null,null
4,福井県,平成23年第３６９回,1,23,5,11,臨時,平成23年第３６９回臨時会（第１号）本文,臨時議長（石川与三吉君）,議長,臨時議長,石川与三吉,ただいま紹介をいただきました石川でございます。,null,null,null
5,福井県,平成23年第３６９回,1,23,5,11,臨時,平成23年第３６９回臨時会（第１号）本文,臨時議長（石川与三吉君）,議長,臨時議長,石川与三吉,本日、招集されました第369回臨時県議会の開会に当たり、地方自治法第107条の規定により、私が臨時議長の職務を行うことになりました。,null,null,null
6,福井県,平成23年第３６９回,1,23,5,11,臨時,平成23年第３６９回臨時会（第１号）本文,臨時議長（石川与三吉君）,議長,臨時議長,石川与三吉,もとより、議長選出までの限られたものでありますが、議員各位の御協力によりまして、無事に任務を果たしたいと存じますので、何とぞ格段の御協力を賜りますよう、よろしくお願いを申し上げます。,null,null,null
7,福井県,平成23年第３６９回,1,23,5,11,臨時,平成23年第３６９回臨時会（第１号）本文,臨時議長（石川与三吉君）,議長,臨時議長,石川与三吉,開会に先立ち、東日本大震災によって、広い地域にわたり、多くの犠牲者や行方不明者が出ておりましたことは、まことに悲痛のきわみであり、被災されました方々には、忠心よりお見舞いを申し上げます。,null,null,null
8,福井県,平成23年第３６９回,1,23,5,11,臨時,平成23年第３６９回臨時会（第１号）本文,臨時議長（石川与三吉君）,議長,臨時議長,石川与三吉,ここに、犠牲者となられました方々に哀悼の意を表するため、黙祷をささげたいと思います。,null,null,null
9,福井県,平成23年第３６９回,1,23,5,11,臨時,平成23年第３６９回臨時会（第１号）本文,臨時議長（石川与三吉君）,議長,臨時議長,石川与三吉,皆様、御起立願います。,null,null,null
10,福井県,平成23年第３６９回,1,23,5,11,臨時,平成23年第３６９回臨時会（第１号）本文,臨時議長（石川与三吉君）,議長,臨時議長,石川与三吉,黙祷。,null,null,null
11,福井県,平成23年第３６９回,1,23,5,11,臨時,平成23年第３６９回臨時会（第１号）本文,臨時議長（石川与三吉君）,議長,臨時議長,石川与三吉,〔黙　　　祷〕,null,null,null
12,福井県,平成23年第３６９回,1,23,5,11,臨時,平成23年第３６９回臨時会（第１号）本文,臨時議長（石川与三吉君）,議長,臨時議長,石川与三吉,黙祷を終わります。,null,null,null
13,福井県,平成23年第３６９回,1,23,5,11,臨時,平成23年第３６９回臨時会（第１号）本文,臨時議長（石川与三吉君）,議長,臨時議長,石川与三吉,御着席ください。,null,null,null
14,福井県,平成23年第３６９回,1,23,5,11,臨時,平成23年第３６９回臨時会（第１号）本文,臨時議長（石川与三吉君）,議長,臨時議長,石川与三吉,━━━━━━━━━━━━━━━━━━━,null,null,null
15,福井県,平成23年第３６９回,1,23,5,11,臨時,平成23年第３６９回臨時会（第１号）本文,臨時議長（石川与三吉君）,議長,臨時議長,石川与三吉,第369回臨時県議会はここに成立いたしましたので、これより開会し、直ちに本日の会議を開きます。,null,null,null
16,福井県,平成23年第３６９回,1,23,5,11,臨時,平成23年第３６９回臨時会（第１号）本文,臨時議長（石川与三吉君）,議長,臨時議長,石川与三吉,━━━━━━━━━━━━━━━━━━━,null,null,null
17,福井県,平成23年第３６９回,1,23,5,11,臨時,平成23年第３６９回臨時会（第１号）本文,臨時議長（石川与三吉君）,議長,臨時議長,石川与三吉,まず、書記から諸般の報告をさせます。,null,null,null
18,福井県,平成23年第３６９回,1,23,5,11,臨時,平成23年第３６９回臨時会（第１号）本文,臨時議長（石川与三吉君）,議長,臨時議長,石川与三吉,〔書　記　報　告〕,null,null,null
19,福井県,平成23年第３６９回,1,23,5,11,臨時,平成23年第３６９回臨時会（第１号）本文,臨時議長（石川与三吉君）,議長,臨時議長,石川与三吉,政　推　第152号,null,null,null
20,福井県,平成23年第３６９回,1,23,5,11,臨時,平成23年第３６９回臨時会（第１号）本文,臨時議長（石川与三吉君）,議長,臨時議長,石川与三吉,平成23年5月2日,null,null,null
21,福井県,平成23年第３６９回,1,23,5,11,臨時,平成23年第３６９回臨時会（第１号）本文,臨時議長（石川与三吉君）,議長,臨時議長,石川与三吉,福井県議会事務局長　　様,null,null,null
22,福井県,平成23年第３６９回,1,23,5,11,臨時,平成23年第３６９回臨時会（第１号）本文,臨時議長（石川与三吉君）,議長,臨時議長,石川与三吉,福井県知事　西　川　一　誠,null,null,null
23,福井県,平成23年第３６９回,1,23,5,11,臨時,平成23年第３６９回臨時会（第１号）本文,臨時議長（石川与三吉君）,議長,臨時議長,石川与三吉,臨時県議会の招集について,null,null,null
24,福井県,平成23年第３６９回,1,23,5,11,臨時,平成23年第３６９回臨時会（第１号）本文,臨時議長（石川与三吉君）,議長,臨時議長,石川与三吉,第369回臨時福井県議会を別添のとおり招集することになりましたので、通知します。,null,null,null
25,福井県,平成23年第３６９回,1,23,5,11,臨時,平成23年第３６９回臨時会（第１号）本文,臨時議長（石川与三吉君）,議長,臨時議長,石川与三吉,（別　添）,null,null,null
26,福井県,平成23年第３６９回,1,23,5,11,臨時,平成23年第３６９回臨時会（第１号）本文,臨時議長（石川与三吉君）,議長,臨時議長,石川与三吉,福井県告示第210号,null,null,null
27,福井県,平成23年第３６９回,1,23,5,11,臨時,平成23年第３６９回臨時会（第１号）本文,臨時議長（石川与三吉君）,議長,臨時議長,石川与三吉,第369回臨時福井県議会を次のとおり招集する。,null,null,null
28,福井県,平成23年第３６９回,1,23,5,11,臨時,平成23年第３６９回臨時会（第１号）本文,臨時議長（石川与三吉君）,議長,臨時議長,石川与三吉,平成23年5月2日,null,null,null
29,福井県,平成23年第３６９回,1,23,5,11,臨時,平成23年第３６９回臨時会（第１号）本文,臨時議長（石川与三吉君）,議長,臨時議長,石川与三吉,福井県知事　西　川　一　誠,null,null,null
30,福井県,平成23年第３６９回,1,23,5,11,臨時,平成23年第３６９回臨時会（第１号）本文,臨時議長（石川与三吉君）,議長,臨時議長,石川与三吉,１　期日　平成23年５月11日　午前10時,null,null,null
31,福井県,平成23年第３６９回,1,23,5,11,臨時,平成23年第３６９回臨時会（第１号）本文,臨時議長（石川与三吉君）,議長,臨時議長,石川与三吉,２　場所　福井県議会議事堂,null,null,null
32,福井県,平成23年第３６９回,1,23,5,11,臨時,平成23年第３６９回臨時会（第１号）本文,臨時議長（石川与三吉君）,議長,臨時議長,石川与三吉,３　付議事件,null,null,null
33,福井県,平成23年第３６９回,1,23,5,11,臨時,平成23年第３６９回臨時会（第１号）本文,臨時議長（石川与三吉君）,議長,臨時議長,石川与三吉,（１）議長の選挙について,null,null,null
34,福井県,平成23年第３６９回,1,23,5,11,臨時,平成23年第３６９回臨時会（第１号）本文,臨時議長（石川与三吉君）,議長,臨時議長,石川与三吉,（２）副議長の選挙について,null,null,null
35,福井県,平成23年第３６９回,1,23,5,11,臨時,平成23年第３６９回臨時会（第１号）本文,臨時議長（石川与三吉君）,議長,臨時議長,石川与三吉,（３）常任委員会委員および議会運営委員会委員の選任について,null,null,null
36,福井県,平成23年第３６９回,1,23,5,11,臨時,平成23年第３６９回臨時会（第１号）本文,臨時議長（石川与三吉君）,議長,臨時議長,石川与三吉,（４）特別委員会の設置および委員の選任について,null,null,null
37,福井県,平成23年第３６９回,1,23,5,11,臨時,平成23年第３６９回臨時会（第１号）本文,臨時議長（石川与三吉君）,議長,臨時議長,石川与三吉,（５）福井県特別職の職員の給与および旅費に関する条例および福井県教育長の給与、勤務時間,null,null,null
38,福井県,平成23年第３６９回,1,23,5,11,臨時,平成23年第３６９回臨時会（第１号）本文,臨時議長（石川与三吉君）,議長,臨時議長,石川与三吉,その他の勤務条件に関する条例の一部改正について,null,null,null
39,福井県,平成23年第３６９回,1,23,5,11,臨時,平成23年第３６９回臨時会（第１号）本文,臨時議長（石川与三吉君）,議長,臨時議長,石川与三吉,（６）専決処分につき承認を求めることについて（福井県県税条例の一部改正について）,null,null,null
40,福井県,平成23年第３６９回,1,23,5,11,臨時,平成23年第３６９回臨時会（第１号）本文,臨時議長（石川与三吉君）,議長,臨時議長,石川与三吉,（７）専決処分につき承認を求めることについて（特定地域等の振興を促進するための県税の課,null,null,null
41,福井県,平成23年第３６９回,1,23,5,11,臨時,平成23年第３６９回臨時会（第１号）本文,臨時議長（石川与三吉君）,議長,臨時議長,石川与三吉,税の特例に関する条例の一部改正について）,null,null,null
42,福井県,平成23年第３６９回,1,23,5,11,臨時,平成23年第３６９回臨時会（第１号）本文,臨時議長（石川与三吉君）,議長,臨時議長,石川与三吉,（８）専決処分につき承認を求めることについて（和解について）,null,null,null
43,福井県,平成23年第３６９回,1,23,5,11,臨時,平成23年第３６９回臨時会（第１号）本文,臨時議長（石川与三吉君）,議長,臨時議長,石川与三吉,（９）福井県監査委員選任の同意について,null,null,null
44,福井県,平成23年第３６９回,1,23,5,11,臨時,平成23年第３６９回臨時会（第１号）本文,臨時議長（石川与三吉君）,議長,臨時議長,石川与三吉,（10）専決処分の報告について（損害賠償額の決定および和解について）,null,null,null
45,福井県,平成23年第３６９回,1,23,5,11,臨時,平成23年第３６９回臨時会（第１号）本文,臨時議長（石川与三吉君）,議長,臨時議長,石川与三吉,───────────────────,null,null,null
46,福井県,平成23年第３６９回,1,23,5,11,臨時,平成23年第３６９回臨時会（第１号）本文,臨時議長（石川与三吉君）,議長,臨時議長,石川与三吉,政　推　第159号,null,null,null
47,福井県,平成23年第３６９回,1,23,5,11,臨時,平成23年第３６９回臨時会（第１号）本文,臨時議長（石川与三吉君）,議長,臨時議長,石川与三吉,平成23年5月10日,null,null,null
48,福井県,平成23年第３６９回,1,23,5,11,臨時,平成23年第３６９回臨時会（第１号）本文,臨時議長（石川与三吉君）,議長,臨時議長,石川与三吉,福井県議会事務局長　　様,null,null,null
49,福井県,平成23年第３６９回,1,23,5,11,臨時,平成23年第３６９回臨時会（第１号）本文,臨時議長（石川与三吉君）,議長,臨時議長,石川与三吉,福井県知事　西　川　一　誠,null,null,null
50,福井県,平成23年第３６９回,1,23,5,11,臨時,平成23年第３６９回臨時会（第１号）本文,臨時議長（石川与三吉君）,議長,臨時議長,石川与三吉,臨時県議会の付議事件の追加について,null,null,null
51,福井県,平成23年第３６９回,1,23,5,11,臨時,平成23年第３６９回臨時会（第１号）本文,臨時議長（石川与三吉君）,議長,臨時議長,石川与三吉,第369回臨時福井県議会の付議事件について別添のとおり追加することになりましたので、通知,null,null,null
52,福井県,平成23年第３６９回,1,23,5,11,臨時,平成23年第３６９回臨時会（第１号）本文,臨時議長（石川与三吉君）,議長,臨時議長,石川与三吉,します。,null,null,null
53,福井県,平成23年第３６９回,1,23,5,11,臨時,平成23年第３６９回臨時会（第１号）本文,臨時議長（石川与三吉君）,議長,臨時議長,石川与三吉,（別　添）,null,null,null
54,福井県,平成23年第３６９回,1,23,5,11,臨時,平成23年第３６９回臨時会（第１号）本文,臨時議長（石川与三吉君）,議長,臨時議長,石川与三吉,福井県告示第222号,null,null,null
55,福井県,平成23年第３６９回,1,23,5,11,臨時,平成23年第３６９回臨時会（第１号）本文,臨時議長（石川与三吉君）,議長,臨時議長,石川与三吉,第369回臨時福井県議会の付議事件に次の事件を追加する。,null,null,null
56,福井県,平成23年第３６９回,1,23,5,11,臨時,平成23年第３６９回臨時会（第１号）本文,臨時議長（石川与三吉君）,議長,臨時議長,石川与三吉,平成23年5月10日,null,null,null
57,福井県,平成23年第３６９回,1,23,5,11,臨時,平成23年第３６９回臨時会（第１号）本文,臨時議長（石川与三吉君）,議長,臨時議長,石川与三吉,福井県知事　西　川　一　誠,null,null,null
58,福井県,平成23年第３６９回,1,23,5,11,臨時,平成23年第３６９回臨時会（第１号）本文,臨時議長（石川与三吉君）,議長,臨時議長,石川与三吉,１　福井県副知事選任の同意について,null,null,null
59,福井県,平成23年第３６９回,1,23,5,11,臨時,平成23年第３６９回臨時会（第１号）本文,臨時議長（石川与三吉君）,議長,臨時議長,石川与三吉,───────────────────,null,null,null
60,福井県,平成23年第３６９回,1,23,5,11,臨時,平成23年第３６９回臨時会（第１号）本文,臨時議長（石川与三吉君）,議長,臨時議長,石川与三吉,政　推　第158号,null,null,null
61,福井県,平成23年第３６９回,1,23,5,11,臨時,平成23年第３６９回臨時会（第１号）本文,臨時議長（石川与三吉君）,議長,臨時議長,石川与三吉,平成23年5月10日,null,null,null
62,福井県,平成23年第３６９回,1,23,5,11,臨時,平成23年第３６９回臨時会（第１号）本文,臨時議長（石川与三吉君）,議長,臨時議長,石川与三吉,福井県議会事務局長　　様,null,null,null
63,福井県,平成23年第３６９回,1,23,5,11,臨時,平成23年第３６９回臨時会（第１号）本文,臨時議長（石川与三吉君）,議長,臨時議長,石川与三吉,福井県知事　西　川　一　誠,null,null,null
64,福井県,平成23年第３６９回,1,23,5,11,臨時,平成23年第３６９回臨時会（第１号）本文,臨時議長（石川与三吉君）,議長,臨時議長,石川与三吉,議案の送付について,null,null,null
65,福井県,平成23年第３６９回,1,23,5,11,臨時,平成23年第３６９回臨時会（第１号）本文,臨時議長（石川与三吉君）,議長,臨時議長,石川与三吉,第369回臨時福井県議会に提出する議案を別添のとおり送付します。,null,null,null
66,福井県,平成23年第３６９回,1,23,5,11,臨時,平成23年第３６９回臨時会（第１号）本文,臨時議長（石川与三吉君）,議長,臨時議長,石川与三吉,（別　添）,null,null,null
67,福井県,平成23年第３６９回,1,23,5,11,臨時,平成23年第３６９回臨時会（第１号）本文,臨時議長（石川与三吉君）,議長,臨時議長,石川与三吉,第30号議案　福井県特別職の職員の給与および旅費に関する条例および福井県教育長の給与、勤務,null,null,null
68,福井県,平成23年第３６９回,1,23,5,11,臨時,平成23年第３６９回臨時会（第１号）本文,臨時議長（石川与三吉君）,議長,臨時議長,石川与三吉,時間その他の勤務条件に関する条例の一部改正について,null,null,null
69,福井県,平成23年第３６９回,1,23,5,11,臨時,平成23年第３６９回臨時会（第１号）本文,臨時議長（石川与三吉君）,議長,臨時議長,石川与三吉,第31号議案　専決処分につき承認を求めることについて（福井県県税条例の一部改正について）,null,null,null
70,福井県,平成23年第３６９回,1,23,5,11,臨時,平成23年第３６９回臨時会（第１号）本文,臨時議長（石川与三吉君）,議長,臨時議長,石川与三吉,第32号議案　専決処分につき承認を求めることについて（特定地域等の振興を促進するための県税,null,null,null
71,福井県,平成23年第３６９回,1,23,5,11,臨時,平成23年第３６９回臨時会（第１号）本文,臨時議長（石川与三吉君）,議長,臨時議長,石川与三吉,の課税の特例に関する条例の一部改正について）,null,null,null
72,福井県,平成23年第３６９回,1,23,5,11,臨時,平成23年第３６９回臨時会（第１号）本文,臨時議長（石川与三吉君）,議長,臨時議長,石川与三吉,第33号議案　専決処分につき承認を求めることについて（和解について）,null,null,null
73,福井県,平成23年第３６９回,1,23,5,11,臨時,平成23年第３６９回臨時会（第１号）本文,臨時議長（石川与三吉君）,議長,臨時議長,石川与三吉,第34号議案　福井県副知事選任の同意について,null,null,null
74,福井県,平成23年第３６９回,1,23,5,11,臨時,平成23年第３６９回臨時会（第１号）本文,臨時議長（石川与三吉君）,議長,臨時議長,石川与三吉,第35号議案　福井県監査委員選任の同意について,null,null,null
75,福井県,平成23年第３６９回,1,23,5,11,臨時,平成23年第３６９回臨時会（第１号）本文,臨時議長（石川与三吉君）,議長,臨時議長,石川与三吉,第36号議案　福井県監査委員選任の同意について,null,null,null
76,福井県,平成23年第３６９回,1,23,5,11,臨時,平成23年第３６９回臨時会（第１号）本文,臨時議長（石川与三吉君）,議長,臨時議長,石川与三吉,報告第１号　専決処分の報告について（損害賠償額の決定および和解について）,null,null,null
77,福井県,平成23年第３６９回,1,23,5,11,臨時,平成23年第３６９回臨時会（第１号）本文,臨時議長（石川与三吉君）,議長,臨時議長,石川与三吉,報告第２号　専決処分の報告について（損害賠償額の決定および和解について）,null,null,null
78,福井県,平成23年第３６９回,1,23,5,11,臨時,平成23年第３６９回臨時会（第１号）本文,臨時議長（石川与三吉君）,議長,臨時議長,石川与三吉,───────────────────,null,null,null
79,福井県,平成23年第３６９回,1,23,5,11,臨時,平成23年第３６９回臨時会（第１号）本文,臨時議長（石川与三吉君）,議長,臨時議長,石川与三吉,福監第41号,null,null,null
80,福井県,平成23年第３６９回,1,23,5,11,臨時,平成23年第３６９回臨時会（第１号）本文,臨時議長（石川与三吉君）,議長,臨時議長,石川与三吉,平成23年3月15日,null,null,null
81,福井県,平成23年第３６９回,1,23,5,11,臨時,平成23年第３６９回臨時会（第１号）本文,臨時議長（石川与三吉君）,議長,臨時議長,石川与三吉,福井県議会議長,null,null,null
82,福井県,平成23年第３６９回,1,23,5,11,臨時,平成23年第３６９回臨時会（第１号）本文,臨時議長（石川与三吉君）,議長,臨時議長,石川与三吉,中　川　平　一　　様,null,null,null
83,福井県,平成23年第３６９回,1,23,5,11,臨時,平成23年第３６９回臨時会（第１号）本文,臨時議長（石川与三吉君）,議長,臨時議長,石川与三吉,福井県監査委員　笠　松　泰　夫,null,null,null
84,福井県,平成23年第３６９回,1,23,5,11,臨時,平成23年第３６９回臨時会（第１号）本文,臨時議長（石川与三吉君）,議長,臨時議長,石川与三吉,大久保　　　衛,null,null,null
85,福井県,平成23年第３６９回,1,23,5,11,臨時,平成23年第３６９回臨時会（第１号）本文,臨時議長（石川与三吉君）,議長,臨時議長,石川与三吉,辻　岡　俊　三,null,null,null
86,福井県,平成23年第３６９回,1,23,5,11,臨時,平成23年第３６９回臨時会（第１号）本文,臨時議長（石川与三吉君）,議長,臨時議長,石川与三吉,朝　山　美樹雄,null,null,null
87,福井県,平成23年第３６９回,1,23,5,11,臨時,平成23年第３６９回臨時会（第１号）本文,臨時議長（石川与三吉君）,議長,臨時議長,石川与三吉,定期監査の結果に関する報告について,null,null,null
88,福井県,平成23年第３６９回,1,23,5,11,臨時,平成23年第３６９回臨時会（第１号）本文,臨時議長（石川与三吉君）,議長,臨時議長,石川与三吉,地方自治法第199条第１項、第２項および第４項の規定に基づき実施した監査の結果に関する報,null,null,null
89,福井県,平成23年第３６９回,1,23,5,11,臨時,平成23年第３６９回臨時会（第１号）本文,臨時議長（石川与三吉君）,議長,臨時議長,石川与三吉,告を、同条第９項の規定により次のとおり提出します。,null,null,null
90,福井県,平成23年第３６９回,1,23,5,11,臨時,平成23年第３６９回臨時会（第１号）本文,臨時議長（石川与三吉君）,議長,臨時議長,石川与三吉,〔別添資料省略〕,null,null,null
91,福井県,平成23年第３６９回,1,23,5,11,臨時,平成23年第３６９回臨時会（第１号）本文,臨時議長（石川与三吉君）,議長,臨時議長,石川与三吉,───────────────────,null,null,null
92,福井県,平成23年第３６９回,1,23,5,11,臨時,平成23年第３６９回臨時会（第１号）本文,臨時議長（石川与三吉君）,議長,臨時議長,石川与三吉,福監第42号,null,null,null
93,福井県,平成23年第３６９回,1,23,5,11,臨時,平成23年第３６９回臨時会（第１号）本文,臨時議長（石川与三吉君）,議長,臨時議長,石川与三吉,平成23年3月15日,null,null,null
94,福井県,平成23年第３６９回,1,23,5,11,臨時,平成23年第３６９回臨時会（第１号）本文,臨時議長（石川与三吉君）,議長,臨時議長,石川与三吉,福井県議会議長,null,null,null
95,福井県,平成23年第３６９回,1,23,5,11,臨時,平成23年第３６９回臨時会（第１号）本文,臨時議長（石川与三吉君）,議長,臨時議長,石川与三吉,中　川　平　一　　様,null,null,null
96,福井県,平成23年第３６９回,1,23,5,11,臨時,平成23年第３６９回臨時会（第１号）本文,臨時議長（石川与三吉君）,議長,臨時議長,石川与三吉,福井県監査委員　笠　松　泰　夫,null,null,null
97,福井県,平成23年第３６９回,1,23,5,11,臨時,平成23年第３６９回臨時会（第１号）本文,臨時議長（石川与三吉君）,議長,臨時議長,石川与三吉,大久保　　　衛,null,null,null
98,福井県,平成23年第３６９回,1,23,5,11,臨時,平成23年第３６９回臨時会（第１号）本文,臨時議長（石川与三吉君）,議長,臨時議長,石川与三吉,辻　岡　俊　三,null,null,null
99,福井県,平成23年第３６９回,1,23,5,11,臨時,平成23年第３６９回臨時会（第１号）本文,臨時議長（石川与三吉君）,議長,臨時議長,石川与三吉,朝　山　美樹雄,null,null,null
100,福井県,平成23年第３６９回,1,23,5,11,臨時,平成23年第３６９回臨時会（第１号）本文,臨時議長（石川与三吉君）,議長,臨時議長,石川与三吉,監査の結果に関する報告について,null,null,null
101,福井県,平成23年第３６９回,1,23,5,11,臨時,平成23年第３６９回臨時会（第１号）本文,臨時議長（石川与三吉君）,議長,臨時議長,石川与三吉,地方自治法第199条第７項の規定に基づき実施した監査の結果に関する報告を、同条第９項の規,null,null,null
102,福井県,平成23年第３６９回,1,23,5,11,臨時,平成23年第３６９回臨時会（第１号）本文,臨時議長（石川与三吉君）,議長,臨時議長,石川与三吉,定により下記のとおり提出します。,null,null,null
103,福井県,平成23年第３６９回,1,23,5,11,臨時,平成23年第３６９回臨時会（第１号）本文,臨時議長（石川与三吉君）,議長,臨時議長,石川与三吉,記,null,null,null
104,福井県,平成23年第３６９回,1,23,5,11,臨時,平成23年第３６９回臨時会（第１号）本文,臨時議長（石川与三吉君）,議長,臨時議長,石川与三吉,１　監査の対象,null,null,null
105,福井県,平成23年第３６９回,1,23,5,11,臨時,平成23年第３６９回臨時会（第１号）本文,臨時議長（石川与三吉君）,議長,臨時議長,石川与三吉,福井県が出資もしくは出えんし、補助金等を交付している団体の一部,null,null,null
106,福井県,平成23年第３６９回,1,23,5,11,臨時,平成23年第３６９回臨時会（第１号）本文,臨時議長（石川与三吉君）,議長,臨時議長,石川与三吉,２　監査の結果,null,null,null
107,福井県,平成23年第３６９回,1,23,5,11,臨時,平成23年第３６９回臨時会（第１号）本文,臨時議長（石川与三吉君）,議長,臨時議長,石川与三吉,別紙のとおり,null,null,null
108,福井県,平成23年第３６９回,1,23,5,11,臨時,平成23年第３６９回臨時会（第１号）本文,臨時議長（石川与三吉君）,議長,臨時議長,石川与三吉,〔別添資料省略〕,null,null,null
109,福井県,平成23年第３６９回,1,23,5,11,臨時,平成23年第３６９回臨時会（第１号）本文,臨時議長（石川与三吉君）,議長,臨時議長,石川与三吉,───────────────────,null,null,null
110,福井県,平成23年第３６９回,1,23,5,11,臨時,平成23年第３６９回臨時会（第１号）本文,臨時議長（石川与三吉君）,議長,臨時議長,石川与三吉,平成23年3月31日,null,null,null
111,福井県,平成23年第３６９回,1,23,5,11,臨時,平成23年第３６９回臨時会（第１号）本文,臨時議長（石川与三吉君）,議長,臨時議長,石川与三吉,福井県議会議長　　様,null,null,null
112,福井県,平成23年第３６９回,1,23,5,11,臨時,平成23年第３６９回臨時会（第１号）本文,臨時議長（石川与三吉君）,議長,臨時議長,石川与三吉,福井県包括外部監査人　　橋　本　誠　人,null,null,null
113,福井県,平成23年第３６９回,1,23,5,11,臨時,平成23年第３６９回臨時会（第１号）本文,臨時議長（石川与三吉君）,議長,臨時議長,石川与三吉,包括外部監査の結果報告書の提出について,null,null,null
114,福井県,平成23年第３６９回,1,23,5,11,臨時,平成23年第３６９回臨時会（第１号）本文,臨時議長（石川与三吉君）,議長,臨時議長,石川与三吉,平成22年度包括外部監査について、地方自治法第252条の37第５項の規定に基づき監査の結果に,null,null,null
115,福井県,平成23年第３６９回,1,23,5,11,臨時,平成23年第３６９回臨時会（第１号）本文,臨時議長（石川与三吉君）,議長,臨時議長,石川与三吉,関する報告を別添のとおり提出します。,null,null,null
116,福井県,平成23年第３６９回,1,23,5,11,臨時,平成23年第３６９回臨時会（第１号）本文,臨時議長（石川与三吉君）,議長,臨時議長,石川与三吉,〔別添資料省略〕,null,null,null
117,福井県,平成23年第３６９回,1,23,5,11,臨時,平成23年第３６９回臨時会（第１号）本文,臨時議長（石川与三吉君）,議長,臨時議長,石川与三吉,───────────────────,null,null,null
118,福井県,平成23年第３６９回,1,23,5,11,臨時,平成23年第３６９回臨時会（第１号）本文,臨時議長（石川与三吉君）,議長,臨時議長,石川与三吉,福監第３?４号,null,null,null
119,福井県,平成23年第３６９回,1,23,5,11,臨時,平成23年第３６９回臨時会（第１号）本文,臨時議長（石川与三吉君）,議長,臨時議長,石川与三吉,平成23年4月1日,null,null,null
120,福井県,平成23年第３６９回,1,23,5,11,臨時,平成23年第３６９回臨時会（第１号）本文,臨時議長（石川与三吉君）,議長,臨時議長,石川与三吉,福井県議会議長　　様,null,null,null
121,福井県,平成23年第３６９回,1,23,5,11,臨時,平成23年第３６９回臨時会（第１号）本文,臨時議長（石川与三吉君）,議長,臨時議長,石川与三吉,福井県監査委員　笠　松　泰　夫,null,null,null
122,福井県,平成23年第３６９回,1,23,5,11,臨時,平成23年第３６９回臨時会（第１号）本文,臨時議長（石川与三吉君）,議長,臨時議長,石川与三吉,大久保　　　衞,null,null,null
123,福井県,平成23年第３６９回,1,23,5,11,臨時,平成23年第３６９回臨時会（第１号）本文,臨時議長（石川与三吉君）,議長,臨時議長,石川与三吉,辻　岡　俊　三,null,null,null
124,福井県,平成23年第３６９回,1,23,5,11,臨時,平成23年第３６９回臨時会（第１号）本文,臨時議長（石川与三吉君）,議長,臨時議長,石川与三吉,朝　山　美樹雄,null,null,null
125,福井県,平成23年第３６９回,1,23,5,11,臨時,平成23年第３６９回臨時会（第１号）本文,臨時議長（石川与三吉君）,議長,臨時議長,石川与三吉,例月現金出納検査の結果に関する報告について,null,null,null
126,福井県,平成23年第３６９回,1,23,5,11,臨時,平成23年第３６９回臨時会（第１号）本文,臨時議長（石川与三吉君）,議長,臨時議長,石川与三吉,地方自治法第235条の２の規定に基づき実施した例月現金出納検査の結果を、次のとおりに提出,null,null,null
127,福井県,平成23年第３６９回,1,23,5,11,臨時,平成23年第３６９回臨時会（第１号）本文,臨時議長（石川与三吉君）,議長,臨時議長,石川与三吉,します。,null,null,null
128,福井県,平成23年第３６９回,1,23,5,11,臨時,平成23年第３６９回臨時会（第１号）本文,臨時議長（石川与三吉君）,議長,臨時議長,石川与三吉,記,null,null,null
129,福井県,平成23年第３６９回,1,23,5,11,臨時,平成23年第３６９回臨時会（第１号）本文,臨時議長（石川与三吉君）,議長,臨時議長,石川与三吉,１　検査年月日　　平成23年３月25日,null,null,null
130,福井県,平成23年第３６９回,1,23,5,11,臨時,平成23年第３６９回臨時会（第１号）本文,臨時議長（石川与三吉君）,議長,臨時議長,石川与三吉,２　検査の対象　　平成23年２月分,null,null,null
131,福井県,平成23年第３６９回,1,23,5,11,臨時,平成23年第３６９回臨時会（第１号）本文,臨時議長（石川与三吉君）,議長,臨時議長,石川与三吉,一般会計　特別会計　公営企業会計,null,null,null
132,福井県,平成23年第３６９回,1,23,5,11,臨時,平成23年第３６９回臨時会（第１号）本文,臨時議長（石川与三吉君）,議長,臨時議長,石川与三吉,３　検査の結果　　各会計の収支計算書等の計数は、関係諸帳簿および指定金融機関の預金現在高,null,null,null
133,福井県,平成23年第３６９回,1,23,5,11,臨時,平成23年第３６９回臨時会（第１号）本文,臨時議長（石川与三吉君）,議長,臨時議長,石川与三吉,証明書等と符合し、正確であることを認めた。,null,null,null
134,福井県,平成23年第３６９回,1,23,5,11,臨時,平成23年第３６９回臨時会（第１号）本文,臨時議長（石川与三吉君）,議長,臨時議長,石川与三吉,〔別添資料省略〕,null,null,null
135,福井県,平成23年第３６９回,1,23,5,11,臨時,平成23年第３６９回臨時会（第１号）本文,臨時議長（石川与三吉君）,議長,臨時議長,石川与三吉,───────────────────,null,null,null
136,福井県,平成23年第３６９回,1,23,5,11,臨時,平成23年第３６９回臨時会（第１号）本文,臨時議長（石川与三吉君）,議長,臨時議長,石川与三吉,福監第３?５号,null,null,null
137,福井県,平成23年第３６９回,1,23,5,11,臨時,平成23年第３６９回臨時会（第１号）本文,臨時議長（石川与三吉君）,議長,臨時議長,石川与三吉,平成23年4月28日,null,null,null
138,福井県,平成23年第３６９回,1,23,5,11,臨時,平成23年第３６９回臨時会（第１号）本文,臨時議長（石川与三吉君）,議長,臨時議長,石川与三吉,福井県議会議長　　様,null,null,null
139,福井県,平成23年第３６９回,1,23,5,11,臨時,平成23年第３６９回臨時会（第１号）本文,臨時議長（石川与三吉君）,議長,臨時議長,石川与三吉,福井県監査委員　笠　松　泰　夫,null,null,null
140,福井県,平成23年第３６９回,1,23,5,11,臨時,平成23年第３６９回臨時会（第１号）本文,臨時議長（石川与三吉君）,議長,臨時議長,石川与三吉,大久保　　　衞,null,null,null
141,福井県,平成23年第３６９回,1,23,5,11,臨時,平成23年第３６９回臨時会（第１号）本文,臨時議長（石川与三吉君）,議長,臨時議長,石川与三吉,辻　岡　俊　三,null,null,null
142,福井県,平成23年第３６９回,1,23,5,11,臨時,平成23年第３６９回臨時会（第１号）本文,臨時議長（石川与三吉君）,議長,臨時議長,石川与三吉,朝　山　美樹雄,null,null,null
143,福井県,平成23年第３６９回,1,23,5,11,臨時,平成23年第３６９回臨時会（第１号）本文,臨時議長（石川与三吉君）,議長,臨時議長,石川与三吉,例月現金出納検査の結果に関する報告について,null,null,null
144,福井県,平成23年第３６９回,1,23,5,11,臨時,平成23年第３６９回臨時会（第１号）本文,臨時議長（石川与三吉君）,議長,臨時議長,石川与三吉,地方自治法第235条の２の規定に基づき実施した例月現金出納検査の結果を、次のとおりに提出,null,null,null
145,福井県,平成23年第３６９回,1,23,5,11,臨時,平成23年第３６９回臨時会（第１号）本文,臨時議長（石川与三吉君）,議長,臨時議長,石川与三吉,します。,null,null,null
146,福井県,平成23年第３６９回,1,23,5,11,臨時,平成23年第３６９回臨時会（第１号）本文,臨時議長（石川与三吉君）,議長,臨時議長,石川与三吉,記,null,null,null
147,福井県,平成23年第３６９回,1,23,5,11,臨時,平成23年第３６９回臨時会（第１号）本文,臨時議長（石川与三吉君）,議長,臨時議長,石川与三吉,１　検査年月日　　平成23年４月26日,null,null,null
148,福井県,平成23年第３６９回,1,23,5,11,臨時,平成23年第３６９回臨時会（第１号）本文,臨時議長（石川与三吉君）,議長,臨時議長,石川与三吉,２　検査の対象　　平成23年３月分,null,null,null
149,福井県,平成23年第３６９回,1,23,5,11,臨時,平成23年第３６９回臨時会（第１号）本文,臨時議長（石川与三吉君）,議長,臨時議長,石川与三吉,一般会計　特別会計　公営企業会計,null,null,null
150,福井県,平成23年第３６９回,1,23,5,11,臨時,平成23年第３６９回臨時会（第１号）本文,臨時議長（石川与三吉君）,議長,臨時議長,石川与三吉,３　検査の結果　　各会計の収支計算書等の計数は、関係諸帳簿および指定金融機関の預金現在高,null,null,null
151,福井県,平成23年第３６９回,1,23,5,11,臨時,平成23年第３６９回臨時会（第１号）本文,臨時議長（石川与三吉君）,議長,臨時議長,石川与三吉,証明書等と符合し、正確であることを認めた。,null,null,null
152,福井県,平成23年第３６９回,1,23,5,11,臨時,平成23年第３６９回臨時会（第１号）本文,臨時議長（石川与三吉君）,議長,臨時議長,石川与三吉,〔別添資料省略〕,null,null,null
153,福井県,平成23年第３６９回,1,23,5,11,臨時,平成23年第３６９回臨時会（第１号）本文,臨時議長（石川与三吉君）,議長,臨時議長,石川与三吉,───────────────────,null,null,null
154,福井県,平成23年第３６９回,1,23,5,11,臨時,平成23年第３６９回臨時会（第１号）本文,臨時議長（石川与三吉君）,議長,臨時議長,石川与三吉,欠　席　届,null,null,null
155,福井県,平成23年第３６９回,1,23,5,11,臨時,平成23年第３６９回臨時会（第１号）本文,臨時議長（石川与三吉君）,議長,臨時議長,石川与三吉,谷　口　忠　応　議員　所用のため,null,null,null
156,福井県,平成23年第３６９回,1,23,5,11,臨時,平成23年第３６９回臨時会（第１号）本文,臨時議長（石川与三吉君）,議長,臨時議長,石川与三吉,━━━━━━━━━━━━━━━━━━━,null,null,null
157,福井県,平成23年第３６９回,1,23,5,11,臨時,平成23年第３６９回臨時会（第１号）本文,臨時議長（石川与三吉君）,議長,臨時議長,石川与三吉,ここで知事より、招集のあいさつをいたしたい旨の申し出がありましたので、許可することにいたします。,null,null,null
158,福井県,平成23年第３６９回,1,23,5,11,臨時,平成23年第３６９回臨時会（第１号）本文,臨時議長（石川与三吉君）,議長,臨時議長,石川与三吉,知事西川君。,null,null,null
159,福井県,平成23年第３６９回,1,23,5,11,臨時,平成23年第３６９回臨時会（第１号）本文,臨時議長（石川与三吉君）,議長,臨時議長,石川与三吉,〔知事西川一誠君登壇〕,null,null,null
160,福井県,平成23年第３６９回,1,23,5,11,臨時,平成23年第３６９回臨時会（第１号）本文,知事（西川一誠君）,知事,知事,西川一誠,統一地方選挙後の初の県議会が開会されるに当たり、一言ごあいさつを申し上げます。,null,null,null
161,福井県,平成23年第３６９回,1,23,5,11,臨時,平成23年第３６９回臨時会（第１号）本文,知事（西川一誠君）,知事,知事,西川一誠,議員各位におかれましては、今般行われました福井県議会議員選挙においてめでたく御当選をされ、県政の重責を担われることになりました。,null,null,null
162,福井県,平成23年第３６９回,1,23,5,11,臨時,平成23年第３６９回臨時会（第１号）本文,知事（西川一誠君）,知事,知事,西川一誠,まことにおめでとうございます。,null,null,null
163,福井県,平成23年第３６９回,1,23,5,11,臨時,平成23年第３６９回臨時会（第１号）本文,知事（西川一誠君）,知事,知事,西川一誠,心からお祝いを申し上げます。,null,null,null
164,福井県,平成23年第３６９回,1,23,5,11,臨時,平成23年第３６９回臨時会（第１号）本文,知事（西川一誠君）,知事,知事,西川一誠,また本日、県民の負託のもとに新しい第17次の県議会が発足したことについてお喜びを申し上げる次第であります。,null,null,null
165,福井県,平成23年第３６９回,1,23,5,11,臨時,平成23年第３６９回臨時会（第１号）本文,知事（西川一誠君）,知事,知事,西川一誠,私も、このたびの知事選挙において、県民から多くの御支持を賜り、知事として３期目の職責を担うことになりました。,null,null,null
166,福井県,平成23年第３６９回,1,23,5,11,臨時,平成23年第３６９回臨時会（第１号）本文,知事（西川一誠君）,知事,知事,西川一誠,県民の御支援に対し、深く感謝を申し上げますとともに、決意を新たに県政運営に臨んでまいる所存であります。,null,null,null
167,福井県,平成23年第３６９回,1,23,5,11,臨時,平成23年第３６９回臨時会（第１号）本文,知事（西川一誠君）,知事,知事,西川一誠,さて、選挙前の３月11日、東日本大震災とこれに起因する福島第一原子力発電所の大事故が発生し、我が国は今、大きな試練に直面をいたしております。,null,null,null
168,福井県,平成23年第３６９回,1,23,5,11,臨時,平成23年第３６９回臨時会（第１号）本文,知事（西川一誠君）,知事,知事,西川一誠,県民を代表して、亡くなられた多くの方々の御冥福をお祈り申し上げますとともに、被災者の皆様に心からお見舞いを申し上げます。,null,null,null
169,福井県,平成23年第３６９回,1,23,5,11,臨時,平成23年第３６９回臨時会（第１号）本文,知事（西川一誠君）,知事,知事,西川一誠,福井県では、市や町と協力しながら、発生当初から県民から寄せられたたくさんの義援物資の搬送に努め、職員やボランティアの派遣と防災機材の提供、避難者の受け入れ、ふるさと納税の代行受け付けなど、さまざまな支援策を実施してまいりました。,null,null,null
170,福井県,平成23年第３６９回,1,23,5,11,臨時,平成23年第３６９回臨時会（第１号）本文,知事（西川一誠君）,知事,知事,西川一誠,４月30日には、私自身も津波で大きな被害を受けた岩手県陸前高田市を訪れるとともに、翌５月１日には福島県の佐藤知事を訪ね、今回の福島第一原子力発電所の事故について、福井県としてでき得る限りの支援をしたいと申し上げ、激励をするとともに、互いに県民の安全を守るため協力し合うことを確認をしてまいりました。,null,null,null
171,福井県,平成23年第３６９回,1,23,5,11,臨時,平成23年第３６９回臨時会（第１号）本文,知事（西川一誠君）,知事,知事,西川一誠,震災から２カ月、被災地の復興はようやく緒についたばかりであり、また、原子力発電所の事故はまだ収束していない状況にあります。,null,null,null
172,福井県,平成23年第３６９回,1,23,5,11,臨時,平成23年第３６９回臨時会（第１号）本文,知事（西川一誠君）,知事,知事,西川一誠,引き続き、全国の自治体とともに支援を行ってまいります。,null,null,null
173,福井県,平成23年第３６９回,1,23,5,11,臨時,平成23年第３６９回臨時会（第１号）本文,知事（西川一誠君）,知事,知事,西川一誠,一方、選挙期間中、県内各地で地震や津波などの自然災害、原子力発電所の事故から何としても自分たちの生活を守ってほしいとの県民の強いお声をお聞きしました。,null,null,null
174,福井県,平成23年第３６９回,1,23,5,11,臨時,平成23年第３６９回臨時会（第１号）本文,知事（西川一誠君）,知事,知事,西川一誠,さまざまな危機から県民の安全を守ることは、自治体として最大の責務であります。,null,null,null
175,福井県,平成23年第３６９回,1,23,5,11,臨時,平成23年第３６９回臨時会（第１号）本文,知事（西川一誠君）,知事,知事,西川一誠,福井県においては、福島原子力発電所のような事故を絶対に起こさせないこと。,null,null,null
176,福井県,平成23年第３６９回,1,23,5,11,臨時,平成23年第３６９回臨時会（第１号）本文,知事（西川一誠君）,知事,知事,西川一誠,そして、そのための万全な対策を行うことを県民とお約束したところでございます。,null,null,null
177,福井県,平成23年第３６９回,1,23,5,11,臨時,平成23年第３６９回臨時会（第１号）本文,知事（西川一誠君）,知事,知事,西川一誠,原子力政策の先進県として、全国の自治体のリーダーとして、国と電力事業者に対し、安全対策全体の見直しと速やかな対応を行わせているところでありますが、今後は福井県の防災計画を国に先駆け、また、部分的には並行しながら見直しに着手し、災害危機への最初動の対策のさらなる強化、災害に強いインフラ整備などの対策を早急に進めてまいります。,null,null,null
178,福井県,平成23年第３６９回,1,23,5,11,臨時,平成23年第３６９回臨時会（第１号）本文,知事（西川一誠君）,知事,知事,西川一誠,また、エネルギー研究開発拠点化計画について、安全・安心やエネルギーの多角化の観点から、充実・強化してまいります。,null,null,null
179,福井県,平成23年第３６９回,1,23,5,11,臨時,平成23年第３６９回臨時会（第１号）本文,知事（西川一誠君）,知事,知事,西川一誠,さて、今アジアの新興国が目覚ましい成長を遂げる中、我が国においては少子高齢化が一段と進んでおります。,null,null,null
180,福井県,平成23年第３６９回,1,23,5,11,臨時,平成23年第３６９回臨時会（第１号）本文,知事（西川一誠君）,知事,知事,西川一誠,昨年末、多くの県民の参加を得て、県議会とともに策定をいたしました「福井県民の将来ビジョン」は、こうした大きな時代の流れをとらえて、福井県が目指すべき将来像を描いたものであります。,null,null,null
181,福井県,平成23年第３６９回,1,23,5,11,臨時,平成23年第３６９回臨時会（第１号）本文,知事（西川一誠君）,知事,知事,西川一誠,新しいマニフェスト「福井新々元気宣言」においては、この将来ビジョンの方針のもと、元気な産業、元気な社会、元気な県土、元気な県政の４分野にわたる具体的な政策を掲げております。,null,null,null
182,福井県,平成23年第３６９回,1,23,5,11,臨時,平成23年第３６９回臨時会（第１号）本文,知事（西川一誠君）,知事,知事,西川一誠,これからの４年間は、この「福井新々元気宣言」を県政推進の基本としながら、県議会の御支援を得、県民とともに将来ビジョンが掲げます「希望ふくい」の創造に全力を傾ける所存であります。,null,null,null
183,福井県,平成23年第３６９回,1,23,5,11,臨時,平成23年第３６９回臨時会（第１号）本文,知事（西川一誠君）,知事,知事,西川一誠,そのためには、まず福井が全国に誇っております家族や地域の温かいつながりを生かし、若者のチャレンジ、女性の活躍、高齢者のさらなる活動を応援して、希望を抱いて安心して暮らせるふるさとをつくることが重要であります。,null,null,null
184,福井県,平成23年第３６９回,1,23,5,11,臨時,平成23年第３６９回臨時会（第１号）本文,知事（西川一誠君）,知事,知事,西川一誠,そして、成長するアジアに目を向け、積極的な産業政策、農林水産業、観光、ブランド政策によって、福井の元気を引き上げていくことが急務であります。,null,null,null
185,福井県,平成23年第３６９回,1,23,5,11,臨時,平成23年第３６９回臨時会（第１号）本文,知事（西川一誠君）,知事,知事,西川一誠,安心と活力を求める県民の声にこたえ、強い産業や安定した雇用、さらには医療・福祉、子育て、教育、文化、環境など、新しい課題に全力で取り組んでまいります。,null,null,null
186,福井県,平成23年第３６９回,1,23,5,11,臨時,平成23年第３６９回臨時会（第１号）本文,知事（西川一誠君）,知事,知事,西川一誠,また、「ふるさと知事ネットワーク」など、地方同士の交流・連携を強め、国内外の新しい動きを積極的に学びながら、地方こそが国を支えている、また、地方から国を変えていくという信念を持って、福井だからこそできる地方の政策を実行してまいります。,null,null,null
187,福井県,平成23年第３６９回,1,23,5,11,臨時,平成23年第３６９回臨時会（第１号）本文,知事（西川一誠君）,知事,知事,西川一誠,今回、太平洋側中心の国土軸のリスクが顕在化し、我が国としてこれまでの国土政策を大きく転換する必要に迫られています。,null,null,null
188,福井県,平成23年第３６９回,1,23,5,11,臨時,平成23年第３６９回臨時会（第１号）本文,知事（西川一誠君）,知事,知事,西川一誠,災害に強い国土構造を目指すには、太平洋側と日本海側という相互に支え合う二つの国土軸をつくらなければなりません。,null,null,null
189,福井県,平成23年第３６９回,1,23,5,11,臨時,平成23年第３６９回臨時会（第１号）本文,知事（西川一誠君）,知事,知事,西川一誠,ただ単に東京の物を大阪へ、東日本の物を西日本へということでは解決できません。,null,null,null
190,福井県,平成23年第３６９回,1,23,5,11,臨時,平成23年第３６９回臨時会（第１号）本文,知事（西川一誠君）,知事,知事,西川一誠,そのための基盤として、日本海側の高速交通ネットワークの強化。,null,null,null
191,福井県,平成23年第３６９回,1,23,5,11,臨時,平成23年第３６９回臨時会（第１号）本文,知事（西川一誠君）,知事,知事,西川一誠,なお、未完成の道路・鉄道ルートの完結が不可欠であります。,null,null,null
192,福井県,平成23年第３６９回,1,23,5,11,臨時,平成23年第３６９回臨時会（第１号）本文,知事（西川一誠君）,知事,知事,西川一誠,こうした考え方を国に対して、関係府県にも提言をしてまいりたいと考えます。,null,null,null
193,福井県,平成23年第３６９回,1,23,5,11,臨時,平成23年第３６９回臨時会（第１号）本文,知事（西川一誠君）,知事,知事,西川一誠,平成26年度には舞鶴若狭自動車道が北陸道と直結し、嶺南地域は嶺北との一体化が一層進むだけではなく、観光や産業振興の面にも大きな期待が寄せられています。,null,null,null
194,福井県,平成23年第３６９回,1,23,5,11,臨時,平成23年第３６９回臨時会（第１号）本文,知事（西川一誠君）,知事,知事,西川一誠,また、中部縦貫自動車道も着々と工事が進捗し、さらに今後、北陸新幹線の敦賀までの延伸が実現するならば、福井の地理的条件は飛躍的に向上します。,null,null,null
195,福井県,平成23年第３６９回,1,23,5,11,臨時,平成23年第３６９回臨時会（第１号）本文,知事（西川一誠君）,知事,知事,西川一誠,平成30年には福井国体も予定されております。,null,null,null
196,福井県,平成23年第３６９回,1,23,5,11,臨時,平成23年第３６９回臨時会（第１号）本文,知事（西川一誠君）,知事,知事,西川一誠,県議会とともに、新しい高速交通ネットワークの整備促進を強力に推進するとともに、これらを生かし、産業、観光、まちづくりを次の段階に進めてまいります。,null,null,null
197,福井県,平成23年第３６９回,1,23,5,11,臨時,平成23年第３６９回臨時会（第１号）本文,知事（西川一誠君）,知事,知事,西川一誠,我が国の経済や社会システムは変革のただ中にあります。,null,null,null
198,福井県,平成23年第３６９回,1,23,5,11,臨時,平成23年第３６９回臨時会（第１号）本文,知事（西川一誠君）,知事,知事,西川一誠,それに加えまして、今回の大震災は、今後の日本経済や国民生活にさまざまな影響を及ぼすものと思われます。,null,null,null
199,福井県,平成23年第３６９回,1,23,5,11,臨時,平成23年第３６９回臨時会（第１号）本文,知事（西川一誠君）,知事,知事,西川一誠,このようなときにあって、私は新しい時代に生き生きと発展するふるさと福井県を目指して、一層努力してまいる所存でございます。,null,null,null
200,福井県,平成23年第３６９回,1,23,5,11,臨時,平成23年第３６９回臨時会（第１号）本文,知事（西川一誠君）,知事,知事,西川一誠,以上、本日の県議会の開会に当たりまして、所信の一端を申し上げました。,null,null,null
201,福井県,平成23年第３６９回,1,23,5,11,臨時,平成23年第３６９回臨時会（第１号）本文,知事（西川一誠君）,知事,知事,西川一誠,議員各位におかれましては、どうか私自身の決意をお酌み取りいただき、県政発展に向け、ともに御尽力賜りますよう心からお願い申し上げまして、ごあいさつにいたします。,null,null,null
202,福井県,平成23年第３６９回,1,23,5,11,臨時,平成23年第３６９回臨時会（第１号）本文,知事（西川一誠君）,知事,知事,西川一誠,ありがとうございます。,null,null,null
203,福井県,平成23年第３６９回,1,23,5,11,臨時,平成23年第３６９回臨時会（第１号）本文,知事（西川一誠君）,知事,知事,西川一誠,━━━━━━━━━━━━━━━━━━━,null,null,null
204,福井県,平成23年第３６９回,1,23,5,11,臨時,平成23年第３６９回臨時会（第１号）本文,臨時議長（石川与三吉君）,議長,臨時議長,石川与三吉,次に、今議会提案事件の説明等のため、地方自治法第121条の規定により、会議中お手元に配付の者の出席を求めておきましたので、御了承願います。,null,null,null
205,福井県,平成23年第３６９回,1,23,5,11,臨時,平成23年第３６９回臨時会（第１号）本文,臨時議長（石川与三吉君）,議長,臨時議長,石川与三吉,───────────────────,null,null,null
206,福井県,平成23年第３６９回,1,23,5,11,臨時,平成23年第３６９回臨時会（第１号）本文,臨時議長（石川与三吉君）,議長,臨時議長,石川与三吉,説　明　者　名　簿,null,null,null
207,福井県,平成23年第３６９回,1,23,5,11,臨時,平成23年第３６９回臨時会（第１号）本文,臨時議長（石川与三吉君）,議長,臨時議長,石川与三吉,第369回臨時会,null,null,null
208,福井県,平成23年第３６９回,1,23,5,11,臨時,平成23年第３６９回臨時会（第１号）本文,臨時議長（石川与三吉君）,議長,臨時議長,石川与三吉,知　　　　　　　事　　　　　　　　　　　　　　　　　　　　　　西　　川　　一　　誠,null,null,null
209,福井県,平成23年第３６９回,1,23,5,11,臨時,平成23年第３６９回臨時会（第１号）本文,臨時議長（石川与三吉君）,議長,臨時議長,石川与三吉,（委任を受けた者）　　　　　副　　　　知　　　　事　　　　　　旭　　　　　信　　昭,null,null,null
210,福井県,平成23年第３６９回,1,23,5,11,臨時,平成23年第３６９回臨時会（第１号）本文,臨時議長（石川与三吉君）,議長,臨時議長,石川与三吉,総　合　政　策　部　長　　　　　　森　　近　　悦　　治,null,null,null
211,福井県,平成23年第３６９回,1,23,5,11,臨時,平成23年第３６９回臨時会（第１号）本文,臨時議長（石川与三吉君）,議長,臨時議長,石川与三吉,安　全　環　境　部　長　　　　　　石　　塚　　博　　英,null,null,null
212,福井県,平成23年第３６９回,1,23,5,11,臨時,平成23年第３６９回臨時会（第１号）本文,臨時議長（石川与三吉君）,議長,臨時議長,石川与三吉,健　康　福　祉　部　長　　　　　　小　　竹　　正　　雄,null,null,null
213,福井県,平成23年第３６９回,1,23,5,11,臨時,平成23年第３６９回臨時会（第１号）本文,臨時議長（石川与三吉君）,議長,臨時議長,石川与三吉,産　業　労　働　部　長　　　　　　林　　　　　雅　　則,null,null,null
214,福井県,平成23年第３６９回,1,23,5,11,臨時,平成23年第３６９回臨時会（第１号）本文,臨時議長（石川与三吉君）,議長,臨時議長,石川与三吉,観　光　営　業　部　長　　　　　　五十嵐　　　嘉　　也,null,null,null
215,福井県,平成23年第３６９回,1,23,5,11,臨時,平成23年第３６９回臨時会（第１号）本文,臨時議長（石川与三吉君）,議長,臨時議長,石川与三吉,農　林　水　産　部　長　　　　　　山　　田　　義　　彦,null,null,null
216,福井県,平成23年第３６９回,1,23,5,11,臨時,平成23年第３６９回臨時会（第１号）本文,臨時議長（石川与三吉君）,議長,臨時議長,石川与三吉,土　　木　　部　　長　　　　　　　近　　藤　　幸　　次,null,null,null
217,福井県,平成23年第３６９回,1,23,5,11,臨時,平成23年第３６９回臨時会（第１号）本文,臨時議長（石川与三吉君）,議長,臨時議長,石川与三吉,会　計　管　理　者　　　　　　　　吉　　村　　　　　治,null,null,null
218,福井県,平成23年第３６９回,1,23,5,11,臨時,平成23年第３６９回臨時会（第１号）本文,臨時議長（石川与三吉君）,議長,臨時議長,石川与三吉,教育委員会委員　　　　　　　　　　　　　　　　　　　　　　　　稲　　山　　幹　　夫,null,null,null
219,福井県,平成23年第３６９回,1,23,5,11,臨時,平成23年第３６９回臨時会（第１号）本文,臨時議長（石川与三吉君）,議長,臨時議長,石川与三吉,（委任を受けた者）　　　　　教　　　　育　　　　長　　　　　　広　　部　　正　　紘,null,null,null
220,福井県,平成23年第３６９回,1,23,5,11,臨時,平成23年第３６９回臨時会（第１号）本文,臨時議長（石川与三吉君）,議長,臨時議長,石川与三吉,公安委員会委員　　　　　　　　　　　　　　　　　　　　　　　　松　　本　　幸太郎,null,null,null
221,福井県,平成23年第３６９回,1,23,5,11,臨時,平成23年第３６９回臨時会（第１号）本文,臨時議長（石川与三吉君）,議長,臨時議長,石川与三吉,（委任を受けた者）　　　　　警　察　本　部　長　　　　　　　　尾　　崎　　　　　徹,null,null,null
222,福井県,平成23年第３６９回,1,23,5,11,臨時,平成23年第３６９回臨時会（第１号）本文,臨時議長（石川与三吉君）,議長,臨時議長,石川与三吉,人事委員会委員　　　　　　　　　　　　　　　　　　　　　　　　木　　村　　洋　　子,null,null,null
223,福井県,平成23年第３６９回,1,23,5,11,臨時,平成23年第３６９回臨時会（第１号）本文,臨時議長（石川与三吉君）,議長,臨時議長,石川与三吉,監　査　委　員　　　　　　　　　　　　　　　　　　　　　　　　辻　　岡　　俊　　三,null,null,null
224,福井県,平成23年第３６９回,1,23,5,11,臨時,平成23年第３６９回臨時会（第１号）本文,臨時議長（石川与三吉君）,議長,臨時議長,石川与三吉,───────────────────,null,null,null
225,福井県,平成23年第３６９回,1,23,5,11,臨時,平成23年第３６９回臨時会（第１号）本文,臨時議長（石川与三吉君）,議長,臨時議長,石川与三吉,また、第368回定例会において可決されました意見書２件につきましては、関係当局に提出し、その実現方について強く要請いたしましたので御了承願います。,null,null,null
226,福井県,平成23年第３６９回,1,23,5,11,臨時,平成23年第３６９回臨時会（第１号）本文,臨時議長（石川与三吉君）,議長,臨時議長,石川与三吉,━━━━━━━━━━━━━━━━━━━,null,null,null
227,福井県,平成23年第３６９回,1,23,5,11,臨時,平成23年第３６９回臨時会（第１号）本文,臨時議長（石川与三吉君）,議長,臨時議長,石川与三吉,なお、谷出君より杖を使用したい旨の申し出があり、会議規則第102条の規定により、これを許可することにいたしましたので、御了承願います。,null,null,null
228,福井県,平成23年第３６９回,1,23,5,11,臨時,平成23年第３６９回臨時会（第１号）本文,臨時議長（石川与三吉君）,議長,臨時議長,石川与三吉,━━━━━━━━━━━━━━━━━━━,null,null,null
229,福井県,平成23年第３６９回,1,23,5,11,臨時,平成23年第３６９回臨時会（第１号）本文,臨時議長（石川与三吉君）,議長,臨時議長,石川与三吉,本日の議事日程は、お手元に配付いたしましたとおりと定め、直ちに議事に入ります。,null,null,null
230,福井県,平成23年第３６９回,1,23,5,11,臨時,平成23年第３６９回臨時会（第１号）本文,臨時議長（石川与三吉君）,議長,臨時議長,石川与三吉,━━━━━━━━━━━━━━━━━━━,null,null,null
231,福井県,平成23年第３６９回,1,23,5,11,臨時,平成23年第３６９回臨時会（第１号）本文,臨時議長（石川与三吉君）,議長,臨時議長,石川与三吉,第１　議席の指定について,null,null,null
232,福井県,平成23年第３６９回,1,23,5,11,臨時,平成23年第３６９回臨時会（第１号）本文,臨時議長（石川与三吉君）,議長,臨時議長,石川与三吉,まず、日程第１議席の指定を行います。,null,null,null
233,福井県,平成23年第３６９回,1,23,5,11,臨時,平成23年第３６９回臨時会（第１号）本文,臨時議長（石川与三吉君）,議長,臨時議長,石川与三吉,議席は、会議規則第４条第１項の規定により、ただいま御着席のとおり指定いたしましたので、御了承願います。,null,null,null
234,福井県,平成23年第３６９回,1,23,5,11,臨時,平成23年第３６９回臨時会（第１号）本文,臨時議長（石川与三吉君）,議長,臨時議長,石川与三吉,───────────────────,null,null,null
235,福井県,平成23年第３６９回,1,23,5,11,臨時,平成23年第３６９回臨時会（第１号）本文,臨時議長（石川与三吉君）,議長,臨時議長,石川与三吉,新　議　席　表,null,null,null
236,福井県,平成23年第３６９回,1,23,5,11,臨時,平成23年第３６９回臨時会（第１号）本文,臨時議長（石川与三吉君）,議長,臨時議長,石川与三吉,１番　　西　　畑　　知佐代　　　　　　　　　　　　20番　　大久保　　　　　　衞,null,null,null
237,福井県,平成23年第３６９回,1,23,5,11,臨時,平成23年第３６９回臨時会（第１号）本文,臨時議長（石川与三吉君）,議長,臨時議長,石川与三吉,２番　　細　　川　　かをり　　　　　　　　　　　　21番　　松　　井　　拓　　夫,null,null,null
238,福井県,平成23年第３６９回,1,23,5,11,臨時,平成23年第３６９回臨時会（第１号）本文,臨時議長（石川与三吉君）,議長,臨時議長,石川与三吉,３番　　島　　田　　欽　　一　　　　　　　　　　　22番　　笹　　岡　　一　　彦,null,null,null
239,福井県,平成23年第３６９回,1,23,5,11,臨時,平成23年第３６９回臨時会（第１号）本文,臨時議長（石川与三吉君）,議長,臨時議長,石川与三吉,４番　　小　　寺　　惣　　吉　　　　　　　　　　　23番　　谷　　出　　晴　　彦,null,null,null
240,福井県,平成23年第３６９回,1,23,5,11,臨時,平成23年第３６９回臨時会（第１号）本文,臨時議長（石川与三吉君）,議長,臨時議長,石川与三吉,５番　　田　　中　　宏　　典　　　　　　　　　　　24番　　小　　泉　　剛　　康,null,null,null
241,福井県,平成23年第３６９回,1,23,5,11,臨時,平成23年第３６９回臨時会（第１号）本文,臨時議長（石川与三吉君）,議長,臨時議長,石川与三吉,６番　　大　　森　　哲　　男　　　　　　　　　　　25番　　田　　中　　敏　　幸,null,null,null
242,福井県,平成23年第３６９回,1,23,5,11,臨時,平成23年第３６９回臨時会（第１号）本文,臨時議長（石川与三吉君）,議長,臨時議長,石川与三吉,７番　　佐　　藤　　正　　雄　　　　　　　　　　　26番　　斉　　藤　　新　　緑,null,null,null
243,福井県,平成23年第３６９回,1,23,5,11,臨時,平成23年第３６９回臨時会（第１号）本文,臨時議長（石川与三吉君）,議長,臨時議長,石川与三吉,８番　　西　　本　　正　　俊　　　　　　　　　　　27番　　石　　橋　　壮一郎,null,null,null
244,福井県,平成23年第３６９回,1,23,5,11,臨時,平成23年第３６９回臨時会（第１号）本文,臨時議長（石川与三吉君）,議長,臨時議長,石川与三吉,９番　　玉　　村　　和　　夫　　　　　　　　　　　28番　　山　　本　　正　　雄,null,null,null
245,福井県,平成23年第３６９回,1,23,5,11,臨時,平成23年第３６９回臨時会（第１号）本文,臨時議長（石川与三吉君）,議長,臨時議長,石川与三吉,10番　　笠　　松　　泰　　夫　　　　　　　　　　　29番　　野　　田　　富　　久,null,null,null
246,福井県,平成23年第３６９回,1,23,5,11,臨時,平成23年第３６９回臨時会（第１号）本文,臨時議長（石川与三吉君）,議長,臨時議長,石川与三吉,11番　　仲　　倉　　典　　克　　　　　　　　　　　30番　　中　　川　　平　　一,null,null,null
247,福井県,平成23年第３６９回,1,23,5,11,臨時,平成23年第３６９回臨時会（第１号）本文,臨時議長（石川与三吉君）,議長,臨時議長,石川与三吉,12番　　鈴　　木　　宏　　紀　　　　　　　　　　　31番　　山　　岸　　猛　　夫,null,null,null
248,福井県,平成23年第３６９回,1,23,5,11,臨時,平成23年第３６９回臨時会（第１号）本文,臨時議長（石川与三吉君）,議長,臨時議長,石川与三吉,13番　　田　　村　　康　　夫　　　　　　　　　　　32番　　前　　田　　康　　博,null,null,null
249,福井県,平成23年第３６９回,1,23,5,11,臨時,平成23年第３６９回臨時会（第１号）本文,臨時議長（石川与三吉君）,議長,臨時議長,石川与三吉,14番　　松　　田　　泰　　典　　　　　　　　　　　33番　　石　　川　　与三吉,null,null,null
250,福井県,平成23年第３６９回,1,23,5,11,臨時,平成23年第３６９回臨時会（第１号）本文,臨時議長（石川与三吉君）,議長,臨時議長,石川与三吉,15番　　谷　　口　　忠　　応　　　　　　　　　　　34番　　屋　　敷　　　　　勇,null,null,null
251,福井県,平成23年第３６９回,1,23,5,11,臨時,平成23年第３６９回臨時会（第１号）本文,臨時議長（石川与三吉君）,議長,臨時議長,石川与三吉,16番　　山　　田　　庄　　司　　　　　　　　　　　35番　　関　　　　　孝　　治,null,null,null
252,福井県,平成23年第３６９回,1,23,5,11,臨時,平成23年第３６９回臨時会（第１号）本文,臨時議長（石川与三吉君）,議長,臨時議長,石川与三吉,17番　　糀　　谷　　好　　晃　　　　　　　　　　　36番　　山　　本　　芳　　男,null,null,null
253,福井県,平成23年第３６９回,1,23,5,11,臨時,平成23年第３６９回臨時会（第１号）本文,臨時議長（石川与三吉君）,議長,臨時議長,石川与三吉,18番　　鈴　　木　　宏　　治　　　　　　　　　　　37番　　山　　本　　文　　雄,null,null,null
254,福井県,平成23年第３６９回,1,23,5,11,臨時,平成23年第３６９回臨時会（第１号）本文,臨時議長（石川与三吉君）,議長,臨時議長,石川与三吉,19番　　吉　　田　　伊三朗,null,null,null
255,福井県,平成23年第３６９回,1,23,5,11,臨時,平成23年第３６９回臨時会（第１号）本文,臨時議長（石川与三吉君）,議長,臨時議長,石川与三吉,━━━━━━━━━━━━━━━━━━━,null,null,null
256,福井県,平成23年第３６９回,1,23,5,11,臨時,平成23年第３６９回臨時会（第１号）本文,臨時議長（石川与三吉君）,議長,臨時議長,石川与三吉,第２　会議録署名議員の指名について,null,null,null
257,福井県,平成23年第３６９回,1,23,5,11,臨時,平成23年第３６９回臨時会（第１号）本文,臨時議長（石川与三吉君）,議長,臨時議長,石川与三吉,次に、日程第２会議録署名議員の指名を行います。,null,null,null
258,福井県,平成23年第３６９回,1,23,5,11,臨時,平成23年第３６９回臨時会（第１号）本文,臨時議長（石川与三吉君）,議長,臨時議長,石川与三吉,本臨時会の会議録署名議員は、会議規則第119条の規定により、石橋君、大久保君、大森君を指名いたします。,null,null,null
259,福井県,平成23年第３６９回,1,23,5,11,臨時,平成23年第３６９回臨時会（第１号）本文,臨時議長（石川与三吉君）,議長,臨時議長,石川与三吉,━━━━━━━━━━━━━━━━━━━,null,null,null
260,福井県,平成23年第３６９回,1,23,5,11,臨時,平成23年第３６９回臨時会（第１号）本文,臨時議長（石川与三吉君）,議長,臨時議長,石川与三吉,第３　会期決定について,null,null,null
261,福井県,平成23年第３６９回,1,23,5,11,臨時,平成23年第３６９回臨時会（第１号）本文,臨時議長（石川与三吉君）,議長,臨時議長,石川与三吉,次に、日程第３会期決定についてを議題といたします。,null,null,null
262,福井県,平成23年第３６９回,1,23,5,11,臨時,平成23年第３６９回臨時会（第１号）本文,臨時議長（石川与三吉君）,議長,臨時議長,石川与三吉,本臨時会の会期を、本日１日と定めたいと存じますが、これに御異議ありませんか。,null,null,null
263,福井県,平成23年第３６９回,1,23,5,11,臨時,平成23年第３６９回臨時会（第１号）本文,臨時議長（石川与三吉君）,議長,臨時議長,石川与三吉,〔「異議なし」と呼ぶ者あり〕,null,null,null
264,福井県,平成23年第３６９回,1,23,5,11,臨時,平成23年第３６９回臨時会（第１号）本文,臨時議長（石川与三吉君）,議長,臨時議長,石川与三吉,御異議なしと認めます。,null,null,null
265,福井県,平成23年第３６９回,1,23,5,11,臨時,平成23年第３６９回臨時会（第１号）本文,臨時議長（石川与三吉君）,議長,臨時議長,石川与三吉,よって、そのように決定いたしました。,null,null,null
266,福井県,平成23年第３６９回,1,23,5,11,臨時,平成23年第３６９回臨時会（第１号）本文,臨時議長（石川与三吉君）,議長,臨時議長,石川与三吉,━━━━━━━━━━━━━━━━━━━,null,null,null
267,福井県,平成23年第３６９回,1,23,5,11,臨時,平成23年第３６９回臨時会（第１号）本文,臨時議長（石川与三吉君）,議長,臨時議長,石川与三吉,第４　議長の選挙について,null,null,null
268,福井県,平成23年第３６９回,1,23,5,11,臨時,平成23年第３６９回臨時会（第１号）本文,臨時議長（石川与三吉君）,議長,臨時議長,石川与三吉,次に、日程第４議長の選挙を行います。,null,null,null
269,福井県,平成23年第３６９回,1,23,5,11,臨時,平成23年第３６９回臨時会（第１号）本文,臨時議長（石川与三吉君）,議長,臨時議長,石川与三吉,選挙は、投票により行います。,null,null,null
270,福井県,平成23年第３６９回,1,23,5,11,臨時,平成23年第３６９回臨時会（第１号）本文,臨時議長（石川与三吉君）,議長,臨時議長,石川与三吉,議場の閉鎖をいたします。,null,null,null
271,福井県,平成23年第３６９回,1,23,5,11,臨時,平成23年第３６９回臨時会（第１号）本文,臨時議長（石川与三吉君）,議長,臨時議長,石川与三吉,〔議　場　閉　鎖〕,null,null,null
272,福井県,平成23年第３６９回,1,23,5,11,臨時,平成23年第３６９回臨時会（第１号）本文,臨時議長（石川与三吉君）,議長,臨時議長,石川与三吉,ただいまの出席議員数は、36人であります。,null,null,null
273,福井県,平成23年第３６９回,1,23,5,11,臨時,平成23年第３６９回臨時会（第１号）本文,臨時議長（石川与三吉君）,議長,臨時議長,石川与三吉,あらかじめお諮りいたします。,null,null,null
274,福井県,平成23年第３６９回,1,23,5,11,臨時,平成23年第３６９回臨時会（第１号）本文,臨時議長（石川与三吉君）,議長,臨時議長,石川与三吉,会議規則第31条第２項の規定により、３人の立会人に鈴木宏紀君、田村君、糀谷君を指名いたしたいと存じますが、これに御異議ありませんか。,null,null,null
275,福井県,平成23年第３６９回,1,23,5,11,臨時,平成23年第３６９回臨時会（第１号）本文,臨時議長（石川与三吉君）,議長,臨時議長,石川与三吉,〔「異議なし」と呼ぶ者あり〕,null,null,null
276,福井県,平成23年第３６９回,1,23,5,11,臨時,平成23年第３６９回臨時会（第１号）本文,臨時議長（石川与三吉君）,議長,臨時議長,石川与三吉,御異議なしと認めます。,null,null,null
277,福井県,平成23年第３６９回,1,23,5,11,臨時,平成23年第３６９回臨時会（第１号）本文,臨時議長（石川与三吉君）,議長,臨時議長,石川与三吉,よって、そのように決定いたしました。,null,null,null
278,福井県,平成23年第３６９回,1,23,5,11,臨時,平成23年第３６９回臨時会（第１号）本文,臨時議長（石川与三吉君）,議長,臨時議長,石川与三吉,書記から、所定の投票用紙を配付いたします。,null,null,null
279,福井県,平成23年第３６９回,1,23,5,11,臨時,平成23年第３６９回臨時会（第１号）本文,臨時議長（石川与三吉君）,議長,臨時議長,石川与三吉,〔投票用紙配付〕,null,null,null
280,福井県,平成23年第３６９回,1,23,5,11,臨時,平成23年第３６９回臨時会（第１号）本文,臨時議長（石川与三吉君）,議長,臨時議長,石川与三吉,投票用紙の配付漏れはありませんか。,null,null,null
281,福井県,平成23年第３６９回,1,23,5,11,臨時,平成23年第３６９回臨時会（第１号）本文,臨時議長（石川与三吉君）,議長,臨時議長,石川与三吉,〔「なし」と呼ぶ者あり〕,null,null,null
282,福井県,平成23年第３６９回,1,23,5,11,臨時,平成23年第３６９回臨時会（第１号）本文,臨時議長（石川与三吉君）,議長,臨時議長,石川与三吉,配付漏れはなしと認めます。,null,null,null
283,福井県,平成23年第３６９回,1,23,5,11,臨時,平成23年第３６９回臨時会（第１号）本文,臨時議長（石川与三吉君）,議長,臨時議長,石川与三吉,投票箱を改めさせます。,null,null,null
284,福井県,平成23年第３６９回,1,23,5,11,臨時,平成23年第３６９回臨時会（第１号）本文,臨時議長（石川与三吉君）,議長,臨時議長,石川与三吉,〔投票箱点検〕,null,null,null
285,福井県,平成23年第３６９回,1,23,5,11,臨時,平成23年第３６９回臨時会（第１号）本文,臨時議長（石川与三吉君）,議長,臨時議長,石川与三吉,異状なしと認めます。,null,null,null
286,福井県,平成23年第３６９回,1,23,5,11,臨時,平成23年第３６９回臨時会（第１号）本文,臨時議長（石川与三吉君）,議長,臨時議長,石川与三吉,なお、念のため申し上げます。,null,null,null
287,福井県,平成23年第３６９回,1,23,5,11,臨時,平成23年第３６９回臨時会（第１号）本文,臨時議長（石川与三吉君）,議長,臨時議長,石川与三吉,投票は、単記無記名であります。,null,null,null
288,福井県,平成23年第３６９回,1,23,5,11,臨時,平成23年第３６９回臨時会（第１号）本文,臨時議長（石川与三吉君）,議長,臨時議長,石川与三吉,これより、投票に移ります。,null,null,null
289,福井県,平成23年第３６９回,1,23,5,11,臨時,平成23年第３６９回臨時会（第１号）本文,臨時議長（石川与三吉君）,議長,臨時議長,石川与三吉,事務局長の点呼に応じて、順次投票を願います。,null,null,null
290,福井県,平成23年第３６９回,1,23,5,11,臨時,平成23年第３６９回臨時会（第１号）本文,臨時議長（石川与三吉君）,議長,臨時議長,石川与三吉,なお、記載場所を設けておきましたので、そこにおいて記載を願います。,null,null,null
291,福井県,平成23年第３６９回,1,23,5,11,臨時,平成23年第３６９回臨時会（第１号）本文,臨時議長（石川与三吉君）,議長,臨時議長,石川与三吉,点呼を命じます。,null,null,null
292,福井県,平成23年第３６９回,1,23,5,11,臨時,平成23年第３６９回臨時会（第１号）本文,臨時議長（石川与三吉君）,議長,臨時議長,石川与三吉,〔事務局長点呼〕,null,null,null
293,福井県,平成23年第３６９回,1,23,5,11,臨時,平成23年第３６９回臨時会（第１号）本文,事務局長（森阪輝次君）,その他,事務局長,森阪輝次,西畑議員、細川議員、島田議員、小寺議員、田中宏典議員、大森議員、佐藤議員、西本議員、玉村議員、笠松議員、仲倉議員、鈴木宏紀議員、田村議員、松田議員、山田議員、糀谷議員、鈴木宏治議員、吉田議員、大久保議員、松井議員、笹岡議員、谷出議員、小泉議員、田中敏幸議員、斉藤議員、石橋議員、山本正雄議員、野田議員、中川議員、山岸議員、前田議員、屋敷議員、関議員、山本芳男議員、山本文雄議員、石川議員。,null,null,null
294,福井県,平成23年第３６９回,1,23,5,11,臨時,平成23年第３６９回臨時会（第１号）本文,事務局長（森阪輝次君）,その他,事務局長,森阪輝次,（投票）,null,null,null
295,福井県,平成23年第３６９回,1,23,5,11,臨時,平成23年第３６９回臨時会（第１号）本文,臨時議長（石川与三吉君）,議長,臨時議長,石川与三吉,投票漏れはありませんか。,null,null,null
296,福井県,平成23年第３６９回,1,23,5,11,臨時,平成23年第３６９回臨時会（第１号）本文,臨時議長（石川与三吉君）,議長,臨時議長,石川与三吉,〔「なし」と呼ぶ者あり〕,null,null,null
297,福井県,平成23年第３６９回,1,23,5,11,臨時,平成23年第３６９回臨時会（第１号）本文,臨時議長（石川与三吉君）,議長,臨時議長,石川与三吉,投票漏れはなしと認めます。,null,null,null
298,福井県,平成23年第３６９回,1,23,5,11,臨時,平成23年第３６９回臨時会（第１号）本文,臨時議長（石川与三吉君）,議長,臨時議長,石川与三吉,投票を終了いたしました。,null,null,null
299,福井県,平成23年第３６９回,1,23,5,11,臨時,平成23年第３６９回臨時会（第１号）本文,臨時議長（石川与三吉君）,議長,臨時議長,石川与三吉,直ちに開票を行います。,null,null,null
300,福井県,平成23年第３６９回,1,23,5,11,臨時,平成23年第３６９回臨時会（第１号）本文,臨時議長（石川与三吉君）,議長,臨時議長,石川与三吉,鈴木宏紀君、田村君、糀谷君、立ち会いをお願いいたします。,null,null,null
301,福井県,平成23年第３６９回,1,23,5,11,臨時,平成23年第３６９回臨時会（第１号）本文,臨時議長（石川与三吉君）,議長,臨時議長,石川与三吉,〔開　　　票〕,null,null,null
302,福井県,平成23年第３６９回,1,23,5,11,臨時,平成23年第３６９回臨時会（第１号）本文,臨時議長（石川与三吉君）,議長,臨時議長,石川与三吉,選挙の結果を報告いたします。,null,null,null
303,福井県,平成23年第３６９回,1,23,5,11,臨時,平成23年第３６９回臨時会（第１号）本文,臨時議長（石川与三吉君）,議長,臨時議長,石川与三吉,投票総数　　　　　　36票,null,null,null
304,福井県,平成23年第３６９回,1,23,5,11,臨時,平成23年第３６９回臨時会（第１号）本文,臨時議長（石川与三吉君）,議長,臨時議長,石川与三吉,有効投票　　　　35票,null,null,null
305,福井県,平成23年第３６９回,1,23,5,11,臨時,平成23年第３６９回臨時会（第１号）本文,臨時議長（石川与三吉君）,議長,臨時議長,石川与三吉,無効投票　　　　１票,null,null,null
306,福井県,平成23年第３６９回,1,23,5,11,臨時,平成23年第３６９回臨時会（第１号）本文,臨時議長（石川与三吉君）,議長,臨時議長,石川与三吉,有効投票中,null,null,null
307,福井県,平成23年第３６９回,1,23,5,11,臨時,平成23年第３６９回臨時会（第１号）本文,臨時議長（石川与三吉君）,議長,臨時議長,石川与三吉,田中敏幸君　　　34票,null,null,null
308,福井県,平成23年第３６９回,1,23,5,11,臨時,平成23年第３６９回臨時会（第１号）本文,臨時議長（石川与三吉君）,議長,臨時議長,石川与三吉,佐藤君　　　　　１票,null,null,null
309,福井県,平成23年第３６９回,1,23,5,11,臨時,平成23年第３６９回臨時会（第１号）本文,臨時議長（石川与三吉君）,議長,臨時議長,石川与三吉,以上のとおりであります。,null,null,null
310,福井県,平成23年第３６９回,1,23,5,11,臨時,平成23年第３６９回臨時会（第１号）本文,臨時議長（石川与三吉君）,議長,臨時議長,石川与三吉,この選挙の法定得票数は、９票であります。,null,null,null
311,福井県,平成23年第３６９回,1,23,5,11,臨時,平成23年第３６９回臨時会（第１号）本文,臨時議長（石川与三吉君）,議長,臨時議長,石川与三吉,よって、田中敏幸君が議長に当選いたしましたので、議場の閉鎖を解きます。,null,null,null
312,福井県,平成23年第３６９回,1,23,5,11,臨時,平成23年第３６９回臨時会（第１号）本文,臨時議長（石川与三吉君）,議長,臨時議長,石川与三吉,〔議　場　開　鎖〕,null,null,null
313,福井県,平成23年第３６９回,1,23,5,11,臨時,平成23年第３６９回臨時会（第１号）本文,臨時議長（石川与三吉君）,議長,臨時議長,石川与三吉,ただいま議長に当選されました田中敏幸君が議場におられますので、会議規則第30条第２項の規定により、告知いたします。,null,null,null
314,福井県,平成23年第３６９回,1,23,5,11,臨時,平成23年第３６９回臨時会（第１号）本文,臨時議長（石川与三吉君）,議長,臨時議長,石川与三吉,〔当　選　告　知〕,null,null,null
315,福井県,平成23年第３６９回,1,23,5,11,臨時,平成23年第３６９回臨時会（第１号）本文,臨時議長（石川与三吉君）,議長,臨時議長,石川与三吉,ただいま告知をいたしました結果、了承されましたので、早速就任のごあいさつを願うことにいたします。,null,null,null
316,福井県,平成23年第３６９回,1,23,5,11,臨時,平成23年第３６９回臨時会（第１号）本文,臨時議長（石川与三吉君）,議長,臨時議長,石川与三吉,田中敏幸君。,null,null,null
317,福井県,平成23年第３６９回,1,23,5,11,臨時,平成23年第３６９回臨時会（第１号）本文,臨時議長（石川与三吉君）,議長,臨時議長,石川与三吉,〔田中敏幸君登壇〕,null,null,null
318,福井県,平成23年第３６９回,1,23,5,11,臨時,平成23年第３６９回臨時会（第１号）本文,25番（田中敏幸君）,1800090000007,25番,田中敏幸,議長就任に当たりまして、一言ごあいさつを申し上げます。,null,null,null
319,福井県,平成23年第３６９回,1,23,5,11,臨時,平成23年第３６９回臨時会（第１号）本文,25番（田中敏幸君）,1800090000007,25番,田中敏幸,ただいまは、第17次民主議会のスタートになる時期に、名誉ある第93代福井県議会議長に御推挙を賜りましたことは身に余る光栄であり、心から厚くお礼を申し上げます。,null,null,null
320,福井県,平成23年第３６９回,1,23,5,11,臨時,平成23年第３６９回臨時会（第１号）本文,25番（田中敏幸君）,1800090000007,25番,田中敏幸,ありがとうございます。,null,null,null
321,福井県,平成23年第３６９回,1,23,5,11,臨時,平成23年第３６９回臨時会（第１号）本文,25番（田中敏幸君）,1800090000007,25番,田中敏幸,もとより、浅学非才の身でありますが、議員各位、西川知事初め、理事者の皆様方の御指導のもと、福井県政発展のために全力を挙げて取り組んでまいりたいと存じますので、よろしくお願いを申し上げます。,null,null,null
322,福井県,平成23年第３６９回,1,23,5,11,臨時,平成23年第３６９回臨時会（第１号）本文,25番（田中敏幸君）,1800090000007,25番,田中敏幸,特に、３月11日に発生いたしました東日本大震災の影響は大きなものがあり、原子力発電所を抱える本県にとりましても、原子力災害に対する対応は喫緊の課題であります。,null,null,null
323,福井県,平成23年第３６９回,1,23,5,11,臨時,平成23年第３６９回臨時会（第１号）本文,25番（田中敏幸君）,1800090000007,25番,田中敏幸,また、本県には北陸新幹線の早期整備、経済雇用対策、少子高齢化問題など、課題が山積いたしております。,null,null,null
324,福井県,平成23年第３６９回,1,23,5,11,臨時,平成23年第３６９回臨時会（第１号）本文,25番（田中敏幸君）,1800090000007,25番,田中敏幸,今後、地方議会、地方自治の役割は一層重要になってまいると存じております。,null,null,null
325,福井県,平成23年第３６９回,1,23,5,11,臨時,平成23年第３６９回臨時会（第１号）本文,25番（田中敏幸君）,1800090000007,25番,田中敏幸,このような極めて重要な時期に議長の職責を担わせていただき、その責任の重さを痛感しているところであります。,null,null,null
326,福井県,平成23年第３６９回,1,23,5,11,臨時,平成23年第３６９回臨時会（第１号）本文,25番（田中敏幸君）,1800090000007,25番,田中敏幸,微力でありますが、本県議会が県民の皆様の負託にこたえることができるよう、公正で円滑な議会運営に最善を尽くす決意でありますので、議員各位、理事者各位の御指導、御鞭撻を重ねてお願いを申し上げます。,null,null,null
327,福井県,平成23年第３６９回,1,23,5,11,臨時,平成23年第３６９回臨時会（第１号）本文,25番（田中敏幸君）,1800090000007,25番,田中敏幸,よろしくお願い申し上げます。,null,null,null
328,福井県,平成23年第３６９回,1,23,5,11,臨時,平成23年第３６９回臨時会（第１号）本文,25番（田中敏幸君）,1800090000007,25番,田中敏幸,ありがとうございました。,null,null,null
329,福井県,平成23年第３６９回,1,23,5,11,臨時,平成23年第３６９回臨時会（第１号）本文,25番（田中敏幸君）,1800090000007,25番,田中敏幸,（拍手）,null,null,null
330,福井県,平成23年第３６９回,1,23,5,11,臨時,平成23年第３６９回臨時会（第１号）本文,臨時議長（石川与三吉君）,議長,臨時議長,石川与三吉,以上で私の職務は終わりましたので、田中敏幸議長に議長席にお着き願うこととし、直ちに交代いたします。,null,null,null
331,福井県,平成23年第３６９回,1,23,5,11,臨時,平成23年第３６９回臨時会（第１号）本文,臨時議長（石川与三吉君）,議長,臨時議長,石川与三吉,〔石川与三吉君退席、議長着席〕,null,null,null
332,福井県,平成23年第３６９回,1,23,5,11,臨時,平成23年第３６９回臨時会（第１号）本文,臨時議長（石川与三吉君）,議長,臨時議長,石川与三吉,━━━━━━━━━━━━━━━━━━━,null,null,null
333,福井県,平成23年第３６９回,1,23,5,11,臨時,平成23年第３６９回臨時会（第１号）本文,臨時議長（石川与三吉君）,議長,臨時議長,石川与三吉,第５　副議長の選挙について,null,null,null
334,福井県,平成23年第３６９回,1,23,5,11,臨時,平成23年第３６９回臨時会（第１号）本文,議長（田中敏幸君）,議長,議長,田中敏幸,次に、日程第５副議長の選挙を行います。,null,null,null
335,福井県,平成23年第３６９回,1,23,5,11,臨時,平成23年第３６９回臨時会（第１号）本文,議長（田中敏幸君）,議長,議長,田中敏幸,選挙は、投票により行います。,null,null,null
336,福井県,平成23年第３６９回,1,23,5,11,臨時,平成23年第３６９回臨時会（第１号）本文,議長（田中敏幸君）,議長,議長,田中敏幸,議場を閉鎖いたします。,null,null,null
337,福井県,平成23年第３６９回,1,23,5,11,臨時,平成23年第３６９回臨時会（第１号）本文,議長（田中敏幸君）,議長,議長,田中敏幸,〔議　場　閉　鎖〕,null,null,null
338,福井県,平成23年第３６９回,1,23,5,11,臨時,平成23年第３６９回臨時会（第１号）本文,議長（田中敏幸君）,議長,議長,田中敏幸,ただいまの出席議員数は、36人であります。,null,null,null
339,福井県,平成23年第３６９回,1,23,5,11,臨時,平成23年第３６９回臨時会（第１号）本文,議長（田中敏幸君）,議長,議長,田中敏幸,あらかじめお諮りいたします。,null,null,null
340,福井県,平成23年第３６９回,1,23,5,11,臨時,平成23年第３６９回臨時会（第１号）本文,議長（田中敏幸君）,議長,議長,田中敏幸,会議規則第31条第２項の規定により、３人の立会人に鈴木宏紀君、田村君、糀谷君を指名いたしたいと存じますが、これに御異議ありませんか。,null,null,null
341,福井県,平成23年第３６９回,1,23,5,11,臨時,平成23年第３６９回臨時会（第１号）本文,議長（田中敏幸君）,議長,議長,田中敏幸,〔「異議なし」と呼ぶ者あり〕,null,null,null
342,福井県,平成23年第３６９回,1,23,5,11,臨時,平成23年第３６９回臨時会（第１号）本文,議長（田中敏幸君）,議長,議長,田中敏幸,御異議なしと認めます。,null,null,null
343,福井県,平成23年第３６９回,1,23,5,11,臨時,平成23年第３６９回臨時会（第１号）本文,議長（田中敏幸君）,議長,議長,田中敏幸,よって、そのように決定いたしました。,null,null,null
344,福井県,平成23年第３６９回,1,23,5,11,臨時,平成23年第３６９回臨時会（第１号）本文,議長（田中敏幸君）,議長,議長,田中敏幸,書記から、所定の投票用紙を配付いたします。,null,null,null
345,福井県,平成23年第３６９回,1,23,5,11,臨時,平成23年第３６９回臨時会（第１号）本文,議長（田中敏幸君）,議長,議長,田中敏幸,〔投票用紙配付〕,null,null,null
346,福井県,平成23年第３６９回,1,23,5,11,臨時,平成23年第３６９回臨時会（第１号）本文,議長（田中敏幸君）,議長,議長,田中敏幸,投票用紙の配付漏れはありませんか。,null,null,null
347,福井県,平成23年第３６９回,1,23,5,11,臨時,平成23年第３６９回臨時会（第１号）本文,議長（田中敏幸君）,議長,議長,田中敏幸,〔「なし」と呼ぶ者あり〕,null,null,null
348,福井県,平成23年第３６９回,1,23,5,11,臨時,平成23年第３６９回臨時会（第１号）本文,議長（田中敏幸君）,議長,議長,田中敏幸,配付漏れはなしと認めます。,null,null,null
349,福井県,平成23年第３６９回,1,23,5,11,臨時,平成23年第３６９回臨時会（第１号）本文,議長（田中敏幸君）,議長,議長,田中敏幸,投票箱を改めさせます。,null,null,null
350,福井県,平成23年第３６９回,1,23,5,11,臨時,平成23年第３６９回臨時会（第１号）本文,議長（田中敏幸君）,議長,議長,田中敏幸,〔投票箱点検〕,null,null,null
351,福井県,平成23年第３６９回,1,23,5,11,臨時,平成23年第３６９回臨時会（第１号）本文,議長（田中敏幸君）,議長,議長,田中敏幸,異状なしと認めます。,null,null,null
352,福井県,平成23年第３６９回,1,23,5,11,臨時,平成23年第３６９回臨時会（第１号）本文,議長（田中敏幸君）,議長,議長,田中敏幸,なお、念のために申し上げます。,null,null,null
353,福井県,平成23年第３６９回,1,23,5,11,臨時,平成23年第３６９回臨時会（第１号）本文,議長（田中敏幸君）,議長,議長,田中敏幸,投票は、単記無記名であります。,null,null,null
354,福井県,平成23年第３６９回,1,23,5,11,臨時,平成23年第３６９回臨時会（第１号）本文,議長（田中敏幸君）,議長,議長,田中敏幸,これより、投票に移ります。,null,null,null
355,福井県,平成23年第３６９回,1,23,5,11,臨時,平成23年第３６９回臨時会（第１号）本文,議長（田中敏幸君）,議長,議長,田中敏幸,事務局長の点呼に応じ、順次投票を願います。,null,null,null
356,福井県,平成23年第３６９回,1,23,5,11,臨時,平成23年第３６９回臨時会（第１号）本文,議長（田中敏幸君）,議長,議長,田中敏幸,なお、記載場所を設けておきましたので、そこにおいて記載を願います。,null,null,null
357,福井県,平成23年第３６９回,1,23,5,11,臨時,平成23年第３６９回臨時会（第１号）本文,議長（田中敏幸君）,議長,議長,田中敏幸,点呼を命じます。,null,null,null
358,福井県,平成23年第３６９回,1,23,5,11,臨時,平成23年第３６９回臨時会（第１号）本文,議長（田中敏幸君）,議長,議長,田中敏幸,〔事務局長点呼〕,null,null,null
359,福井県,平成23年第３６９回,1,23,5,11,臨時,平成23年第３６９回臨時会（第１号）本文,事務局長（森阪輝次君）,その他,事務局長,森阪輝次,西畑議員、細川議員、島田議員、小寺議員、田中宏典議員、大森議員、佐藤議員、西本議員、玉村議員、笠松議員、仲倉議員、鈴木宏紀議員、田村議員、松田議員、山田議員、糀谷議員、鈴木宏治議員、吉田議員、大久保議員、松井議員、笹岡議員、谷出議員、小泉議員、斉藤議員、石橋議員、山本正雄議員、野田議員、中川議員、山岸議員、前田議員、石川議員、屋敷議員、関議員、山本芳男議員、山本文雄議員、田中敏幸議員。,null,null,null
360,福井県,平成23年第３６９回,1,23,5,11,臨時,平成23年第３６９回臨時会（第１号）本文,事務局長（森阪輝次君）,その他,事務局長,森阪輝次,（投票）,null,null,null
361,福井県,平成23年第３６９回,1,23,5,11,臨時,平成23年第３６９回臨時会（第１号）本文,議長（田中敏幸君）,議長,議長,田中敏幸,投票漏れはありませんか。,null,null,null
362,福井県,平成23年第３６９回,1,23,5,11,臨時,平成23年第３６９回臨時会（第１号）本文,議長（田中敏幸君）,議長,議長,田中敏幸,〔「なし」と呼ぶ者あり〕,null,null,null
363,福井県,平成23年第３６９回,1,23,5,11,臨時,平成23年第３６９回臨時会（第１号）本文,議長（田中敏幸君）,議長,議長,田中敏幸,投票漏れはなしと認めます。,null,null,null
364,福井県,平成23年第３６９回,1,23,5,11,臨時,平成23年第３６９回臨時会（第１号）本文,議長（田中敏幸君）,議長,議長,田中敏幸,投票を終了いたしました。,null,null,null
365,福井県,平成23年第３６９回,1,23,5,11,臨時,平成23年第３６９回臨時会（第１号）本文,議長（田中敏幸君）,議長,議長,田中敏幸,直ちに開票を行います。,null,null,null
366,福井県,平成23年第３６９回,1,23,5,11,臨時,平成23年第３６９回臨時会（第１号）本文,議長（田中敏幸君）,議長,議長,田中敏幸,鈴木宏紀君、田村君、糀谷君、立ち会いを願います。,null,null,null
367,福井県,平成23年第３６９回,1,23,5,11,臨時,平成23年第３６９回臨時会（第１号）本文,議長（田中敏幸君）,議長,議長,田中敏幸,〔開　　　票〕,null,null,null
368,福井県,平成23年第３６９回,1,23,5,11,臨時,平成23年第３６９回臨時会（第１号）本文,議長（田中敏幸君）,議長,議長,田中敏幸,選挙の結果を報告いたします。,null,null,null
369,福井県,平成23年第３６９回,1,23,5,11,臨時,平成23年第３６９回臨時会（第１号）本文,議長（田中敏幸君）,議長,議長,田中敏幸,投票総数　　　　　　36票,null,null,null
370,福井県,平成23年第３６９回,1,23,5,11,臨時,平成23年第３６９回臨時会（第１号）本文,議長（田中敏幸君）,議長,議長,田中敏幸,有効投票　　　　35票,null,null,null
371,福井県,平成23年第３６９回,1,23,5,11,臨時,平成23年第３６９回臨時会（第１号）本文,議長（田中敏幸君）,議長,議長,田中敏幸,無効投票　　　　１票,null,null,null
372,福井県,平成23年第３６９回,1,23,5,11,臨時,平成23年第３６９回臨時会（第１号）本文,議長（田中敏幸君）,議長,議長,田中敏幸,有効投票中,null,null,null
373,福井県,平成23年第３６９回,1,23,5,11,臨時,平成23年第３６９回臨時会（第１号）本文,議長（田中敏幸君）,議長,議長,田中敏幸,吉田君　　　　　35票,null,null,null
374,福井県,平成23年第３６９回,1,23,5,11,臨時,平成23年第３６９回臨時会（第１号）本文,議長（田中敏幸君）,議長,議長,田中敏幸,以上のとおりであります。,null,null,null
375,福井県,平成23年第３６９回,1,23,5,11,臨時,平成23年第３６９回臨時会（第１号）本文,議長（田中敏幸君）,議長,議長,田中敏幸,この選挙の法定得票数は、９票であります。,null,null,null
376,福井県,平成23年第３６９回,1,23,5,11,臨時,平成23年第３６９回臨時会（第１号）本文,議長（田中敏幸君）,議長,議長,田中敏幸,よって、吉田君が副議長に当選されました。,null,null,null
377,福井県,平成23年第３６９回,1,23,5,11,臨時,平成23年第３６９回臨時会（第１号）本文,議長（田中敏幸君）,議長,議長,田中敏幸,議場の閉鎖を解きます。,null,null,null
378,福井県,平成23年第３６９回,1,23,5,11,臨時,平成23年第３６９回臨時会（第１号）本文,議長（田中敏幸君）,議長,議長,田中敏幸,〔議　場　開　鎖〕,null,null,null
379,福井県,平成23年第３６９回,1,23,5,11,臨時,平成23年第３６９回臨時会（第１号）本文,議長（田中敏幸君）,議長,議長,田中敏幸,ただいま議長に当選されました吉田君が議場におられますので、会議規則第30条第２項の規定により、告知いたします。,null,null,null
380,福井県,平成23年第３６９回,1,23,5,11,臨時,平成23年第３６９回臨時会（第１号）本文,議長（田中敏幸君）,議長,議長,田中敏幸,〔当　選　告　知〕,null,null,null
381,福井県,平成23年第３６９回,1,23,5,11,臨時,平成23年第３６９回臨時会（第１号）本文,議長（田中敏幸君）,議長,議長,田中敏幸,ただいま告知いたしました結果、承諾されましたので、早速就任のごあいさつを願うことにいたします。,null,null,null
382,福井県,平成23年第３６９回,1,23,5,11,臨時,平成23年第３６９回臨時会（第１号）本文,議長（田中敏幸君）,議長,議長,田中敏幸,吉田君。,null,null,null
383,福井県,平成23年第３６９回,1,23,5,11,臨時,平成23年第３６９回臨時会（第１号）本文,議長（田中敏幸君）,議長,議長,田中敏幸,〔吉田伊三郎君登壇〕,null,null,null
384,福井県,平成23年第３６９回,1,23,5,11,臨時,平成23年第３６９回臨時会（第１号）本文,19番（吉田伊三郎君）,1800090000031,19番,吉田伊三郎,副議長就任に当たり、一言ごあいさつを申し上げます。,null,null,null
385,福井県,平成23年第３６９回,1,23,5,11,臨時,平成23年第３６９回臨時会（第１号）本文,19番（吉田伊三郎君）,1800090000031,19番,吉田伊三郎,ただいま、議員各位の御推挙によりまして、第98代福井県議会副議長に選ばれましたことは、まことに光栄に存じますとともに、その責任の重さに身の引き締まる思いをいたしております。,null,null,null
386,福井県,平成23年第３６９回,1,23,5,11,臨時,平成23年第３６９回臨時会（第１号）本文,19番（吉田伊三郎君）,1800090000031,19番,吉田伊三郎,もとより、微力な私ではございますが、田中議長を補佐し、円滑な議会運営に努め、当面する幾多の課題に取り組みまして、県政の発展と県民福祉の向上に最善の努力をさせていただく所存であります。,null,null,null
387,福井県,平成23年第３６９回,1,23,5,11,臨時,平成23年第３６９回臨時会（第１号）本文,19番（吉田伊三郎君）,1800090000031,19番,吉田伊三郎,議員各位、並びに理事者の皆様方には温かい御指導、御鞭撻を賜りますよう心からお願いを申し上げまして、簡単ではございますが、就任のごあいさつとさせていただきます。,null,null,null
388,福井県,平成23年第３６９回,1,23,5,11,臨時,平成23年第３６９回臨時会（第１号）本文,19番（吉田伊三郎君）,1800090000031,19番,吉田伊三郎,（拍手）,null,null,null
389,福井県,平成23年第３６９回,1,23,5,11,臨時,平成23年第３６９回臨時会（第１号）本文,19番（吉田伊三郎君）,1800090000031,19番,吉田伊三郎,━━━━━━━━━━━━━━━━━━━,null,null,null
390,福井県,平成23年第３６９回,1,23,5,11,臨時,平成23年第３６９回臨時会（第１号）本文,19番（吉田伊三郎君）,1800090000031,19番,吉田伊三郎,第６　常任委員会委員及び議会運営委員会委員の選任について,null,null,null
391,福井県,平成23年第３６９回,1,23,5,11,臨時,平成23年第３６９回臨時会（第１号）本文,議長（田中敏幸君）,議長,議長,田中敏幸,次に、日程第６常任委員会委員及び議会運営委員会委員の選任を行います。,null,null,null
392,福井県,平成23年第３６９回,1,23,5,11,臨時,平成23年第３６９回臨時会（第１号）本文,議長（田中敏幸君）,議長,議長,田中敏幸,お諮りいたします。,null,null,null
393,福井県,平成23年第３６９回,1,23,5,11,臨時,平成23年第３６９回臨時会（第１号）本文,議長（田中敏幸君）,議長,議長,田中敏幸,委員会条例第５条第１項の規定により、総務教育常任委員会の委員に、田中宏典君、玉村君、鈴木宏紀君、田村君、谷口君、糀谷君、吉田君、笹岡君、谷出君、屋敷君の以上10人。,null,null,null
394,福井県,平成23年第３６９回,1,23,5,11,臨時,平成23年第３６９回臨時会（第１号）本文,議長（田中敏幸君）,議長,議長,田中敏幸,厚生常任委員会の委員に、細川君、大森君、佐藤君、仲倉君、大久保君、斉藤君、山本正雄君、山岸君、山本芳男君の以上９人。,null,null,null
395,福井県,平成23年第３６９回,1,23,5,11,臨時,平成23年第３６９回臨時会（第１号）本文,議長（田中敏幸君）,議長,議長,田中敏幸,産業建設常任委員会の委員に西畑君、小寺君、松田君、松井君、石橋君、野田君、前田君、関君、及び私の以上９人。,null,null,null
396,福井県,平成23年第３６９回,1,23,5,11,臨時,平成23年第３６９回臨時会（第１号）本文,議長（田中敏幸君）,議長,議長,田中敏幸,土木警察常任委員会の委員に島田君、西本君、笠松君、山田君、鈴木宏治君、小泉君、中川君、石川君、山本文雄君の以上９人。,null,null,null
397,福井県,平成23年第３６９回,1,23,5,11,臨時,平成23年第３６９回臨時会（第１号）本文,議長（田中敏幸君）,議長,議長,田中敏幸,議会運営委員会の委員に鈴木宏治君、大久保君、松井君、笹岡君、谷出君、山本正雄君、山岸君、前田君、石川君の以上９人を指名いたしたいと存じますが、これに御異議ありませんか。,null,null,null
398,福井県,平成23年第３６９回,1,23,5,11,臨時,平成23年第３６９回臨時会（第１号）本文,議長（田中敏幸君）,議長,議長,田中敏幸,〔「異議なし」と呼ぶ者あり〕,null,null,null
399,福井県,平成23年第３６９回,1,23,5,11,臨時,平成23年第３６９回臨時会（第１号）本文,議長（田中敏幸君）,議長,議長,田中敏幸,御異議なしと認めます。,null,null,null
400,福井県,平成23年第３６９回,1,23,5,11,臨時,平成23年第３６９回臨時会（第１号）本文,議長（田中敏幸君）,議長,議長,田中敏幸,よって、そのように決定いたしました。,null,null,null
401,福井県,平成23年第３６９回,1,23,5,11,臨時,平成23年第３６９回臨時会（第１号）本文,議長（田中敏幸君）,議長,議長,田中敏幸,━━━━━━━━━━━━━━━━━━━,null,null,null
402,福井県,平成23年第３６９回,1,23,5,11,臨時,平成23年第３６９回臨時会（第１号）本文,議長（田中敏幸君）,議長,議長,田中敏幸,第７　予算特別委員会の設置及び委員の選任について,null,null,null
403,福井県,平成23年第３６９回,1,23,5,11,臨時,平成23年第３６９回臨時会（第１号）本文,議長（田中敏幸君）,議長,議長,田中敏幸,第８　新幹線・地域鉄道調査特別委員会の設置及び委員の選任について,null,null,null
404,福井県,平成23年第３６９回,1,23,5,11,臨時,平成23年第３６９回臨時会（第１号）本文,議長（田中敏幸君）,議長,議長,田中敏幸,第９　原子力発電・防災対策特別委員会の設置及び委員の選任について,null,null,null
405,福井県,平成23年第３６９回,1,23,5,11,臨時,平成23年第３６９回臨時会（第１号）本文,議長（田中敏幸君）,議長,議長,田中敏幸,次に、日程第７予算特別委員会の設置及び委員の選任について、日程第８新幹線・地域鉄道調査特別委員会の設置及び委員の選任について、日程第９原子力発電・防災対策特別委員会の設置及び委員の選任についての３件を会議規則第36条の規定により、一括して議題といたします。,null,null,null
406,福井県,平成23年第３６９回,1,23,5,11,臨時,平成23年第３６９回臨時会（第１号）本文,議長（田中敏幸君）,議長,議長,田中敏幸,お諮りいたします。,null,null,null
407,福井県,平成23年第３６９回,1,23,5,11,臨時,平成23年第３６９回臨時会（第１号）本文,議長（田中敏幸君）,議長,議長,田中敏幸,この３件につきましては、地方自治法第110条及び委員会条例第４条の規定により、委員19人をもって構成する予算特別委員会、委員９人をもって構成する新幹線・地域鉄道調査特別委員会、同じく、委員９人をもって構成する原子力発電・防災対策特別委員会を設置し、予算特別委員会には「県予算および県財政の運営ならびに県政上、重要な案件の総合的審査に関すること」を、新幹線・地域鉄道調査特別委員会には、「新幹線建設促進および地域鉄道活性化のための調査に関すること」を、原子力発電・防災対策特別委員会には、「原子力発電に係る諸課題（エネルギー研究開発拠点化計画を含む）についての調査に関すること」「防災対策の総合的、計画的な推進のための調査に関すること」をそれぞれ付託し、いずれもその審査が修了するまで存続するものとし、あわせて、閉会中の継続審査を認めることにいたしたいと存じますが、これに御異議ありませんか。,null,null,null
408,福井県,平成23年第３６９回,1,23,5,11,臨時,平成23年第３６９回臨時会（第１号）本文,議長（田中敏幸君）,議長,議長,田中敏幸,〔「異議なし」と呼ぶ者あり〕,null,null,null
409,福井県,平成23年第３６９回,1,23,5,11,臨時,平成23年第３６９回臨時会（第１号）本文,議長（田中敏幸君）,議長,議長,田中敏幸,御異議なしと認めます。,null,null,null
410,福井県,平成23年第３６９回,1,23,5,11,臨時,平成23年第３６９回臨時会（第１号）本文,議長（田中敏幸君）,議長,議長,田中敏幸,よって、そのように決定いたしました。,null,null,null
411,福井県,平成23年第３６９回,1,23,5,11,臨時,平成23年第３６９回臨時会（第１号）本文,議長（田中敏幸君）,議長,議長,田中敏幸,───────────────────,null,null,null
412,福井県,平成23年第３６９回,1,23,5,11,臨時,平成23年第３６９回臨時会（第１号）本文,議長（田中敏幸君）,議長,議長,田中敏幸,これより、委員会条例第５条第１項の規定により、予算特別委員会の委員に細川君、田中宏典君、佐藤君、西本君、玉村君、笠松君、鈴木宏紀君、田村君、松井君、笹岡君、谷出君、小泉君、斉藤君、山本正雄君、野田君、前田君、関君、山本芳男君、山本文雄君の以上19人。,null,null,null
413,福井県,平成23年第３６９回,1,23,5,11,臨時,平成23年第３６９回臨時会（第１号）本文,議長（田中敏幸君）,議長,議長,田中敏幸,新幹線・地域鉄道調査特別委員会の委員に小寺君、大森君、仲倉君、谷口君、山田君、鈴木宏治君、大久保君、山岸君及び私の以上９人。,null,null,null
414,福井県,平成23年第３６９回,1,23,5,11,臨時,平成23年第３６９回臨時会（第１号）本文,議長（田中敏幸君）,議長,議長,田中敏幸,原子力発電・防災対策特別委員会の委員に西畑君、島田君、松田君、糀谷君、吉田君、石橋君、中川君、石川君、屋敷君の以上９人を指名いたしたいと存じますが、これに御異議ありませんか。,null,null,null
415,福井県,平成23年第３６９回,1,23,5,11,臨時,平成23年第３６９回臨時会（第１号）本文,議長（田中敏幸君）,議長,議長,田中敏幸,〔「異議なし」と呼ぶ者あり〕,null,null,null
416,福井県,平成23年第３６９回,1,23,5,11,臨時,平成23年第３６９回臨時会（第１号）本文,議長（田中敏幸君）,議長,議長,田中敏幸,御異議なしと認めます。,null,null,null
417,福井県,平成23年第３６９回,1,23,5,11,臨時,平成23年第３６９回臨時会（第１号）本文,議長（田中敏幸君）,議長,議長,田中敏幸,よって、そのように決定いたしました。,null,null,null
418,福井県,平成23年第３６９回,1,23,5,11,臨時,平成23年第３６９回臨時会（第１号）本文,議長（田中敏幸君）,議長,議長,田中敏幸,ここで、委員会の委員長及び副委員長を互選するため、各委員会をお手元に配付の招集表のとおり招集いたします。,null,null,null
419,福井県,平成23年第３６９回,1,23,5,11,臨時,平成23年第３６９回臨時会（第１号）本文,議長（田中敏幸君）,議長,議長,田中敏幸,なお、特別委員会については、常任委員会の終了後に、予算特別委員会にあっては、全員協議会室、新幹線・地域鉄道調査特別委員会にあっては、第３委員会室、原子力発電・防災対策特別委員会にあっては、第２委員会室に招集いたします。,null,null,null
420,福井県,平成23年第３６９回,1,23,5,11,臨時,平成23年第３６９回臨時会（第１号）本文,議長（田中敏幸君）,議長,議長,田中敏幸,───────────────────,null,null,null
421,福井県,平成23年第３６９回,1,23,5,11,臨時,平成23年第３６９回臨時会（第１号）本文,議長（田中敏幸君）,議長,議長,田中敏幸,委　員　会　招　集　表,null,null,null
422,福井県,平成23年第３６９回,1,23,5,11,臨時,平成23年第３６９回臨時会（第１号）本文,議長（田中敏幸君）,議長,議長,田中敏幸,平成23年5月11日,null,null,null
423,福井県,平成23年第３６９回,1,23,5,11,臨時,平成23年第３６９回臨時会（第１号）本文,議長（田中敏幸君）,議長,議長,田中敏幸,┌────────┬────────┬────────┬────────┐,null,null,null
424,福井県,平成23年第３６９回,1,23,5,11,臨時,平成23年第３６９回臨時会（第１号）本文,議長（田中敏幸君）,議長,議長,田中敏幸,│　　委員会名　　│　　時　　間　　│　　場　　所　　│　　議　　題　　│,null,null,null
425,福井県,平成23年第３６９回,1,23,5,11,臨時,平成23年第３６９回臨時会（第１号）本文,議長（田中敏幸君）,議長,議長,田中敏幸,├─┬──────┼────────┼────────┼────────┤,null,null,null
426,福井県,平成23年第３６９回,1,23,5,11,臨時,平成23年第３６９回臨時会（第１号）本文,議長（田中敏幸君）,議長,議長,田中敏幸,│　│　　　　　　│　　　　　　　　│　　　　　　　　│　委員長および　│,null,null,null
427,福井県,平成23年第３６９回,1,23,5,11,臨時,平成23年第３６９回臨時会（第１号）本文,議長（田中敏幸君）,議長,議長,田中敏幸,│常│　総務教育　│　本会議休憩中　│　第２委員会室　│　　　　　　　　│,null,null,null
428,福井県,平成23年第３６９回,1,23,5,11,臨時,平成23年第３６９回臨時会（第１号）本文,議長（田中敏幸君）,議長,議長,田中敏幸,│　│　　　　　　│　　　　　　　　│　　　　　　　　│　副委員長互選　│,null,null,null
429,福井県,平成23年第３６９回,1,23,5,11,臨時,平成23年第３６９回臨時会（第１号）本文,議長（田中敏幸君）,議長,議長,田中敏幸,│　├──────┼────────┼────────┼────────┤,null,null,null
430,福井県,平成23年第３６９回,1,23,5,11,臨時,平成23年第３６９回臨時会（第１号）本文,議長（田中敏幸君）,議長,議長,田中敏幸,│任│　　　　　　│　　　　　　　　│　　　　　　　　│　委員長および　│,null,null,null
431,福井県,平成23年第３６９回,1,23,5,11,臨時,平成23年第３６９回臨時会（第１号）本文,議長（田中敏幸君）,議長,議長,田中敏幸,│　│　厚　　生　│　本会議休憩中　│　第１委員会室　│　　　　　　　　│,null,null,null
432,福井県,平成23年第３６９回,1,23,5,11,臨時,平成23年第３６９回臨時会（第１号）本文,議長（田中敏幸君）,議長,議長,田中敏幸,│委│　　　　　　│　　　　　　　　│　　　　　　　　│　副委員長互選　│,null,null,null
433,福井県,平成23年第３６９回,1,23,5,11,臨時,平成23年第３６９回臨時会（第１号）本文,議長（田中敏幸君）,議長,議長,田中敏幸,│　├──────┼────────┼────────┼────────┤,null,null,null
434,福井県,平成23年第３６９回,1,23,5,11,臨時,平成23年第３６９回臨時会（第１号）本文,議長（田中敏幸君）,議長,議長,田中敏幸,│　│　　　　　　│　　　　　　　　│　　　　　　　　│　委員長および　│,null,null,null
435,福井県,平成23年第３６９回,1,23,5,11,臨時,平成23年第３６９回臨時会（第１号）本文,議長（田中敏幸君）,議長,議長,田中敏幸,│員│　産　　業　│　本会議休憩中　│　第３委員会室　│　　　　　　　　│,null,null,null
436,福井県,平成23年第３６９回,1,23,5,11,臨時,平成23年第３６９回臨時会（第１号）本文,議長（田中敏幸君）,議長,議長,田中敏幸,│　│　　　　　　│　　　　　　　　│　　　　　　　　│　副委員長互選　│,null,null,null
437,福井県,平成23年第３６９回,1,23,5,11,臨時,平成23年第３６９回臨時会（第１号）本文,議長（田中敏幸君）,議長,議長,田中敏幸,│　├──────┼────────┼────────┼────────┤,null,null,null
438,福井県,平成23年第３６９回,1,23,5,11,臨時,平成23年第３６９回臨時会（第１号）本文,議長（田中敏幸君）,議長,議長,田中敏幸,│会│　　　　　　│　　　　　　　　│　　　　　　　　│　委員長および　│,null,null,null
439,福井県,平成23年第３６９回,1,23,5,11,臨時,平成23年第３６９回臨時会（第１号）本文,議長（田中敏幸君）,議長,議長,田中敏幸,│　│　土木警察　│　本会議休憩中　│　第４委員会室　│　　　　　　　　│,null,null,null
440,福井県,平成23年第３６９回,1,23,5,11,臨時,平成23年第３６９回臨時会（第１号）本文,議長（田中敏幸君）,議長,議長,田中敏幸,│　│　　　　　　│　　　　　　　　│　　　　　　　　│　副委員長互選　│,null,null,null
441,福井県,平成23年第３６９回,1,23,5,11,臨時,平成23年第３６９回臨時会（第１号）本文,議長（田中敏幸君）,議長,議長,田中敏幸,├─┴──────┼────────┼────────┼────────┤,null,null,null
442,福井県,平成23年第３６９回,1,23,5,11,臨時,平成23年第３６９回臨時会（第１号）本文,議長（田中敏幸君）,議長,議長,田中敏幸,│　　　　　　　　│　　　　　　　　│　　　　　　　　│　委員長および　│,null,null,null
443,福井県,平成23年第３６９回,1,23,5,11,臨時,平成23年第３６９回臨時会（第１号）本文,議長（田中敏幸君）,議長,議長,田中敏幸,│議会運営委員会　│　本会議休憩中　│　第１委員会室　│　　　　　　　　│,null,null,null
444,福井県,平成23年第３６９回,1,23,5,11,臨時,平成23年第３６９回臨時会（第１号）本文,議長（田中敏幸君）,議長,議長,田中敏幸,│　　　　　　　　│　　　　　　　　│　　　　　　　　│　副委員長互選　│,null,null,null
445,福井県,平成23年第３６９回,1,23,5,11,臨時,平成23年第３６９回臨時会（第１号）本文,議長（田中敏幸君）,議長,議長,田中敏幸,└────────┴────────┴────────┴────────┘,null,null,null
446,福井県,平成23年第３６９回,1,23,5,11,臨時,平成23年第３６９回臨時会（第１号）本文,議長（田中敏幸君）,議長,議長,田中敏幸,───────────────────,null,null,null
447,福井県,平成23年第３６９回,1,23,5,11,臨時,平成23年第３６９回臨時会（第１号）本文,議長（田中敏幸君）,議長,議長,田中敏幸,ここで休憩いたします。,null,null,null
448,福井県,平成23年第３６９回,1,23,5,11,臨時,平成23年第３６９回臨時会（第１号）本文,議長（田中敏幸君）,議長,議長,田中敏幸,午前11時25分　休　憩,null,null,null
449,福井県,平成23年第３６９回,1,23,5,11,臨時,平成23年第３６９回臨時会（第１号）本文,議長（田中敏幸君）,議長,議長,田中敏幸,━━━━━━━━━━━━━━━━━━━,null,null,null
450,福井県,平成23年第３６９回,1,23,5,11,臨時,平成23年第３６９回臨時会（第１号）本文,議長（田中敏幸君）,議長,議長,田中敏幸,午後１時00分　再　開,null,null,null
451,福井県,平成23年第３６９回,1,23,5,11,臨時,平成23年第３６９回臨時会（第１号）本文,議長（田中敏幸君）,議長,議長,田中敏幸,会議に出席した議員（36名）,null,null,null
452,福井県,平成23年第３６９回,1,23,5,11,臨時,平成23年第３６９回臨時会（第１号）本文,議長（田中敏幸君）,議長,議長,田中敏幸,１番　　西　　畑　　知佐代　　　　　　　　　　　　20番　　大久保　　　　　　衞,null,null,null
453,福井県,平成23年第３６９回,1,23,5,11,臨時,平成23年第３６９回臨時会（第１号）本文,議長（田中敏幸君）,議長,議長,田中敏幸,２番　　細　　川　　かをり　　　　　　　　　　　　21番　　松　　井　　拓　　夫,null,null,null
454,福井県,平成23年第３６９回,1,23,5,11,臨時,平成23年第３６９回臨時会（第１号）本文,議長（田中敏幸君）,議長,議長,田中敏幸,３番　　島　　田　　欽　　一　　　　　　　　　　　22番　　笹　　岡　　一　　彦,null,null,null
455,福井県,平成23年第３６９回,1,23,5,11,臨時,平成23年第３６９回臨時会（第１号）本文,議長（田中敏幸君）,議長,議長,田中敏幸,４番　　小　　寺　　惣　　吉　　　　　　　　　　　23番　　谷　　出　　晴　　彦,null,null,null
456,福井県,平成23年第３６９回,1,23,5,11,臨時,平成23年第３６９回臨時会（第１号）本文,議長（田中敏幸君）,議長,議長,田中敏幸,５番　　田　　中　　宏　　典　　　　　　　　　　　24番　　小　　泉　　剛　　康,null,null,null
457,福井県,平成23年第３６９回,1,23,5,11,臨時,平成23年第３６９回臨時会（第１号）本文,議長（田中敏幸君）,議長,議長,田中敏幸,６番　　大　　森　　哲　　男　　　　　　　　　　　25番　　田　　中　　敏　　幸,null,null,null
458,福井県,平成23年第３６９回,1,23,5,11,臨時,平成23年第３６９回臨時会（第１号）本文,議長（田中敏幸君）,議長,議長,田中敏幸,７番　　佐　　藤　　正　　雄　　　　　　　　　　　26番　　斉　　藤　　新　　緑,null,null,null
459,福井県,平成23年第３６９回,1,23,5,11,臨時,平成23年第３６９回臨時会（第１号）本文,議長（田中敏幸君）,議長,議長,田中敏幸,８番　　西　　本　　正　　俊　　　　　　　　　　　27番　　石　　橋　　壮一郎,null,null,null
460,福井県,平成23年第３６９回,1,23,5,11,臨時,平成23年第３６９回臨時会（第１号）本文,議長（田中敏幸君）,議長,議長,田中敏幸,９番　　玉　　村　　和　　夫　　　　　　　　　　　28番　　山　　本　　正　　雄,null,null,null
461,福井県,平成23年第３６９回,1,23,5,11,臨時,平成23年第３６９回臨時会（第１号）本文,議長（田中敏幸君）,議長,議長,田中敏幸,10番　　笠　　松　　泰　　夫　　　　　　　　　　　29番　　野　　田　　富　　久,null,null,null
462,福井県,平成23年第３６９回,1,23,5,11,臨時,平成23年第３６９回臨時会（第１号）本文,議長（田中敏幸君）,議長,議長,田中敏幸,11番　　仲　　倉　　典　　克　　　　　　　　　　　30番　　中　　川　　平　　一,null,null,null
463,福井県,平成23年第３６９回,1,23,5,11,臨時,平成23年第３６９回臨時会（第１号）本文,議長（田中敏幸君）,議長,議長,田中敏幸,12番　　鈴　　木　　宏　　紀　　　　　　　　　　　31番　　山　　岸　　猛　　夫,null,null,null
464,福井県,平成23年第３６９回,1,23,5,11,臨時,平成23年第３６９回臨時会（第１号）本文,議長（田中敏幸君）,議長,議長,田中敏幸,13番　　田　　村　　康　　夫　　　　　　　　　　　32番　　前　　田　　康　　博,null,null,null
465,福井県,平成23年第３６９回,1,23,5,11,臨時,平成23年第３６９回臨時会（第１号）本文,議長（田中敏幸君）,議長,議長,田中敏幸,14番　　松　　田　　泰　　典　　　　　　　　　　　33番　　石　　川　　与三吉,null,null,null
466,福井県,平成23年第３６９回,1,23,5,11,臨時,平成23年第３６９回臨時会（第１号）本文,議長（田中敏幸君）,議長,議長,田中敏幸,16番　　山　　田　　庄　　司　　　　　　　　　　　34番　　屋　　敷　　　　　勇,null,null,null
467,福井県,平成23年第３６９回,1,23,5,11,臨時,平成23年第３６９回臨時会（第１号）本文,議長（田中敏幸君）,議長,議長,田中敏幸,17番　　糀　　谷　　好　　晃　　　　　　　　　　　35番　　関　　　　　孝　　治,null,null,null
468,福井県,平成23年第３６９回,1,23,5,11,臨時,平成23年第３６９回臨時会（第１号）本文,議長（田中敏幸君）,議長,議長,田中敏幸,18番　　鈴　　木　　宏　　治　　　　　　　　　　　36番　　山　　本　　芳　　男,null,null,null
469,福井県,平成23年第３６９回,1,23,5,11,臨時,平成23年第３６９回臨時会（第１号）本文,議長（田中敏幸君）,議長,議長,田中敏幸,19番　　吉　　田　　伊三郎　　　　　　　　　　　　37番　　山　　本　　文　　雄,null,null,null
470,福井県,平成23年第３６９回,1,23,5,11,臨時,平成23年第３６９回臨時会（第１号）本文,議長（田中敏幸君）,議長,議長,田中敏幸,━━━━━━━━━━━━━━━━━━━,null,null,null
471,福井県,平成23年第３６９回,1,23,5,11,臨時,平成23年第３６９回臨時会（第１号）本文,議長（田中敏幸君）,議長,議長,田中敏幸,会議に欠席した議員（１名）,null,null,null
472,福井県,平成23年第３６９回,1,23,5,11,臨時,平成23年第３６９回臨時会（第１号）本文,議長（田中敏幸君）,議長,議長,田中敏幸,15番　　谷　　口　　忠　　応,null,null,null
473,福井県,平成23年第３６９回,1,23,5,11,臨時,平成23年第３６９回臨時会（第１号）本文,議長（田中敏幸君）,議長,議長,田中敏幸,━━━━━━━━━━━━━━━━━━━,null,null,null
474,福井県,平成23年第３６９回,1,23,5,11,臨時,平成23年第３６９回臨時会（第１号）本文,議長（田中敏幸君）,議長,議長,田中敏幸,休憩前に引き続き、会議を開きます。,null,null,null
475,福井県,平成23年第３６９回,1,23,5,11,臨時,平成23年第３６９回臨時会（第１号）本文,議長（田中敏幸君）,議長,議長,田中敏幸,───────────────────,null,null,null
476,福井県,平成23年第３６９回,1,23,5,11,臨時,平成23年第３６９回臨時会（第１号）本文,議長（田中敏幸君）,議長,議長,田中敏幸,各委員会の委員長及び副委員長が互選されましたので、御報告申し上げます。,null,null,null
477,福井県,平成23年第３６９回,1,23,5,11,臨時,平成23年第３６９回臨時会（第１号）本文,議長（田中敏幸君）,議長,議長,田中敏幸,総務教育常任委員会の委員長に田村君、副委員長に田中宏典君。,null,null,null
478,福井県,平成23年第３６９回,1,23,5,11,臨時,平成23年第３６９回臨時会（第１号）本文,議長（田中敏幸君）,議長,議長,田中敏幸,厚生常任委員会の委員長に大久保君、副委員長に大森君。,null,null,null
479,福井県,平成23年第３６９回,1,23,5,11,臨時,平成23年第３６９回臨時会（第１号）本文,議長（田中敏幸君）,議長,議長,田中敏幸,産業常任委員会の委員長に松田君、副委員長に小寺君。,null,null,null
480,福井県,平成23年第３６９回,1,23,5,11,臨時,平成23年第３６９回臨時会（第１号）本文,議長（田中敏幸君）,議長,議長,田中敏幸,土木警察常任委員会の委員長に笠松君、副委員長に島田君。,null,null,null
481,福井県,平成23年第３６９回,1,23,5,11,臨時,平成23年第３６９回臨時会（第１号）本文,議長（田中敏幸君）,議長,議長,田中敏幸,議会運営委員会の委員長に前田君、副委員長に石川君。,null,null,null
482,福井県,平成23年第３６９回,1,23,5,11,臨時,平成23年第３６９回臨時会（第１号）本文,議長（田中敏幸君）,議長,議長,田中敏幸,予算特別委員会の委員長に斉藤君、副委員長に谷出君。,null,null,null
483,福井県,平成23年第３６９回,1,23,5,11,臨時,平成23年第３６９回臨時会（第１号）本文,議長（田中敏幸君）,議長,議長,田中敏幸,新幹線・地域鉄道調査特別委員会の委員長に山岸君、副委員長に大森君。,null,null,null
484,福井県,平成23年第３６９回,1,23,5,11,臨時,平成23年第３６９回臨時会（第１号）本文,議長（田中敏幸君）,議長,議長,田中敏幸,原子力発電・防災対策特別委員会の委員長に中川君、副委員長に屋敷君が選任されましたので、御報告申し上げます。,null,null,null
485,福井県,平成23年第３６９回,1,23,5,11,臨時,平成23年第３６９回臨時会（第１号）本文,議長（田中敏幸君）,議長,議長,田中敏幸,───────────────────,null,null,null
486,福井県,平成23年第３６９回,1,23,5,11,臨時,平成23年第３６９回臨時会（第１号）本文,議長（田中敏幸君）,議長,議長,田中敏幸,次に、各常任委員会委員長及び議会運営委員会委員長から、会議規則第74条の規定により、委員の任期中お手元に配付いたしました申出一覧のとおり閉会中の継続審査の申し出がなされております。,null,null,null
487,福井県,平成23年第３６９回,1,23,5,11,臨時,平成23年第３６９回臨時会（第１号）本文,議長（田中敏幸君）,議長,議長,田中敏幸,お諮りいたします。,null,null,null
488,福井県,平成23年第３６９回,1,23,5,11,臨時,平成23年第３６９回臨時会（第１号）本文,議長（田中敏幸君）,議長,議長,田中敏幸,この際、本件を日程に追加し、直ちに議題といたしたいと存じますが、これに御異議ありませんか。,null,null,null
489,福井県,平成23年第３６９回,1,23,5,11,臨時,平成23年第３６９回臨時会（第１号）本文,議長（田中敏幸君）,議長,議長,田中敏幸,〔「異議なし」と呼ぶ者あり〕,null,null,null
490,福井県,平成23年第３６９回,1,23,5,11,臨時,平成23年第３６９回臨時会（第１号）本文,議長（田中敏幸君）,議長,議長,田中敏幸,御異議なしと認めます。,null,null,null
491,福井県,平成23年第３６９回,1,23,5,11,臨時,平成23年第３６９回臨時会（第１号）本文,議長（田中敏幸君）,議長,議長,田中敏幸,よって、そのように決定いたしました。,null,null,null
492,福井県,平成23年第３６９回,1,23,5,11,臨時,平成23年第３６９回臨時会（第１号）本文,議長（田中敏幸君）,議長,議長,田中敏幸,━━━━━━━━━━━━━━━━━━━,null,null,null
493,福井県,平成23年第３６９回,1,23,5,11,臨時,平成23年第３６９回臨時会（第１号）本文,議長（田中敏幸君）,議長,議長,田中敏幸,追加第１　常任委員会及び議会運営委員会の閉会中の継続審査について,null,null,null
494,福井県,平成23年第３６９回,1,23,5,11,臨時,平成23年第３６９回臨時会（第１号）本文,議長（田中敏幸君）,議長,議長,田中敏幸,───────────────────,null,null,null
495,福井県,平成23年第３６９回,1,23,5,11,臨時,平成23年第３６９回臨時会（第１号）本文,議長（田中敏幸君）,議長,議長,田中敏幸,閉会中の継続審査事件の申出一覧（案）,null,null,null
496,福井県,平成23年第３６９回,1,23,5,11,臨時,平成23年第３６９回臨時会（第１号）本文,議長（田中敏幸君）,議長,議長,田中敏幸,┌──────┬─────────────────────────────────────┐,null,null,null
497,福井県,平成23年第３６９回,1,23,5,11,臨時,平成23年第３６９回臨時会（第１号）本文,議長（田中敏幸君）,議長,議長,田中敏幸,│　委員会名　│　　　　　　　　　　　　　件　　　　　　名　　　　　　　　　　　　　　　　│,null,null,null
498,福井県,平成23年第３６９回,1,23,5,11,臨時,平成23年第３６９回臨時会（第１号）本文,議長（田中敏幸君）,議長,議長,田中敏幸,├──────┼─────────────────────────────────────┤,null,null,null
499,福井県,平成23年第３６９回,1,23,5,11,臨時,平成23年第３６９回臨時会（第１号）本文,議長（田中敏幸君）,議長,議長,田中敏幸,│　　　　　　│１　広報および広聴に関すること　　　　　　　　　　　　　　　　　　　　　　│,null,null,null
500,福井県,平成23年第３６９回,1,23,5,11,臨時,平成23年第３６９回臨時会（第１号）本文,議長（田中敏幸君）,議長,議長,田中敏幸,│　　　　　　│２　県の歳出歳入予算、税その他の財務に関すること　　　　　　　　　　　　　│,null,null,null
501,福井県,平成23年第３６９回,1,23,5,11,臨時,平成23年第３６９回臨時会（第１号）本文,議長（田中敏幸君）,議長,議長,田中敏幸,│　　　　　　│３　職員の人事および研修に関すること　　　　　　　　　　　　　　　　　　　│,null,null,null
502,福井県,平成23年第３６９回,1,23,5,11,臨時,平成23年第３６９回臨時会（第１号）本文,議長（田中敏幸君）,議長,議長,田中敏幸,│　　　　　　│４　地方分権および市町行政一般に関すること　　　　　　　　　　　　　　　　│,null,null,null
503,福井県,平成23年第３６９回,1,23,5,11,臨時,平成23年第３６９回臨時会（第１号）本文,議長（田中敏幸君）,議長,議長,田中敏幸,│　　　　　　│５　男女共同参画および県民活動に関すること　　　　　　　　　　　　　　　　│,null,null,null
504,福井県,平成23年第３６９回,1,23,5,11,臨時,平成23年第３６９回臨時会（第１号）本文,議長（田中敏幸君）,議長,議長,田中敏幸,│　　　　　　│６　県政の総合的企画および調整に関すること　　　　　　　　　　　　　　　　│,null,null,null
505,福井県,平成23年第３６９回,1,23,5,11,臨時,平成23年第３６９回臨時会（第１号）本文,議長（田中敏幸君）,議長,議長,田中敏幸,│総務教育　　│７　議会に関すること　　　　　　　　　　　　　　　　　　　　　　　　　　　│,null,null,null
506,福井県,平成23年第３６９回,1,23,5,11,臨時,平成23年第３６９回臨時会（第１号）本文,議長（田中敏幸君）,議長,議長,田中敏幸,│常　　任　　│８　交通対策に関すること　　　　　　　　　　　　　　　　　　　　　　　　　│,null,null,null
507,福井県,平成23年第３６９回,1,23,5,11,臨時,平成23年第３６９回臨時会（第１号）本文,議長（田中敏幸君）,議長,議長,田中敏幸,│　　　　　　│９　統計および情報に関すること　　　　　　　　　　　　　　　　　　　　　　│,null,null,null
508,福井県,平成23年第３６９回,1,23,5,11,臨時,平成23年第３６９回臨時会（第１号）本文,議長（田中敏幸君）,議長,議長,田中敏幸,│　　　　　　│10　出納の審査、歳出歳入決算事務に関すること　　　　　　　　　　　　　　　│,null,null,null
509,福井県,平成23年第３６９回,1,23,5,11,臨時,平成23年第３６９回臨時会（第１号）本文,議長（田中敏幸君）,議長,議長,田中敏幸,│　　　　　　│11　教育委員会の所管に関すること　　　　　　　　　　　　　　　　　　　　　│,null,null,null
510,福井県,平成23年第３６９回,1,23,5,11,臨時,平成23年第３６９回臨時会（第１号）本文,議長（田中敏幸君）,議長,議長,田中敏幸,│　　　　　　│12　選挙管理委員会の所管に関すること　　　　　　　　　　　　　　　　　　　│,null,null,null
511,福井県,平成23年第３６９回,1,23,5,11,臨時,平成23年第３６９回臨時会（第１号）本文,議長（田中敏幸君）,議長,議長,田中敏幸,│　　　　　　│13　人事委員会の所管に関すること　　　　　　　　　　　　　　　　　　　　　│,null,null,null
512,福井県,平成23年第３６９回,1,23,5,11,臨時,平成23年第３６９回臨時会（第１号）本文,議長（田中敏幸君）,議長,議長,田中敏幸,│　　　　　　│14　監査委員の所管に関すること　　　　　　　　　　　　　　　　　　　　　　│,null,null,null
513,福井県,平成23年第３６９回,1,23,5,11,臨時,平成23年第３６９回臨時会（第１号）本文,議長（田中敏幸君）,議長,議長,田中敏幸,│　　　　　　│15　前各号のほか他委員会の所属に属しないこと　　　　　　　　　　　　　　　│,null,null,null
514,福井県,平成23年第３６９回,1,23,5,11,臨時,平成23年第３６９回臨時会（第１号）本文,議長（田中敏幸君）,議長,議長,田中敏幸,├──────┼─────────────────────────────────────┤,null,null,null
515,福井県,平成23年第３６９回,1,23,5,11,臨時,平成23年第３６９回臨時会（第１号）本文,議長（田中敏幸君）,議長,議長,田中敏幸,│　　　　　　│１　消防および防災に関すること　　　　　　　　　　　　　　　　　　　　　　│,null,null,null
516,福井県,平成23年第３６９回,1,23,5,11,臨時,平成23年第３６９回臨時会（第１号）本文,議長（田中敏幸君）,議長,議長,田中敏幸,│　　　　　　│２　原子力安全対策に関すること　　　　　　　　　　　　　　　　　　　　　　│,null,null,null
517,福井県,平成23年第３６９回,1,23,5,11,臨時,平成23年第３６９回臨時会（第１号）本文,議長（田中敏幸君）,議長,議長,田中敏幸,│厚　　生　　│３　県民の安全に関すること　　　　　　　　　　　　　　　　　　　　　　　　│,null,null,null
518,福井県,平成23年第３６９回,1,23,5,11,臨時,平成23年第３６９回臨時会（第１号）本文,議長（田中敏幸君）,議長,議長,田中敏幸,│常　　任　　│４　環境保全に関すること　　　　　　　　　　　　　　　　　　　　　　　　　│,null,null,null
519,福井県,平成23年第３６９回,1,23,5,11,臨時,平成23年第３６９回臨時会（第１号）本文,議長（田中敏幸君）,議長,議長,田中敏幸,│　　　　　　│５　社会福祉に関すること　　　　　　　　　　　　　　　　　　　　　　　　　│,null,null,null
520,福井県,平成23年第３６９回,1,23,5,11,臨時,平成23年第３６９回臨時会（第１号）本文,議長（田中敏幸君）,議長,議長,田中敏幸,│　　　　　　│６　社会保障に関すること　　　　　　　　　　　　　　　　　　　　　　　　　│,null,null,null
521,福井県,平成23年第３６９回,1,23,5,11,臨時,平成23年第３６９回臨時会（第１号）本文,議長（田中敏幸君）,議長,議長,田中敏幸,│　　　　　　│７　保健衛生に関すること　　　　　　　　　　　　　　　　　　　　　　　　　│,null,null,null
522,福井県,平成23年第３６９回,1,23,5,11,臨時,平成23年第３６９回臨時会（第１号）本文,議長（田中敏幸君）,議長,議長,田中敏幸,├──────┼─────────────────────────────────────┤,null,null,null
523,福井県,平成23年第３６９回,1,23,5,11,臨時,平成23年第３６９回臨時会（第１号）本文,議長（田中敏幸君）,議長,議長,田中敏幸,│　　　　　　│１　産業（農業、林業および水産業を除く。,null,null,null
524,福井県,平成23年第３６９回,1,23,5,11,臨時,平成23年第３６９回臨時会（第１号）本文,議長（田中敏幸君）,議長,議長,田中敏幸,）に関すること　　　　　　　　　　│,null,null,null
525,福井県,平成23年第３６９回,1,23,5,11,臨時,平成23年第３６９回臨時会（第１号）本文,議長（田中敏幸君）,議長,議長,田中敏幸,│　　　　　　│２　企業立地に関すること　　　　　　　　　　　　　　　　　　　　　　　　　│,null,null,null
526,福井県,平成23年第３６９回,1,23,5,11,臨時,平成23年第３６９回臨時会（第１号）本文,議長（田中敏幸君）,議長,議長,田中敏幸,│　　　　　　│３　科学技術に関すること　　　　　　　　　　　　　　　　　　　　　　　　　│,null,null,null
527,福井県,平成23年第３６９回,1,23,5,11,臨時,平成23年第３６９回臨時会（第１号）本文,議長（田中敏幸君）,議長,議長,田中敏幸,│　　　　　　│４　労働に関すること　　　　　　　　　　　　　　　　　　　　　　　　　　　│,null,null,null
528,福井県,平成23年第３６９回,1,23,5,11,臨時,平成23年第３６９回臨時会（第１号）本文,議長（田中敏幸君）,議長,議長,田中敏幸,│産　　業　　│５　公営企業に関すること　　　　　　　　　　　　　　　　　　　　　　　　　│,null,null,null
529,福井県,平成23年第３６９回,1,23,5,11,臨時,平成23年第３６９回臨時会（第１号）本文,議長（田中敏幸君）,議長,議長,田中敏幸,│常　　任　　│６　県の魅力の向上に関すること　　　　　　　　　　　　　　　　　　　　　　│,null,null,null
530,福井県,平成23年第３６９回,1,23,5,11,臨時,平成23年第３６９回臨時会（第１号）本文,議長（田中敏幸君）,議長,議長,田中敏幸,│　　　　　　│７　観光および国際化に関すること　　　　　　　　　　　　　　　　　　　　　│,null,null,null
531,福井県,平成23年第３６９回,1,23,5,11,臨時,平成23年第３６９回臨時会（第１号）本文,議長（田中敏幸君）,議長,議長,田中敏幸,│　　　　　　│８　農業、林業および水産業に関すること　　　　　　　　　　　　　　　　　　│,null,null,null
532,福井県,平成23年第３６９回,1,23,5,11,臨時,平成23年第３６９回臨時会（第１号）本文,議長（田中敏幸君）,議長,議長,田中敏幸,│　　　　　　│９　農地関係の調整に関すること　　　　　　　　　　　　　　　　　　　　　　│,null,null,null
533,福井県,平成23年第３６９回,1,23,5,11,臨時,平成23年第３６９回臨時会（第１号）本文,議長（田中敏幸君）,議長,議長,田中敏幸,│　　　　　　│10　土地改良に関すること　　　　　　　　　　　　　　　　　　　　　　　　　│,null,null,null
534,福井県,平成23年第３６９回,1,23,5,11,臨時,平成23年第３６９回臨時会（第１号）本文,議長（田中敏幸君）,議長,議長,田中敏幸,├──────┼─────────────────────────────────────┤,null,null,null
535,福井県,平成23年第３６９回,1,23,5,11,臨時,平成23年第３６９回臨時会（第１号）本文,議長（田中敏幸君）,議長,議長,田中敏幸,│　　　　　　│１　道路および河川に関すること　　　　　　　　　　　　　　　　　　　　　　│,null,null,null
536,福井県,平成23年第３６９回,1,23,5,11,臨時,平成23年第３６９回臨時会（第１号）本文,議長（田中敏幸君）,議長,議長,田中敏幸,│土木警察　　│２　都市計画に関すること　　　　　　　　　　　　　　　　　　　　　　　　　│,null,null,null
537,福井県,平成23年第３６９回,1,23,5,11,臨時,平成23年第３６９回臨時会（第１号）本文,議長（田中敏幸君）,議長,議長,田中敏幸,│常　　任　　│３　住宅および建築に関すること　　　　　　　　　　　　　　　　　　　　　　│,null,null,null
538,福井県,平成23年第３６９回,1,23,5,11,臨時,平成23年第３６９回臨時会（第１号）本文,議長（田中敏幸君）,議長,議長,田中敏幸,│　　　　　　│４　港湾その他土木に関すること　　　　　　　　　　　　　　　　　　　　　　│,null,null,null
539,福井県,平成23年第３６９回,1,23,5,11,臨時,平成23年第３６９回臨時会（第１号）本文,議長（田中敏幸君）,議長,議長,田中敏幸,│　　　　　　│５　公安委員会の所管に関すること　　　　　　　　　　　　　　　　　　　　　│,null,null,null
540,福井県,平成23年第３６９回,1,23,5,11,臨時,平成23年第３６９回臨時会（第１号）本文,議長（田中敏幸君）,議長,議長,田中敏幸,├──────┼─────────────────────────────────────┤,null,null,null
541,福井県,平成23年第３６９回,1,23,5,11,臨時,平成23年第３６９回臨時会（第１号）本文,議長（田中敏幸君）,議長,議長,田中敏幸,│議会運営　　│１　次期定例会の会期日程等、議会運営に関すること　　　　　　　　　　　　　│,null,null,null
542,福井県,平成23年第３６９回,1,23,5,11,臨時,平成23年第３６９回臨時会（第１号）本文,議長（田中敏幸君）,議長,議長,田中敏幸,└──────┴─────────────────────────────────────┘,null,null,null
543,福井県,平成23年第３６９回,1,23,5,11,臨時,平成23年第３６９回臨時会（第１号）本文,議長（田中敏幸君）,議長,議長,田中敏幸,───────────────────,null,null,null
544,福井県,平成23年第３６９回,1,23,5,11,臨時,平成23年第３６９回臨時会（第１号）本文,議長（田中敏幸君）,議長,議長,田中敏幸,これより、追加日程第１常任委員会及び議会運営委員会の閉会中の継続審査についてを議題といたします。,null,null,null
545,福井県,平成23年第３６９回,1,23,5,11,臨時,平成23年第３６９回臨時会（第１号）本文,議長（田中敏幸君）,議長,議長,田中敏幸,お諮りいたします。,null,null,null
546,福井県,平成23年第３６９回,1,23,5,11,臨時,平成23年第３６９回臨時会（第１号）本文,議長（田中敏幸君）,議長,議長,田中敏幸,本件を、各委員会委員長からの申し出のとおり決定することに御異議ありませんか。,null,null,null
547,福井県,平成23年第３６９回,1,23,5,11,臨時,平成23年第３６９回臨時会（第１号）本文,議長（田中敏幸君）,議長,議長,田中敏幸,〔「異議なし」と呼ぶ者あり〕,null,null,null
548,福井県,平成23年第３６９回,1,23,5,11,臨時,平成23年第３６９回臨時会（第１号）本文,議長（田中敏幸君）,議長,議長,田中敏幸,御異議なしと認めます。,null,null,null
549,福井県,平成23年第３６９回,1,23,5,11,臨時,平成23年第３６９回臨時会（第１号）本文,議長（田中敏幸君）,議長,議長,田中敏幸,よって、そのように決定いたしました。,null,null,null
550,福井県,平成23年第３６９回,1,23,5,11,臨時,平成23年第３６９回臨時会（第１号）本文,議長（田中敏幸君）,議長,議長,田中敏幸,━━━━━━━━━━━━━━━━━━━,null,null,null
551,福井県,平成23年第３６９回,1,23,5,11,臨時,平成23年第３６９回臨時会（第１号）本文,議長（田中敏幸君）,議長,議長,田中敏幸,第10から第15まで,null,null,null
552,福井県,平成23年第３６９回,1,23,5,11,臨時,平成23年第３６９回臨時会（第１号）本文,議長（田中敏幸君）,議長,議長,田中敏幸,次に、日程第10から日程第15までの６件を会議規則第36条の規定により、一括して議題といたします。,null,null,null
553,福井県,平成23年第３６９回,1,23,5,11,臨時,平成23年第３６９回臨時会（第１号）本文,議長（田中敏幸君）,議長,議長,田中敏幸,これより、知事から提案理由の説明を求めることにいたします。,null,null,null
554,福井県,平成23年第３６９回,1,23,5,11,臨時,平成23年第３６９回臨時会（第１号）本文,議長（田中敏幸君）,議長,議長,田中敏幸,知事西川君。,null,null,null
555,福井県,平成23年第３６９回,1,23,5,11,臨時,平成23年第３６９回臨時会（第１号）本文,議長（田中敏幸君）,議長,議長,田中敏幸,〔知事西川一誠君登壇〕,null,null,null
556,福井県,平成23年第３６９回,1,23,5,11,臨時,平成23年第３６９回臨時会（第１号）本文,知事（西川一誠君）,知事,知事,西川一誠,提案いたしました議案の説明に先立ち、一言ごあいさつを申し上げます。,null,null,null
557,福井県,平成23年第３６９回,1,23,5,11,臨時,平成23年第３６９回臨時会（第１号）本文,知事（西川一誠君）,知事,知事,西川一誠,先ほど行われました県議会議長並びに副議長の選挙におきまして、田中敏幸氏には、県議会議長に、吉田伊三郎氏には県議会副議長にそれぞれ御就任をされましたことに対し、心からお祝いを申し上げます。,null,null,null
558,福井県,平成23年第３６９回,1,23,5,11,臨時,平成23年第３６９回臨時会（第１号）本文,知事（西川一誠君）,知事,知事,西川一誠,また、各位にはそれぞれ各委員会の委員長、副委員長並びに委員に就任されましたことに対し、県民を代表しお喜びを申し上げますとともに、県勢発展のため、一層の御活躍と御協力を賜りますようお願い申し上げる次第であります。,null,null,null
559,福井県,平成23年第３６９回,1,23,5,11,臨時,平成23年第３６９回臨時会（第１号）本文,知事（西川一誠君）,知事,知事,西川一誠,次に、ただいま上程されました議案につきまして、御説明申し上げます。,null,null,null
560,福井県,平成23年第３６９回,1,23,5,11,臨時,平成23年第３６９回臨時会（第１号）本文,知事（西川一誠君）,知事,知事,西川一誠,第30号議案は、行財政改革を推進するに当たり、知事を初めとする常勤特別職について、給料月額の100分の10を減額するものであります。,null,null,null
561,福井県,平成23年第３６９回,1,23,5,11,臨時,平成23年第３６９回臨時会（第１号）本文,知事（西川一誠君）,知事,知事,西川一誠,また、第31号議案から第33号議案までは、福井県県税条例の一部改正を初め、緊急を要するため専決処分いたしましたことについて議会の承認を求めるものであります。,null,null,null
562,福井県,平成23年第３６９回,1,23,5,11,臨時,平成23年第３６９回臨時会（第１号）本文,知事（西川一誠君）,知事,知事,西川一誠,何とぞ御審議の上、妥当な御決議を賜りますようお願い申し上げます。,null,null,null
563,福井県,平成23年第３６９回,1,23,5,11,臨時,平成23年第３６９回臨時会（第１号）本文,知事（西川一誠君）,知事,知事,西川一誠,───────────────────,null,null,null
564,福井県,平成23年第３６９回,1,23,5,11,臨時,平成23年第３６９回臨時会（第１号）本文,議長（田中敏幸君）,議長,議長,田中敏幸,今ほど知事から説明がありました日程第10　第30号議案　福井県特別職の職員の給与および旅費に関する条例および福井県教育長の給与、勤務時間その他の勤務条件に関する条例の一部改正については、地方公務員法第５条第２項の規定により、人事委員会の意見を求めておきましたところ、お手元に配付のとおりでありますので、御了承願います。,null,null,null
565,福井県,平成23年第３６９回,1,23,5,11,臨時,平成23年第３６９回臨時会（第１号）本文,議長（田中敏幸君）,議長,議長,田中敏幸,━━━━━━━━━━━━━━━━━━━,null,null,null
566,福井県,平成23年第３６９回,1,23,5,11,臨時,平成23年第３６９回臨時会（第１号）本文,議長（田中敏幸君）,議長,議長,田中敏幸,（写）,null,null,null
567,福井県,平成23年第３６９回,1,23,5,11,臨時,平成23年第３６９回臨時会（第１号）本文,議長（田中敏幸君）,議長,議長,田中敏幸,人　委　第187号,null,null,null
568,福井県,平成23年第３６９回,1,23,5,11,臨時,平成23年第３６９回臨時会（第１号）本文,議長（田中敏幸君）,議長,議長,田中敏幸,平成23年5月11日,null,null,null
569,福井県,平成23年第３６９回,1,23,5,11,臨時,平成23年第３６９回臨時会（第１号）本文,議長（田中敏幸君）,議長,議長,田中敏幸,福井県議会議長　田中　敏幸　　様,null,null,null
570,福井県,平成23年第３６９回,1,23,5,11,臨時,平成23年第３６９回臨時会（第１号）本文,議長（田中敏幸君）,議長,議長,田中敏幸,福井県人事委員会委員長　川　上　賢　正,null,null,null
571,福井県,平成23年第３６９回,1,23,5,11,臨時,平成23年第３６９回臨時会（第１号）本文,議長（田中敏幸君）,議長,議長,田中敏幸,条例の一部改正に伴う意見について（回答）,null,null,null
572,福井県,平成23年第３６９回,1,23,5,11,臨時,平成23年第３６９回臨時会（第１号）本文,議長（田中敏幸君）,議長,議長,田中敏幸,平成23年５月11日付福議第468号で意見聴取のありましたみだしのことについて、下記のとおり,null,null,null
573,福井県,平成23年第３６９回,1,23,5,11,臨時,平成23年第３６９回臨時会（第１号）本文,議長（田中敏幸君）,議長,議長,田中敏幸,回答します。,null,null,null
574,福井県,平成23年第３６９回,1,23,5,11,臨時,平成23年第３６９回臨時会（第１号）本文,議長（田中敏幸君）,議長,議長,田中敏幸,記,null,null,null
575,福井県,平成23年第３６９回,1,23,5,11,臨時,平成23年第３６９回臨時会（第１号）本文,議長（田中敏幸君）,議長,議長,田中敏幸,第30号議案（福井県特別職の職員の給与および旅費に関する条例および福井県教育長の給与、勤,null,null,null
576,福井県,平成23年第３６９回,1,23,5,11,臨時,平成23年第３６９回臨時会（第１号）本文,議長（田中敏幸君）,議長,議長,田中敏幸,務時間その他の勤務条件に関する条例の一部改正について）,null,null,null
577,福井県,平成23年第３６９回,1,23,5,11,臨時,平成23年第３６９回臨時会（第１号）本文,議長（田中敏幸君）,議長,議長,田中敏幸,同議案のうち、「福井県教育長の給与、勤務時間その他の勤務条件に関する条例」の一部改正に,null,null,null
578,福井県,平成23年第３６９回,1,23,5,11,臨時,平成23年第３６９回臨時会（第１号）本文,議長（田中敏幸君）,議長,議長,田中敏幸,ついては、行財政構造改革を推進するに当たり、知事をはじめとする特別職の給与の減額に準じて、,null,null,null
579,福井県,平成23年第３６９回,1,23,5,11,臨時,平成23年第３６９回臨時会（第１号）本文,議長（田中敏幸君）,議長,議長,田中敏幸,引き続き教育長の給与の減額を行うものであり、異議はない。,null,null,null
580,福井県,平成23年第３６９回,1,23,5,11,臨時,平成23年第３６９回臨時会（第１号）本文,議長（田中敏幸君）,議長,議長,田中敏幸,━━━━━━━━━━━━━━━━━━━,null,null,null
581,福井県,平成23年第３６９回,1,23,5,11,臨時,平成23年第３６９回臨時会（第１号）本文,議長（田中敏幸君）,議長,議長,田中敏幸,ただいま議題となっております６件につきましては、会議規則第38条第３項の規定により、委員会付託は省略いたしたいと存じますが、これに御異議ありませんか。,null,null,null
582,福井県,平成23年第３６９回,1,23,5,11,臨時,平成23年第３６９回臨時会（第１号）本文,議長（田中敏幸君）,議長,議長,田中敏幸,〔「異議なし」と呼ぶ者あり〕,null,null,null
583,福井県,平成23年第３６９回,1,23,5,11,臨時,平成23年第３６９回臨時会（第１号）本文,議長（田中敏幸君）,議長,議長,田中敏幸,御異議なしと認めます。,null,null,null
584,福井県,平成23年第３６９回,1,23,5,11,臨時,平成23年第３６９回臨時会（第１号）本文,議長（田中敏幸君）,議長,議長,田中敏幸,よって、そのように決定いたしました。,null,null,null
585,福井県,平成23年第３６９回,1,23,5,11,臨時,平成23年第３６９回臨時会（第１号）本文,議長（田中敏幸君）,議長,議長,田中敏幸,───────────────────,null,null,null
586,福井県,平成23年第３６９回,1,23,5,11,臨時,平成23年第３６９回臨時会（第１号）本文,議長（田中敏幸君）,議長,議長,田中敏幸,これより、この６件に対する質疑とあわせ討論に入るのでありますが、ただいまのところ通告者はありませんので、ないものと認め、本件に対する質疑及び討論は終結いたしました。,null,null,null
587,福井県,平成23年第３６９回,1,23,5,11,臨時,平成23年第３６９回臨時会（第１号）本文,議長（田中敏幸君）,議長,議長,田中敏幸,これより、日程第10から日程第13までの採決に入ります。,null,null,null
588,福井県,平成23年第３６９回,1,23,5,11,臨時,平成23年第３６９回臨時会（第１号）本文,議長（田中敏幸君）,議長,議長,田中敏幸,その方法は、１件ごとに起立によって行います。,null,null,null
589,福井県,平成23年第３６９回,1,23,5,11,臨時,平成23年第３６９回臨時会（第１号）本文,議長（田中敏幸君）,議長,議長,田中敏幸,まず、日程第10を原案のとおり可決することに賛成の方は御起立願います。,null,null,null
590,福井県,平成23年第３６９回,1,23,5,11,臨時,平成23年第３６９回臨時会（第１号）本文,議長（田中敏幸君）,議長,議長,田中敏幸,〔全　員　起　立〕,null,null,null
591,福井県,平成23年第３６９回,1,23,5,11,臨時,平成23年第３６９回臨時会（第１号）本文,議長（田中敏幸君）,議長,議長,田中敏幸,起立全員であります。,null,null,null
592,福井県,平成23年第３６９回,1,23,5,11,臨時,平成23年第３６９回臨時会（第１号）本文,議長（田中敏幸君）,議長,議長,田中敏幸,よって、本件は原案のとおり可決されました。,null,null,null
593,福井県,平成23年第３６９回,1,23,5,11,臨時,平成23年第３６９回臨時会（第１号）本文,議長（田中敏幸君）,議長,議長,田中敏幸,───────────────────,null,null,null
594,福井県,平成23年第３６９回,1,23,5,11,臨時,平成23年第３６９回臨時会（第１号）本文,議長（田中敏幸君）,議長,議長,田中敏幸,次に、日程第11を原案のとおり可決することに賛成の方は御起立願います。,null,null,null
595,福井県,平成23年第３６９回,1,23,5,11,臨時,平成23年第３６９回臨時会（第１号）本文,議長（田中敏幸君）,議長,議長,田中敏幸,〔全　員　起　立〕,null,null,null
596,福井県,平成23年第３６９回,1,23,5,11,臨時,平成23年第３６９回臨時会（第１号）本文,議長（田中敏幸君）,議長,議長,田中敏幸,起立全員であります。,null,null,null
597,福井県,平成23年第３６９回,1,23,5,11,臨時,平成23年第３６９回臨時会（第１号）本文,議長（田中敏幸君）,議長,議長,田中敏幸,よって、本件は原案のとおり可決されました。,null,null,null
598,福井県,平成23年第３６９回,1,23,5,11,臨時,平成23年第３６９回臨時会（第１号）本文,議長（田中敏幸君）,議長,議長,田中敏幸,───────────────────,null,null,null
599,福井県,平成23年第３６９回,1,23,5,11,臨時,平成23年第３６９回臨時会（第１号）本文,議長（田中敏幸君）,議長,議長,田中敏幸,次に、日程第12を原案のとおり可決することに賛成の方は御起立願います。,null,null,null
600,福井県,平成23年第３６９回,1,23,5,11,臨時,平成23年第３６９回臨時会（第１号）本文,議長（田中敏幸君）,議長,議長,田中敏幸,〔全　員　起　立〕,null,null,null
601,福井県,平成23年第３６９回,1,23,5,11,臨時,平成23年第３６９回臨時会（第１号）本文,議長（田中敏幸君）,議長,議長,田中敏幸,起立全員であります。,null,null,null
602,福井県,平成23年第３６９回,1,23,5,11,臨時,平成23年第３６９回臨時会（第１号）本文,議長（田中敏幸君）,議長,議長,田中敏幸,よって、本件は原案のとおり可決されました。,null,null,null
603,福井県,平成23年第３６９回,1,23,5,11,臨時,平成23年第３６９回臨時会（第１号）本文,議長（田中敏幸君）,議長,議長,田中敏幸,───────────────────,null,null,null
604,福井県,平成23年第３６９回,1,23,5,11,臨時,平成23年第３６９回臨時会（第１号）本文,議長（田中敏幸君）,議長,議長,田中敏幸,次に、日程第13を原案のとおり可決することに賛成の方は御起立願います。,null,null,null
605,福井県,平成23年第３６９回,1,23,5,11,臨時,平成23年第３６９回臨時会（第１号）本文,議長（田中敏幸君）,議長,議長,田中敏幸,〔全　員　起　立〕,null,null,null
606,福井県,平成23年第３６９回,1,23,5,11,臨時,平成23年第３６９回臨時会（第１号）本文,議長（田中敏幸君）,議長,議長,田中敏幸,起立全員であります。,null,null,null
607,福井県,平成23年第３６９回,1,23,5,11,臨時,平成23年第３６９回臨時会（第１号）本文,議長（田中敏幸君）,議長,議長,田中敏幸,よって、本件は原案のとおり可決されました。,null,null,null
608,福井県,平成23年第３６９回,1,23,5,11,臨時,平成23年第３６９回臨時会（第１号）本文,議長（田中敏幸君）,議長,議長,田中敏幸,━━━━━━━━━━━━━━━━━━━,null,null,null
609,福井県,平成23年第３６９回,1,23,5,11,臨時,平成23年第３６９回臨時会（第１号）本文,議長（田中敏幸君）,議長,議長,田中敏幸,第16から第18まで,null,null,null
610,福井県,平成23年第３６９回,1,23,5,11,臨時,平成23年第３６９回臨時会（第１号）本文,議長（田中敏幸君）,議長,議長,田中敏幸,次に、日程第16から日程第18までの３件を会議規則第36条の規定により、一括して議題といたします。,null,null,null
611,福井県,平成23年第３６９回,1,23,5,11,臨時,平成23年第３６９回臨時会（第１号）本文,議長（田中敏幸君）,議長,議長,田中敏幸,これより、知事から提案理由の説明を求めることにいたします。,null,null,null
612,福井県,平成23年第３６９回,1,23,5,11,臨時,平成23年第３６９回臨時会（第１号）本文,議長（田中敏幸君）,議長,議長,田中敏幸,知事西川君。,null,null,null
613,福井県,平成23年第３６９回,1,23,5,11,臨時,平成23年第３６９回臨時会（第１号）本文,議長（田中敏幸君）,議長,議長,田中敏幸,〔知事西川一誠君登壇〕,null,null,null
614,福井県,平成23年第３６９回,1,23,5,11,臨時,平成23年第３６９回臨時会（第１号）本文,知事（西川一誠君）,知事,知事,西川一誠,ただいま追加上程をされました議案につきまして、御説明申し上げます。,null,null,null
615,福井県,平成23年第３６９回,1,23,5,11,臨時,平成23年第３６９回臨時会（第１号）本文,知事（西川一誠君）,知事,知事,西川一誠,まず、第34号議案は、福井県副知事旭信昭氏が来る５月16日をもって任期満了となりますので、その後任に満田誉氏を選任しようとするものであります。,null,null,null
616,福井県,平成23年第３６９回,1,23,5,11,臨時,平成23年第３６９回臨時会（第１号）本文,知事（西川一誠君）,知事,知事,西川一誠,次に、第35議案及び第36号議案は、県議会から選任の監査委員について、新たに大森哲男氏並びに田中宏典氏を選任しようとするものであります。,null,null,null
617,福井県,平成23年第３６９回,1,23,5,11,臨時,平成23年第３６９回臨時会（第１号）本文,知事（西川一誠君）,知事,知事,西川一誠,以上、いずれも法律の規定に基づき、議会の御同意を賜りますため提案いたしました次第であります。,null,null,null
618,福井県,平成23年第３６９回,1,23,5,11,臨時,平成23年第３６９回臨時会（第１号）本文,知事（西川一誠君）,知事,知事,西川一誠,今回、選任の同意を求めました方々は、人格、識見ともすぐれた立派な方でありますので、何とぞよろしく御審議賜りますようお願い申し上げます。,null,null,null
619,福井県,平成23年第３６９回,1,23,5,11,臨時,平成23年第３６９回臨時会（第１号）本文,知事（西川一誠君）,知事,知事,西川一誠,───────────────────,null,null,null
620,福井県,平成23年第３６９回,1,23,5,11,臨時,平成23年第３６９回臨時会（第１号）本文,議長（田中敏幸君）,議長,議長,田中敏幸,ただいま議題となっております日程第16から日程第18までの３件につきましては、人事案件の性質上、一切の手続を省略し、直ちに採決いたしたいと存じますが、これに御異議ありませんか。,null,null,null
621,福井県,平成23年第３６９回,1,23,5,11,臨時,平成23年第３６９回臨時会（第１号）本文,議長（田中敏幸君）,議長,議長,田中敏幸,〔「異議なし」と呼ぶ者あり〕,null,null,null
622,福井県,平成23年第３６９回,1,23,5,11,臨時,平成23年第３６９回臨時会（第１号）本文,議長（田中敏幸君）,議長,議長,田中敏幸,御異議なしと認めます。,null,null,null
623,福井県,平成23年第３６９回,1,23,5,11,臨時,平成23年第３６９回臨時会（第１号）本文,議長（田中敏幸君）,議長,議長,田中敏幸,よって、そのように決定いたしました。,null,null,null
624,福井県,平成23年第３６９回,1,23,5,11,臨時,平成23年第３６９回臨時会（第１号）本文,議長（田中敏幸君）,議長,議長,田中敏幸,───────────────────,null,null,null
625,福井県,平成23年第３６９回,1,23,5,11,臨時,平成23年第３６９回臨時会（第１号）本文,議長（田中敏幸君）,議長,議長,田中敏幸,これより採決に入ります。,null,null,null
626,福井県,平成23年第３６９回,1,23,5,11,臨時,平成23年第３６９回臨時会（第１号）本文,議長（田中敏幸君）,議長,議長,田中敏幸,その方法は、１件ごとに起立によって行います。,null,null,null
627,福井県,平成23年第３６９回,1,23,5,11,臨時,平成23年第３６９回臨時会（第１号）本文,議長（田中敏幸君）,議長,議長,田中敏幸,まず、日程第16第35号議案、大森哲男君を福井県監査委員に選任同意することに賛成の方は御起立願います。,null,null,null
628,福井県,平成23年第３６９回,1,23,5,11,臨時,平成23年第３６９回臨時会（第１号）本文,議長（田中敏幸君）,議長,議長,田中敏幸,〔全　員　起　立〕,null,null,null
629,福井県,平成23年第３６９回,1,23,5,11,臨時,平成23年第３６９回臨時会（第１号）本文,議長（田中敏幸君）,議長,議長,田中敏幸,起立全員であります。,null,null,null
630,福井県,平成23年第３６９回,1,23,5,11,臨時,平成23年第３６９回臨時会（第１号）本文,議長（田中敏幸君）,議長,議長,田中敏幸,よって、本件につきましては、原案のとおり同意することに決定いたしました。,null,null,null
631,福井県,平成23年第３６９回,1,23,5,11,臨時,平成23年第３６９回臨時会（第１号）本文,議長（田中敏幸君）,議長,議長,田中敏幸,───────────────────,null,null,null
632,福井県,平成23年第３６９回,1,23,5,11,臨時,平成23年第３６９回臨時会（第１号）本文,議長（田中敏幸君）,議長,議長,田中敏幸,次に、日程第17第36号議案、田中宏典君を福井県監査委員に選任同意することに賛成の方は御起立願います。,null,null,null
633,福井県,平成23年第３６９回,1,23,5,11,臨時,平成23年第３６９回臨時会（第１号）本文,議長（田中敏幸君）,議長,議長,田中敏幸,〔全　員　起　立〕,null,null,null
634,福井県,平成23年第３６９回,1,23,5,11,臨時,平成23年第３６９回臨時会（第１号）本文,議長（田中敏幸君）,議長,議長,田中敏幸,起立全員であります。,null,null,null
635,福井県,平成23年第３６９回,1,23,5,11,臨時,平成23年第３６９回臨時会（第１号）本文,議長（田中敏幸君）,議長,議長,田中敏幸,よって、本件につきましては、原案のとおり同意することに決定いたしました。,null,null,null
636,福井県,平成23年第３６９回,1,23,5,11,臨時,平成23年第３６９回臨時会（第１号）本文,議長（田中敏幸君）,議長,議長,田中敏幸,───────────────────,null,null,null
637,福井県,平成23年第３６９回,1,23,5,11,臨時,平成23年第３６９回臨時会（第１号）本文,議長（田中敏幸君）,議長,議長,田中敏幸,次に、日程第18第34号議案、満田誉君を福井県副知事に選任同意することに賛成の方は御起立願います。,null,null,null
638,福井県,平成23年第３６９回,1,23,5,11,臨時,平成23年第３６９回臨時会（第１号）本文,議長（田中敏幸君）,議長,議長,田中敏幸,〔賛成者起立〕,null,null,null
639,福井県,平成23年第３６９回,1,23,5,11,臨時,平成23年第３６９回臨時会（第１号）本文,議長（田中敏幸君）,議長,議長,田中敏幸,起立多数であります。,null,null,null
640,福井県,平成23年第３６９回,1,23,5,11,臨時,平成23年第３６９回臨時会（第１号）本文,議長（田中敏幸君）,議長,議長,田中敏幸,よって、本件につきましては、原案のとおり同意することに決定いたしました。,null,null,null
641,福井県,平成23年第３６９回,1,23,5,11,臨時,平成23年第３６９回臨時会（第１号）本文,議長（田中敏幸君）,議長,議長,田中敏幸,───────────────────,null,null,null
642,福井県,平成23年第３６９回,1,23,5,11,臨時,平成23年第３６９回臨時会（第１号）本文,議長（田中敏幸君）,議長,議長,田中敏幸,ここで、書記より報告をさせます。,null,null,null
643,福井県,平成23年第３６９回,1,23,5,11,臨時,平成23年第３６９回臨時会（第１号）本文,議長（田中敏幸君）,議長,議長,田中敏幸,〔書　記　報　告〕,null,null,null
644,福井県,平成23年第３６９回,1,23,5,11,臨時,平成23年第３６９回臨時会（第１号）本文,議長（田中敏幸君）,議長,議長,田中敏幸,───────────────────,null,null,null
645,福井県,平成23年第３６９回,1,23,5,11,臨時,平成23年第３６９回臨時会（第１号）本文,議長（田中敏幸君）,議長,議長,田中敏幸,発議第１号,null,null,null
646,福井県,平成23年第３６９回,1,23,5,11,臨時,平成23年第３６９回臨時会（第１号）本文,議長（田中敏幸君）,議長,議長,田中敏幸,福井県議会議員の議員報酬の特例に関する条例（案）,null,null,null
647,福井県,平成23年第３６９回,1,23,5,11,臨時,平成23年第３６９回臨時会（第１号）本文,議長（田中敏幸君）,議長,議長,田中敏幸,会議規則第14条の規定により別紙のとおり提出します。,null,null,null
648,福井県,平成23年第３６９回,1,23,5,11,臨時,平成23年第３６９回臨時会（第１号）本文,議長（田中敏幸君）,議長,議長,田中敏幸,平成23年5月11日,null,null,null
649,福井県,平成23年第３６９回,1,23,5,11,臨時,平成23年第３６９回臨時会（第１号）本文,議長（田中敏幸君）,議長,議長,田中敏幸,福井県議会議長,null,null,null
650,福井県,平成23年第３６９回,1,23,5,11,臨時,平成23年第３６９回臨時会（第１号）本文,議長（田中敏幸君）,議長,議長,田中敏幸,田　中　敏　幸　　様,null,null,null
651,福井県,平成23年第３６９回,1,23,5,11,臨時,平成23年第３６９回臨時会（第１号）本文,議長（田中敏幸君）,議長,議長,田中敏幸,提出者　福井県議会議員　　前　田　康　博,null,null,null
652,福井県,平成23年第３６９回,1,23,5,11,臨時,平成23年第３６９回臨時会（第１号）本文,議長（田中敏幸君）,議長,議長,田中敏幸,賛成者　福井県議会議員　　石　川　与三吉,null,null,null
653,福井県,平成23年第３６９回,1,23,5,11,臨時,平成23年第３６９回臨時会（第１号）本文,議長（田中敏幸君）,議長,議長,田中敏幸,野　田　富　久,null,null,null
654,福井県,平成23年第３６９回,1,23,5,11,臨時,平成23年第３６９回臨時会（第１号）本文,議長（田中敏幸君）,議長,議長,田中敏幸,山　田　庄　司,null,null,null
655,福井県,平成23年第３６９回,1,23,5,11,臨時,平成23年第３６９回臨時会（第１号）本文,議長（田中敏幸君）,議長,議長,田中敏幸,山　岸　猛　夫,null,null,null
656,福井県,平成23年第３６９回,1,23,5,11,臨時,平成23年第３６９回臨時会（第１号）本文,議長（田中敏幸君）,議長,議長,田中敏幸,松　井　拓　夫,null,null,null
657,福井県,平成23年第３６９回,1,23,5,11,臨時,平成23年第３６９回臨時会（第１号）本文,議長（田中敏幸君）,議長,議長,田中敏幸,笹　岡　一　彦,null,null,null
658,福井県,平成23年第３６９回,1,23,5,11,臨時,平成23年第３６９回臨時会（第１号）本文,議長（田中敏幸君）,議長,議長,田中敏幸,鈴　木　宏　治,null,null,null
659,福井県,平成23年第３６９回,1,23,5,11,臨時,平成23年第３６９回臨時会（第１号）本文,議長（田中敏幸君）,議長,議長,田中敏幸,細　川　かをり,null,null,null
660,福井県,平成23年第３６９回,1,23,5,11,臨時,平成23年第３６９回臨時会（第１号）本文,議長（田中敏幸君）,議長,議長,田中敏幸,〔別　紙　後　掲〕,null,null,null
661,福井県,平成23年第３６９回,1,23,5,11,臨時,平成23年第３６９回臨時会（第１号）本文,議長（田中敏幸君）,議長,議長,田中敏幸,───────────────────,null,null,null
662,福井県,平成23年第３６９回,1,23,5,11,臨時,平成23年第３６９回臨時会（第１号）本文,議長（田中敏幸君）,議長,議長,田中敏幸,発議第２号,null,null,null
663,福井県,平成23年第３６９回,1,23,5,11,臨時,平成23年第３６９回臨時会（第１号）本文,議長（田中敏幸君）,議長,議長,田中敏幸,福島第一原子力発電所の原子力災害等を踏まえた原子力発電所の,null,null,null
664,福井県,平成23年第３６９回,1,23,5,11,臨時,平成23年第３６９回臨時会（第１号）本文,議長（田中敏幸君）,議長,議長,田中敏幸,安全確保等を求める意見書（案）,null,null,null
665,福井県,平成23年第３６９回,1,23,5,11,臨時,平成23年第３６９回臨時会（第１号）本文,議長（田中敏幸君）,議長,議長,田中敏幸,会議規則第14条の規定により別紙のとおり提出します。,null,null,null
666,福井県,平成23年第３６９回,1,23,5,11,臨時,平成23年第３６９回臨時会（第１号）本文,議長（田中敏幸君）,議長,議長,田中敏幸,平成23年5月11日,null,null,null
667,福井県,平成23年第３６９回,1,23,5,11,臨時,平成23年第３６９回臨時会（第１号）本文,議長（田中敏幸君）,議長,議長,田中敏幸,福井県議会議長,null,null,null
668,福井県,平成23年第３６９回,1,23,5,11,臨時,平成23年第３６９回臨時会（第１号）本文,議長（田中敏幸君）,議長,議長,田中敏幸,田　中　敏　幸　　様,null,null,null
669,福井県,平成23年第３６９回,1,23,5,11,臨時,平成23年第３６９回臨時会（第１号）本文,議長（田中敏幸君）,議長,議長,田中敏幸,提出者　福井県議会議員　　前　田　康　博,null,null,null
670,福井県,平成23年第３６９回,1,23,5,11,臨時,平成23年第３６９回臨時会（第１号）本文,議長（田中敏幸君）,議長,議長,田中敏幸,賛成者　福井県議会議員　　石　川　与三吉,null,null,null
671,福井県,平成23年第３６９回,1,23,5,11,臨時,平成23年第３６９回臨時会（第１号）本文,議長（田中敏幸君）,議長,議長,田中敏幸,山　岸　猛　夫,null,null,null
672,福井県,平成23年第３６９回,1,23,5,11,臨時,平成23年第３６９回臨時会（第１号）本文,議長（田中敏幸君）,議長,議長,田中敏幸,笹　岡　一　彦,null,null,null
673,福井県,平成23年第３６９回,1,23,5,11,臨時,平成23年第３６９回臨時会（第１号）本文,議長（田中敏幸君）,議長,議長,田中敏幸,松　井　拓　夫,null,null,null
674,福井県,平成23年第３６９回,1,23,5,11,臨時,平成23年第３６９回臨時会（第１号）本文,議長（田中敏幸君）,議長,議長,田中敏幸,野　田　富　久,null,null,null
675,福井県,平成23年第３６９回,1,23,5,11,臨時,平成23年第３６９回臨時会（第１号）本文,議長（田中敏幸君）,議長,議長,田中敏幸,鈴　木　宏　治,null,null,null
676,福井県,平成23年第３６９回,1,23,5,11,臨時,平成23年第３６９回臨時会（第１号）本文,議長（田中敏幸君）,議長,議長,田中敏幸,石　橋　壮一郎,null,null,null
677,福井県,平成23年第３６９回,1,23,5,11,臨時,平成23年第３６９回臨時会（第１号）本文,議長（田中敏幸君）,議長,議長,田中敏幸,山　田　庄　司,null,null,null
678,福井県,平成23年第３６９回,1,23,5,11,臨時,平成23年第３６９回臨時会（第１号）本文,議長（田中敏幸君）,議長,議長,田中敏幸,佐　藤　正　雄,null,null,null
679,福井県,平成23年第３６９回,1,23,5,11,臨時,平成23年第３６９回臨時会（第１号）本文,議長（田中敏幸君）,議長,議長,田中敏幸,細　川　かをり,null,null,null
680,福井県,平成23年第３６９回,1,23,5,11,臨時,平成23年第３６９回臨時会（第１号）本文,議長（田中敏幸君）,議長,議長,田中敏幸,〔別　紙　後　掲〕,null,null,null
681,福井県,平成23年第３６９回,1,23,5,11,臨時,平成23年第３６９回臨時会（第１号）本文,議長（田中敏幸君）,議長,議長,田中敏幸,───────────────────,null,null,null
682,福井県,平成23年第３６９回,1,23,5,11,臨時,平成23年第３６９回臨時会（第１号）本文,議長（田中敏幸君）,議長,議長,田中敏幸,お諮りいたします。,null,null,null
683,福井県,平成23年第３６９回,1,23,5,11,臨時,平成23年第３６９回臨時会（第１号）本文,議長（田中敏幸君）,議長,議長,田中敏幸,発議第１号　福井県議会議員の議員報酬の特例に関する条例（案）については、緊急を要しますので、急施事件と認め、この際日程に追加し、直ちに議題といたしたいと存じますが、これに御異議ありませんか。,null,null,null
684,福井県,平成23年第３６９回,1,23,5,11,臨時,平成23年第３６９回臨時会（第１号）本文,議長（田中敏幸君）,議長,議長,田中敏幸,〔「異議なし」と呼ぶ者あり〕,null,null,null
685,福井県,平成23年第３６９回,1,23,5,11,臨時,平成23年第３６９回臨時会（第１号）本文,議長（田中敏幸君）,議長,議長,田中敏幸,御異議なしと認めます。,null,null,null
686,福井県,平成23年第３６９回,1,23,5,11,臨時,平成23年第３６９回臨時会（第１号）本文,議長（田中敏幸君）,議長,議長,田中敏幸,よって、そのように決定いたしました。,null,null,null
687,福井県,平成23年第３６９回,1,23,5,11,臨時,平成23年第３６９回臨時会（第１号）本文,議長（田中敏幸君）,議長,議長,田中敏幸,━━━━━━━━━━━━━━━━━━━,null,null,null
688,福井県,平成23年第３６９回,1,23,5,11,臨時,平成23年第３６９回臨時会（第１号）本文,議長（田中敏幸君）,議長,議長,田中敏幸,追加第２　発議第１号　福井県議会議員の議員報酬の特例に関する条例（案）,null,null,null
689,福井県,平成23年第３６９回,1,23,5,11,臨時,平成23年第３６９回臨時会（第１号）本文,議長（田中敏幸君）,議長,議長,田中敏幸,───────────────────,null,null,null
690,福井県,平成23年第３６９回,1,23,5,11,臨時,平成23年第３６９回臨時会（第１号）本文,議長（田中敏幸君）,議長,議長,田中敏幸,福井県条例第　　　号,null,null,null
691,福井県,平成23年第３６９回,1,23,5,11,臨時,平成23年第３６９回臨時会（第１号）本文,議長（田中敏幸君）,議長,議長,田中敏幸,福井県議会議員の議員報酬の特例に関する条例（案）,null,null,null
692,福井県,平成23年第３６９回,1,23,5,11,臨時,平成23年第３６９回臨時会（第１号）本文,議長（田中敏幸君）,議長,議長,田中敏幸,この条例の施行の日から平成二十四年三月三十一日までの間における福井県議会議員の議員報酬の月額は、福井県特別職の職員の給与および旅費,null,null,null
693,福井県,平成23年第３６９回,1,23,5,11,臨時,平成23年第３６９回臨時会（第１号）本文,議長（田中敏幸君）,議長,議長,田中敏幸,に関する条例（昭和二十九年福井県条例第三号）第二条第一項の規定にかかわらず、同条例別表第一に定める議員報酬の月額から当該議員報酬の月,null,null,null
694,福井県,平成23年第３６９回,1,23,5,11,臨時,平成23年第３６９回臨時会（第１号）本文,議長（田中敏幸君）,議長,議長,田中敏幸,額に百分の三を乗じて得た額を減じて得た額とする。,null,null,null
695,福井県,平成23年第３６９回,1,23,5,11,臨時,平成23年第３６９回臨時会（第１号）本文,議長（田中敏幸君）,議長,議長,田中敏幸,ただし、同条例第二条の二第二項に規定する期末手当の額の算定基礎となる議員報酬の月額に,null,null,null
696,福井県,平成23年第３６９回,1,23,5,11,臨時,平成23年第３６９回臨時会（第１号）本文,議長（田中敏幸君）,議長,議長,田中敏幸,ついては、この限りでない。,null,null,null
697,福井県,平成23年第３６９回,1,23,5,11,臨時,平成23年第３６９回臨時会（第１号）本文,議長（田中敏幸君）,議長,議長,田中敏幸,附　則,null,null,null
698,福井県,平成23年第３６９回,1,23,5,11,臨時,平成23年第３６９回臨時会（第１号）本文,議長（田中敏幸君）,議長,議長,田中敏幸,この条例は、公布の日から施行する。,null,null,null
699,福井県,平成23年第３６９回,1,23,5,11,臨時,平成23年第３６９回臨時会（第１号）本文,議長（田中敏幸君）,議長,議長,田中敏幸,提案理由,null,null,null
700,福井県,平成23年第３６９回,1,23,5,11,臨時,平成23年第３６９回臨時会（第１号）本文,議長（田中敏幸君）,議長,議長,田中敏幸,県内の経済情勢を踏まえるとともに、県財政の厳しさにかんがみ、議会の議員の報酬を減額する必要があるので、この案を提出する。,null,null,null
701,福井県,平成23年第３６９回,1,23,5,11,臨時,平成23年第３６９回臨時会（第１号）本文,議長（田中敏幸君）,議長,議長,田中敏幸,───────────────────,null,null,null
702,福井県,平成23年第３６９回,1,23,5,11,臨時,平成23年第３６９回臨時会（第１号）本文,議長（田中敏幸君）,議長,議長,田中敏幸,これにより、追加日程第２　発議第１号　福井県議会議員の議員報酬の特例に関する条例（案）についてを議題といたします。,null,null,null
703,福井県,平成23年第３６９回,1,23,5,11,臨時,平成23年第３６９回臨時会（第１号）本文,議長（田中敏幸君）,議長,議長,田中敏幸,お諮りいたします。,null,null,null
704,福井県,平成23年第３６９回,1,23,5,11,臨時,平成23年第３６９回臨時会（第１号）本文,議長（田中敏幸君）,議長,議長,田中敏幸,本条例案につきましては、お手元に配付のとおりであり、その内容につきましては御了承願えたことと存じますので、会議規則第38条第３項の規定により、提案理由の説明及び委員会付託は省略いたしたいと存じますが、これに御異議ありませんか。,null,null,null
705,福井県,平成23年第３６９回,1,23,5,11,臨時,平成23年第３６９回臨時会（第１号）本文,議長（田中敏幸君）,議長,議長,田中敏幸,〔「異議なし」と呼ぶ者あり〕,null,null,null
706,福井県,平成23年第３６９回,1,23,5,11,臨時,平成23年第３６９回臨時会（第１号）本文,議長（田中敏幸君）,議長,議長,田中敏幸,御異議なしと認めます。,null,null,null
707,福井県,平成23年第３６９回,1,23,5,11,臨時,平成23年第３６９回臨時会（第１号）本文,議長（田中敏幸君）,議長,議長,田中敏幸,よって、そのように決定いたしました。,null,null,null
708,福井県,平成23年第３６９回,1,23,5,11,臨時,平成23年第３６９回臨時会（第１号）本文,議長（田中敏幸君）,議長,議長,田中敏幸,───────────────────,null,null,null
709,福井県,平成23年第３６９回,1,23,5,11,臨時,平成23年第３６９回臨時会（第１号）本文,議長（田中敏幸君）,議長,議長,田中敏幸,これより、本件に対する質疑とあわせて討論に入るのでありますが、ただいまのところ通告者はありませんので、ないものと認め、本件に対する質疑及び討論は終結いたしました。,null,null,null
710,福井県,平成23年第３６９回,1,23,5,11,臨時,平成23年第３６９回臨時会（第１号）本文,議長（田中敏幸君）,議長,議長,田中敏幸,───────────────────,null,null,null
711,福井県,平成23年第３６９回,1,23,5,11,臨時,平成23年第３６９回臨時会（第１号）本文,議長（田中敏幸君）,議長,議長,田中敏幸,これより採決に入ります。,null,null,null
712,福井県,平成23年第３６９回,1,23,5,11,臨時,平成23年第３６９回臨時会（第１号）本文,議長（田中敏幸君）,議長,議長,田中敏幸,その方法は、起立によって行います。,null,null,null
713,福井県,平成23年第３６９回,1,23,5,11,臨時,平成23年第３６９回臨時会（第１号）本文,議長（田中敏幸君）,議長,議長,田中敏幸,追加日程第２　発議第１号　福井県議会議員の議員報酬の特例に関する条例（案）を原案のとおり決定することに賛成の方は、起立願います。,null,null,null
714,福井県,平成23年第３６９回,1,23,5,11,臨時,平成23年第３６９回臨時会（第１号）本文,議長（田中敏幸君）,議長,議長,田中敏幸,〔全　員　起　立〕,null,null,null
715,福井県,平成23年第３６９回,1,23,5,11,臨時,平成23年第３６９回臨時会（第１号）本文,議長（田中敏幸君）,議長,議長,田中敏幸,起立全員であります。,null,null,null
716,福井県,平成23年第３６９回,1,23,5,11,臨時,平成23年第３６９回臨時会（第１号）本文,議長（田中敏幸君）,議長,議長,田中敏幸,よって、本件は原案のとおり可決されました。,null,null,null
717,福井県,平成23年第３６９回,1,23,5,11,臨時,平成23年第３６９回臨時会（第１号）本文,議長（田中敏幸君）,議長,議長,田中敏幸,───────────────────,null,null,null
718,福井県,平成23年第３６９回,1,23,5,11,臨時,平成23年第３６９回臨時会（第１号）本文,議長（田中敏幸君）,議長,議長,田中敏幸,続いてお諮りいたします。,null,null,null
719,福井県,平成23年第３６９回,1,23,5,11,臨時,平成23年第３６９回臨時会（第１号）本文,議長（田中敏幸君）,議長,議長,田中敏幸,発議第２号　福島第一原子力発電所の原子力災害等を踏まえた原子力発電所の安全確保等を求める意見書（案）については、緊急を要しますので急施事件と認め、この際日程に追加し、直ちに議題といたしたいと存じますが、これに御異議ありませんか。,null,null,null
720,福井県,平成23年第３６９回,1,23,5,11,臨時,平成23年第３６９回臨時会（第１号）本文,議長（田中敏幸君）,議長,議長,田中敏幸,〔「異議なし」と呼ぶ者あり〕,null,null,null
721,福井県,平成23年第３６９回,1,23,5,11,臨時,平成23年第３６９回臨時会（第１号）本文,議長（田中敏幸君）,議長,議長,田中敏幸,御異議なしと認めます。,null,null,null
722,福井県,平成23年第３６９回,1,23,5,11,臨時,平成23年第３６９回臨時会（第１号）本文,議長（田中敏幸君）,議長,議長,田中敏幸,よって、そのように決定いたしました。,null,null,null
723,福井県,平成23年第３６９回,1,23,5,11,臨時,平成23年第３６９回臨時会（第１号）本文,議長（田中敏幸君）,議長,議長,田中敏幸,━━━━━━━━━━━━━━━━━━━,null,null,null
724,福井県,平成23年第３６９回,1,23,5,11,臨時,平成23年第３６９回臨時会（第１号）本文,議長（田中敏幸君）,議長,議長,田中敏幸,追加第３　発議第２号　福島第一原子力発電所の原子力災害等を踏まえた,null,null,null
725,福井県,平成23年第３６９回,1,23,5,11,臨時,平成23年第３６９回臨時会（第１号）本文,議長（田中敏幸君）,議長,議長,田中敏幸,原子力発電所の安全確保等を求める意見書（案）,null,null,null
726,福井県,平成23年第３６９回,1,23,5,11,臨時,平成23年第３６９回臨時会（第１号）本文,議長（田中敏幸君）,議長,議長,田中敏幸,───────────────────,null,null,null
727,福井県,平成23年第３６９回,1,23,5,11,臨時,平成23年第３６９回臨時会（第１号）本文,議長（田中敏幸君）,議長,議長,田中敏幸,福島第一原子力発電所の原子力災害等を踏まえた,null,null,null
728,福井県,平成23年第３６９回,1,23,5,11,臨時,平成23年第３６９回臨時会（第１号）本文,議長（田中敏幸君）,議長,議長,田中敏幸,原子力発電所の安全確保等を求める意見書（案）,null,null,null
729,福井県,平成23年第３６９回,1,23,5,11,臨時,平成23年第３６９回臨時会（第１号）本文,議長（田中敏幸君）,議長,議長,田中敏幸,今回の東日本大震災では、東京電力福島第一原子力発電所において、放射性物質の放出により,null,null,null
730,福井県,平成23年第３６９回,1,23,5,11,臨時,平成23年第３６９回臨時会（第１号）本文,議長（田中敏幸君）,議長,議長,田中敏幸,周辺住民が被ばくするという重大な原子力災害が発生した。,null,null,null
731,福井県,平成23年第３６９回,1,23,5,11,臨時,平成23年第３６９回臨時会（第１号）本文,議長（田中敏幸君）,議長,議長,田中敏幸,政府は、３月30日に、各電力事業者に対し、福島第一原発事故を踏まえ、全国の他の発電所に,null,null,null
732,福井県,平成23年第３６９回,1,23,5,11,臨時,平成23年第３６９回臨時会（第１号）本文,議長（田中敏幸君）,議長,議長,田中敏幸,おいて緊急安全対策に直ちに取り組むよう指示し、立入検査によりその実施状況を確認した上で、,null,null,null
733,福井県,平成23年第３６９回,1,23,5,11,臨時,平成23年第３６９回臨時会（第１号）本文,議長（田中敏幸君）,議長,議長,田中敏幸,５月６日、適切に実施されているものと判断したと発表したが、その内容は、短期対策および応急,null,null,null
734,福井県,平成23年第３６９回,1,23,5,11,臨時,平成23年第３６９回臨時会（第１号）本文,議長（田中敏幸君）,議長,議長,田中敏幸,対策の一部に限られ、高経年化対策や福島第一原発事故の知見等については触れられていない。,null,null,null
735,福井県,平成23年第３６９回,1,23,5,11,臨時,平成23年第３６９回臨時会（第１号）本文,議長（田中敏幸君）,議長,議長,田中敏幸,また、政府は、５月６日、中部電力に対し、東海地震の発生する確率が切迫していることを理,null,null,null
736,福井県,平成23年第３６９回,1,23,5,11,臨時,平成23年第３６９回臨時会（第１号）本文,議長（田中敏幸君）,議長,議長,田中敏幸,由に、現在定期検査中の浜岡原発３号機のみならず、運転中の４・５号機を含めた全ての原子炉の,null,null,null
737,福井県,平成23年第３６９回,1,23,5,11,臨時,平成23年第３６９回臨時会（第１号）本文,議長（田中敏幸君）,議長,議長,田中敏幸,運転を停止することを要請し、中部電力は要請の受入れを決定した。,null,null,null
738,福井県,平成23年第３６９回,1,23,5,11,臨時,平成23年第３６９回臨時会（第１号）本文,議長（田中敏幸君）,議長,議長,田中敏幸,しかし、全国の発電所で高経年化や地震・津波対策など様々な課題がある中、浜岡原発につい,null,null,null
739,福井県,平成23年第３６９回,1,23,5,11,臨時,平成23年第３６９回臨時会（第１号）本文,議長（田中敏幸君）,議長,議長,田中敏幸,てのみこうした要請をした合理的な理由や政府内での意思決定の経緯は示さず、また、不足する電,null,null,null
740,福井県,平成23年第３６９回,1,23,5,11,臨時,平成23年第３６９回臨時会（第１号）本文,議長（田中敏幸君）,議長,議長,田中敏幸,力確保の具体策、節電や停電が国民の生活に与える影響などについても明らかにされていない。,null,null,null
741,福井県,平成23年第３６９回,1,23,5,11,臨時,平成23年第３６９回臨時会（第１号）本文,議長（田中敏幸君）,議長,議長,田中敏幸,福井県は、国による安全規制を信頼して全国最多の14基の原子力発電所を立地し、国のエネ,null,null,null
742,福井県,平成23年第３６９回,1,23,5,11,臨時,平成23年第３６９回臨時会（第１号）本文,議長（田中敏幸君）,議長,議長,田中敏幸,ルギー政策の推進に貢献してきたところであるが、今般の事故は、立地地域住民に強い衝撃と不安,null,null,null
743,福井県,平成23年第３６９回,1,23,5,11,臨時,平成23年第３６９回臨時会（第１号）本文,議長（田中敏幸君）,議長,議長,田中敏幸,を与え、今後のエネルギー政策や原子力発電に対する県民の信頼を大きく損ねることになった。,null,null,null
744,福井県,平成23年第３６９回,1,23,5,11,臨時,平成23年第３６９回臨時会（第１号）本文,議長（田中敏幸君）,議長,議長,田中敏幸,よって、国においては、全国の原子力発電所の安全性について厳格に確認し、今後の原子力発,null,null,null
745,福井県,平成23年第３６９回,1,23,5,11,臨時,平成23年第３６９回臨時会（第１号）本文,議長（田中敏幸君）,議長,議長,田中敏幸,電の方向性を明らかにするとともに、今回の事故に伴い必要となる原発立地地域への更なる支援を,null,null,null
746,福井県,平成23年第３６９回,1,23,5,11,臨時,平成23年第３６９回臨時会（第１号）本文,議長（田中敏幸君）,議長,議長,田中敏幸,強く求める。,null,null,null
747,福井県,平成23年第３６９回,1,23,5,11,臨時,平成23年第３６９回臨時会（第１号）本文,議長（田中敏幸君）,議長,議長,田中敏幸,以上、地方自治法第99条の規定により意見書を提出する。,null,null,null
748,福井県,平成23年第３６９回,1,23,5,11,臨時,平成23年第３６９回臨時会（第１号）本文,議長（田中敏幸君）,議長,議長,田中敏幸,平成23年5月11日,null,null,null
749,福井県,平成23年第３６９回,1,23,5,11,臨時,平成23年第３６９回臨時会（第１号）本文,議長（田中敏幸君）,議長,議長,田中敏幸,福　井　県　議　会,null,null,null
750,福井県,平成23年第３６９回,1,23,5,11,臨時,平成23年第３６９回臨時会（第１号）本文,議長（田中敏幸君）,議長,議長,田中敏幸,───────────────────,null,null,null
751,福井県,平成23年第３６９回,1,23,5,11,臨時,平成23年第３６９回臨時会（第１号）本文,議長（田中敏幸君）,議長,議長,田中敏幸,これより、追加日程第３　発議第２号　福島第一原子力発電所の原子力災害等を踏まえた原子力発電所の安全確保等を求める意見書（案）についてを議題といたします。,null,null,null
752,福井県,平成23年第３６９回,1,23,5,11,臨時,平成23年第３６９回臨時会（第１号）本文,議長（田中敏幸君）,議長,議長,田中敏幸,お諮りいたします。,null,null,null
753,福井県,平成23年第３６９回,1,23,5,11,臨時,平成23年第３６９回臨時会（第１号）本文,議長（田中敏幸君）,議長,議長,田中敏幸,本意見書案につきましては、お手元に配付のとおりであり、その内容につきましては御了承願えたことと存じますので、会議規則第38条第３項の規定により、提案理由の説明及び委員会付託を省略いたしたいと存じますが、これに御異議ありませんか。,null,null,null
754,福井県,平成23年第３６９回,1,23,5,11,臨時,平成23年第３６９回臨時会（第１号）本文,議長（田中敏幸君）,議長,議長,田中敏幸,〔「異議なし」と呼ぶ者あり〕,null,null,null
755,福井県,平成23年第３６９回,1,23,5,11,臨時,平成23年第３６９回臨時会（第１号）本文,議長（田中敏幸君）,議長,議長,田中敏幸,御異議なしと認めます。,null,null,null
756,福井県,平成23年第３６９回,1,23,5,11,臨時,平成23年第３６９回臨時会（第１号）本文,議長（田中敏幸君）,議長,議長,田中敏幸,よって、そのように決定いたしました。,null,null,null
757,福井県,平成23年第３６９回,1,23,5,11,臨時,平成23年第３６９回臨時会（第１号）本文,議長（田中敏幸君）,議長,議長,田中敏幸,───────────────────,null,null,null
758,福井県,平成23年第３６９回,1,23,5,11,臨時,平成23年第３６９回臨時会（第１号）本文,議長（田中敏幸君）,議長,議長,田中敏幸,これより、本件に対する質疑とあわせ討論に入るのでありますが、ただいまのところ通告者はありませんので、ないものと認め、本件に対する質疑及び討論は終結いたしました。,null,null,null
759,福井県,平成23年第３６９回,1,23,5,11,臨時,平成23年第３６９回臨時会（第１号）本文,議長（田中敏幸君）,議長,議長,田中敏幸,───────────────────,null,null,null
760,福井県,平成23年第３６９回,1,23,5,11,臨時,平成23年第３６９回臨時会（第１号）本文,議長（田中敏幸君）,議長,議長,田中敏幸,これより採決に入ります。,null,null,null
761,福井県,平成23年第３６９回,1,23,5,11,臨時,平成23年第３６９回臨時会（第１号）本文,議長（田中敏幸君）,議長,議長,田中敏幸,その方法は、起立によって行います。,null,null,null
762,福井県,平成23年第３６９回,1,23,5,11,臨時,平成23年第３６９回臨時会（第１号）本文,議長（田中敏幸君）,議長,議長,田中敏幸,追加日程第３　発議第２号　福島第一原子力発電所の原子力災害等を踏まえた原子力発電所の安全確保等を求める意見書（案）を原案のとおり決定することに賛成の方は、御起立願います。,null,null,null
763,福井県,平成23年第３６９回,1,23,5,11,臨時,平成23年第３６９回臨時会（第１号）本文,議長（田中敏幸君）,議長,議長,田中敏幸,〔全　員　起　立〕,null,null,null
764,福井県,平成23年第３６９回,1,23,5,11,臨時,平成23年第３６９回臨時会（第１号）本文,議長（田中敏幸君）,議長,議長,田中敏幸,起立全員であります。,null,null,null
765,福井県,平成23年第３６９回,1,23,5,11,臨時,平成23年第３６９回臨時会（第１号）本文,議長（田中敏幸君）,議長,議長,田中敏幸,よって、本件は原案のとおり可決されました。,null,null,null
766,福井県,平成23年第３６９回,1,23,5,11,臨時,平成23年第３６９回臨時会（第１号）本文,議長（田中敏幸君）,議長,議長,田中敏幸,可決されました本意見書につきましては、直ちに関係当局に提出し、その実現方について強く要請いたしますので、御了承願います。,null,null,null
767,福井県,平成23年第３６９回,1,23,5,11,臨時,平成23年第３６９回臨時会（第１号）本文,議長（田中敏幸君）,議長,議長,田中敏幸,━━━━━━━━━━━━━━━━━━━,null,null,null
768,福井県,平成23年第３６９回,1,23,5,11,臨時,平成23年第３６９回臨時会（第１号）本文,議長（田中敏幸君）,議長,議長,田中敏幸,以上で議事全部を終了いたしました。,null,null,null
769,福井県,平成23年第３６９回,1,23,5,11,臨時,平成23年第３６９回臨時会（第１号）本文,議長（田中敏幸君）,議長,議長,田中敏幸,ここで、副知事旭君から発言したい旨の申し出がありますので、これを許可することにいたします。,null,null,null
770,福井県,平成23年第３６９回,1,23,5,11,臨時,平成23年第３６９回臨時会（第１号）本文,議長（田中敏幸君）,議長,議長,田中敏幸,副知事旭君。,null,null,null
771,福井県,平成23年第３６９回,1,23,5,11,臨時,平成23年第３６９回臨時会（第１号）本文,議長（田中敏幸君）,議長,議長,田中敏幸,〔副知事旭信昭君登壇〕,null,null,null
772,福井県,平成23年第３６９回,1,23,5,11,臨時,平成23年第３６９回臨時会（第１号）本文,副知事（旭信昭君）,副知事,副知事,旭信昭,一言お礼のごあいさつを申し上げたいと存じます。,null,null,null
773,福井県,平成23年第３６９回,1,23,5,11,臨時,平成23年第３６９回臨時会（第１号）本文,副知事（旭信昭君）,副知事,副知事,旭信昭,私は、平成19年５月の臨時県議会におきまして、議員の皆様の御賛同を賜りまして以来、４年間副知事を務めてまいりました。,null,null,null
774,福井県,平成23年第３６９回,1,23,5,11,臨時,平成23年第３６９回臨時会（第１号）本文,副知事（旭信昭君）,副知事,副知事,旭信昭,この間、西川知事の指揮のもと、県政全般はもとよりですが、特に北陸新幹線の整備促進、原子力行政、そして地方鉄道、経済雇用対策、さらには市街地活性化等の大きな課題に対しまして、議会の皆様と意見を交換し議論を重ね、時にはともに行動し汗を流させていただきました。,null,null,null
775,福井県,平成23年第３６９回,1,23,5,11,臨時,平成23年第３６９回臨時会（第１号）本文,副知事（旭信昭君）,副知事,副知事,旭信昭,今思いますと、この４年間は、それ以前の30有余年の公務員としての生活にまさるとも劣らないくらい凝縮し、密度の高い期間でございました。,null,null,null
776,福井県,平成23年第３６９回,1,23,5,11,臨時,平成23年第３６９回臨時会（第１号）本文,副知事（旭信昭君）,副知事,副知事,旭信昭,緊張の中にも持てる限りの情熱と努力を重ねさせていただきました。,null,null,null
777,福井県,平成23年第３６９回,1,23,5,11,臨時,平成23年第３６９回臨時会（第１号）本文,副知事（旭信昭君）,副知事,副知事,旭信昭,県政に対しましても幾ばくかの下支えができたのではないかと思っております。,null,null,null
778,福井県,平成23年第３６９回,1,23,5,11,臨時,平成23年第３６９回臨時会（第１号）本文,副知事（旭信昭君）,副知事,副知事,旭信昭,今月で公務員としての生活にピリオドを打ちますけれども、これからは一人の民間人、県民という形で、また別の角度から県政を見つめ、地域の発展のために微力を尽くしていきたいと存じます。,null,null,null
779,福井県,平成23年第３６９回,1,23,5,11,臨時,平成23年第３６９回臨時会（第１号）本文,副知事（旭信昭君）,副知事,副知事,旭信昭,お世話になりました県議会の皆様の今後ますますの御健勝、御多幸をお祈り申し上げますとともに、県議会の御発展、そして福井県勢のさらなる飛躍向上を御祈念申し上げまして、お礼の言葉とさせていただきます。,null,null,null
780,福井県,平成23年第３６９回,1,23,5,11,臨時,平成23年第３６９回臨時会（第１号）本文,副知事（旭信昭君）,副知事,副知事,旭信昭,本当に長い間ありがとうございました。,null,null,null
781,福井県,平成23年第３６９回,1,23,5,11,臨時,平成23年第３６９回臨時会（第１号）本文,副知事（旭信昭君）,副知事,副知事,旭信昭,（拍手）,null,null,null
782,福井県,平成23年第３６９回,1,23,5,11,臨時,平成23年第３６９回臨時会（第１号）本文,議長（田中敏幸君）,議長,議長,田中敏幸,副知事には、御苦労さまでございました。,null,null,null
783,福井県,平成23年第３６９回,1,23,5,11,臨時,平成23年第３６９回臨時会（第１号）本文,議長（田中敏幸君）,議長,議長,田中敏幸,━━━━━━━━━━━━━━━━━━━,null,null,null
784,福井県,平成23年第３６９回,1,23,5,11,臨時,平成23年第３６９回臨時会（第１号）本文,議長（田中敏幸君）,議長,議長,田中敏幸,これをもって、第369回臨時県議会を閉会いたします。,null,null,null
785,福井県,平成23年第３６９回,1,23,5,11,臨時,平成23年第３６９回臨時会（第１号）本文,議長（田中敏幸君）,議長,議長,田中敏幸,午後１時19分　閉　会,null,null,null
786,福井県,平成23年第３６９回,1,23,5,11,臨時,平成23年第３６９回臨時会（第１号）本文,議長（田中敏幸君）,議長,議長,田中敏幸,会議録署名議員,null,null,null
787,福井県,平成23年第３６９回,1,23,5,11,臨時,平成23年第３６９回臨時会（第１号）本文,議長（田中敏幸君）,議長,議長,田中敏幸,臨時議長　　石　川　与三吉,null,null,null
788,福井県,平成23年第３６９回,1,23,5,11,臨時,平成23年第３６９回臨時会（第１号）本文,議長（田中敏幸君）,議長,議長,田中敏幸,議　　長　　田　中　敏　幸,null,null,null
789,福井県,平成23年第３６９回,1,23,5,11,臨時,平成23年第３６９回臨時会（第１号）本文,議長（田中敏幸君）,議長,議長,田中敏幸,議　　員　　石　橋　壮一郎,null,null,null
790,福井県,平成23年第３６９回,1,23,5,11,臨時,平成23年第３６９回臨時会（第１号）本文,議長（田中敏幸君）,議長,議長,田中敏幸,〃　　　　大久保　　　衞,null,null,null
791,福井県,平成23年第３６９回,1,23,5,11,臨時,平成23年第３６９回臨時会（第１号）本文,議長（田中敏幸君）,議長,議長,田中敏幸,〃　　　　大　森　哲　男,null,null,null
