1,香川県,平成23年５月,1,23,5,2,臨時,平成23年５月臨時会（第１日）,,,,,●香川県告示第百七十一号,null,null,null
2,香川県,平成23年５月,1,23,5,2,臨時,平成23年５月臨時会（第１日）,,,,,次の事件を付議するため、平成二十三年五月二日午前十時香川県議会臨時会,null,null,null
3,香川県,平成23年５月,1,23,5,2,臨時,平成23年５月臨時会（第１日）,,,,,を高松市番町五丁目香川県議会議事堂に招集する。,null,null,null
4,香川県,平成23年５月,1,23,5,2,臨時,平成23年５月臨時会（第１日）,,,,,平成二十三年四月二十五日,null,null,null
5,香川県,平成23年５月,1,23,5,2,臨時,平成23年５月臨時会（第１日）,,,,,香川県知事　　浜　　田　　恵　　造,null,null,null
6,香川県,平成23年５月,1,23,5,2,臨時,平成23年５月臨時会（第１日）,,,,,一　議長選挙について,null,null,null
7,香川県,平成23年５月,1,23,5,2,臨時,平成23年５月臨時会（第１日）,,,,,二　副議長選挙について,null,null,null
8,香川県,平成23年５月,1,23,5,2,臨時,平成23年５月臨時会（第１日）,,,,,三　常任委員会委員及び同正副委員長の選任について,null,null,null
9,香川県,平成23年５月,1,23,5,2,臨時,平成23年５月臨時会（第１日）,,,,,四　議会運営委員会委員及び同正副委員長の選任について,null,null,null
10,香川県,平成23年５月,1,23,5,2,臨時,平成23年５月臨時会（第１日）,,,,,五　特別委員会の設置について,null,null,null
11,香川県,平成23年５月,1,23,5,2,臨時,平成23年５月臨時会（第１日）,,,,,六　閉会中継続調査事件について,null,null,null
12,香川県,平成23年５月,1,23,5,2,臨時,平成23年５月臨時会（第１日）,,,,,─────────────────────────────,null,null,null
13,香川県,平成23年５月,1,23,5,2,臨時,平成23年５月臨時会（第１日）,,,,,平成二十三年五月二日（月曜日）午前十時五十八分各議員着席,null,null,null
14,香川県,平成23年５月,1,23,5,2,臨時,平成23年５月臨時会（第１日）,議会事務局長（香西一憲君）,その他,議会事務局長,香西一憲,議員の皆様方におかれましては、先般行われました選挙におきまして、めでたく御当選されましたことを心からお喜び申し上げます。,null,null,null
15,香川県,平成23年５月,1,23,5,2,臨時,平成23年５月臨時会（第１日）,議会事務局長（香西一憲君）,その他,議会事務局長,香西一憲,本日は、選挙後、最初に招集されました議会でございますので、議長の選挙が行われますまでの間、地方自治法第百七条の規定によりまして、出席議員中の最年長者が臨時に議長の職務を行うことになっております。,null,null,null
16,香川県,平成23年５月,1,23,5,2,臨時,平成23年５月臨時会（第１日）,議会事務局長（香西一憲君）,その他,議会事務局長,香西一憲,本日の出席議員中の最年長者は、白井昌幸議員でございます。,null,null,null
17,香川県,平成23年５月,1,23,5,2,臨時,平成23年５月臨時会（第１日）,議会事務局長（香西一憲君）,その他,議会事務局長,香西一憲,この際、白井昌幸議員を御紹介申し上げます。,null,null,null
18,香川県,平成23年５月,1,23,5,2,臨時,平成23年５月臨時会（第１日）,議会事務局長（香西一憲君）,その他,議会事務局長,香西一憲,白井昌幸議員、議長席へお着きを願います。,null,null,null
19,香川県,平成23年５月,1,23,5,2,臨時,平成23年５月臨時会（第１日）,議会事務局長（香西一憲君）,その他,議会事務局長,香西一憲,（臨時議長着席）,null,null,null
20,香川県,平成23年５月,1,23,5,2,臨時,平成23年５月臨時会（第１日）,臨時議長（白井昌幸君）,議長,臨時議長,白井昌幸,ただいま紹介をされました白井昌幸でございます。,null,null,null
21,香川県,平成23年５月,1,23,5,2,臨時,平成23年５月臨時会（第１日）,臨時議長（白井昌幸君）,議長,臨時議長,白井昌幸,議長が選挙されるまで、臨時に議長の職務を行いますので、よろしくお願いをいたします。,null,null,null
22,香川県,平成23年５月,1,23,5,2,臨時,平成23年５月臨時会（第１日）,臨時議長（白井昌幸君）,議長,臨時議長,白井昌幸,開会に先立ちまして、知事から、今期臨時会招集のごあいさつがあります。,null,null,null
23,香川県,平成23年５月,1,23,5,2,臨時,平成23年５月臨時会（第１日）,臨時議長（白井昌幸君）,議長,臨時議長,白井昌幸,浜田知事。,null,null,null
24,香川県,平成23年５月,1,23,5,2,臨時,平成23年５月臨時会（第１日）,臨時議長（白井昌幸君）,議長,臨時議長,白井昌幸,（知事浜田恵造君登壇）,null,null,null
25,香川県,平成23年５月,1,23,5,2,臨時,平成23年５月臨時会（第１日）,知事（浜田恵造君）,知事,知事,浜田恵造,招集のごあいさつに先立ちまして、先般行われました県議会議員選挙におきまして、めでたく御当選されました議員の皆様方に、心からお祝い申し上げます。,null,null,null
26,香川県,平成23年５月,1,23,5,2,臨時,平成23年５月臨時会（第１日）,知事（浜田恵造君）,知事,知事,浜田恵造,まことにおめでとうございます。,null,null,null
27,香川県,平成23年５月,1,23,5,2,臨時,平成23年５月臨時会（第１日）,知事（浜田恵造君）,知事,知事,浜田恵造,議員の皆様方とともに、「元気の出る香川」、「安心できる香川」、そして「夢と希望あふれる香川」づくりを目指し、誠心誠意取り組んでまいりたいと考えておりますので、よろしくお願い申し上げます。,null,null,null
28,香川県,平成23年５月,1,23,5,2,臨時,平成23年５月臨時会（第１日）,知事（浜田恵造君）,知事,知事,浜田恵造,ここで、この場をおかりいたしまして、さきの東日本大震災に関する本県の対応について、一言御報告を申し上げたいと思います。,null,null,null
29,香川県,平成23年５月,1,23,5,2,臨時,平成23年５月臨時会（第１日）,知事（浜田恵造君）,知事,知事,浜田恵造,まず、改めて、犠牲となられました方々に対し、謹んで御冥福をお祈り申し上げますとともに、被災された皆様方に心からお見舞い申し上げます。,null,null,null
30,香川県,平成23年５月,1,23,5,2,臨時,平成23年５月臨時会（第１日）,知事（浜田恵造君）,知事,知事,浜田恵造,本県では、発災直後から、被災地支援本部を設置し、県内市町と連携し、多くの善意をいただく中で、各種要員の派遣や被災者の公営住宅への受け入れ、救援物資の搬送など、でき得る限りの人的・物的支援を積極的に行ってきたところであります。,null,null,null
31,香川県,平成23年５月,1,23,5,2,臨時,平成23年５月臨時会（第１日）,知事（浜田恵造君）,知事,知事,浜田恵造,今後とも、最大限の支援と協力を行うとともに、県内経済への影響についても必要な対策を講じてまいります。,null,null,null
32,香川県,平成23年５月,1,23,5,2,臨時,平成23年５月臨時会（第１日）,知事（浜田恵造君）,知事,知事,浜田恵造,また、県民の皆様の一層の安全・安心を図るため、地域防災計画の全体の見直しに着手したところであり、できることから順次、適切に取り組んでまいりたいと考えています。,null,null,null
33,香川県,平成23年５月,1,23,5,2,臨時,平成23年５月臨時会（第１日）,知事（浜田恵造君）,知事,知事,浜田恵造,その中で、県立中央病院の防災対策についても、専門家の御意見も伺いながら期限を設けた上で、早急に必要な見直しを進めたいと考えています。,null,null,null
34,香川県,平成23年５月,1,23,5,2,臨時,平成23年５月臨時会（第１日）,知事（浜田恵造君）,知事,知事,浜田恵造,さて、本日、議長選挙及び副議長選挙などの案件につきまして、臨時県議会を招集いたしましたところ、皆様方におかれましては、御参集を賜り、まことにありがとうございます。,null,null,null
35,香川県,平成23年５月,1,23,5,2,臨時,平成23年５月臨時会（第１日）,知事（浜田恵造君）,知事,知事,浜田恵造,厚く御礼を申し上げまして、招集のごあいさつといたします。,null,null,null
36,香川県,平成23年５月,1,23,5,2,臨時,平成23年５月臨時会（第１日）,知事（浜田恵造君）,知事,知事,浜田恵造,（降壇）,null,null,null
37,香川県,平成23年５月,1,23,5,2,臨時,平成23年５月臨時会（第１日）,臨時議長（白井昌幸君）,議長,臨時議長,白井昌幸,次に、新任者からごあいさつがあります。,null,null,null
38,香川県,平成23年５月,1,23,5,2,臨時,平成23年５月臨時会（第１日）,臨時議長（白井昌幸君）,議長,臨時議長,白井昌幸,病院事業管理者小出典男君。,null,null,null
39,香川県,平成23年５月,1,23,5,2,臨時,平成23年５月臨時会（第１日）,臨時議長（白井昌幸君）,議長,臨時議長,白井昌幸,（病院事業管理者小出典男君登壇）,null,null,null
40,香川県,平成23年５月,1,23,5,2,臨時,平成23年５月臨時会（第１日）,病院事業管理者（小出典男君）,その他,病院事業管理者,小出典男,ごあいさつ申し上げます。,null,null,null
41,香川県,平成23年５月,1,23,5,2,臨時,平成23年５月臨時会（第１日）,病院事業管理者（小出典男君）,その他,病院事業管理者,小出典男,四月一日をもちまして病院事業管理者を拝命いたしました小出典男でございます。,null,null,null
42,香川県,平成23年５月,1,23,5,2,臨時,平成23年５月臨時会（第１日）,病院事業管理者（小出典男君）,その他,病院事業管理者,小出典男,自治体病院の経営状況が一段と厳しさを増す中、県民の健康を守り、元気で安心して暮らせる社会を構築するに当たり、最適・最善・最新の医療を提供し、県民とともに歩む病院づくりに誠心誠意努力する所存です。,null,null,null
43,香川県,平成23年５月,1,23,5,2,臨時,平成23年５月臨時会（第１日）,病院事業管理者（小出典男君）,その他,病院事業管理者,小出典男,議員の皆様方におかれましては、今後とも、御指導、御鞭撻を賜りますようよろしくお願い申し上げます。,null,null,null
44,香川県,平成23年５月,1,23,5,2,臨時,平成23年５月臨時会（第１日）,病院事業管理者（小出典男君）,その他,病院事業管理者,小出典男,（拍手、降壇）,null,null,null
45,香川県,平成23年５月,1,23,5,2,臨時,平成23年５月臨時会（第１日）,臨時議長（白井昌幸君）,議長,臨時議長,白井昌幸,政策部長西原義一君。,null,null,null
46,香川県,平成23年５月,1,23,5,2,臨時,平成23年５月臨時会（第１日）,臨時議長（白井昌幸君）,議長,臨時議長,白井昌幸,（政策部長西原義一君登壇）,null,null,null
47,香川県,平成23年５月,1,23,5,2,臨時,平成23年５月臨時会（第１日）,政策部長（西原義一君）,その他,政策部長,西原義一,四月一日付をもちまして政策部長を拝命いたしました西原義一でございます。,null,null,null
48,香川県,平成23年５月,1,23,5,2,臨時,平成23年５月臨時会（第１日）,政策部長（西原義一君）,その他,政策部長,西原義一,県民福祉の増進、県勢発展に向け、与えられた職務に誠心誠意、そして全力で取り組んでまいりますので、議員の皆様方におかれましては、御指導、御鞭撻のほどよろしくお願い申し上げます。,null,null,null
49,香川県,平成23年５月,1,23,5,2,臨時,平成23年５月臨時会（第１日）,政策部長（西原義一君）,その他,政策部長,西原義一,（拍手、降壇）,null,null,null
50,香川県,平成23年５月,1,23,5,2,臨時,平成23年５月臨時会（第１日）,臨時議長（白井昌幸君）,議長,臨時議長,白井昌幸,農政水産部長川池秀文君。,null,null,null
51,香川県,平成23年５月,1,23,5,2,臨時,平成23年５月臨時会（第１日）,臨時議長（白井昌幸君）,議長,臨時議長,白井昌幸,（農政水産部長川池秀文君登壇）,null,null,null
52,香川県,平成23年５月,1,23,5,2,臨時,平成23年５月臨時会（第１日）,農政水産部長（川池秀文君）,その他,農政水産部長,川池秀文,四月一日付をもちまして農政水産部長を拝命いたしました川池秀文でございます。,null,null,null
53,香川県,平成23年５月,1,23,5,2,臨時,平成23年５月臨時会（第１日）,農政水産部長（川池秀文君）,その他,農政水産部長,川池秀文,もとより微力ではございますが、農業・農村の活性化、水産業の振興に全力で取り組みたいと存じますので、議員の皆様方におかれましては、御指導、御鞭撻のほどよろしくお願い申し上げます。,null,null,null
54,香川県,平成23年５月,1,23,5,2,臨時,平成23年５月臨時会（第１日）,農政水産部長（川池秀文君）,その他,農政水産部長,川池秀文,（拍手、降壇）,null,null,null
55,香川県,平成23年５月,1,23,5,2,臨時,平成23年５月臨時会（第１日）,臨時議長（白井昌幸君）,議長,臨時議長,白井昌幸,会計管理者西村隆史君。,null,null,null
56,香川県,平成23年５月,1,23,5,2,臨時,平成23年５月臨時会（第１日）,臨時議長（白井昌幸君）,議長,臨時議長,白井昌幸,（会計管理者西村隆史君登壇）,null,null,null
57,香川県,平成23年５月,1,23,5,2,臨時,平成23年５月臨時会（第１日）,会計管理者（西村隆史君）,その他,会計管理者,西村隆史,四月一日付をもちまして会計管理者兼ねて出納局長を拝命いたしました西村隆史でございます。,null,null,null
58,香川県,平成23年５月,1,23,5,2,臨時,平成23年５月臨時会（第１日）,会計管理者（西村隆史君）,その他,会計管理者,西村隆史,もとより微力ではございますが、会計事務の適正な執行に向け、誠心誠意職務に取り組んでまいりますので、議員の皆様方におかれましては、御指導、御鞭撻のほどよろしくお願い申し上げます。,null,null,null
59,香川県,平成23年５月,1,23,5,2,臨時,平成23年５月臨時会（第１日）,会計管理者（西村隆史君）,その他,会計管理者,西村隆史,（拍手、降壇）,null,null,null
60,香川県,平成23年５月,1,23,5,2,臨時,平成23年５月臨時会（第１日）,臨時議長（白井昌幸君）,議長,臨時議長,白井昌幸,知事公室長榎本典昭君。,null,null,null
61,香川県,平成23年５月,1,23,5,2,臨時,平成23年５月臨時会（第１日）,臨時議長（白井昌幸君）,議長,臨時議長,白井昌幸,（知事公室長榎本典昭君登壇）,null,null,null
62,香川県,平成23年５月,1,23,5,2,臨時,平成23年５月臨時会（第１日）,知事公室長（榎本典昭君）,その他,知事公室長,榎本典昭,四月一日付をもちまして知事公室長を拝命いたしました榎本典昭でございます。,null,null,null
63,香川県,平成23年５月,1,23,5,2,臨時,平成23年５月臨時会（第１日）,知事公室長（榎本典昭君）,その他,知事公室長,榎本典昭,誠心誠意努めますので、議員の皆様方におかれましては、御指導、御鞭撻のほど、よろしくお願いいたします。,null,null,null
64,香川県,平成23年５月,1,23,5,2,臨時,平成23年５月臨時会（第１日）,知事公室長（榎本典昭君）,その他,知事公室長,榎本典昭,（拍手、降壇）,null,null,null
65,香川県,平成23年５月,1,23,5,2,臨時,平成23年５月臨時会（第１日）,臨時議長（白井昌幸君）,議長,臨時議長,白井昌幸,労働委員会事務局長村上直実君。,null,null,null
66,香川県,平成23年５月,1,23,5,2,臨時,平成23年５月臨時会（第１日）,臨時議長（白井昌幸君）,議長,臨時議長,白井昌幸,（労働委員会事務局長村上直実君登壇）,null,null,null
67,香川県,平成23年５月,1,23,5,2,臨時,平成23年５月臨時会（第１日）,労働委員会事務局長（村上直実君）,その他,労働委員会事務局長,村上直実,四月一日付をもちまして労働委員会事務局長を命ぜられました村上直実でございます。,null,null,null
68,香川県,平成23年５月,1,23,5,2,臨時,平成23年５月臨時会（第１日）,労働委員会事務局長（村上直実君）,その他,労働委員会事務局長,村上直実,もとより微力ではございますが、県民の皆様方の雇用の安定を目指しまして、誠心誠意努めてまいりますので、議員の皆様方におかれましては、今後とも、御指導のほどよろしくお願い申し上げます。,null,null,null
69,香川県,平成23年５月,1,23,5,2,臨時,平成23年５月臨時会（第１日）,労働委員会事務局長（村上直実君）,その他,労働委員会事務局長,村上直実,（拍手、降壇）,null,null,null
70,香川県,平成23年５月,1,23,5,2,臨時,平成23年５月臨時会（第１日）,労働委員会事務局長（村上直実君）,その他,労働委員会事務局長,村上直実,━━━━━━━━━━━━━━━━━━━━━━━━━━━━━━━━━━━,null,null,null
71,香川県,平成23年５月,1,23,5,2,臨時,平成23年５月臨時会（第１日）,労働委員会事務局長（村上直実君）,その他,労働委員会事務局長,村上直実,出　　席　　議　　員,null,null,null
72,香川県,平成23年５月,1,23,5,2,臨時,平成23年５月臨時会（第１日）,労働委員会事務局長（村上直実君）,その他,労働委員会事務局長,村上直実,山　　本　　直　　樹　君　　　　水　　本　　勝　　規　君,null,null,null
73,香川県,平成23年５月,1,23,5,2,臨時,平成23年５月臨時会（第１日）,労働委員会事務局長（村上直実君）,その他,労働委員会事務局長,村上直実,氏　　家　　孝　　志　君　　　　山　　下　　昭　　史　君,null,null,null
74,香川県,平成23年５月,1,23,5,2,臨時,平成23年５月臨時会（第１日）,労働委員会事務局長（村上直実君）,その他,労働委員会事務局長,村上直実,松　　本　　公　　継　君　　　　高　　木　　英　　一　君,null,null,null
75,香川県,平成23年５月,1,23,5,2,臨時,平成23年５月臨時会（第１日）,労働委員会事務局長（村上直実君）,その他,労働委員会事務局長,村上直実,広　　瀬　　良　　隆　君　　　　白　　川　　容　　子　君,null,null,null
76,香川県,平成23年５月,1,23,5,2,臨時,平成23年５月臨時会（第１日）,労働委員会事務局長（村上直実君）,その他,労働委員会事務局長,村上直実,山　　本　　悟　　史　君　　　　三　　野　　康　　祐　君,null,null,null
77,香川県,平成23年５月,1,23,5,2,臨時,平成23年５月臨時会（第１日）,労働委員会事務局長（村上直実君）,その他,労働委員会事務局長,村上直実,森　　　　　裕　　行　君　　　　新　　田　　耕　　造　君,null,null,null
78,香川県,平成23年５月,1,23,5,2,臨時,平成23年５月臨時会（第１日）,労働委員会事務局長（村上直実君）,その他,労働委員会事務局長,村上直実,佐　　伯　　明　　浩　君　　　　谷　　久　　浩　　一　君,null,null,null
79,香川県,平成23年５月,1,23,5,2,臨時,平成23年５月臨時会（第１日）,労働委員会事務局長（村上直実君）,その他,労働委員会事務局長,村上直実,松　　原　　哲　　也　君　　　　石　　川　　　　　豊　君,null,null,null
80,香川県,平成23年５月,1,23,5,2,臨時,平成23年５月臨時会（第１日）,労働委員会事務局長（村上直実君）,その他,労働委員会事務局長,村上直実,都　　築　　信　　行　君　　　　樫　　　　　昭　　二　君,null,null,null
81,香川県,平成23年５月,1,23,5,2,臨時,平成23年５月臨時会（第１日）,労働委員会事務局長（村上直実君）,その他,労働委員会事務局長,村上直実,村　　上　　　　　豊　君　　　　高　　田　　良　　徳　君,null,null,null
82,香川県,平成23年５月,1,23,5,2,臨時,平成23年５月臨時会（第１日）,労働委員会事務局長（村上直実君）,その他,労働委員会事務局長,村上直実,竹　　本　　敏　　信　君　　　　十　　河　　　　　直　君,null,null,null
83,香川県,平成23年５月,1,23,5,2,臨時,平成23年５月臨時会（第１日）,労働委員会事務局長（村上直実君）,その他,労働委員会事務局長,村上直実,香　　川　　芳　　文　君　　　　高　　城　　宗　　幸　君,null,null,null
84,香川県,平成23年５月,1,23,5,2,臨時,平成23年５月臨時会（第１日）,労働委員会事務局長（村上直実君）,その他,労働委員会事務局長,村上直実,花　　崎　　光　　弘　君　　　　斉　　藤　　勝　　範　君,null,null,null
85,香川県,平成23年５月,1,23,5,2,臨時,平成23年５月臨時会（第１日）,労働委員会事務局長（村上直実君）,その他,労働委員会事務局長,村上直実,西　　川　　昭　　吾　君　　　　大　　山　　一　　郎　君,null,null,null
86,香川県,平成23年５月,1,23,5,2,臨時,平成23年５月臨時会（第１日）,労働委員会事務局長（村上直実君）,その他,労働委員会事務局長,村上直実,有　　福　　哲　　二　君　　　　砂　　川　　　　　保　君,null,null,null
87,香川県,平成23年５月,1,23,5,2,臨時,平成23年５月臨時会（第１日）,労働委員会事務局長（村上直実君）,その他,労働委員会事務局長,村上直実,梶　　　　　正　　治　君　　　　綾　　田　　福　　雄　君,null,null,null
88,香川県,平成23年５月,1,23,5,2,臨時,平成23年５月臨時会（第１日）,労働委員会事務局長（村上直実君）,その他,労働委員会事務局長,村上直実,白　　井　　昌　　幸　君　　　　尾　　崎　　道　　広　君,null,null,null
89,香川県,平成23年５月,1,23,5,2,臨時,平成23年５月臨時会（第１日）,労働委員会事務局長（村上直実君）,その他,労働委員会事務局長,村上直実,鎌　　田　　守　　恭　君　　　　平　　木　　　　　享　君,null,null,null
90,香川県,平成23年５月,1,23,5,2,臨時,平成23年５月臨時会（第１日）,労働委員会事務局長（村上直実君）,その他,労働委員会事務局長,村上直実,宮　　本　　欣　　貞　君　　　　辻　　村　　　　　修　君,null,null,null
91,香川県,平成23年５月,1,23,5,2,臨時,平成23年５月臨時会（第１日）,労働委員会事務局長（村上直実君）,その他,労働委員会事務局長,村上直実,黒　　島　　　　　啓　君　　　　五所野尾　　恭　　一　君,null,null,null
92,香川県,平成23年５月,1,23,5,2,臨時,平成23年５月臨時会（第１日）,労働委員会事務局長（村上直実君）,その他,労働委員会事務局長,村上直実,山　　田　　正　　芳　君,null,null,null
93,香川県,平成23年５月,1,23,5,2,臨時,平成23年５月臨時会（第１日）,労働委員会事務局長（村上直実君）,その他,労働委員会事務局長,村上直実,欠　　席　　議　　員,null,null,null
94,香川県,平成23年５月,1,23,5,2,臨時,平成23年５月臨時会（第１日）,労働委員会事務局長（村上直実君）,その他,労働委員会事務局長,村上直実,な　　　　　　　　し,null,null,null
95,香川県,平成23年５月,1,23,5,2,臨時,平成23年５月臨時会（第１日）,労働委員会事務局長（村上直実君）,その他,労働委員会事務局長,村上直実,─────────────────────────────,null,null,null
96,香川県,平成23年５月,1,23,5,2,臨時,平成23年５月臨時会（第１日）,労働委員会事務局長（村上直実君）,その他,労働委員会事務局長,村上直実,地方自治法第百二十一条による出席者,null,null,null
97,香川県,平成23年５月,1,23,5,2,臨時,平成23年５月臨時会（第１日）,労働委員会事務局長（村上直実君）,その他,労働委員会事務局長,村上直実,知　　　　　事　　浜　　田　　恵　　造　君,null,null,null
98,香川県,平成23年５月,1,23,5,2,臨時,平成23年５月臨時会（第１日）,労働委員会事務局長（村上直実君）,その他,労働委員会事務局長,村上直実,副　　知　　事　　天　　雲　　俊　　夫　君,null,null,null
99,香川県,平成23年５月,1,23,5,2,臨時,平成23年５月臨時会（第１日）,労働委員会事務局長（村上直実君）,その他,労働委員会事務局長,村上直実,病院事業管理者　　小　　出　　典　　男　君,null,null,null
100,香川県,平成23年５月,1,23,5,2,臨時,平成23年５月臨時会（第１日）,労働委員会事務局長（村上直実君）,その他,労働委員会事務局長,村上直実,政　策　部　長　　西　　原　　義　　一　君,null,null,null
101,香川県,平成23年５月,1,23,5,2,臨時,平成23年５月臨時会（第１日）,労働委員会事務局長（村上直実君）,その他,労働委員会事務局長,村上直実,総　務　部　長　　伊　　藤　　　　　敬　君,null,null,null
102,香川県,平成23年５月,1,23,5,2,臨時,平成23年５月臨時会（第１日）,労働委員会事務局長（村上直実君）,その他,労働委員会事務局長,村上直実,環境森林部長　　　井　　上　　貴　　義　君,null,null,null
103,香川県,平成23年５月,1,23,5,2,臨時,平成23年５月臨時会（第１日）,労働委員会事務局長（村上直実君）,その他,労働委員会事務局長,村上直実,健康福祉部長　　　川　　部　　英　　則　君,null,null,null
104,香川県,平成23年５月,1,23,5,2,臨時,平成23年５月臨時会（第１日）,労働委員会事務局長（村上直実君）,その他,労働委員会事務局長,村上直実,商工労働部長　　　高　　畠　　正　　博　君,null,null,null
105,香川県,平成23年５月,1,23,5,2,臨時,平成23年５月臨時会（第１日）,労働委員会事務局長（村上直実君）,その他,労働委員会事務局長,村上直実,農政水産部長　　　川　　池　　秀　　文　君,null,null,null
106,香川県,平成23年５月,1,23,5,2,臨時,平成23年５月臨時会（第１日）,労働委員会事務局長（村上直実君）,その他,労働委員会事務局長,村上直実,土　木　部　長　　高　　口　　秀　　和　君,null,null,null
107,香川県,平成23年５月,1,23,5,2,臨時,平成23年５月臨時会（第１日）,労働委員会事務局長（村上直実君）,その他,労働委員会事務局長,村上直実,知事公室長　　　　榎　　本　　典　　昭　君,null,null,null
108,香川県,平成23年５月,1,23,5,2,臨時,平成23年５月臨時会（第１日）,労働委員会事務局長（村上直実君）,その他,労働委員会事務局長,村上直実,防　災　局　長　　丹　　　　　睦　　宏　君,null,null,null
109,香川県,平成23年５月,1,23,5,2,臨時,平成23年５月臨時会（第１日）,労働委員会事務局長（村上直実君）,その他,労働委員会事務局長,村上直実,観光交流局長　　　工　　代　　祐　　司　君,null,null,null
110,香川県,平成23年５月,1,23,5,2,臨時,平成23年５月臨時会（第１日）,労働委員会事務局長（村上直実君）,その他,労働委員会事務局長,村上直実,水　道　局　長　　岡　　　　　輝　　人　君,null,null,null
111,香川県,平成23年５月,1,23,5,2,臨時,平成23年５月臨時会（第１日）,労働委員会事務局長（村上直実君）,その他,労働委員会事務局長,村上直実,会計管理者　　　　西　　村　　隆　　史　君,null,null,null
112,香川県,平成23年５月,1,23,5,2,臨時,平成23年５月臨時会（第１日）,労働委員会事務局長（村上直実君）,その他,労働委員会事務局長,村上直実,病　院　局　長　　大　　津　　佳　　裕　君,null,null,null
113,香川県,平成23年５月,1,23,5,2,臨時,平成23年５月臨時会（第１日）,労働委員会事務局長（村上直実君）,その他,労働委員会事務局長,村上直実,教育委員会　　　　藤　　村　　育　　雄　君,null,null,null
114,香川県,平成23年５月,1,23,5,2,臨時,平成23年５月臨時会（第１日）,労働委員会事務局長（村上直実君）,その他,労働委員会事務局長,村上直実,委　　員　　長,null,null,null
115,香川県,平成23年５月,1,23,5,2,臨時,平成23年５月臨時会（第１日）,労働委員会事務局長（村上直実君）,その他,労働委員会事務局長,村上直実,教　　育　　長　　細　　松　　英　　正　君,null,null,null
116,香川県,平成23年５月,1,23,5,2,臨時,平成23年５月臨時会（第１日）,労働委員会事務局長（村上直実君）,その他,労働委員会事務局長,村上直実,公安委員会　　　　田　　岡　　敬　　造　君,null,null,null
117,香川県,平成23年５月,1,23,5,2,臨時,平成23年５月臨時会（第１日）,労働委員会事務局長（村上直実君）,その他,労働委員会事務局長,村上直実,委　　員　　長,null,null,null
118,香川県,平成23年５月,1,23,5,2,臨時,平成23年５月臨時会（第１日）,労働委員会事務局長（村上直実君）,その他,労働委員会事務局長,村上直実,警察本部長　　　　小　　島　　隆　　雄　君,null,null,null
119,香川県,平成23年５月,1,23,5,2,臨時,平成23年５月臨時会（第１日）,労働委員会事務局長（村上直実君）,その他,労働委員会事務局長,村上直実,代表監査委員　　　仲　　山　　省　　三　君,null,null,null
120,香川県,平成23年５月,1,23,5,2,臨時,平成23年５月臨時会（第１日）,労働委員会事務局長（村上直実君）,その他,労働委員会事務局長,村上直実,監　査　委　員　　高　　徳　　敏　　弘　君,null,null,null
121,香川県,平成23年５月,1,23,5,2,臨時,平成23年５月臨時会（第１日）,労働委員会事務局長（村上直実君）,その他,労働委員会事務局長,村上直実,事　務　局　長,null,null,null
122,香川県,平成23年５月,1,23,5,2,臨時,平成23年５月臨時会（第１日）,労働委員会事務局長（村上直実君）,その他,労働委員会事務局長,村上直実,人事委員会　　　　桑　　城　　秀　　樹　君,null,null,null
123,香川県,平成23年５月,1,23,5,2,臨時,平成23年５月臨時会（第１日）,労働委員会事務局長（村上直実君）,その他,労働委員会事務局長,村上直実,委　　員　　長,null,null,null
124,香川県,平成23年５月,1,23,5,2,臨時,平成23年５月臨時会（第１日）,労働委員会事務局長（村上直実君）,その他,労働委員会事務局長,村上直実,人事委員会　　　　山　　田　　哲　　也　君,null,null,null
125,香川県,平成23年５月,1,23,5,2,臨時,平成23年５月臨時会（第１日）,労働委員会事務局長（村上直実君）,その他,労働委員会事務局長,村上直実,事　務　局　長,null,null,null
126,香川県,平成23年５月,1,23,5,2,臨時,平成23年５月臨時会（第１日）,労働委員会事務局長（村上直実君）,その他,労働委員会事務局長,村上直実,労働委員会　　　　村　　上　　直　　実　君,null,null,null
127,香川県,平成23年５月,1,23,5,2,臨時,平成23年５月臨時会（第１日）,労働委員会事務局長（村上直実君）,その他,労働委員会事務局長,村上直実,事　務　局　長,null,null,null
128,香川県,平成23年５月,1,23,5,2,臨時,平成23年５月臨時会（第１日）,労働委員会事務局長（村上直実君）,その他,労働委員会事務局長,村上直実,政策部次長　　　　荒　　井　　陽　　一　君,null,null,null
129,香川県,平成23年５月,1,23,5,2,臨時,平成23年５月臨時会（第１日）,労働委員会事務局長（村上直実君）,その他,労働委員会事務局長,村上直実,─────────────────────────────,null,null,null
130,香川県,平成23年５月,1,23,5,2,臨時,平成23年５月臨時会（第１日）,労働委員会事務局長（村上直実君）,その他,労働委員会事務局長,村上直実,議　　事　　日　　程（第一号）,null,null,null
131,香川県,平成23年５月,1,23,5,2,臨時,平成23年５月臨時会（第１日）,労働委員会事務局長（村上直実君）,その他,労働委員会事務局長,村上直実,平成二十三年五月二日（月）午前十時開議,null,null,null
132,香川県,平成23年５月,1,23,5,2,臨時,平成23年５月臨時会（第１日）,労働委員会事務局長（村上直実君）,その他,労働委員会事務局長,村上直実,第　　一　議長選挙の件,null,null,null
133,香川県,平成23年５月,1,23,5,2,臨時,平成23年５月臨時会（第１日）,労働委員会事務局長（村上直実君）,その他,労働委員会事務局長,村上直実,─────────────────────────────,null,null,null
134,香川県,平成23年５月,1,23,5,2,臨時,平成23年５月臨時会（第１日）,労働委員会事務局長（村上直実君）,その他,労働委員会事務局長,村上直実,議　　事　　日　　程（第二号）,null,null,null
135,香川県,平成23年５月,1,23,5,2,臨時,平成23年５月臨時会（第１日）,労働委員会事務局長（村上直実君）,その他,労働委員会事務局長,村上直実,第　　二　議席の指定,null,null,null
136,香川県,平成23年５月,1,23,5,2,臨時,平成23年５月臨時会（第１日）,労働委員会事務局長（村上直実君）,その他,労働委員会事務局長,村上直実,第　　三　会議録署名議員の指名,null,null,null
137,香川県,平成23年５月,1,23,5,2,臨時,平成23年５月臨時会（第１日）,労働委員会事務局長（村上直実君）,その他,労働委員会事務局長,村上直実,第　　四　会期決定の件,null,null,null
138,香川県,平成23年５月,1,23,5,2,臨時,平成23年５月臨時会（第１日）,労働委員会事務局長（村上直実君）,その他,労働委員会事務局長,村上直実,第　　五　副議長選挙の件,null,null,null
139,香川県,平成23年５月,1,23,5,2,臨時,平成23年５月臨時会（第１日）,労働委員会事務局長（村上直実君）,その他,労働委員会事務局長,村上直実,第　　六　発議案第一号　香川県議会委員会条例の一部を改正する条例議案,null,null,null
140,香川県,平成23年５月,1,23,5,2,臨時,平成23年５月臨時会（第１日）,労働委員会事務局長（村上直実君）,その他,労働委員会事務局長,村上直実,第　　七　議会運営委員会委員及び同正副委員長選任の件,null,null,null
141,香川県,平成23年５月,1,23,5,2,臨時,平成23年５月臨時会（第１日）,労働委員会事務局長（村上直実君）,その他,労働委員会事務局長,村上直実,第　　八　常任委員会委員及び同正副委員長選任の件,null,null,null
142,香川県,平成23年５月,1,23,5,2,臨時,平成23年５月臨時会（第１日）,労働委員会事務局長（村上直実君）,その他,労働委員会事務局長,村上直実,第　　九　発議案第二号　行財政改革推進特別委員会設置に関する決議（案）,null,null,null
143,香川県,平成23年５月,1,23,5,2,臨時,平成23年５月臨時会（第１日）,労働委員会事務局長（村上直実君）,その他,労働委員会事務局長,村上直実,第　　十　発議案第三号　総合防災対策特別委員会設置に関する決議（案）,null,null,null
144,香川県,平成23年５月,1,23,5,2,臨時,平成23年５月臨時会（第１日）,労働委員会事務局長（村上直実君）,その他,労働委員会事務局長,村上直実,第　十一　発議案第四号　公共交通・地域再生特別委員会設置に関する決議,null,null,null
145,香川県,平成23年５月,1,23,5,2,臨時,平成23年５月臨時会（第１日）,労働委員会事務局長（村上直実君）,その他,労働委員会事務局長,村上直実,（案）,null,null,null
146,香川県,平成23年５月,1,23,5,2,臨時,平成23年５月臨時会（第１日）,労働委員会事務局長（村上直実君）,その他,労働委員会事務局長,村上直実,第　十二　閉会中継続調査事件,null,null,null
147,香川県,平成23年５月,1,23,5,2,臨時,平成23年５月臨時会（第１日）,労働委員会事務局長（村上直実君）,その他,労働委員会事務局長,村上直実,第　十三　発議案第五号　香川県議会議員の議員報酬の特例に関する条例議案,null,null,null
148,香川県,平成23年５月,1,23,5,2,臨時,平成23年５月臨時会（第１日）,労働委員会事務局長（村上直実君）,その他,労働委員会事務局長,村上直実,第　十四　発議案第六号　香川県議会議員の議員報酬の特例に関する条例議案,null,null,null
149,香川県,平成23年５月,1,23,5,2,臨時,平成23年５月臨時会（第１日）,労働委員会事務局長（村上直実君）,その他,労働委員会事務局長,村上直実,第　十五　発議案第七号　香川県議会会議規則の一部を改正する規則（案）,null,null,null
150,香川県,平成23年５月,1,23,5,2,臨時,平成23年５月臨時会（第１日）,労働委員会事務局長（村上直実君）,その他,労働委員会事務局長,村上直実,─────────────────────────────,null,null,null
151,香川県,平成23年５月,1,23,5,2,臨時,平成23年５月臨時会（第１日）,臨時議長（白井昌幸君）,議長,臨時議長,白井昌幸,ただいまから平成二十三年五月香川県議会臨時会を開会し、直ちに本日の会議を開きます。,null,null,null
152,香川県,平成23年５月,1,23,5,2,臨時,平成23年５月臨時会（第１日）,臨時議長（白井昌幸君）,議長,臨時議長,白井昌幸,本日の日程は、配布のとおりであります。,null,null,null
153,香川県,平成23年５月,1,23,5,2,臨時,平成23年５月臨時会（第１日）,臨時議長（白井昌幸君）,議長,臨時議長,白井昌幸,この際、議事の都合上、仮議席を指定いたします。,null,null,null
154,香川県,平成23年５月,1,23,5,2,臨時,平成23年５月臨時会（第１日）,臨時議長（白井昌幸君）,議長,臨時議長,白井昌幸,仮議席を氏名標のとおり指定いたします。,null,null,null
155,香川県,平成23年５月,1,23,5,2,臨時,平成23年５月臨時会（第１日）,臨時議長（白井昌幸君）,議長,臨時議長,白井昌幸,─────────────────────────────,null,null,null
156,香川県,平成23年５月,1,23,5,2,臨時,平成23年５月臨時会（第１日）,臨時議長（白井昌幸君）,議長,臨時議長,白井昌幸,日程第一、議長選挙の件を議題といたします。,null,null,null
157,香川県,平成23年５月,1,23,5,2,臨時,平成23年５月臨時会（第１日）,臨時議長（白井昌幸君）,議長,臨時議長,白井昌幸,議場の閉鎖を命じます。,null,null,null
158,香川県,平成23年５月,1,23,5,2,臨時,平成23年５月臨時会（第１日）,臨時議長（白井昌幸君）,議長,臨時議長,白井昌幸,（議場閉鎖）,null,null,null
159,香川県,平成23年５月,1,23,5,2,臨時,平成23年５月臨時会（第１日）,臨時議長（白井昌幸君）,議長,臨時議長,白井昌幸,ただいまの出席議員は、四十一名であります。,null,null,null
160,香川県,平成23年５月,1,23,5,2,臨時,平成23年５月臨時会（第１日）,臨時議長（白井昌幸君）,議長,臨時議長,白井昌幸,投票用紙を配布させます。,null,null,null
161,香川県,平成23年５月,1,23,5,2,臨時,平成23年５月臨時会（第１日）,臨時議長（白井昌幸君）,議長,臨時議長,白井昌幸,（投票用紙配布）,null,null,null
162,香川県,平成23年５月,1,23,5,2,臨時,平成23年５月臨時会（第１日）,臨時議長（白井昌幸君）,議長,臨時議長,白井昌幸,投票用紙の配布漏れはありませんか。,null,null,null
163,香川県,平成23年５月,1,23,5,2,臨時,平成23年５月臨時会（第１日）,臨時議長（白井昌幸君）,議長,臨時議長,白井昌幸,（「なし」と呼ぶ者あり）,null,null,null
164,香川県,平成23年５月,1,23,5,2,臨時,平成23年５月臨時会（第１日）,臨時議長（白井昌幸君）,議長,臨時議長,白井昌幸,配布漏れなしと認めます。,null,null,null
165,香川県,平成23年５月,1,23,5,2,臨時,平成23年５月臨時会（第１日）,臨時議長（白井昌幸君）,議長,臨時議長,白井昌幸,投票箱を改めさせます。,null,null,null
166,香川県,平成23年５月,1,23,5,2,臨時,平成23年５月臨時会（第１日）,臨時議長（白井昌幸君）,議長,臨時議長,白井昌幸,（投票箱点検）,null,null,null
167,香川県,平成23年５月,1,23,5,2,臨時,平成23年５月臨時会（第１日）,臨時議長（白井昌幸君）,議長,臨時議長,白井昌幸,異状なしと認めます。,null,null,null
168,香川県,平成23年５月,1,23,5,2,臨時,平成23年５月臨時会（第１日）,臨時議長（白井昌幸君）,議長,臨時議長,白井昌幸,念のために申し上げます。,null,null,null
169,香川県,平成23年５月,1,23,5,2,臨時,平成23年５月臨時会（第１日）,臨時議長（白井昌幸君）,議長,臨時議長,白井昌幸,投票は、単記無記名であります。,null,null,null
170,香川県,平成23年５月,1,23,5,2,臨時,平成23年５月臨時会（第１日）,臨時議長（白井昌幸君）,議長,臨時議長,白井昌幸,投票用紙に被選挙人の氏名を記載の上、先例の順に投票願います。,null,null,null
171,香川県,平成23年５月,1,23,5,2,臨時,平成23年５月臨時会（第１日）,臨時議長（白井昌幸君）,議長,臨時議長,白井昌幸,（投票）,null,null,null
172,香川県,平成23年５月,1,23,5,2,臨時,平成23年５月臨時会（第１日）,臨時議長（白井昌幸君）,議長,臨時議長,白井昌幸,投票漏れはありませんか。,null,null,null
173,香川県,平成23年５月,1,23,5,2,臨時,平成23年５月臨時会（第１日）,臨時議長（白井昌幸君）,議長,臨時議長,白井昌幸,（「なし」と呼ぶ者あり）,null,null,null
174,香川県,平成23年５月,1,23,5,2,臨時,平成23年５月臨時会（第１日）,臨時議長（白井昌幸君）,議長,臨時議長,白井昌幸,投票漏れなしと認めます。,null,null,null
175,香川県,平成23年５月,1,23,5,2,臨時,平成23年５月臨時会（第１日）,臨時議長（白井昌幸君）,議長,臨時議長,白井昌幸,投票を終了いたします。,null,null,null
176,香川県,平成23年５月,1,23,5,2,臨時,平成23年５月臨時会（第１日）,臨時議長（白井昌幸君）,議長,臨時議長,白井昌幸,投票箱を閉鎖いたします。,null,null,null
177,香川県,平成23年５月,1,23,5,2,臨時,平成23年５月臨時会（第１日）,臨時議長（白井昌幸君）,議長,臨時議長,白井昌幸,（投票箱閉鎖）,null,null,null
178,香川県,平成23年５月,1,23,5,2,臨時,平成23年５月臨時会（第１日）,臨時議長（白井昌幸君）,議長,臨時議長,白井昌幸,立会人を指名いたします。,null,null,null
179,香川県,平成23年５月,1,23,5,2,臨時,平成23年５月臨時会（第１日）,臨時議長（白井昌幸君）,議長,臨時議長,白井昌幸,立会人は、会議規則第三十二条第二項の規定により、広瀬良隆君、香川芳文君、高田良徳君の三名を指名いたします。,null,null,null
180,香川県,平成23年５月,1,23,5,2,臨時,平成23年５月臨時会（第１日）,臨時議長（白井昌幸君）,議長,臨時議長,白井昌幸,立会人は、直ちに演壇のところへおいでを願います。,null,null,null
181,香川県,平成23年５月,1,23,5,2,臨時,平成23年５月臨時会（第１日）,臨時議長（白井昌幸君）,議長,臨時議長,白井昌幸,（立会人参集）,null,null,null
182,香川県,平成23年５月,1,23,5,2,臨時,平成23年５月臨時会（第１日）,臨時議長（白井昌幸君）,議長,臨時議長,白井昌幸,開票いたします。,null,null,null
183,香川県,平成23年５月,1,23,5,2,臨時,平成23年５月臨時会（第１日）,臨時議長（白井昌幸君）,議長,臨時議長,白井昌幸,（開票）,null,null,null
184,香川県,平成23年５月,1,23,5,2,臨時,平成23年５月臨時会（第１日）,臨時議長（白井昌幸君）,議長,臨時議長,白井昌幸,選挙の結果を報告いたします。,null,null,null
185,香川県,平成23年５月,1,23,5,2,臨時,平成23年５月臨時会（第１日）,臨時議長（白井昌幸君）,議長,臨時議長,白井昌幸,出席議員四十一名、投票総数四十一票、有効投票四十一票、無効投票なし。,null,null,null
186,香川県,平成23年５月,1,23,5,2,臨時,平成23年５月臨時会（第１日）,臨時議長（白井昌幸君）,議長,臨時議長,白井昌幸,有効投票中、山本直樹君二十九票、砂川　保君六票、都築信行君二票、樫　昭二君二票、村上　豊君二票、以上のとおりであります。,null,null,null
187,香川県,平成23年５月,1,23,5,2,臨時,平成23年５月臨時会（第１日）,臨時議長（白井昌幸君）,議長,臨時議長,白井昌幸,この選挙の法定得票数は十一票であります。,null,null,null
188,香川県,平成23年５月,1,23,5,2,臨時,平成23年５月臨時会（第１日）,臨時議長（白井昌幸君）,議長,臨時議長,白井昌幸,よって、山本直樹君が議長に当選されました。,null,null,null
189,香川県,平成23年５月,1,23,5,2,臨時,平成23年５月臨時会（第１日）,臨時議長（白井昌幸君）,議長,臨時議長,白井昌幸,議場の閉鎖を解きます。,null,null,null
190,香川県,平成23年５月,1,23,5,2,臨時,平成23年５月臨時会（第１日）,臨時議長（白井昌幸君）,議長,臨時議長,白井昌幸,（議場開鎖）,null,null,null
191,香川県,平成23年５月,1,23,5,2,臨時,平成23年５月臨時会（第１日）,臨時議長（白井昌幸君）,議長,臨時議長,白井昌幸,ただいま議長に当選されました山本直樹君が議場におられますので、本職から会議規則第三十四条第二項の規定による告知をいたします。,null,null,null
192,香川県,平成23年５月,1,23,5,2,臨時,平成23年５月臨時会（第１日）,臨時議長（白井昌幸君）,議長,臨時議長,白井昌幸,ただいま議長に当選されました山本直樹君のごあいさつがあります。,null,null,null
193,香川県,平成23年５月,1,23,5,2,臨時,平成23年５月臨時会（第１日）,臨時議長（白井昌幸君）,議長,臨時議長,白井昌幸,山本直樹君。,null,null,null
194,香川県,平成23年５月,1,23,5,2,臨時,平成23年５月臨時会（第１日）,臨時議長（白井昌幸君）,議長,臨時議長,白井昌幸,（山本直樹君登壇、拍手）,null,null,null
195,香川県,平成23年５月,1,23,5,2,臨時,平成23年５月臨時会（第１日）,山本直樹君,3700020000019,（議員）,山本直樹,まず初めに、このたびの東日本大震災によりお亡くなりになられた多くの方々に対しまして、深い哀悼の意を表するものであります。,null,null,null
196,香川県,平成23年５月,1,23,5,2,臨時,平成23年５月臨時会（第１日）,山本直樹君,3700020000019,（議員）,山本直樹,そしてまた、被害に遭われた皆様方には、心からお見舞い申し上げますとともに、一日も早い復興をお祈りいたす次第でございます。,null,null,null
197,香川県,平成23年５月,1,23,5,2,臨時,平成23年５月臨時会（第１日）,山本直樹君,3700020000019,（議員）,山本直樹,さて、ただいま多くの議員の皆様方の御推挙によりまして、香川県議会議長に就任することになりました。,null,null,null
198,香川県,平成23年５月,1,23,5,2,臨時,平成23年５月臨時会（第１日）,山本直樹君,3700020000019,（議員）,山本直樹,大変光栄に存じますとともに、改めてその責任の重大さを痛感いたしております。,null,null,null
199,香川県,平成23年５月,1,23,5,2,臨時,平成23年５月臨時会（第１日）,山本直樹君,3700020000019,（議員）,山本直樹,県政は、今、厳しい財政状況の中にありますが、雇用対策を初め人口減少、少子高齢社会への対応、安全・安心な社会づくり等々、取り組むべき重大な課題が山積いたしております。,null,null,null
200,香川県,平成23年５月,1,23,5,2,臨時,平成23年５月臨時会（第１日）,山本直樹君,3700020000019,（議員）,山本直樹,こうした中、活力と魅力ある郷土香川の創造に向け、県民の立場に立って、二元代表制の一翼を担う県議会の果たすべき役割と機能をいま一度再認識し、微力ではございますが、公正な議会運営を通じて、県民の皆様の負託にこたえられますよう、最善の努力を尽くしてまいる所存であります。,null,null,null
201,香川県,平成23年５月,1,23,5,2,臨時,平成23年５月臨時会（第１日）,山本直樹君,3700020000019,（議員）,山本直樹,今後とも、議員の皆さん、理事者の皆さん、また報道関係の皆さん、そして何よりも県民の皆様の御指導、御鞭撻を賜りますよう心からお願い申し上げまして、議長就任のごあいさつとします。,null,null,null
202,香川県,平成23年５月,1,23,5,2,臨時,平成23年５月臨時会（第１日）,山本直樹君,3700020000019,（議員）,山本直樹,大変ありがとうございました。,null,null,null
203,香川県,平成23年５月,1,23,5,2,臨時,平成23年５月臨時会（第１日）,山本直樹君,3700020000019,（議員）,山本直樹,（拍手、降壇）,null,null,null
204,香川県,平成23年５月,1,23,5,2,臨時,平成23年５月臨時会（第１日）,臨時議長（白井昌幸君）,議長,臨時議長,白井昌幸,一言ごあいさつを申し上げます。,null,null,null
205,香川県,平成23年５月,1,23,5,2,臨時,平成23年５月臨時会（第１日）,臨時議長（白井昌幸君）,議長,臨時議長,白井昌幸,ただいまは、年長議員のゆえをもって臨時議長を務めましたところ、皆様方の御協力を賜り、無事、その職責を果たすことができました。,null,null,null
206,香川県,平成23年５月,1,23,5,2,臨時,平成23年５月臨時会（第１日）,臨時議長（白井昌幸君）,議長,臨時議長,白井昌幸,ここに厚く御礼を申し上げ、ごあいさつといたします。,null,null,null
207,香川県,平成23年５月,1,23,5,2,臨時,平成23年５月臨時会（第１日）,臨時議長（白井昌幸君）,議長,臨時議長,白井昌幸,ありがとうございました。,null,null,null
208,香川県,平成23年５月,1,23,5,2,臨時,平成23年５月臨時会（第１日）,臨時議長（白井昌幸君）,議長,臨時議長,白井昌幸,（拍手）,null,null,null
209,香川県,平成23年５月,1,23,5,2,臨時,平成23年５月臨時会（第１日）,臨時議長（白井昌幸君）,議長,臨時議長,白井昌幸,山本議長、議長席へお着き願います。,null,null,null
210,香川県,平成23年５月,1,23,5,2,臨時,平成23年５月臨時会（第１日）,臨時議長（白井昌幸君）,議長,臨時議長,白井昌幸,（臨時議長白井昌幸君退席、議長山本直樹君着席）,null,null,null
211,香川県,平成23年５月,1,23,5,2,臨時,平成23年５月臨時会（第１日）,臨時議長（白井昌幸君）,議長,臨時議長,白井昌幸,─────────────────────────────,null,null,null
212,香川県,平成23年５月,1,23,5,2,臨時,平成23年５月臨時会（第１日）,議長（山本直樹君）,議長,議長,山本直樹,この際、諸般の報告をいたします。,null,null,null
213,香川県,平成23年５月,1,23,5,2,臨時,平成23年５月臨時会（第１日）,議長（山本直樹君）,議長,議長,山本直樹,職員に朗読させます。,null,null,null
214,香川県,平成23年５月,1,23,5,2,臨時,平成23年５月臨時会（第１日）,議長（山本直樹君）,議長,議長,山本直樹,（職員朗読）,null,null,null
215,香川県,平成23年５月,1,23,5,2,臨時,平成23年５月臨時会（第１日）,議長（山本直樹君）,議長,議長,山本直樹,諸般の報告,null,null,null
216,香川県,平成23年５月,1,23,5,2,臨時,平成23年５月臨時会（第１日）,議長（山本直樹君）,議長,議長,山本直樹,一、五月二日付をもって、議員尾崎道広君外二十六名から、香川県議会自由民,null,null,null
217,香川県,平成23年５月,1,23,5,2,臨時,平成23年５月臨時会（第１日）,議長（山本直樹君）,議長,議長,山本直樹,主党議員会所属党派届が、議員砂川　保君外五名から、香川県議会社会民,null,null,null
218,香川県,平成23年５月,1,23,5,2,臨時,平成23年５月臨時会（第１日）,議長（山本直樹君）,議長,議長,山本直樹,主党・県民連合所属党派届が、議員都築信行君外一名から、香川県議会公,null,null,null
219,香川県,平成23年５月,1,23,5,2,臨時,平成23年５月臨時会（第１日）,議長（山本直樹君）,議長,議長,山本直樹,明党議員会所属党派届が、議員樫　昭二君外一名から、日本共産党香川県,null,null,null
220,香川県,平成23年５月,1,23,5,2,臨時,平成23年５月臨時会（第１日）,議長（山本直樹君）,議長,議長,山本直樹,議会議員団所属党派届が、議員村上　豊君外一名から、民主党議員会所属,null,null,null
221,香川県,平成23年５月,1,23,5,2,臨時,平成23年５月臨時会（第１日）,議長（山本直樹君）,議長,議長,山本直樹,党派届が、議員石川　豊君から、元気な香川をつくる会所属党派届が、議,null,null,null
222,香川県,平成23年５月,1,23,5,2,臨時,平成23年５月臨時会（第１日）,議長（山本直樹君）,議長,議長,山本直樹,員高木英一君から、新世紀香川所属党派届が、それぞれ提出されました。,null,null,null
223,香川県,平成23年５月,1,23,5,2,臨時,平成23年５月臨時会（第１日）,議長（山本直樹君）,議長,議長,山本直樹,一、知事から、地方自治法第百八十条の規定に基づく専決処分報告十二件を受,null,null,null
224,香川県,平成23年５月,1,23,5,2,臨時,平成23年５月臨時会（第１日）,議長（山本直樹君）,議長,議長,山本直樹,理いたしました。,null,null,null
225,香川県,平成23年５月,1,23,5,2,臨時,平成23年５月臨時会（第１日）,議長（山本直樹君）,議長,議長,山本直樹,一、監査委員から、地方自治法第百九十九条、第二百三十五条の二及び第二百,null,null,null
226,香川県,平成23年５月,1,23,5,2,臨時,平成23年５月臨時会（第１日）,議長（山本直樹君）,議長,議長,山本直樹,五十二条の三十七の規定に基づく報告七件を受理いたしました。,null,null,null
227,香川県,平成23年５月,1,23,5,2,臨時,平成23年５月臨時会（第１日）,議長（山本直樹君）,議長,議長,山本直樹,一、会議規則第二十三条の規定に基づく発議案七件を受理いたしました。,null,null,null
228,香川県,平成23年５月,1,23,5,2,臨時,平成23年５月臨時会（第１日）,議長（山本直樹君）,議長,議長,山本直樹,以上で諸般の報告を終わります。,null,null,null
229,香川県,平成23年５月,1,23,5,2,臨時,平成23年５月臨時会（第１日）,議長（山本直樹君）,議長,議長,山本直樹,─────────────────────────────,null,null,null
230,香川県,平成23年５月,1,23,5,2,臨時,平成23年５月臨時会（第１日）,議長（山本直樹君）,議長,議長,山本直樹,日程第二、議席の指定を行います。,null,null,null
231,香川県,平成23年５月,1,23,5,2,臨時,平成23年５月臨時会（第１日）,議長（山本直樹君）,議長,議長,山本直樹,議席は、会議規則第二条第一項の規定により、議長において指定いたします。,null,null,null
232,香川県,平成23年５月,1,23,5,2,臨時,平成23年５月臨時会（第１日）,議長（山本直樹君）,議長,議長,山本直樹,議席は、ただいま御着席の氏名標のとおり指定いたします。,null,null,null
233,香川県,平成23年５月,1,23,5,2,臨時,平成23年５月臨時会（第１日）,議長（山本直樹君）,議長,議長,山本直樹,┌───────┐┌───────┐┌───────┐┌───────┐,null,null,null
234,香川県,平成23年５月,1,23,5,2,臨時,平成23年５月臨時会（第１日）,議長（山本直樹君）,議長,議長,山本直樹,│森　　　裕　行││竹　本　敏　信││梶　　　正　治││山　田　正　芳│,null,null,null
235,香川県,平成23年５月,1,23,5,2,臨時,平成23年５月臨時会（第１日）,議長（山本直樹君）,議長,議長,山本直樹,├───────┤├───────┤├───────┤├───────┤,null,null,null
236,香川県,平成23年５月,1,23,5,2,臨時,平成23年５月臨時会（第１日）,議長（山本直樹君）,議長,議長,山本直樹,│三　野　康　祐││高　田　良　徳││砂　川　　　保││五所野尾恭　一│,null,null,null
237,香川県,平成23年５月,1,23,5,2,臨時,平成23年５月臨時会（第１日）,議長（山本直樹君）,議長,議長,山本直樹,├───────┤├───────┤├───────┤├───────┤,null,null,null
238,香川県,平成23年５月,1,23,5,2,臨時,平成23年５月臨時会（第１日）,議長（山本直樹君）,議長,議長,山本直樹,│山　本　悟　史││村　上　　　豊││有　福　哲　二││黒　島　　　啓│,null,null,null
239,香川県,平成23年５月,1,23,5,2,臨時,平成23年５月臨時会（第１日）,議長（山本直樹君）,議長,議長,山本直樹,└───────┘└───────┘└───────┘└───────┘,null,null,null
240,香川県,平成23年５月,1,23,5,2,臨時,平成23年５月臨時会（第１日）,議長（山本直樹君）,議長,議長,山本直樹,┌───────┐┌───────┐┌───────┐┌───────┐,null,null,null
241,香川県,平成23年５月,1,23,5,2,臨時,平成23年５月臨時会（第１日）,議長（山本直樹君）,議長,議長,山本直樹,│白　川　容　子││樫　　　昭　二││大　山　一　郎││辻　村　　　修│,null,null,null
242,香川県,平成23年５月,1,23,5,2,臨時,平成23年５月臨時会（第１日）,議長（山本直樹君）,議長,議長,山本直樹,├───────┤├───────┤├───────┤├───────┤,null,null,null
243,香川県,平成23年５月,1,23,5,2,臨時,平成23年５月臨時会（第１日）,議長（山本直樹君）,議長,議長,山本直樹,│広　瀬　良　隆││都　築　信　行││西　川　昭　吾││宮　本　欣　貞│,null,null,null
244,香川県,平成23年５月,1,23,5,2,臨時,平成23年５月臨時会（第１日）,議長（山本直樹君）,議長,議長,山本直樹,├───────┤├───────┤├───────┤├───────┤,null,null,null
245,香川県,平成23年５月,1,23,5,2,臨時,平成23年５月臨時会（第１日）,議長（山本直樹君）,議長,議長,山本直樹,│高　木　英　一││石　川　　　豊││斉　藤　勝　範││平　木　　　享│,null,null,null
246,香川県,平成23年５月,1,23,5,2,臨時,平成23年５月臨時会（第１日）,議長（山本直樹君）,議長,議長,山本直樹,├───────┤├───────┤├───────┤├───────┤,null,null,null
247,香川県,平成23年５月,1,23,5,2,臨時,平成23年５月臨時会（第１日）,議長（山本直樹君）,議長,議長,山本直樹,│松　本　公　継││松　原　哲　也││花　崎　光　弘││鎌　田　守　恭│,null,null,null
248,香川県,平成23年５月,1,23,5,2,臨時,平成23年５月臨時会（第１日）,議長（山本直樹君）,議長,議長,山本直樹,└───────┘└───────┘└───────┘└───────┘,null,null,null
249,香川県,平成23年５月,1,23,5,2,臨時,平成23年５月臨時会（第１日）,議長（山本直樹君）,議長,議長,山本直樹,┌───────┐┌───────┐┌───────┐┌───────┐,null,null,null
250,香川県,平成23年５月,1,23,5,2,臨時,平成23年５月臨時会（第１日）,議長（山本直樹君）,議長,議長,山本直樹,│山　下　昭　史││谷　久　浩　一││高　城　宗　幸││尾　崎　道　広│,null,null,null
251,香川県,平成23年５月,1,23,5,2,臨時,平成23年５月臨時会（第１日）,議長（山本直樹君）,議長,議長,山本直樹,├───────┤├───────┤├───────┤├───────┤,null,null,null
252,香川県,平成23年５月,1,23,5,2,臨時,平成23年５月臨時会（第１日）,議長（山本直樹君）,議長,議長,山本直樹,│氏　家　孝　志││佐　伯　明　浩││香　川　芳　文││白　井　昌　幸│,null,null,null
253,香川県,平成23年５月,1,23,5,2,臨時,平成23年５月臨時会（第１日）,議長（山本直樹君）,議長,議長,山本直樹,├───────┤├───────┤├───────┤├───────┤,null,null,null
254,香川県,平成23年５月,1,23,5,2,臨時,平成23年５月臨時会（第１日）,議長（山本直樹君）,議長,議長,山本直樹,│水　本　勝　規││新　田　耕　造││十　河　　　直││綾　田　福　雄│,null,null,null
255,香川県,平成23年５月,1,23,5,2,臨時,平成23年５月臨時会（第１日）,議長（山本直樹君）,議長,議長,山本直樹,├───────┤└───────┘└───────┘└───────┘,null,null,null
256,香川県,平成23年５月,1,23,5,2,臨時,平成23年５月臨時会（第１日）,議長（山本直樹君）,議長,議長,山本直樹,│山　本　直　樹│,null,null,null
257,香川県,平成23年５月,1,23,5,2,臨時,平成23年５月臨時会（第１日）,議長（山本直樹君）,議長,議長,山本直樹,└───────┘,null,null,null
258,香川県,平成23年５月,1,23,5,2,臨時,平成23年５月臨時会（第１日）,議長（山本直樹君）,議長,議長,山本直樹,─────────────────────────────,null,null,null
259,香川県,平成23年５月,1,23,5,2,臨時,平成23年５月臨時会（第１日）,議長（山本直樹君）,議長,議長,山本直樹,次に、日程第三、会議録署名議員の指名を行います。,null,null,null
260,香川県,平成23年５月,1,23,5,2,臨時,平成23年５月臨時会（第１日）,議長（山本直樹君）,議長,議長,山本直樹,会議録署名議員は、会議規則第七十八条の規定により、議長において指名いたします。,null,null,null
261,香川県,平成23年５月,1,23,5,2,臨時,平成23年５月臨時会（第１日）,議長（山本直樹君）,議長,議長,山本直樹,松原哲也君、高城宗幸君、村上　豊君の三名を指名いたします。,null,null,null
262,香川県,平成23年５月,1,23,5,2,臨時,平成23年５月臨時会（第１日）,議長（山本直樹君）,議長,議長,山本直樹,─────────────────────────────,null,null,null
263,香川県,平成23年５月,1,23,5,2,臨時,平成23年５月臨時会（第１日）,議長（山本直樹君）,議長,議長,山本直樹,次に、日程第四、会期決定の件を議題といたします。,null,null,null
264,香川県,平成23年５月,1,23,5,2,臨時,平成23年５月臨時会（第１日）,議長（山本直樹君）,議長,議長,山本直樹,今期臨時会の会期は、本日一日といたしたいと存じますが、御異議ありませんか。,null,null,null
265,香川県,平成23年５月,1,23,5,2,臨時,平成23年５月臨時会（第１日）,議長（山本直樹君）,議長,議長,山本直樹,（「異議なし」と呼ぶ者あり）,null,null,null
266,香川県,平成23年５月,1,23,5,2,臨時,平成23年５月臨時会（第１日）,議長（山本直樹君）,議長,議長,山本直樹,御異議なしと認めます。,null,null,null
267,香川県,平成23年５月,1,23,5,2,臨時,平成23年５月臨時会（第１日）,議長（山本直樹君）,議長,議長,山本直樹,よって、会期は、本日一日と決定いたしました。,null,null,null
268,香川県,平成23年５月,1,23,5,2,臨時,平成23年５月臨時会（第１日）,議長（山本直樹君）,議長,議長,山本直樹,─────────────────────────────,null,null,null
269,香川県,平成23年５月,1,23,5,2,臨時,平成23年５月臨時会（第１日）,議長（山本直樹君）,議長,議長,山本直樹,次に、日程第五、副議長選挙の件を議題といたします。,null,null,null
270,香川県,平成23年５月,1,23,5,2,臨時,平成23年５月臨時会（第１日）,議長（山本直樹君）,議長,議長,山本直樹,議場の閉鎖を命じます。,null,null,null
271,香川県,平成23年５月,1,23,5,2,臨時,平成23年５月臨時会（第１日）,議長（山本直樹君）,議長,議長,山本直樹,（議場閉鎖）,null,null,null
272,香川県,平成23年５月,1,23,5,2,臨時,平成23年５月臨時会（第１日）,議長（山本直樹君）,議長,議長,山本直樹,ただいまの出席議員は、四十一名であります。,null,null,null
273,香川県,平成23年５月,1,23,5,2,臨時,平成23年５月臨時会（第１日）,議長（山本直樹君）,議長,議長,山本直樹,投票用紙を配布させます。,null,null,null
274,香川県,平成23年５月,1,23,5,2,臨時,平成23年５月臨時会（第１日）,議長（山本直樹君）,議長,議長,山本直樹,（投票用紙配布）,null,null,null
275,香川県,平成23年５月,1,23,5,2,臨時,平成23年５月臨時会（第１日）,議長（山本直樹君）,議長,議長,山本直樹,投票用紙の配布漏れはありませんか。,null,null,null
276,香川県,平成23年５月,1,23,5,2,臨時,平成23年５月臨時会（第１日）,議長（山本直樹君）,議長,議長,山本直樹,（「なし」と呼ぶ者あり）,null,null,null
277,香川県,平成23年５月,1,23,5,2,臨時,平成23年５月臨時会（第１日）,議長（山本直樹君）,議長,議長,山本直樹,配布漏れなしと認めます。,null,null,null
278,香川県,平成23年５月,1,23,5,2,臨時,平成23年５月臨時会（第１日）,議長（山本直樹君）,議長,議長,山本直樹,投票箱を改めさせます。,null,null,null
279,香川県,平成23年５月,1,23,5,2,臨時,平成23年５月臨時会（第１日）,議長（山本直樹君）,議長,議長,山本直樹,（投票箱点検）,null,null,null
280,香川県,平成23年５月,1,23,5,2,臨時,平成23年５月臨時会（第１日）,議長（山本直樹君）,議長,議長,山本直樹,異状なしと認めます。,null,null,null
281,香川県,平成23年５月,1,23,5,2,臨時,平成23年５月臨時会（第１日）,議長（山本直樹君）,議長,議長,山本直樹,念のために申し上げます。,null,null,null
282,香川県,平成23年５月,1,23,5,2,臨時,平成23年５月臨時会（第１日）,議長（山本直樹君）,議長,議長,山本直樹,投票は、単記無記名であります。,null,null,null
283,香川県,平成23年５月,1,23,5,2,臨時,平成23年５月臨時会（第１日）,議長（山本直樹君）,議長,議長,山本直樹,投票用紙に被選挙人の氏名を記載の上、先例の順に投票願います。,null,null,null
284,香川県,平成23年５月,1,23,5,2,臨時,平成23年５月臨時会（第１日）,議長（山本直樹君）,議長,議長,山本直樹,（投票）,null,null,null
285,香川県,平成23年５月,1,23,5,2,臨時,平成23年５月臨時会（第１日）,議長（山本直樹君）,議長,議長,山本直樹,投票漏れはありませんか。,null,null,null
286,香川県,平成23年５月,1,23,5,2,臨時,平成23年５月臨時会（第１日）,議長（山本直樹君）,議長,議長,山本直樹,（「なし」と呼ぶ者あり）,null,null,null
287,香川県,平成23年５月,1,23,5,2,臨時,平成23年５月臨時会（第１日）,議長（山本直樹君）,議長,議長,山本直樹,投票漏れなしと認めます。,null,null,null
288,香川県,平成23年５月,1,23,5,2,臨時,平成23年５月臨時会（第１日）,議長（山本直樹君）,議長,議長,山本直樹,投票を終了いたします。,null,null,null
289,香川県,平成23年５月,1,23,5,2,臨時,平成23年５月臨時会（第１日）,議長（山本直樹君）,議長,議長,山本直樹,投票箱を閉鎖いたします。,null,null,null
290,香川県,平成23年５月,1,23,5,2,臨時,平成23年５月臨時会（第１日）,議長（山本直樹君）,議長,議長,山本直樹,（投票箱閉鎖）,null,null,null
291,香川県,平成23年５月,1,23,5,2,臨時,平成23年５月臨時会（第１日）,議長（山本直樹君）,議長,議長,山本直樹,立会人を指名いたします。,null,null,null
292,香川県,平成23年５月,1,23,5,2,臨時,平成23年５月臨時会（第１日）,議長（山本直樹君）,議長,議長,山本直樹,立会人は、会議規則第三十二条第二項の規定により、広瀬良隆君、香川芳文君、高田良徳君の三名を指名いたします。,null,null,null
293,香川県,平成23年５月,1,23,5,2,臨時,平成23年５月臨時会（第１日）,議長（山本直樹君）,議長,議長,山本直樹,立会人は、直ちに演壇のところへおいでを願います。,null,null,null
294,香川県,平成23年５月,1,23,5,2,臨時,平成23年５月臨時会（第１日）,議長（山本直樹君）,議長,議長,山本直樹,（立会人参集）,null,null,null
295,香川県,平成23年５月,1,23,5,2,臨時,平成23年５月臨時会（第１日）,議長（山本直樹君）,議長,議長,山本直樹,開票いたします。,null,null,null
296,香川県,平成23年５月,1,23,5,2,臨時,平成23年５月臨時会（第１日）,議長（山本直樹君）,議長,議長,山本直樹,（開票）,null,null,null
297,香川県,平成23年５月,1,23,5,2,臨時,平成23年５月臨時会（第１日）,議長（山本直樹君）,議長,議長,山本直樹,選挙の結果を報告いたします。,null,null,null
298,香川県,平成23年５月,1,23,5,2,臨時,平成23年５月臨時会（第１日）,議長（山本直樹君）,議長,議長,山本直樹,出席議員四十一名、投票総数四十一票、有効投票三十九票、無効投票二票。,null,null,null
299,香川県,平成23年５月,1,23,5,2,臨時,平成23年５月臨時会（第１日）,議長（山本直樹君）,議長,議長,山本直樹,有効投票中、水本勝規君二十九票、高田良徳君六票、広瀬良隆君二票、白川容子君二票、以上のとおりであります。,null,null,null
300,香川県,平成23年５月,1,23,5,2,臨時,平成23年５月臨時会（第１日）,議長（山本直樹君）,議長,議長,山本直樹,この選挙の法定得票数は十票であります。,null,null,null
301,香川県,平成23年５月,1,23,5,2,臨時,平成23年５月臨時会（第１日）,議長（山本直樹君）,議長,議長,山本直樹,よって、水本勝規君が副議長に当選されました。,null,null,null
302,香川県,平成23年５月,1,23,5,2,臨時,平成23年５月臨時会（第１日）,議長（山本直樹君）,議長,議長,山本直樹,議場の閉鎖を解きます。,null,null,null
303,香川県,平成23年５月,1,23,5,2,臨時,平成23年５月臨時会（第１日）,議長（山本直樹君）,議長,議長,山本直樹,（議場開鎖）,null,null,null
304,香川県,平成23年５月,1,23,5,2,臨時,平成23年５月臨時会（第１日）,議長（山本直樹君）,議長,議長,山本直樹,ただいま副議長に当選されました水本勝規君が議場におられますので、本職から会議規則第三十四条第二項の規定による告知をいたします。,null,null,null
305,香川県,平成23年５月,1,23,5,2,臨時,平成23年５月臨時会（第１日）,議長（山本直樹君）,議長,議長,山本直樹,ただいま副議長に当選されました水本勝規君のごあいさつがあります。,null,null,null
306,香川県,平成23年５月,1,23,5,2,臨時,平成23年５月臨時会（第１日）,議長（山本直樹君）,議長,議長,山本直樹,水本勝規君。,null,null,null
307,香川県,平成23年５月,1,23,5,2,臨時,平成23年５月臨時会（第１日）,議長（山本直樹君）,議長,議長,山本直樹,（水本勝規君登壇、拍手）,null,null,null
308,香川県,平成23年５月,1,23,5,2,臨時,平成23年５月臨時会（第１日）,水本勝規君,3700020000038,（議員）,水本勝規,ただいま議員皆様方の御推挙により、香川県議会の副議長に選ばれました水本勝規でございます。,null,null,null
309,香川県,平成23年５月,1,23,5,2,臨時,平成23年５月臨時会（第１日）,水本勝規君,3700020000038,（議員）,水本勝規,心から感謝申し上げる次第であります。,null,null,null
310,香川県,平成23年５月,1,23,5,2,臨時,平成23年５月臨時会（第１日）,水本勝規君,3700020000038,（議員）,水本勝規,もとより微力でありますが、香川県勢発展のため、また、議会活性化に向け努力邁進する覚悟でございます。,null,null,null
311,香川県,平成23年５月,1,23,5,2,臨時,平成23年５月臨時会（第１日）,水本勝規君,3700020000038,（議員）,水本勝規,さらに、副議長職を全うするため、山本議長を補佐し、円滑なる議会運営ができるよう、誠心誠意努力をしてまいる所存でございます。,null,null,null
312,香川県,平成23年５月,1,23,5,2,臨時,平成23年５月臨時会（第１日）,水本勝規君,3700020000038,（議員）,水本勝規,どうか、議員各位の御協力を賜りますようお願いを申し上げますとともに、理事者の皆さん、報道関係の皆さん、そして県民の皆様方の温かい御支援、御指導を賜りますようお願いを申し上げまして、簡単ではございますが、副議長就任のごあいさつとさせていただきます。,null,null,null
313,香川県,平成23年５月,1,23,5,2,臨時,平成23年５月臨時会（第１日）,水本勝規君,3700020000038,（議員）,水本勝規,ありがとうございました。,null,null,null
314,香川県,平成23年５月,1,23,5,2,臨時,平成23年５月臨時会（第１日）,水本勝規君,3700020000038,（議員）,水本勝規,（拍手、降壇）,null,null,null
315,香川県,平成23年５月,1,23,5,2,臨時,平成23年５月臨時会（第１日）,水本勝規君,3700020000038,（議員）,水本勝規,─────────────────────────────,null,null,null
316,香川県,平成23年５月,1,23,5,2,臨時,平成23年５月臨時会（第１日）,議長（山本直樹君）,議長,議長,山本直樹,次に、日程第六、発議案第一号、香川県議会委員会条例の一部を改正する条例議案を議題といたします。,null,null,null
317,香川県,平成23年５月,1,23,5,2,臨時,平成23年５月臨時会（第１日）,議長（山本直樹君）,議長,議長,山本直樹,本発議案は、議員尾崎道広君外九名の各派共同提出であります。,null,null,null
318,香川県,平成23年５月,1,23,5,2,臨時,平成23年５月臨時会（第１日）,議長（山本直樹君）,議長,議長,山本直樹,案文は、配布のとおりであります。,null,null,null
319,香川県,平成23年５月,1,23,5,2,臨時,平成23年５月臨時会（第１日）,議長（山本直樹君）,議長,議長,山本直樹,お諮りいたします。,null,null,null
320,香川県,平成23年５月,1,23,5,2,臨時,平成23年５月臨時会（第１日）,議長（山本直樹君）,議長,議長,山本直樹,本発議案については、提出者の説明及び委員会付託を省略いたしたいと存じますが、御異議ありませんか。,null,null,null
321,香川県,平成23年５月,1,23,5,2,臨時,平成23年５月臨時会（第１日）,議長（山本直樹君）,議長,議長,山本直樹,（「異議なし」と呼ぶ者あり）,null,null,null
322,香川県,平成23年５月,1,23,5,2,臨時,平成23年５月臨時会（第１日）,議長（山本直樹君）,議長,議長,山本直樹,御異議なしと認め、さよう決します。,null,null,null
323,香川県,平成23年５月,1,23,5,2,臨時,平成23年５月臨時会（第１日）,議長（山本直樹君）,議長,議長,山本直樹,本発議案については、討論の通告がありませんので、直ちに起立により採決いたします。,null,null,null
324,香川県,平成23年５月,1,23,5,2,臨時,平成23年５月臨時会（第１日）,議長（山本直樹君）,議長,議長,山本直樹,発議案第一号を、原案のとおり可決することに賛成の諸君の御起立を求めます。,null,null,null
325,香川県,平成23年５月,1,23,5,2,臨時,平成23年５月臨時会（第１日）,議長（山本直樹君）,議長,議長,山本直樹,（賛成者起立）,null,null,null
326,香川県,平成23年５月,1,23,5,2,臨時,平成23年５月臨時会（第１日）,議長（山本直樹君）,議長,議長,山本直樹,起立全員、よって本発議案は、原案のとおり可決いたしました。,null,null,null
327,香川県,平成23年５月,1,23,5,2,臨時,平成23年５月臨時会（第１日）,議長（山本直樹君）,議長,議長,山本直樹,暫時休憩いたします。,null,null,null
328,香川県,平成23年５月,1,23,5,2,臨時,平成23年５月臨時会（第１日）,議長（山本直樹君）,議長,議長,山本直樹,午前十一時四十一分休憩,null,null,null
329,香川県,平成23年５月,1,23,5,2,臨時,平成23年５月臨時会（第１日）,議長（山本直樹君）,議長,議長,山本直樹,午前十一時五十三分開議,null,null,null
330,香川県,平成23年５月,1,23,5,2,臨時,平成23年５月臨時会（第１日）,議長（山本直樹君）,議長,議長,山本直樹,─────────────────────────────,null,null,null
331,香川県,平成23年５月,1,23,5,2,臨時,平成23年５月臨時会（第１日）,議長（山本直樹君）,議長,議長,山本直樹,出　　席　　議　　員,null,null,null
332,香川県,平成23年５月,1,23,5,2,臨時,平成23年５月臨時会（第１日）,議長（山本直樹君）,議長,議長,山本直樹,山　　本　　直　　樹　君　　　　水　　本　　勝　　規　君,null,null,null
333,香川県,平成23年５月,1,23,5,2,臨時,平成23年５月臨時会（第１日）,議長（山本直樹君）,議長,議長,山本直樹,氏　　家　　孝　　志　君　　　　山　　下　　昭　　史　君,null,null,null
334,香川県,平成23年５月,1,23,5,2,臨時,平成23年５月臨時会（第１日）,議長（山本直樹君）,議長,議長,山本直樹,松　　本　　公　　継　君　　　　高　　木　　英　　一　君,null,null,null
335,香川県,平成23年５月,1,23,5,2,臨時,平成23年５月臨時会（第１日）,議長（山本直樹君）,議長,議長,山本直樹,広　　瀬　　良　　隆　君　　　　白　　川　　容　　子　君,null,null,null
336,香川県,平成23年５月,1,23,5,2,臨時,平成23年５月臨時会（第１日）,議長（山本直樹君）,議長,議長,山本直樹,山　　本　　悟　　史　君　　　　三　　野　　康　　祐　君,null,null,null
337,香川県,平成23年５月,1,23,5,2,臨時,平成23年５月臨時会（第１日）,議長（山本直樹君）,議長,議長,山本直樹,森　　　　　裕　　行　君　　　　新　　田　　耕　　造　君,null,null,null
338,香川県,平成23年５月,1,23,5,2,臨時,平成23年５月臨時会（第１日）,議長（山本直樹君）,議長,議長,山本直樹,佐　　伯　　明　　浩　君　　　　谷　　久　　浩　　一　君,null,null,null
339,香川県,平成23年５月,1,23,5,2,臨時,平成23年５月臨時会（第１日）,議長（山本直樹君）,議長,議長,山本直樹,松　　原　　哲　　也　君　　　　石　　川　　　　　豊　君,null,null,null
340,香川県,平成23年５月,1,23,5,2,臨時,平成23年５月臨時会（第１日）,議長（山本直樹君）,議長,議長,山本直樹,都　　築　　信　　行　君　　　　樫　　　　　昭　　二　君,null,null,null
341,香川県,平成23年５月,1,23,5,2,臨時,平成23年５月臨時会（第１日）,議長（山本直樹君）,議長,議長,山本直樹,村　　上　　　　　豊　君　　　　高　　田　　良　　徳　君,null,null,null
342,香川県,平成23年５月,1,23,5,2,臨時,平成23年５月臨時会（第１日）,議長（山本直樹君）,議長,議長,山本直樹,竹　　本　　敏　　信　君　　　　十　　河　　　　　直　君,null,null,null
343,香川県,平成23年５月,1,23,5,2,臨時,平成23年５月臨時会（第１日）,議長（山本直樹君）,議長,議長,山本直樹,香　　川　　芳　　文　君　　　　高　　城　　宗　　幸　君,null,null,null
344,香川県,平成23年５月,1,23,5,2,臨時,平成23年５月臨時会（第１日）,議長（山本直樹君）,議長,議長,山本直樹,花　　崎　　光　　弘　君　　　　斉　　藤　　勝　　範　君,null,null,null
345,香川県,平成23年５月,1,23,5,2,臨時,平成23年５月臨時会（第１日）,議長（山本直樹君）,議長,議長,山本直樹,西　　川　　昭　　吾　君　　　　大　　山　　一　　郎　君,null,null,null
346,香川県,平成23年５月,1,23,5,2,臨時,平成23年５月臨時会（第１日）,議長（山本直樹君）,議長,議長,山本直樹,有　　福　　哲　　二　君　　　　砂　　川　　　　　保　君,null,null,null
347,香川県,平成23年５月,1,23,5,2,臨時,平成23年５月臨時会（第１日）,議長（山本直樹君）,議長,議長,山本直樹,梶　　　　　正　　治　君　　　　綾　　田　　福　　雄　君,null,null,null
348,香川県,平成23年５月,1,23,5,2,臨時,平成23年５月臨時会（第１日）,議長（山本直樹君）,議長,議長,山本直樹,白　　井　　昌　　幸　君　　　　尾　　崎　　道　　広　君,null,null,null
349,香川県,平成23年５月,1,23,5,2,臨時,平成23年５月臨時会（第１日）,議長（山本直樹君）,議長,議長,山本直樹,鎌　　田　　守　　恭　君　　　　平　　木　　　　　享　君,null,null,null
350,香川県,平成23年５月,1,23,5,2,臨時,平成23年５月臨時会（第１日）,議長（山本直樹君）,議長,議長,山本直樹,宮　　本　　欣　　貞　君　　　　辻　　村　　　　　修　君,null,null,null
351,香川県,平成23年５月,1,23,5,2,臨時,平成23年５月臨時会（第１日）,議長（山本直樹君）,議長,議長,山本直樹,黒　　島　　　　　啓　君　　　　五所野尾　　恭　　一　君,null,null,null
352,香川県,平成23年５月,1,23,5,2,臨時,平成23年５月臨時会（第１日）,議長（山本直樹君）,議長,議長,山本直樹,山　　田　　正　　芳　君,null,null,null
353,香川県,平成23年５月,1,23,5,2,臨時,平成23年５月臨時会（第１日）,議長（山本直樹君）,議長,議長,山本直樹,欠　　席　　議　　員,null,null,null
354,香川県,平成23年５月,1,23,5,2,臨時,平成23年５月臨時会（第１日）,議長（山本直樹君）,議長,議長,山本直樹,な　　　　　　　　し,null,null,null
355,香川県,平成23年５月,1,23,5,2,臨時,平成23年５月臨時会（第１日）,議長（山本直樹君）,議長,議長,山本直樹,─────────────────────────────,null,null,null
356,香川県,平成23年５月,1,23,5,2,臨時,平成23年５月臨時会（第１日）,議長（山本直樹君）,議長,議長,山本直樹,地方自治法第百二十一条による出席者,null,null,null
357,香川県,平成23年５月,1,23,5,2,臨時,平成23年５月臨時会（第１日）,議長（山本直樹君）,議長,議長,山本直樹,知　　　　　事　　浜　　田　　恵　　造　君,null,null,null
358,香川県,平成23年５月,1,23,5,2,臨時,平成23年５月臨時会（第１日）,議長（山本直樹君）,議長,議長,山本直樹,副　　知　　事　　天　　雲　　俊　　夫　君,null,null,null
359,香川県,平成23年５月,1,23,5,2,臨時,平成23年５月臨時会（第１日）,議長（山本直樹君）,議長,議長,山本直樹,病院事業管理者　　小　　出　　典　　男　君,null,null,null
360,香川県,平成23年５月,1,23,5,2,臨時,平成23年５月臨時会（第１日）,議長（山本直樹君）,議長,議長,山本直樹,政　策　部　長　　西　　原　　義　　一　君,null,null,null
361,香川県,平成23年５月,1,23,5,2,臨時,平成23年５月臨時会（第１日）,議長（山本直樹君）,議長,議長,山本直樹,総　務　部　長　　伊　　藤　　　　　敬　君,null,null,null
362,香川県,平成23年５月,1,23,5,2,臨時,平成23年５月臨時会（第１日）,議長（山本直樹君）,議長,議長,山本直樹,環境森林部長　　　井　　上　　貴　　義　君,null,null,null
363,香川県,平成23年５月,1,23,5,2,臨時,平成23年５月臨時会（第１日）,議長（山本直樹君）,議長,議長,山本直樹,健康福祉部長　　　川　　部　　英　　則　君,null,null,null
364,香川県,平成23年５月,1,23,5,2,臨時,平成23年５月臨時会（第１日）,議長（山本直樹君）,議長,議長,山本直樹,商工労働部長　　　高　　畠　　正　　博　君,null,null,null
365,香川県,平成23年５月,1,23,5,2,臨時,平成23年５月臨時会（第１日）,議長（山本直樹君）,議長,議長,山本直樹,農政水産部長　　　川　　池　　秀　　文　君,null,null,null
366,香川県,平成23年５月,1,23,5,2,臨時,平成23年５月臨時会（第１日）,議長（山本直樹君）,議長,議長,山本直樹,土　木　部　長　　高　　口　　秀　　和　君,null,null,null
367,香川県,平成23年５月,1,23,5,2,臨時,平成23年５月臨時会（第１日）,議長（山本直樹君）,議長,議長,山本直樹,知事公室長　　　　榎　　本　　典　　昭　君,null,null,null
368,香川県,平成23年５月,1,23,5,2,臨時,平成23年５月臨時会（第１日）,議長（山本直樹君）,議長,議長,山本直樹,防　災　局　長　　丹　　　　　睦　　宏　君,null,null,null
369,香川県,平成23年５月,1,23,5,2,臨時,平成23年５月臨時会（第１日）,議長（山本直樹君）,議長,議長,山本直樹,観光交流局長　　　工　　代　　祐　　司　君,null,null,null
370,香川県,平成23年５月,1,23,5,2,臨時,平成23年５月臨時会（第１日）,議長（山本直樹君）,議長,議長,山本直樹,水　道　局　長　　岡　　　　　輝　　人　君,null,null,null
371,香川県,平成23年５月,1,23,5,2,臨時,平成23年５月臨時会（第１日）,議長（山本直樹君）,議長,議長,山本直樹,会計管理者　　　　西　　村　　隆　　史　君,null,null,null
372,香川県,平成23年５月,1,23,5,2,臨時,平成23年５月臨時会（第１日）,議長（山本直樹君）,議長,議長,山本直樹,病　院　局　長　　大　　津　　佳　　裕　君,null,null,null
373,香川県,平成23年５月,1,23,5,2,臨時,平成23年５月臨時会（第１日）,議長（山本直樹君）,議長,議長,山本直樹,教育委員会　　　　藤　　村　　育　　雄　君,null,null,null
374,香川県,平成23年５月,1,23,5,2,臨時,平成23年５月臨時会（第１日）,議長（山本直樹君）,議長,議長,山本直樹,委　　員　　長,null,null,null
375,香川県,平成23年５月,1,23,5,2,臨時,平成23年５月臨時会（第１日）,議長（山本直樹君）,議長,議長,山本直樹,教　　育　　長　　細　　松　　英　　正　君,null,null,null
376,香川県,平成23年５月,1,23,5,2,臨時,平成23年５月臨時会（第１日）,議長（山本直樹君）,議長,議長,山本直樹,公安委員会　　　　田　　岡　　敬　　造　君,null,null,null
377,香川県,平成23年５月,1,23,5,2,臨時,平成23年５月臨時会（第１日）,議長（山本直樹君）,議長,議長,山本直樹,委　　員　　長,null,null,null
378,香川県,平成23年５月,1,23,5,2,臨時,平成23年５月臨時会（第１日）,議長（山本直樹君）,議長,議長,山本直樹,警察本部長　　　　小　　島　　隆　　雄　君,null,null,null
379,香川県,平成23年５月,1,23,5,2,臨時,平成23年５月臨時会（第１日）,議長（山本直樹君）,議長,議長,山本直樹,代表監査委員　　　仲　　山　　省　　三　君,null,null,null
380,香川県,平成23年５月,1,23,5,2,臨時,平成23年５月臨時会（第１日）,議長（山本直樹君）,議長,議長,山本直樹,監　査　委　員　　高　　徳　　敏　　弘　君,null,null,null
381,香川県,平成23年５月,1,23,5,2,臨時,平成23年５月臨時会（第１日）,議長（山本直樹君）,議長,議長,山本直樹,事　務　局　長,null,null,null
382,香川県,平成23年５月,1,23,5,2,臨時,平成23年５月臨時会（第１日）,議長（山本直樹君）,議長,議長,山本直樹,人事委員会　　　　桑　　城　　秀　　樹　君,null,null,null
383,香川県,平成23年５月,1,23,5,2,臨時,平成23年５月臨時会（第１日）,議長（山本直樹君）,議長,議長,山本直樹,委　　員　　長,null,null,null
384,香川県,平成23年５月,1,23,5,2,臨時,平成23年５月臨時会（第１日）,議長（山本直樹君）,議長,議長,山本直樹,人事委員会　　　　山　　田　　哲　　也　君,null,null,null
385,香川県,平成23年５月,1,23,5,2,臨時,平成23年５月臨時会（第１日）,議長（山本直樹君）,議長,議長,山本直樹,事　務　局　長,null,null,null
386,香川県,平成23年５月,1,23,5,2,臨時,平成23年５月臨時会（第１日）,議長（山本直樹君）,議長,議長,山本直樹,労働委員会　　　　村　　上　　直　　実　君,null,null,null
387,香川県,平成23年５月,1,23,5,2,臨時,平成23年５月臨時会（第１日）,議長（山本直樹君）,議長,議長,山本直樹,事　務　局　長,null,null,null
388,香川県,平成23年５月,1,23,5,2,臨時,平成23年５月臨時会（第１日）,議長（山本直樹君）,議長,議長,山本直樹,政策部次長　　　　荒　　井　　陽　　一　君,null,null,null
389,香川県,平成23年５月,1,23,5,2,臨時,平成23年５月臨時会（第１日）,議長（山本直樹君）,議長,議長,山本直樹,─────────────────────────────,null,null,null
390,香川県,平成23年５月,1,23,5,2,臨時,平成23年５月臨時会（第１日）,議長（山本直樹君）,議長,議長,山本直樹,再開いたします。,null,null,null
391,香川県,平成23年５月,1,23,5,2,臨時,平成23年５月臨時会（第１日）,議長（山本直樹君）,議長,議長,山本直樹,日程第七、議会運営委員会委員及び同正副委員長選任の件を議題といたします。,null,null,null
392,香川県,平成23年５月,1,23,5,2,臨時,平成23年５月臨時会（第１日）,議長（山本直樹君）,議長,議長,山本直樹,まず、委員の選任を行います。,null,null,null
393,香川県,平成23年５月,1,23,5,2,臨時,平成23年５月臨時会（第１日）,議長（山本直樹君）,議長,議長,山本直樹,職員に指名案を配布させます。,null,null,null
394,香川県,平成23年５月,1,23,5,2,臨時,平成23年５月臨時会（第１日）,議長（山本直樹君）,議長,議長,山本直樹,（指名案配布）,null,null,null
395,香川県,平成23年５月,1,23,5,2,臨時,平成23年５月臨時会（第１日）,議長（山本直樹君）,議長,議長,山本直樹,議会運営委員会委員指名案,null,null,null
396,香川県,平成23年５月,1,23,5,2,臨時,平成23年５月臨時会（第１日）,議長（山本直樹君）,議長,議長,山本直樹,┏━━━━━━━━━━━━━━━━━━━━━━━━━━━━━━━┓,null,null,null
397,香川県,平成23年５月,1,23,5,2,臨時,平成23年５月臨時会（第１日）,議長（山本直樹君）,議長,議長,山本直樹,┃　　　　　　　委　　　　　　　　　　　　　　　員　　　　　　　┃,null,null,null
398,香川県,平成23年５月,1,23,5,2,臨時,平成23年５月臨時会（第１日）,議長（山本直樹君）,議長,議長,山本直樹,┠───────┬───────┬───────┬───────┨,null,null,null
399,香川県,平成23年５月,1,23,5,2,臨時,平成23年５月臨時会（第１日）,議長（山本直樹君）,議長,議長,山本直樹,┃花　崎　光　弘│高　城　宗　幸│五所野尾　恭一│辻　村　　　修┃,null,null,null
400,香川県,平成23年５月,1,23,5,2,臨時,平成23年５月臨時会（第１日）,議長（山本直樹君）,議長,議長,山本直樹,┠───────┼───────┼───────┼───────┨,null,null,null
401,香川県,平成23年５月,1,23,5,2,臨時,平成23年５月臨時会（第１日）,議長（山本直樹君）,議長,議長,山本直樹,┃水　本　勝　規│平　木　　　享│三　野　康　祐│　　　　　　　┃,null,null,null
402,香川県,平成23年５月,1,23,5,2,臨時,平成23年５月臨時会（第１日）,議長（山本直樹君）,議長,議長,山本直樹,┗━━━━━━━┷━━━━━━━┷━━━━━━━┷━━━━━━━┛,null,null,null
403,香川県,平成23年５月,1,23,5,2,臨時,平成23年５月臨時会（第１日）,議長（山本直樹君）,議長,議長,山本直樹,議会運営委員会正副委員長指名案,null,null,null
404,香川県,平成23年５月,1,23,5,2,臨時,平成23年５月臨時会（第１日）,議長（山本直樹君）,議長,議長,山本直樹,┏━━━━━━━━━━━━━━━┯━━━━━━━━━━━━━━━┓,null,null,null
405,香川県,平成23年５月,1,23,5,2,臨時,平成23年５月臨時会（第１日）,議長（山本直樹君）,議長,議長,山本直樹,┃　　　　委　　員　　長　　　　│　　　　副　委　員　長　　　　┃,null,null,null
406,香川県,平成23年５月,1,23,5,2,臨時,平成23年５月臨時会（第１日）,議長（山本直樹君）,議長,議長,山本直樹,┠───────────────┼───────────────┨,null,null,null
407,香川県,平成23年５月,1,23,5,2,臨時,平成23年５月臨時会（第１日）,議長（山本直樹君）,議長,議長,山本直樹,┃　　　　辻　村　　　修　　　　│　　　　平　木　　　享　　　　┃,null,null,null
408,香川県,平成23年５月,1,23,5,2,臨時,平成23年５月臨時会（第１日）,議長（山本直樹君）,議長,議長,山本直樹,┗━━━━━━━━━━━━━━━┷━━━━━━━━━━━━━━━┛,null,null,null
409,香川県,平成23年５月,1,23,5,2,臨時,平成23年５月臨時会（第１日）,議長（山本直樹君）,議長,議長,山本直樹,常任委員会委員指名案,null,null,null
410,香川県,平成23年５月,1,23,5,2,臨時,平成23年５月臨時会（第１日）,議長（山本直樹君）,議長,議長,山本直樹,┏━━━━━━━┯━━━━━━━━━━━━━━━━━━━━━━━━━━━━━━━┓,null,null,null
411,香川県,平成23年５月,1,23,5,2,臨時,平成23年５月臨時会（第１日）,議長（山本直樹君）,議長,議長,山本直樹,┃委　員　会　名│　　　　　　　　　委　　　　　　　　　　　員　　　　　　　　　┃,null,null,null
412,香川県,平成23年５月,1,23,5,2,臨時,平成23年５月臨時会（第１日）,議長（山本直樹君）,議長,議長,山本直樹,┠───────┼───────┬───────┬───────┬───────┨,null,null,null
413,香川県,平成23年５月,1,23,5,2,臨時,平成23年５月臨時会（第１日）,議長（山本直樹君）,議長,議長,山本直樹,┃　　　　　　　│山　下　昭　史│谷　久　浩　一│西　川　昭　吾│高　城　宗　幸┃,null,null,null
414,香川県,平成23年５月,1,23,5,2,臨時,平成23年５月臨時会（第１日）,議長（山本直樹君）,議長,議長,山本直樹,┃総務委員会　　├───────┼───────┼───────┼───────┨,null,null,null
415,香川県,平成23年５月,1,23,5,2,臨時,平成23年５月臨時会（第１日）,議長（山本直樹君）,議長,議長,山本直樹,┃　　　　　　　│宮　本　欣　貞│山　本　直　樹│綾　田　福　雄│森　　　裕　行┃,null,null,null
416,香川県,平成23年５月,1,23,5,2,臨時,平成23年５月臨時会（第１日）,議長（山本直樹君）,議長,議長,山本直樹,┃　　（十一名）├───────┼───────┼───────┼───────┨,null,null,null
417,香川県,平成23年５月,1,23,5,2,臨時,平成23年５月臨時会（第１日）,議長（山本直樹君）,議長,議長,山本直樹,┃　　　　　　　│梶　　　正　治│広　瀬　良　隆│山　本　悟　史│　　　　　　　┃,null,null,null
418,香川県,平成23年５月,1,23,5,2,臨時,平成23年５月臨時会（第１日）,議長（山本直樹君）,議長,議長,山本直樹,┠───────┼───────┼───────┼───────┼───────┨,null,null,null
419,香川県,平成23年５月,1,23,5,2,臨時,平成23年５月臨時会（第１日）,議長（山本直樹君）,議長,議長,山本直樹,┃　　　　　　　│松　本　公　継│松　原　哲　也│佐　伯　明　浩│斉　藤　勝　範┃,null,null,null
420,香川県,平成23年５月,1,23,5,2,臨時,平成23年５月臨時会（第１日）,議長（山本直樹君）,議長,議長,山本直樹,┃環境建設委員会├───────┼───────┼───────┼───────┨,null,null,null
421,香川県,平成23年５月,1,23,5,2,臨時,平成23年５月臨時会（第１日）,議長（山本直樹君）,議長,議長,山本直樹,┃　　　　　　　│山　田　正　芳│鎌　田　守　恭│尾　崎　道　広│三　野　康　祐┃,null,null,null
422,香川県,平成23年５月,1,23,5,2,臨時,平成23年５月臨時会（第１日）,議長（山本直樹君）,議長,議長,山本直樹,┃　　　（十名）├───────┼───────┼───────┼───────┨,null,null,null
423,香川県,平成23年５月,1,23,5,2,臨時,平成23年５月臨時会（第１日）,議長（山本直樹君）,議長,議長,山本直樹,┃　　　　　　　│樫　　　昭　二│石　川　　　豊│　　　　　　　│　　　　　　　┃,null,null,null
424,香川県,平成23年５月,1,23,5,2,臨時,平成23年５月臨時会（第１日）,議長（山本直樹君）,議長,議長,山本直樹,┠───────┼───────┼───────┼───────┼───────┨,null,null,null
425,香川県,平成23年５月,1,23,5,2,臨時,平成23年５月臨時会（第１日）,議長（山本直樹君）,議長,議長,山本直樹,┃　　　　　　　│氏　家　孝　志│有　福　哲　二│花　崎　光　弘│香　川　芳　文┃,null,null,null
426,香川県,平成23年５月,1,23,5,2,臨時,平成23年５月臨時会（第１日）,議長（山本直樹君）,議長,議長,山本直樹,┃文教厚生委員会├───────┼───────┼───────┼───────┨,null,null,null
427,香川県,平成23年５月,1,23,5,2,臨時,平成23年５月臨時会（第１日）,議長（山本直樹君）,議長,議長,山本直樹,┃　　　　　　　│黒　島　　　啓│平　木　　　享│白　井　昌　幸│砂　川　　　保┃,null,null,null
428,香川県,平成23年５月,1,23,5,2,臨時,平成23年５月臨時会（第１日）,議長（山本直樹君）,議長,議長,山本直樹,┃　　　（十名）├───────┼───────┼───────┼───────┨,null,null,null
429,香川県,平成23年５月,1,23,5,2,臨時,平成23年５月臨時会（第１日）,議長（山本直樹君）,議長,議長,山本直樹,┃　　　　　　　│白　川　容　子│村　上　　　豊│　　　　　　　│　　　　　　　┃,null,null,null
430,香川県,平成23年５月,1,23,5,2,臨時,平成23年５月臨時会（第１日）,議長（山本直樹君）,議長,議長,山本直樹,┠───────┼───────┼───────┼───────┼───────┨,null,null,null
431,香川県,平成23年５月,1,23,5,2,臨時,平成23年５月臨時会（第１日）,議長（山本直樹君）,議長,議長,山本直樹,┃　　　　　　　│新　田　耕　造│大　山　一　郎│十　河　　　直│五所野尾　恭一┃,null,null,null
432,香川県,平成23年５月,1,23,5,2,臨時,平成23年５月臨時会（第１日）,議長（山本直樹君）,議長,議長,山本直樹,┃経済委員会　　├───────┼───────┼───────┼───────┨,null,null,null
433,香川県,平成23年５月,1,23,5,2,臨時,平成23年５月臨時会（第１日）,議長（山本直樹君）,議長,議長,山本直樹,┃　　　　　　　│辻　村　　　修│水　本　勝　規│竹　本　敏　信│高　田　良　徳┃,null,null,null
434,香川県,平成23年５月,1,23,5,2,臨時,平成23年５月臨時会（第１日）,議長（山本直樹君）,議長,議長,山本直樹,┃　　　（十名）├───────┼───────┼───────┼───────┨,null,null,null
435,香川県,平成23年５月,1,23,5,2,臨時,平成23年５月臨時会（第１日）,議長（山本直樹君）,議長,議長,山本直樹,┃　　　　　　　│都　築　信　行│高　木　英　一│　　　　　　　│　　　　　　　┃,null,null,null
436,香川県,平成23年５月,1,23,5,2,臨時,平成23年５月臨時会（第１日）,議長（山本直樹君）,議長,議長,山本直樹,┗━━━━━━━┷━━━━━━━┷━━━━━━━┷━━━━━━━┷━━━━━━━┛,null,null,null
437,香川県,平成23年５月,1,23,5,2,臨時,平成23年５月臨時会（第１日）,議長（山本直樹君）,議長,議長,山本直樹,常任委員会正副委員長指名案,null,null,null
438,香川県,平成23年５月,1,23,5,2,臨時,平成23年５月臨時会（第１日）,議長（山本直樹君）,議長,議長,山本直樹,┏━━━━━━━━━┯━━━━━━━━━━━━━━┯━━━━━━━━━━━━━━┓,null,null,null
439,香川県,平成23年５月,1,23,5,2,臨時,平成23年５月臨時会（第１日）,議長（山本直樹君）,議長,議長,山本直樹,┃　委　員　会　名　│　　委　　　員　　　長　　　│　　副　　委　　員　　長　　┃,null,null,null
440,香川県,平成23年５月,1,23,5,2,臨時,平成23年５月臨時会（第１日）,議長（山本直樹君）,議長,議長,山本直樹,┠─────────┼──────────────┼──────────────┨,null,null,null
441,香川県,平成23年５月,1,23,5,2,臨時,平成23年５月臨時会（第１日）,議長（山本直樹君）,議長,議長,山本直樹,┃　総務委員会　　　│　　宮　　本　　欣　　貞　　│　　西　　川　　昭　　吾　　┃,null,null,null
442,香川県,平成23年５月,1,23,5,2,臨時,平成23年５月臨時会（第１日）,議長（山本直樹君）,議長,議長,山本直樹,┠─────────┼──────────────┼──────────────┨,null,null,null
443,香川県,平成23年５月,1,23,5,2,臨時,平成23年５月臨時会（第１日）,議長（山本直樹君）,議長,議長,山本直樹,┃　環境建設委員会　│　　山　　田　　正　　芳　　│　　佐　　伯　　明　　浩　　┃,null,null,null
444,香川県,平成23年５月,1,23,5,2,臨時,平成23年５月臨時会（第１日）,議長（山本直樹君）,議長,議長,山本直樹,┠─────────┼──────────────┼──────────────┨,null,null,null
445,香川県,平成23年５月,1,23,5,2,臨時,平成23年５月臨時会（第１日）,議長（山本直樹君）,議長,議長,山本直樹,┃　文教厚生委員会　│　　香　　川　　芳　　文　　│　　有　　福　　哲　　二　　┃,null,null,null
446,香川県,平成23年５月,1,23,5,2,臨時,平成23年５月臨時会（第１日）,議長（山本直樹君）,議長,議長,山本直樹,┠─────────┼──────────────┼──────────────┨,null,null,null
447,香川県,平成23年５月,1,23,5,2,臨時,平成23年５月臨時会（第１日）,議長（山本直樹君）,議長,議長,山本直樹,┃　経済委員会　　　│　　十　　河　　　　　直　　│　　新　　田　　耕　　造　　┃,null,null,null
448,香川県,平成23年５月,1,23,5,2,臨時,平成23年５月臨時会（第１日）,議長（山本直樹君）,議長,議長,山本直樹,┗━━━━━━━━━┷━━━━━━━━━━━━━━┷━━━━━━━━━━━━━━┛,null,null,null
449,香川県,平成23年５月,1,23,5,2,臨時,平成23年５月臨時会（第１日）,議長（山本直樹君）,議長,議長,山本直樹,─────────────────────────────,null,null,null
450,香川県,平成23年５月,1,23,5,2,臨時,平成23年５月臨時会（第１日）,議長（山本直樹君）,議長,議長,山本直樹,お諮りいたします。,null,null,null
451,香川県,平成23年５月,1,23,5,2,臨時,平成23年５月臨時会（第１日）,議長（山本直樹君）,議長,議長,山本直樹,委員の選任については、委員会条例第八条第一項の規定により、お手元に配布の指名案のとおり指名いたしたいと存じますが、御異議ありませんか。,null,null,null
452,香川県,平成23年５月,1,23,5,2,臨時,平成23年５月臨時会（第１日）,議長（山本直樹君）,議長,議長,山本直樹,（「異議なし」と呼ぶ者あり）,null,null,null
453,香川県,平成23年５月,1,23,5,2,臨時,平成23年５月臨時会（第１日）,議長（山本直樹君）,議長,議長,山本直樹,御異議なしと認め、指名案のとおり指名いたします。,null,null,null
454,香川県,平成23年５月,1,23,5,2,臨時,平成23年５月臨時会（第１日）,議長（山本直樹君）,議長,議長,山本直樹,─────────────────────────────,null,null,null
455,香川県,平成23年５月,1,23,5,2,臨時,平成23年５月臨時会（第１日）,議長（山本直樹君）,議長,議長,山本直樹,次に、正副委員長の選任を行います。,null,null,null
456,香川県,平成23年５月,1,23,5,2,臨時,平成23年５月臨時会（第１日）,議長（山本直樹君）,議長,議長,山本直樹,正副委員長の選任については、委員会条例第十条第二項の規定により、お手元に配布の指名案のとおり指名することに賛成の諸君の御起立を求めます。,null,null,null
457,香川県,平成23年５月,1,23,5,2,臨時,平成23年５月臨時会（第１日）,議長（山本直樹君）,議長,議長,山本直樹,（賛成者起立）,null,null,null
458,香川県,平成23年５月,1,23,5,2,臨時,平成23年５月臨時会（第１日）,議長（山本直樹君）,議長,議長,山本直樹,起立多数、よって指名案のとおり指名いたします。,null,null,null
459,香川県,平成23年５月,1,23,5,2,臨時,平成23年５月臨時会（第１日）,議長（山本直樹君）,議長,議長,山本直樹,─────────────────────────────,null,null,null
460,香川県,平成23年５月,1,23,5,2,臨時,平成23年５月臨時会（第１日）,議長（山本直樹君）,議長,議長,山本直樹,次に、日程第八、常任委員会委員及び同正副委員長選任の件を議題といたします。,null,null,null
461,香川県,平成23年５月,1,23,5,2,臨時,平成23年５月臨時会（第１日）,議長（山本直樹君）,議長,議長,山本直樹,まず、委員の選任を行います。,null,null,null
462,香川県,平成23年５月,1,23,5,2,臨時,平成23年５月臨時会（第１日）,議長（山本直樹君）,議長,議長,山本直樹,お諮りいたします。,null,null,null
463,香川県,平成23年５月,1,23,5,2,臨時,平成23年５月臨時会（第１日）,議長（山本直樹君）,議長,議長,山本直樹,委員の選任については、委員会条例第八条第一項の規定により、お手元に配布の指名案のとおり指名いたしたいと存じますが、御異議ありませんか。,null,null,null
464,香川県,平成23年５月,1,23,5,2,臨時,平成23年５月臨時会（第１日）,議長（山本直樹君）,議長,議長,山本直樹,（「異議なし」と呼ぶ者あり）,null,null,null
465,香川県,平成23年５月,1,23,5,2,臨時,平成23年５月臨時会（第１日）,議長（山本直樹君）,議長,議長,山本直樹,御異議なしと認め、指名案のとおり指名いたします。,null,null,null
466,香川県,平成23年５月,1,23,5,2,臨時,平成23年５月臨時会（第１日）,議長（山本直樹君）,議長,議長,山本直樹,─────────────────────────────,null,null,null
467,香川県,平成23年５月,1,23,5,2,臨時,平成23年５月臨時会（第１日）,議長（山本直樹君）,議長,議長,山本直樹,次に、正副委員長の選任を行います。,null,null,null
468,香川県,平成23年５月,1,23,5,2,臨時,平成23年５月臨時会（第１日）,議長（山本直樹君）,議長,議長,山本直樹,正副委員長の選任については、委員会条例第十条第二項の規定により、お手元に配布の指名案のとおり指名することに賛成の諸君の御起立を求めます。,null,null,null
469,香川県,平成23年５月,1,23,5,2,臨時,平成23年５月臨時会（第１日）,議長（山本直樹君）,議長,議長,山本直樹,（賛成者起立）,null,null,null
470,香川県,平成23年５月,1,23,5,2,臨時,平成23年５月臨時会（第１日）,議長（山本直樹君）,議長,議長,山本直樹,起立多数、よって指名案のとおり指名いたします。,null,null,null
471,香川県,平成23年５月,1,23,5,2,臨時,平成23年５月臨時会（第１日）,議長（山本直樹君）,議長,議長,山本直樹,─────────────────────────────,null,null,null
472,香川県,平成23年５月,1,23,5,2,臨時,平成23年５月臨時会（第１日）,議長（山本直樹君）,議長,議長,山本直樹,次に、日程第九、発議案第二号、行財政改革推進特別委員会設置に関する決議案から、日程第十一、発議案第四号、公共交通・地域再生特別委員会設置に関する決議案までの三発議案を一括議題といたします。,null,null,null
473,香川県,平成23年５月,1,23,5,2,臨時,平成23年５月臨時会（第１日）,議長（山本直樹君）,議長,議長,山本直樹,これらの三発議案は、いずれも議員尾崎道広君外九名の各派共同提出であります。,null,null,null
474,香川県,平成23年５月,1,23,5,2,臨時,平成23年５月臨時会（第１日）,議長（山本直樹君）,議長,議長,山本直樹,案文は、配布のとおりであります。,null,null,null
475,香川県,平成23年５月,1,23,5,2,臨時,平成23年５月臨時会（第１日）,議長（山本直樹君）,議長,議長,山本直樹,お諮りいたします。,null,null,null
476,香川県,平成23年５月,1,23,5,2,臨時,平成23年５月臨時会（第１日）,議長（山本直樹君）,議長,議長,山本直樹,これらの三発議案については、提出者の説明及び委員会付託を省略いたしたいと存じますが、御異議ありませんか。,null,null,null
477,香川県,平成23年５月,1,23,5,2,臨時,平成23年５月臨時会（第１日）,議長（山本直樹君）,議長,議長,山本直樹,（「異議なし」と呼ぶ者あり）,null,null,null
478,香川県,平成23年５月,1,23,5,2,臨時,平成23年５月臨時会（第１日）,議長（山本直樹君）,議長,議長,山本直樹,御異議なしと認め、さよう決します。,null,null,null
479,香川県,平成23年５月,1,23,5,2,臨時,平成23年５月臨時会（第１日）,議長（山本直樹君）,議長,議長,山本直樹,これらの三発議案については、討論の通告がありませんので、直ちに起立により採決いたします。,null,null,null
480,香川県,平成23年５月,1,23,5,2,臨時,平成23年５月臨時会（第１日）,議長（山本直樹君）,議長,議長,山本直樹,これらの三発議案を、いずれも原案のとおり可決することに賛成の諸君の御起立を求めます。,null,null,null
481,香川県,平成23年５月,1,23,5,2,臨時,平成23年５月臨時会（第１日）,議長（山本直樹君）,議長,議長,山本直樹,（賛成者起立）,null,null,null
482,香川県,平成23年５月,1,23,5,2,臨時,平成23年５月臨時会（第１日）,議長（山本直樹君）,議長,議長,山本直樹,起立全員、よってこれらの三発議案は、いずれも原案のとおり可決いたしました。,null,null,null
483,香川県,平成23年５月,1,23,5,2,臨時,平成23年５月臨時会（第１日）,議長（山本直樹君）,議長,議長,山本直樹,─────────────────────────────,null,null,null
484,香川県,平成23年５月,1,23,5,2,臨時,平成23年５月臨時会（第１日）,議長（山本直樹君）,議長,議長,山本直樹,ただいま三特別委員会設置決議案が可決されたことに伴い、特別委員会委員及び同正副委員長の選任が必要となりました。,null,null,null
485,香川県,平成23年５月,1,23,5,2,臨時,平成23年５月臨時会（第１日）,議長（山本直樹君）,議長,議長,山本直樹,お諮りいたします。,null,null,null
486,香川県,平成23年５月,1,23,5,2,臨時,平成23年５月臨時会（第１日）,議長（山本直樹君）,議長,議長,山本直樹,この際、特別委員会委員及び同正副委員長選任の件を日程に追加し、直ちに議題といたしたいと存じますが、御異議ありませんか。,null,null,null
487,香川県,平成23年５月,1,23,5,2,臨時,平成23年５月臨時会（第１日）,議長（山本直樹君）,議長,議長,山本直樹,（「異議なし」と呼ぶ者あり）,null,null,null
488,香川県,平成23年５月,1,23,5,2,臨時,平成23年５月臨時会（第１日）,議長（山本直樹君）,議長,議長,山本直樹,御異議なしと認め、特別委員会委員及び同正副委員長選任の件を日程に追加し、直ちに議題といたします。,null,null,null
489,香川県,平成23年５月,1,23,5,2,臨時,平成23年５月臨時会（第１日）,議長（山本直樹君）,議長,議長,山本直樹,まず、委員の選任を行います。,null,null,null
490,香川県,平成23年５月,1,23,5,2,臨時,平成23年５月臨時会（第１日）,議長（山本直樹君）,議長,議長,山本直樹,職員に指名案を配布させます。,null,null,null
491,香川県,平成23年５月,1,23,5,2,臨時,平成23年５月臨時会（第１日）,議長（山本直樹君）,議長,議長,山本直樹,（指名案配布）,null,null,null
492,香川県,平成23年５月,1,23,5,2,臨時,平成23年５月臨時会（第１日）,議長（山本直樹君）,議長,議長,山本直樹,特別委員会委員指名案,null,null,null
493,香川県,平成23年５月,1,23,5,2,臨時,平成23年５月臨時会（第１日）,議長（山本直樹君）,議長,議長,山本直樹,┏━━━━━━━┯━━━━━━━━━━━━━━━━━━━━━━━━━━━━━━━┓,null,null,null
494,香川県,平成23年５月,1,23,5,2,臨時,平成23年５月臨時会（第１日）,議長（山本直樹君）,議長,議長,山本直樹,┃委　員　会　名│　　　　　　　　　委　　　　　　　　　　　員　　　　　　　　　┃,null,null,null
495,香川県,平成23年５月,1,23,5,2,臨時,平成23年５月臨時会（第１日）,議長（山本直樹君）,議長,議長,山本直樹,┠───────┼───────┬───────┬───────┬───────┨,null,null,null
496,香川県,平成23年５月,1,23,5,2,臨時,平成23年５月臨時会（第１日）,議長（山本直樹君）,議長,議長,山本直樹,┃　　　　　　　│松　本　公　継│松　原　哲　也│西　川　昭　吾│斉　藤　勝　範┃,null,null,null
497,香川県,平成23年５月,1,23,5,2,臨時,平成23年５月臨時会（第１日）,議長（山本直樹君）,議長,議長,山本直樹,┃行財政改革　　├───────┼───────┼───────┼───────┨,null,null,null
498,香川県,平成23年５月,1,23,5,2,臨時,平成23年５月臨時会（第１日）,議長（山本直樹君）,議長,議長,山本直樹,┃推　　　進　　│五所野尾　恭一│辻　村　　　修│宮　本　欣　貞│山　本　直　樹┃,null,null,null
499,香川県,平成23年５月,1,23,5,2,臨時,平成23年５月臨時会（第１日）,議長（山本直樹君）,議長,議長,山本直樹,┃特別委員会　　├───────┼───────┼───────┼───────┨,null,null,null
500,香川県,平成23年５月,1,23,5,2,臨時,平成23年５月臨時会（第１日）,議長（山本直樹君）,議長,議長,山本直樹,┃　　　　　　　│白　井　昌　幸│高　田　良　徳│砂　川　　　保│広　瀬　良　隆┃,null,null,null
501,香川県,平成23年５月,1,23,5,2,臨時,平成23年５月臨時会（第１日）,議長（山本直樹君）,議長,議長,山本直樹,┃　　（十四名）├───────┼───────┼───────┼───────┨,null,null,null
502,香川県,平成23年５月,1,23,5,2,臨時,平成23年５月臨時会（第１日）,議長（山本直樹君）,議長,議長,山本直樹,┃　　　　　　　│村　上　　　豊│石　川　　　豊│　　　　　　　│　　　　　　　┃,null,null,null
503,香川県,平成23年５月,1,23,5,2,臨時,平成23年５月臨時会（第１日）,議長（山本直樹君）,議長,議長,山本直樹,┗━━━━━━━┷━━━━━━━┷━━━━━━━┷━━━━━━━┷━━━━━━━┛,null,null,null
504,香川県,平成23年５月,1,23,5,2,臨時,平成23年５月臨時会（第１日）,議長（山本直樹君）,議長,議長,山本直樹,┏━━━━━━━┯━━━━━━━┯━━━━━━━┯━━━━━━━┯━━━━━━━┓,null,null,null
505,香川県,平成23年５月,1,23,5,2,臨時,平成23年５月臨時会（第１日）,議長（山本直樹君）,議長,議長,山本直樹,┃　　　　　　　│氏　家　孝　志│谷　久　浩　一│佐　伯　明　浩│大　山　一　郎┃,null,null,null
506,香川県,平成23年５月,1,23,5,2,臨時,平成23年５月臨時会（第１日）,議長（山本直樹君）,議長,議長,山本直樹,┃総合防災対策　├───────┼───────┼───────┼───────┨,null,null,null
507,香川県,平成23年５月,1,23,5,2,臨時,平成23年５月臨時会（第１日）,議長（山本直樹君）,議長,議長,山本直樹,┃　　　　　　　│香　川　芳　文│十　河　　　直│水　本　勝　規│尾　崎　道　広┃,null,null,null
508,香川県,平成23年５月,1,23,5,2,臨時,平成23年５月臨時会（第１日）,議長（山本直樹君）,議長,議長,山本直樹,┃特別委員会　　├───────┼───────┼───────┼───────┨,null,null,null
509,香川県,平成23年５月,1,23,5,2,臨時,平成23年５月臨時会（第１日）,議長（山本直樹君）,議長,議長,山本直樹,┃　　　　　　　│綾　田　福　雄│竹　本　敏　信│梶　　　正　治│都　築　信　行┃,null,null,null
510,香川県,平成23年５月,1,23,5,2,臨時,平成23年５月臨時会（第１日）,議長（山本直樹君）,議長,議長,山本直樹,┃　　（十四名）├───────┼───────┼───────┼───────┨,null,null,null
511,香川県,平成23年５月,1,23,5,2,臨時,平成23年５月臨時会（第１日）,議長（山本直樹君）,議長,議長,山本直樹,┃　　　　　　　│樫　　　昭　二│山　本　悟　史│　　　　　　　│　　　　　　　┃,null,null,null
512,香川県,平成23年５月,1,23,5,2,臨時,平成23年５月臨時会（第１日）,議長（山本直樹君）,議長,議長,山本直樹,┠───────┼───────┼───────┼───────┼───────┨,null,null,null
513,香川県,平成23年５月,1,23,5,2,臨時,平成23年５月臨時会（第１日）,議長（山本直樹君）,議長,議長,山本直樹,┃　　　　　　　│山　下　昭　史│新　田　耕　造│有　福　哲　二│花　崎　光　弘┃,null,null,null
514,香川県,平成23年５月,1,23,5,2,臨時,平成23年５月臨時会（第１日）,議長（山本直樹君）,議長,議長,山本直樹,┃公共交通・　　├───────┼───────┼───────┼───────┨,null,null,null
515,香川県,平成23年５月,1,23,5,2,臨時,平成23年５月臨時会（第１日）,議長（山本直樹君）,議長,議長,山本直樹,┃地　域　再　生│高　城　宗　幸│山　田　正　芳│黒　島　　　啓│平　木　　　享┃,null,null,null
516,香川県,平成23年５月,1,23,5,2,臨時,平成23年５月臨時会（第１日）,議長（山本直樹君）,議長,議長,山本直樹,┃特別委員会　　├───────┼───────┼───────┼───────┨,null,null,null
517,香川県,平成23年５月,1,23,5,2,臨時,平成23年５月臨時会（第１日）,議長（山本直樹君）,議長,議長,山本直樹,┃　　　　　　　│鎌　田　守　恭│森　　　裕　行│三　野　康　祐│白　川　容　子┃,null,null,null
518,香川県,平成23年５月,1,23,5,2,臨時,平成23年５月臨時会（第１日）,議長（山本直樹君）,議長,議長,山本直樹,┃　　（十三名）├───────┼───────┼───────┼───────┨,null,null,null
519,香川県,平成23年５月,1,23,5,2,臨時,平成23年５月臨時会（第１日）,議長（山本直樹君）,議長,議長,山本直樹,┃　　　　　　　│高　木　英　一│　　　　　　　│　　　　　　　│　　　　　　　┃,null,null,null
520,香川県,平成23年５月,1,23,5,2,臨時,平成23年５月臨時会（第１日）,議長（山本直樹君）,議長,議長,山本直樹,┗━━━━━━━┷━━━━━━━┷━━━━━━━┷━━━━━━━┷━━━━━━━┛,null,null,null
521,香川県,平成23年５月,1,23,5,2,臨時,平成23年５月臨時会（第１日）,議長（山本直樹君）,議長,議長,山本直樹,特別委員会正副委員長指名案,null,null,null
522,香川県,平成23年５月,1,23,5,2,臨時,平成23年５月臨時会（第１日）,議長（山本直樹君）,議長,議長,山本直樹,┏━━━━━━━━━━━━━━━━━┯━━━━━━━━━━┯━━━━━━━━━━┓,null,null,null
523,香川県,平成23年５月,1,23,5,2,臨時,平成23年５月臨時会（第１日）,議長（山本直樹君）,議長,議長,山本直樹,┃　　　　　委　員　会　名　　　　　│　委　　員　　長　　│　副　委　員　長　　┃,null,null,null
524,香川県,平成23年５月,1,23,5,2,臨時,平成23年５月臨時会（第１日）,議長（山本直樹君）,議長,議長,山本直樹,┠─────────────────┼──────────┼──────────┨,null,null,null
525,香川県,平成23年５月,1,23,5,2,臨時,平成23年５月臨時会（第１日）,議長（山本直樹君）,議長,議長,山本直樹,┃行財政改革推進特別委員会　　　　　│　斉　藤　勝　範　　│　松　原　哲　也　　┃,null,null,null
526,香川県,平成23年５月,1,23,5,2,臨時,平成23年５月臨時会（第１日）,議長（山本直樹君）,議長,議長,山本直樹,┠─────────────────┼──────────┼──────────┨,null,null,null
527,香川県,平成23年５月,1,23,5,2,臨時,平成23年５月臨時会（第１日）,議長（山本直樹君）,議長,議長,山本直樹,┃総合防災対策特別委員会　　　　　　│　大　山　一　郎　　│　谷　久　浩　一　　┃,null,null,null
528,香川県,平成23年５月,1,23,5,2,臨時,平成23年５月臨時会（第１日）,議長（山本直樹君）,議長,議長,山本直樹,┠─────────────────┼──────────┼──────────┨,null,null,null
529,香川県,平成23年５月,1,23,5,2,臨時,平成23年５月臨時会（第１日）,議長（山本直樹君）,議長,議長,山本直樹,┃公共交通・地域再生特別委員会　　　│　三　野　康　祐　　│　高　城　宗　幸　　┃,null,null,null
530,香川県,平成23年５月,1,23,5,2,臨時,平成23年５月臨時会（第１日）,議長（山本直樹君）,議長,議長,山本直樹,┗━━━━━━━━━━━━━━━━━┷━━━━━━━━━━┷━━━━━━━━━━┛,null,null,null
531,香川県,平成23年５月,1,23,5,2,臨時,平成23年５月臨時会（第１日）,議長（山本直樹君）,議長,議長,山本直樹,─────────────────────────────,null,null,null
532,香川県,平成23年５月,1,23,5,2,臨時,平成23年５月臨時会（第１日）,議長（山本直樹君）,議長,議長,山本直樹,お諮りいたします。,null,null,null
533,香川県,平成23年５月,1,23,5,2,臨時,平成23年５月臨時会（第１日）,議長（山本直樹君）,議長,議長,山本直樹,委員の選任については、委員会条例第八条第一項の規定により、お手元に配布の指名案のとおり指名いたしたいと存じますが、御異議ありませんか。,null,null,null
534,香川県,平成23年５月,1,23,5,2,臨時,平成23年５月臨時会（第１日）,議長（山本直樹君）,議長,議長,山本直樹,（「異議なし」と呼ぶ者あり）,null,null,null
535,香川県,平成23年５月,1,23,5,2,臨時,平成23年５月臨時会（第１日）,議長（山本直樹君）,議長,議長,山本直樹,御異議なしと認め、指名案のとおり指名いたします。,null,null,null
536,香川県,平成23年５月,1,23,5,2,臨時,平成23年５月臨時会（第１日）,議長（山本直樹君）,議長,議長,山本直樹,─────────────────────────────,null,null,null
537,香川県,平成23年５月,1,23,5,2,臨時,平成23年５月臨時会（第１日）,議長（山本直樹君）,議長,議長,山本直樹,次に、正副委員長の選任を行います。,null,null,null
538,香川県,平成23年５月,1,23,5,2,臨時,平成23年５月臨時会（第１日）,議長（山本直樹君）,議長,議長,山本直樹,正副委員長の選任については、委員会条例第十条第二項の規定により、お手元に配布の指名案のとおり指名することに賛成の諸君の御起立を求めます。,null,null,null
539,香川県,平成23年５月,1,23,5,2,臨時,平成23年５月臨時会（第１日）,議長（山本直樹君）,議長,議長,山本直樹,（賛成者起立）,null,null,null
540,香川県,平成23年５月,1,23,5,2,臨時,平成23年５月臨時会（第１日）,議長（山本直樹君）,議長,議長,山本直樹,起立多数、よって指名案のとおり指名いたします。,null,null,null
541,香川県,平成23年５月,1,23,5,2,臨時,平成23年５月臨時会（第１日）,議長（山本直樹君）,議長,議長,山本直樹,暫時休憩いたします。,null,null,null
542,香川県,平成23年５月,1,23,5,2,臨時,平成23年５月臨時会（第１日）,議長（山本直樹君）,議長,議長,山本直樹,午前十一時五十九分休憩,null,null,null
543,香川県,平成23年５月,1,23,5,2,臨時,平成23年５月臨時会（第１日）,議長（山本直樹君）,議長,議長,山本直樹,午後　一時二十八分開議,null,null,null
544,香川県,平成23年５月,1,23,5,2,臨時,平成23年５月臨時会（第１日）,議長（山本直樹君）,議長,議長,山本直樹,─────────────────────────────,null,null,null
545,香川県,平成23年５月,1,23,5,2,臨時,平成23年５月臨時会（第１日）,議長（山本直樹君）,議長,議長,山本直樹,出　　席　　議　　員,null,null,null
546,香川県,平成23年５月,1,23,5,2,臨時,平成23年５月臨時会（第１日）,議長（山本直樹君）,議長,議長,山本直樹,山　　本　　直　　樹　君　　　　水　　本　　勝　　規　君,null,null,null
547,香川県,平成23年５月,1,23,5,2,臨時,平成23年５月臨時会（第１日）,議長（山本直樹君）,議長,議長,山本直樹,氏　　家　　孝　　志　君　　　　山　　下　　昭　　史　君,null,null,null
548,香川県,平成23年５月,1,23,5,2,臨時,平成23年５月臨時会（第１日）,議長（山本直樹君）,議長,議長,山本直樹,松　　本　　公　　継　君　　　　高　　木　　英　　一　君,null,null,null
549,香川県,平成23年５月,1,23,5,2,臨時,平成23年５月臨時会（第１日）,議長（山本直樹君）,議長,議長,山本直樹,広　　瀬　　良　　隆　君　　　　白　　川　　容　　子　君,null,null,null
550,香川県,平成23年５月,1,23,5,2,臨時,平成23年５月臨時会（第１日）,議長（山本直樹君）,議長,議長,山本直樹,山　　本　　悟　　史　君　　　　三　　野　　康　　祐　君,null,null,null
551,香川県,平成23年５月,1,23,5,2,臨時,平成23年５月臨時会（第１日）,議長（山本直樹君）,議長,議長,山本直樹,森　　　　　裕　　行　君　　　　新　　田　　耕　　造　君,null,null,null
552,香川県,平成23年５月,1,23,5,2,臨時,平成23年５月臨時会（第１日）,議長（山本直樹君）,議長,議長,山本直樹,佐　　伯　　明　　浩　君　　　　谷　　久　　浩　　一　君,null,null,null
553,香川県,平成23年５月,1,23,5,2,臨時,平成23年５月臨時会（第１日）,議長（山本直樹君）,議長,議長,山本直樹,松　　原　　哲　　也　君　　　　石　　川　　　　　豊　君,null,null,null
554,香川県,平成23年５月,1,23,5,2,臨時,平成23年５月臨時会（第１日）,議長（山本直樹君）,議長,議長,山本直樹,都　　築　　信　　行　君　　　　樫　　　　　昭　　二　君,null,null,null
555,香川県,平成23年５月,1,23,5,2,臨時,平成23年５月臨時会（第１日）,議長（山本直樹君）,議長,議長,山本直樹,村　　上　　　　　豊　君　　　　高　　田　　良　　徳　君,null,null,null
556,香川県,平成23年５月,1,23,5,2,臨時,平成23年５月臨時会（第１日）,議長（山本直樹君）,議長,議長,山本直樹,竹　　本　　敏　　信　君　　　　十　　河　　　　　直　君,null,null,null
557,香川県,平成23年５月,1,23,5,2,臨時,平成23年５月臨時会（第１日）,議長（山本直樹君）,議長,議長,山本直樹,香　　川　　芳　　文　君　　　　高　　城　　宗　　幸　君,null,null,null
558,香川県,平成23年５月,1,23,5,2,臨時,平成23年５月臨時会（第１日）,議長（山本直樹君）,議長,議長,山本直樹,花　　崎　　光　　弘　君　　　　斉　　藤　　勝　　範　君,null,null,null
559,香川県,平成23年５月,1,23,5,2,臨時,平成23年５月臨時会（第１日）,議長（山本直樹君）,議長,議長,山本直樹,西　　川　　昭　　吾　君　　　　大　　山　　一　　郎　君,null,null,null
560,香川県,平成23年５月,1,23,5,2,臨時,平成23年５月臨時会（第１日）,議長（山本直樹君）,議長,議長,山本直樹,有　　福　　哲　　二　君　　　　砂　　川　　　　　保　君,null,null,null
561,香川県,平成23年５月,1,23,5,2,臨時,平成23年５月臨時会（第１日）,議長（山本直樹君）,議長,議長,山本直樹,梶　　　　　正　　治　君　　　　綾　　田　　福　　雄　君,null,null,null
562,香川県,平成23年５月,1,23,5,2,臨時,平成23年５月臨時会（第１日）,議長（山本直樹君）,議長,議長,山本直樹,白　　井　　昌　　幸　君　　　　尾　　崎　　道　　広　君,null,null,null
563,香川県,平成23年５月,1,23,5,2,臨時,平成23年５月臨時会（第１日）,議長（山本直樹君）,議長,議長,山本直樹,鎌　　田　　守　　恭　君　　　　平　　木　　　　　享　君,null,null,null
564,香川県,平成23年５月,1,23,5,2,臨時,平成23年５月臨時会（第１日）,議長（山本直樹君）,議長,議長,山本直樹,宮　　本　　欣　　貞　君　　　　辻　　村　　　　　修　君,null,null,null
565,香川県,平成23年５月,1,23,5,2,臨時,平成23年５月臨時会（第１日）,議長（山本直樹君）,議長,議長,山本直樹,黒　　島　　　　　啓　君　　　　五所野尾　　恭　　一　君,null,null,null
566,香川県,平成23年５月,1,23,5,2,臨時,平成23年５月臨時会（第１日）,議長（山本直樹君）,議長,議長,山本直樹,山　　田　　正　　芳　君,null,null,null
567,香川県,平成23年５月,1,23,5,2,臨時,平成23年５月臨時会（第１日）,議長（山本直樹君）,議長,議長,山本直樹,欠　　席　　議　　員,null,null,null
568,香川県,平成23年５月,1,23,5,2,臨時,平成23年５月臨時会（第１日）,議長（山本直樹君）,議長,議長,山本直樹,な　　　　　　　　し,null,null,null
569,香川県,平成23年５月,1,23,5,2,臨時,平成23年５月臨時会（第１日）,議長（山本直樹君）,議長,議長,山本直樹,─────────────────────────────,null,null,null
570,香川県,平成23年５月,1,23,5,2,臨時,平成23年５月臨時会（第１日）,議長（山本直樹君）,議長,議長,山本直樹,地方自治法第百二十一条による出席者,null,null,null
571,香川県,平成23年５月,1,23,5,2,臨時,平成23年５月臨時会（第１日）,議長（山本直樹君）,議長,議長,山本直樹,知　　　　　事　　浜　　田　　恵　　造　君,null,null,null
572,香川県,平成23年５月,1,23,5,2,臨時,平成23年５月臨時会（第１日）,議長（山本直樹君）,議長,議長,山本直樹,副　　知　　事　　天　　雲　　俊　　夫　君,null,null,null
573,香川県,平成23年５月,1,23,5,2,臨時,平成23年５月臨時会（第１日）,議長（山本直樹君）,議長,議長,山本直樹,病院事業管理者　　小　　出　　典　　男　君,null,null,null
574,香川県,平成23年５月,1,23,5,2,臨時,平成23年５月臨時会（第１日）,議長（山本直樹君）,議長,議長,山本直樹,政　策　部　長　　西　　原　　義　　一　君,null,null,null
575,香川県,平成23年５月,1,23,5,2,臨時,平成23年５月臨時会（第１日）,議長（山本直樹君）,議長,議長,山本直樹,総　務　部　長　　伊　　藤　　　　　敬　君,null,null,null
576,香川県,平成23年５月,1,23,5,2,臨時,平成23年５月臨時会（第１日）,議長（山本直樹君）,議長,議長,山本直樹,環境森林部長　　　井　　上　　貴　　義　君,null,null,null
577,香川県,平成23年５月,1,23,5,2,臨時,平成23年５月臨時会（第１日）,議長（山本直樹君）,議長,議長,山本直樹,健康福祉部長　　　川　　部　　英　　則　君,null,null,null
578,香川県,平成23年５月,1,23,5,2,臨時,平成23年５月臨時会（第１日）,議長（山本直樹君）,議長,議長,山本直樹,商工労働部長　　　高　　畠　　正　　博　君,null,null,null
579,香川県,平成23年５月,1,23,5,2,臨時,平成23年５月臨時会（第１日）,議長（山本直樹君）,議長,議長,山本直樹,農政水産部長　　　川　　池　　秀　　文　君,null,null,null
580,香川県,平成23年５月,1,23,5,2,臨時,平成23年５月臨時会（第１日）,議長（山本直樹君）,議長,議長,山本直樹,土　木　部　長　　高　　口　　秀　　和　君,null,null,null
581,香川県,平成23年５月,1,23,5,2,臨時,平成23年５月臨時会（第１日）,議長（山本直樹君）,議長,議長,山本直樹,知事公室長　　　　榎　　本　　典　　昭　君,null,null,null
582,香川県,平成23年５月,1,23,5,2,臨時,平成23年５月臨時会（第１日）,議長（山本直樹君）,議長,議長,山本直樹,防　災　局　長　　丹　　　　　睦　　宏　君,null,null,null
583,香川県,平成23年５月,1,23,5,2,臨時,平成23年５月臨時会（第１日）,議長（山本直樹君）,議長,議長,山本直樹,観光交流局長　　　工　　代　　祐　　司　君,null,null,null
584,香川県,平成23年５月,1,23,5,2,臨時,平成23年５月臨時会（第１日）,議長（山本直樹君）,議長,議長,山本直樹,水　道　局　長　　岡　　　　　輝　　人　君,null,null,null
585,香川県,平成23年５月,1,23,5,2,臨時,平成23年５月臨時会（第１日）,議長（山本直樹君）,議長,議長,山本直樹,会計管理者　　　　西　　村　　隆　　史　君,null,null,null
586,香川県,平成23年５月,1,23,5,2,臨時,平成23年５月臨時会（第１日）,議長（山本直樹君）,議長,議長,山本直樹,病　院　局　長　　大　　津　　佳　　裕　君,null,null,null
587,香川県,平成23年５月,1,23,5,2,臨時,平成23年５月臨時会（第１日）,議長（山本直樹君）,議長,議長,山本直樹,教育委員会　　　　藤　　村　　育　　雄　君,null,null,null
588,香川県,平成23年５月,1,23,5,2,臨時,平成23年５月臨時会（第１日）,議長（山本直樹君）,議長,議長,山本直樹,委　　員　　長,null,null,null
589,香川県,平成23年５月,1,23,5,2,臨時,平成23年５月臨時会（第１日）,議長（山本直樹君）,議長,議長,山本直樹,教　　育　　長　　細　　松　　英　　正　君,null,null,null
590,香川県,平成23年５月,1,23,5,2,臨時,平成23年５月臨時会（第１日）,議長（山本直樹君）,議長,議長,山本直樹,公安委員会　　　　田　　岡　　敬　　造　君,null,null,null
591,香川県,平成23年５月,1,23,5,2,臨時,平成23年５月臨時会（第１日）,議長（山本直樹君）,議長,議長,山本直樹,委　　員　　長,null,null,null
592,香川県,平成23年５月,1,23,5,2,臨時,平成23年５月臨時会（第１日）,議長（山本直樹君）,議長,議長,山本直樹,警察本部長　　　　小　　島　　隆　　雄　君,null,null,null
593,香川県,平成23年５月,1,23,5,2,臨時,平成23年５月臨時会（第１日）,議長（山本直樹君）,議長,議長,山本直樹,代表監査委員　　　仲　　山　　省　　三　君,null,null,null
594,香川県,平成23年５月,1,23,5,2,臨時,平成23年５月臨時会（第１日）,議長（山本直樹君）,議長,議長,山本直樹,監　査　委　員　　高　　徳　　敏　　弘　君,null,null,null
595,香川県,平成23年５月,1,23,5,2,臨時,平成23年５月臨時会（第１日）,議長（山本直樹君）,議長,議長,山本直樹,事　務　局　長,null,null,null
596,香川県,平成23年５月,1,23,5,2,臨時,平成23年５月臨時会（第１日）,議長（山本直樹君）,議長,議長,山本直樹,人事委員会　　　　桑　　城　　秀　　樹　君,null,null,null
597,香川県,平成23年５月,1,23,5,2,臨時,平成23年５月臨時会（第１日）,議長（山本直樹君）,議長,議長,山本直樹,委　　員　　長,null,null,null
598,香川県,平成23年５月,1,23,5,2,臨時,平成23年５月臨時会（第１日）,議長（山本直樹君）,議長,議長,山本直樹,人事委員会　　　　山　　田　　哲　　也　君,null,null,null
599,香川県,平成23年５月,1,23,5,2,臨時,平成23年５月臨時会（第１日）,議長（山本直樹君）,議長,議長,山本直樹,事　務　局　長,null,null,null
600,香川県,平成23年５月,1,23,5,2,臨時,平成23年５月臨時会（第１日）,議長（山本直樹君）,議長,議長,山本直樹,労働委員会　　　　村　　上　　直　　実　君,null,null,null
601,香川県,平成23年５月,1,23,5,2,臨時,平成23年５月臨時会（第１日）,議長（山本直樹君）,議長,議長,山本直樹,事　務　局　長,null,null,null
602,香川県,平成23年５月,1,23,5,2,臨時,平成23年５月臨時会（第１日）,議長（山本直樹君）,議長,議長,山本直樹,政策部次長　　　　荒　　井　　陽　　一　君,null,null,null
603,香川県,平成23年５月,1,23,5,2,臨時,平成23年５月臨時会（第１日）,議長（山本直樹君）,議長,議長,山本直樹,─────────────────────────────,null,null,null
604,香川県,平成23年５月,1,23,5,2,臨時,平成23年５月臨時会（第１日）,議長（山本直樹君）,議長,議長,山本直樹,再開いたします。,null,null,null
605,香川県,平成23年５月,1,23,5,2,臨時,平成23年５月臨時会（第１日）,議長（山本直樹君）,議長,議長,山本直樹,この際、諸般の報告をいたします。,null,null,null
606,香川県,平成23年５月,1,23,5,2,臨時,平成23年５月臨時会（第１日）,議長（山本直樹君）,議長,議長,山本直樹,職員に朗読させます。,null,null,null
607,香川県,平成23年５月,1,23,5,2,臨時,平成23年５月臨時会（第１日）,議長（山本直樹君）,議長,議長,山本直樹,（職員朗読）,null,null,null
608,香川県,平成23年５月,1,23,5,2,臨時,平成23年５月臨時会（第１日）,議長（山本直樹君）,議長,議長,山本直樹,諸般の報告,null,null,null
609,香川県,平成23年５月,1,23,5,2,臨時,平成23年５月臨時会（第１日）,議長（山本直樹君）,議長,議長,山本直樹,一、知事から、地方自治法第百四十九条の規定に基づく議案二件を受理いたし,null,null,null
610,香川県,平成23年５月,1,23,5,2,臨時,平成23年５月臨時会（第１日）,議長（山本直樹君）,議長,議長,山本直樹,ました。,null,null,null
611,香川県,平成23年５月,1,23,5,2,臨時,平成23年５月臨時会（第１日）,議長（山本直樹君）,議長,議長,山本直樹,一、各常任委員長及び議会運営委員長から、会議規則第九十三条の規定に基づ,null,null,null
612,香川県,平成23年５月,1,23,5,2,臨時,平成23年５月臨時会（第１日）,議長（山本直樹君）,議長,議長,山本直樹,く閉会中継続調査申出書を受理いたしました。,null,null,null
613,香川県,平成23年５月,1,23,5,2,臨時,平成23年５月臨時会（第１日）,議長（山本直樹君）,議長,議長,山本直樹,以上で諸般の報告を終わります。,null,null,null
614,香川県,平成23年５月,1,23,5,2,臨時,平成23年５月臨時会（第１日）,議長（山本直樹君）,議長,議長,山本直樹,─────────────────────────────,null,null,null
615,香川県,平成23年５月,1,23,5,2,臨時,平成23年５月臨時会（第１日）,議長（山本直樹君）,議長,議長,山本直樹,日程第十二、閉会中継続調査事件を議題といたします。,null,null,null
616,香川県,平成23年５月,1,23,5,2,臨時,平成23年５月臨時会（第１日）,議長（山本直樹君）,議長,議長,山本直樹,各常任委員長及び議会運営委員長から、会議規則第九十三条の規定により、お手元に配布の申出書のとおり、閉会中継続調査の申し出があります。,null,null,null
617,香川県,平成23年５月,1,23,5,2,臨時,平成23年５月臨時会（第１日）,議長（山本直樹君）,議長,議長,山本直樹,お諮りいたします。,null,null,null
618,香川県,平成23年５月,1,23,5,2,臨時,平成23年５月臨時会（第１日）,議長（山本直樹君）,議長,議長,山本直樹,この際、各委員長の報告は、これを省略することに御異議ありませんか。,null,null,null
619,香川県,平成23年５月,1,23,5,2,臨時,平成23年５月臨時会（第１日）,議長（山本直樹君）,議長,議長,山本直樹,（「異議なし」と呼ぶ者あり）,null,null,null
620,香川県,平成23年５月,1,23,5,2,臨時,平成23年５月臨時会（第１日）,議長（山本直樹君）,議長,議長,山本直樹,御異議なしと認め、さよう決します。,null,null,null
621,香川県,平成23年５月,1,23,5,2,臨時,平成23年５月臨時会（第１日）,議長（山本直樹君）,議長,議長,山本直樹,お諮りいたします。,null,null,null
622,香川県,平成23年５月,1,23,5,2,臨時,平成23年５月臨時会（第１日）,議長（山本直樹君）,議長,議長,山本直樹,各常任委員長及び議会運営委員長から申し出のとおり、閉会中継続調査に付したいと存じますが、御異議ありませんか。,null,null,null
623,香川県,平成23年５月,1,23,5,2,臨時,平成23年５月臨時会（第１日）,議長（山本直樹君）,議長,議長,山本直樹,（「異議なし」と呼ぶ者あり）,null,null,null
624,香川県,平成23年５月,1,23,5,2,臨時,平成23年５月臨時会（第１日）,議長（山本直樹君）,議長,議長,山本直樹,御異議なしと認め、さよう決します。,null,null,null
625,香川県,平成23年５月,1,23,5,2,臨時,平成23年５月臨時会（第１日）,議長（山本直樹君）,議長,議長,山本直樹,─────────────────────────────,null,null,null
626,香川県,平成23年５月,1,23,5,2,臨時,平成23年５月臨時会（第１日）,議長（山本直樹君）,議長,議長,山本直樹,お諮りいたします。,null,null,null
627,香川県,平成23年５月,1,23,5,2,臨時,平成23年５月臨時会（第１日）,議長（山本直樹君）,議長,議長,山本直樹,ただいま知事から、議案第一号、香川県監査委員の選任同意について及び議案第二号、香川県監査委員の選任同意についての二議案が提出されました。,null,null,null
628,香川県,平成23年５月,1,23,5,2,臨時,平成23年５月臨時会（第１日）,議長（山本直樹君）,議長,議長,山本直樹,この際、これらの二議案を日程に追加いたしたいと存じますが、御異議ありませんか。,null,null,null
629,香川県,平成23年５月,1,23,5,2,臨時,平成23年５月臨時会（第１日）,議長（山本直樹君）,議長,議長,山本直樹,（「異議なし」と呼ぶ者あり）,null,null,null
630,香川県,平成23年５月,1,23,5,2,臨時,平成23年５月臨時会（第１日）,議長（山本直樹君）,議長,議長,山本直樹,御異議なしと認め、議案第一号及び議案第二号の二議案を日程に追加することに決定いたしました。,null,null,null
631,香川県,平成23年５月,1,23,5,2,臨時,平成23年５月臨時会（第１日）,議長（山本直樹君）,議長,議長,山本直樹,議案第一号及び議案第二号の二議案を一括議題といたします。,null,null,null
632,香川県,平成23年５月,1,23,5,2,臨時,平成23年５月臨時会（第１日）,議長（山本直樹君）,議長,議長,山本直樹,知事の提案理由の説明を求めます。,null,null,null
633,香川県,平成23年５月,1,23,5,2,臨時,平成23年５月臨時会（第１日）,議長（山本直樹君）,議長,議長,山本直樹,浜田知事。,null,null,null
634,香川県,平成23年５月,1,23,5,2,臨時,平成23年５月臨時会（第１日）,議長（山本直樹君）,議長,議長,山本直樹,（知事浜田恵造君登壇）,null,null,null
635,香川県,平成23年５月,1,23,5,2,臨時,平成23年５月臨時会（第１日）,知事（浜田恵造君）,知事,知事,浜田恵造,ただいま上程された議案について、御説明いたします。,null,null,null
636,香川県,平成23年５月,1,23,5,2,臨時,平成23年５月臨時会（第１日）,知事（浜田恵造君）,知事,知事,浜田恵造,第一号議案及び第二号議案は、いずれも県議会議員のうちから選任された監査委員の任期満了に伴い、その後任者の選任について、議会の同意を得ようとするものであります。,null,null,null
637,香川県,平成23年５月,1,23,5,2,臨時,平成23年５月臨時会（第１日）,知事（浜田恵造君）,知事,知事,浜田恵造,議員の皆様方におかれましては、御審議の上、よろしく御議決賜りますようお願いいたします。,null,null,null
638,香川県,平成23年５月,1,23,5,2,臨時,平成23年５月臨時会（第１日）,知事（浜田恵造君）,知事,知事,浜田恵造,（降壇）,null,null,null
639,香川県,平成23年５月,1,23,5,2,臨時,平成23年５月臨時会（第１日）,議長（山本直樹君）,議長,議長,山本直樹,以上で提案理由の説明を終わります。,null,null,null
640,香川県,平成23年５月,1,23,5,2,臨時,平成23年５月臨時会（第１日）,議長（山本直樹君）,議長,議長,山本直樹,─────────────────────────────,null,null,null
641,香川県,平成23年５月,1,23,5,2,臨時,平成23年５月臨時会（第１日）,議長（山本直樹君）,議長,議長,山本直樹,お諮りいたします。,null,null,null
642,香川県,平成23年５月,1,23,5,2,臨時,平成23年５月臨時会（第１日）,議長（山本直樹君）,議長,議長,山本直樹,ただいま説明のありました二議案については、委員会付託を省略いたしたいと存じますが、御異議ありませんか。,null,null,null
643,香川県,平成23年５月,1,23,5,2,臨時,平成23年５月臨時会（第１日）,議長（山本直樹君）,議長,議長,山本直樹,（「異議なし」と呼ぶ者あり）,null,null,null
644,香川県,平成23年５月,1,23,5,2,臨時,平成23年５月臨時会（第１日）,議長（山本直樹君）,議長,議長,山本直樹,御異議なしと認め、委員会付託を省略いたします。,null,null,null
645,香川県,平成23年５月,1,23,5,2,臨時,平成23年５月臨時会（第１日）,議長（山本直樹君）,議長,議長,山本直樹,─────────────────────────────,null,null,null
646,香川県,平成23年５月,1,23,5,2,臨時,平成23年５月臨時会（第１日）,議長（山本直樹君）,議長,議長,山本直樹,これより議案の採決に入ります。,null,null,null
647,香川県,平成23年５月,1,23,5,2,臨時,平成23年５月臨時会（第１日）,議長（山本直樹君）,議長,議長,山本直樹,まず、議案第一号、香川県監査委員の選任同意についてを議題といたします。,null,null,null
648,香川県,平成23年５月,1,23,5,2,臨時,平成23年５月臨時会（第１日）,議長（山本直樹君）,議長,議長,山本直樹,地方自治法第百十七条の規定により、綾田福雄君を除斥いたします。,null,null,null
649,香川県,平成23年５月,1,23,5,2,臨時,平成23年５月臨時会（第１日）,議長（山本直樹君）,議長,議長,山本直樹,（綾田福雄君退場）,null,null,null
650,香川県,平成23年５月,1,23,5,2,臨時,平成23年５月臨時会（第１日）,議長（山本直樹君）,議長,議長,山本直樹,本案については、討論の通告がありませんので、直ちに起立により採決いたします。,null,null,null
651,香川県,平成23年５月,1,23,5,2,臨時,平成23年５月臨時会（第１日）,議長（山本直樹君）,議長,議長,山本直樹,議案第一号を、同意することに賛成の諸君の御起立を求めます。,null,null,null
652,香川県,平成23年５月,1,23,5,2,臨時,平成23年５月臨時会（第１日）,議長（山本直樹君）,議長,議長,山本直樹,（賛成者起立）,null,null,null
653,香川県,平成23年５月,1,23,5,2,臨時,平成23年５月臨時会（第１日）,議長（山本直樹君）,議長,議長,山本直樹,起立多数、よって本案は、同意することに決しました。,null,null,null
654,香川県,平成23年５月,1,23,5,2,臨時,平成23年５月臨時会（第１日）,議長（山本直樹君）,議長,議長,山本直樹,綾田福雄君の除斥を解きます。,null,null,null
655,香川県,平成23年５月,1,23,5,2,臨時,平成23年５月臨時会（第１日）,議長（山本直樹君）,議長,議長,山本直樹,（綾田福雄君入場）,null,null,null
656,香川県,平成23年５月,1,23,5,2,臨時,平成23年５月臨時会（第１日）,議長（山本直樹君）,議長,議長,山本直樹,─────────────────────────────,null,null,null
657,香川県,平成23年５月,1,23,5,2,臨時,平成23年５月臨時会（第１日）,議長（山本直樹君）,議長,議長,山本直樹,次に、議案第二号、香川県監査委員の選任同意についてを議題といたします。,null,null,null
658,香川県,平成23年５月,1,23,5,2,臨時,平成23年５月臨時会（第１日）,議長（山本直樹君）,議長,議長,山本直樹,地方自治法第百十七条の規定により、黒島　啓君を除斥いたします。,null,null,null
659,香川県,平成23年５月,1,23,5,2,臨時,平成23年５月臨時会（第１日）,議長（山本直樹君）,議長,議長,山本直樹,（黒島　啓君退場）,null,null,null
660,香川県,平成23年５月,1,23,5,2,臨時,平成23年５月臨時会（第１日）,議長（山本直樹君）,議長,議長,山本直樹,本案については、討論の通告がありませんので、直ちに起立により採決いたします。,null,null,null
661,香川県,平成23年５月,1,23,5,2,臨時,平成23年５月臨時会（第１日）,議長（山本直樹君）,議長,議長,山本直樹,議案第二号を、同意することに賛成の諸君の御起立を求めます。,null,null,null
662,香川県,平成23年５月,1,23,5,2,臨時,平成23年５月臨時会（第１日）,議長（山本直樹君）,議長,議長,山本直樹,（賛成者起立）,null,null,null
663,香川県,平成23年５月,1,23,5,2,臨時,平成23年５月臨時会（第１日）,議長（山本直樹君）,議長,議長,山本直樹,起立多数、よって本案は、同意することに決しました。,null,null,null
664,香川県,平成23年５月,1,23,5,2,臨時,平成23年５月臨時会（第１日）,議長（山本直樹君）,議長,議長,山本直樹,黒島　啓君の除斥を解きます。,null,null,null
665,香川県,平成23年５月,1,23,5,2,臨時,平成23年５月臨時会（第１日）,議長（山本直樹君）,議長,議長,山本直樹,（黒島　啓君入場）,null,null,null
666,香川県,平成23年５月,1,23,5,2,臨時,平成23年５月臨時会（第１日）,議長（山本直樹君）,議長,議長,山本直樹,─────────────────────────────,null,null,null
667,香川県,平成23年５月,1,23,5,2,臨時,平成23年５月臨時会（第１日）,議長（山本直樹君）,議長,議長,山本直樹,次に、日程第十三、発議案第五号、香川県議会議員の議員報酬の特例に関する条例議案を議題といたします。,null,null,null
668,香川県,平成23年５月,1,23,5,2,臨時,平成23年５月臨時会（第１日）,議長（山本直樹君）,議長,議長,山本直樹,本発議案は、議員樫　昭二君外三名の日本共産党議員団、民主党議員会共同提出であります。,null,null,null
669,香川県,平成23年５月,1,23,5,2,臨時,平成23年５月臨時会（第１日）,議長（山本直樹君）,議長,議長,山本直樹,案文は、配布のとおりであります。,null,null,null
670,香川県,平成23年５月,1,23,5,2,臨時,平成23年５月臨時会（第１日）,議長（山本直樹君）,議長,議長,山本直樹,提出者代表樫　昭二君の説明を求めます。,null,null,null
671,香川県,平成23年５月,1,23,5,2,臨時,平成23年５月臨時会（第１日）,議長（山本直樹君）,議長,議長,山本直樹,樫　昭二君。,null,null,null
672,香川県,平成23年５月,1,23,5,2,臨時,平成23年５月臨時会（第１日）,議長（山本直樹君）,議長,議長,山本直樹,（樫　昭二君登壇、拍手）,null,null,null
673,香川県,平成23年５月,1,23,5,2,臨時,平成23年５月臨時会（第１日）,樫　昭二君,3700020000010,（議員）,樫昭二,私は、日本共産党議員団、民主党議員会を代表して、発議案第五号、香川県議会議員の議員報酬の特例に関する条例議案の提案理由説明を行います。,null,null,null
674,香川県,平成23年５月,1,23,5,2,臨時,平成23年５月臨時会（第１日）,樫　昭二君,3700020000010,（議員）,樫昭二,私たち県議会議員は、県民から選ばれた県民の代表です。,null,null,null
675,香川県,平成23年５月,1,23,5,2,臨時,平成23年５月臨時会（第１日）,樫　昭二君,3700020000010,（議員）,樫昭二,県民の負託を受け、県民の声を議会と行政に届けるとともに、知事の行政運営をチェックするという重要な役割を担っています。,null,null,null
676,香川県,平成23年５月,1,23,5,2,臨時,平成23年５月臨時会（第１日）,樫　昭二君,3700020000010,（議員）,樫昭二,議会中にとどまらず、閉会中も、日常的に直接県民のもとに赴き、県民の声を聞き、実態調査や問題点の研究を行い、県民の暮らしや願いに沿った安心して暮らせる香川県、県民の幸せを希求し、その実現のため、各種の提案・提言や条例提案など、その役割を積極的に果たさなければなりません。,null,null,null
677,香川県,平成23年５月,1,23,5,2,臨時,平成23年５月臨時会（第１日）,樫　昭二君,3700020000010,（議員）,樫昭二,とりわけ、県民の暮らしと営業が深刻なときだけに、県民の暮らしの実態に身を寄せて、議員としての役割を果たすべきであります。,null,null,null
678,香川県,平成23年５月,1,23,5,2,臨時,平成23年５月臨時会（第１日）,樫　昭二君,3700020000010,（議員）,樫昭二,長引く不況と円高で中小企業の事業所数は、二〇〇一年で五万七千三百三十三件であったものが、二〇〇六年には五万二千三百三件と、五千三十件も減少しています。,null,null,null
679,香川県,平成23年５月,1,23,5,2,臨時,平成23年５月臨時会（第１日）,樫　昭二君,3700020000010,（議員）,樫昭二,また、雇用状況を見てみますと、二〇〇一年の常用雇用者数は三十五万人で、そのうち正規雇用二十五万二千人、非正規雇用九万八千人から、二〇〇六年では常用雇用者数三十四万四千人で、そのうち正規雇用二十三万六千人、非正規雇用十万七千人と、雇用総数が減少し、非正規雇用の割合が二七・九％から三一・二％と大きく増加しています。,null,null,null
680,香川県,平成23年５月,1,23,5,2,臨時,平成23年５月臨時会（第１日）,樫　昭二君,3700020000010,（議員）,樫昭二,こうした中で、内閣府の「平成二十年度の県民経済計算について」によりますと、香川県の一人当たりの県民所得は、一九九八年度の二百九十万九千円から二〇〇八年度二百五十七万八千円と、十年間で額にして三十三万一千円、率にして一一・四％のマイナスであります。,null,null,null
681,香川県,平成23年５月,1,23,5,2,臨時,平成23年５月臨時会（第１日）,樫　昭二君,3700020000010,（議員）,樫昭二,さらに、全国消費実態調査では、香川県の一世帯当たりの年間収入は、一九九九年度七百五十三万円から二〇〇九年度六百三十八万五千円と、十年間で額にして百十四万五千円、率にして一五・二％ものマイナスとなっております。,null,null,null
682,香川県,平成23年５月,1,23,5,2,臨時,平成23年５月臨時会（第１日）,樫　昭二君,3700020000010,（議員）,樫昭二,このように、深刻さを増す県民の暮らしと営業の実態を踏まえるならば、県議会議員の報酬は余りにも高過ぎるものであり、この際、二〇％の議員報酬の引き下げを提案するものであります。,null,null,null
683,香川県,平成23年５月,1,23,5,2,臨時,平成23年５月臨時会（第１日）,樫　昭二君,3700020000010,（議員）,樫昭二,議員報酬の二割カットで四年間に三億一千四百八十八万円の財源を確保することができ、これを東日本大震災の支援に回すこともできますし、県民の暮らし、福祉の充実のためにも活用できます。,null,null,null
684,香川県,平成23年５月,1,23,5,2,臨時,平成23年５月臨時会（第１日）,樫　昭二君,3700020000010,（議員）,樫昭二,県民の方々から、「今、暮らしが大変なときであり、議会や議員は率先して身を削り範を示すべきである」との声が高まっておりますが、この県民の声に真摯にこたえるものでもあります。,null,null,null
685,香川県,平成23年５月,1,23,5,2,臨時,平成23年５月臨時会（第１日）,樫　昭二君,3700020000010,（議員）,樫昭二,なお、現在、二元代表制を否定し、議会の役割を軽視あるいは無視しようという見過ごせない動きが各地に生まれています。,null,null,null
686,香川県,平成23年５月,1,23,5,2,臨時,平成23年５月臨時会（第１日）,樫　昭二君,3700020000010,（議員）,樫昭二,名古屋の河村市長のみずからの主張に賛同しない議会をリコールし、市長に賛成する議員で議会の過半数を確保しようとする動きや、阿久根市竹原市長の議会を開催せず専決処分を連発し、議会を否定する行政運営、大阪の橋下知事の地域政党をつくり、知事の思いどおりの議会運営を目指そうとするなど、地方自治体の二元代表制を否定するような行動は許されません。,null,null,null
687,香川県,平成23年５月,1,23,5,2,臨時,平成23年５月臨時会（第１日）,樫　昭二君,3700020000010,（議員）,樫昭二,今ほど議会の権限の発揮が求められているときはありません。,null,null,null
688,香川県,平成23年５月,1,23,5,2,臨時,平成23年５月臨時会（第１日）,樫　昭二君,3700020000010,（議員）,樫昭二,今、求められているのは、地方議会の機能を住民の利益のためにもっと大きく発揮するべきだと思います。,null,null,null
689,香川県,平成23年５月,1,23,5,2,臨時,平成23年５月臨時会（第１日）,樫　昭二君,3700020000010,（議員）,樫昭二,私は、以上の立場から、議員報酬の二割引き下げを提案し、県民の信頼関係を揺るぎないものとしつつ、我が県議会が県民の願い実現の場となることを大いに期待して、提案理由説明を終わります。,null,null,null
690,香川県,平成23年５月,1,23,5,2,臨時,平成23年５月臨時会（第１日）,樫　昭二君,3700020000010,（議員）,樫昭二,満場の御賛同をよろしくお願いいたします。,null,null,null
691,香川県,平成23年５月,1,23,5,2,臨時,平成23年５月臨時会（第１日）,樫　昭二君,3700020000010,（議員）,樫昭二,（拍手、降壇）,null,null,null
692,香川県,平成23年５月,1,23,5,2,臨時,平成23年５月臨時会（第１日）,議長（山本直樹君）,議長,議長,山本直樹,以上で提案理由の説明を終わります。,null,null,null
693,香川県,平成23年５月,1,23,5,2,臨時,平成23年５月臨時会（第１日）,議長（山本直樹君）,議長,議長,山本直樹,お諮りいたします。,null,null,null
694,香川県,平成23年５月,1,23,5,2,臨時,平成23年５月臨時会（第１日）,議長（山本直樹君）,議長,議長,山本直樹,本発議案については、委員会付託を省略いたしたいと存じますが、御異議ありませんか。,null,null,null
695,香川県,平成23年５月,1,23,5,2,臨時,平成23年５月臨時会（第１日）,議長（山本直樹君）,議長,議長,山本直樹,（「異議なし」と呼ぶ者あり）,null,null,null
696,香川県,平成23年５月,1,23,5,2,臨時,平成23年５月臨時会（第１日）,議長（山本直樹君）,議長,議長,山本直樹,御異議なしと認め、さよう決します。,null,null,null
697,香川県,平成23年５月,1,23,5,2,臨時,平成23年５月臨時会（第１日）,議長（山本直樹君）,議長,議長,山本直樹,本発議案については、討論の通告がありますので、発言を許可いたします。,null,null,null
698,香川県,平成23年５月,1,23,5,2,臨時,平成23年５月臨時会（第１日）,議長（山本直樹君）,議長,議長,山本直樹,村上　豊君。,null,null,null
699,香川県,平成23年５月,1,23,5,2,臨時,平成23年５月臨時会（第１日）,議長（山本直樹君）,議長,議長,山本直樹,（村上　豊君登壇、拍手）,null,null,null
700,香川県,平成23年５月,1,23,5,2,臨時,平成23年５月臨時会（第１日）,村上　豊君,3700020000014,（議員）,村上豊,発議案第五号、香川県議会議員の報酬の特例に関する条例議案について、賛成の立場から討論いたします。,null,null,null
701,香川県,平成23年５月,1,23,5,2,臨時,平成23年５月臨時会（第１日）,村上　豊君,3700020000014,（議員）,村上豊,四月二十七日の名古屋市議会において、名古屋市議の報酬を半減する条例議案が可決されました。,null,null,null
702,香川県,平成23年５月,1,23,5,2,臨時,平成23年５月臨時会（第１日）,村上　豊君,3700020000014,（議員）,村上豊,五月から、月額五十万円と賞与が百万円の二回で合計八百万円となったようであります。,null,null,null
703,香川県,平成23年５月,1,23,5,2,臨時,平成23年５月臨時会（第１日）,村上　豊君,3700020000014,（議員）,村上豊,河村市長の言う半減の根拠は、高額な報酬が議席の指定化や世襲を招いているからとされています。,null,null,null
704,香川県,平成23年５月,1,23,5,2,臨時,平成23年５月臨時会（第１日）,村上　豊君,3700020000014,（議員）,村上豊,しかし、名古屋市長が主催する地域政党「減税日本」が全国的に必ずしも支持されたわけではありません。,null,null,null
705,香川県,平成23年５月,1,23,5,2,臨時,平成23年５月臨時会（第１日）,村上　豊君,3700020000014,（議員）,村上豊,報酬に関する議論が、議席の指定化や世襲を理由とするだけでは、本質的な議論にならなかったものと思います。,null,null,null
706,香川県,平成23年５月,1,23,5,2,臨時,平成23年５月臨時会（第１日）,村上　豊君,3700020000014,（議員）,村上豊,ただ、議員報酬のあり方の問題提起となったのは事実であり、香川県議会においても、新しい観点から、もう一度根本的に考えてみる必要があると思います。,null,null,null
707,香川県,平成23年５月,1,23,5,2,臨時,平成23年５月臨時会（第１日）,村上　豊君,3700020000014,（議員）,村上豊,議会の開催日数や議員の活動の態様、議員活動の実質的範囲、議員の被選任方法など、本音で検討する課題は多いと思います。,null,null,null
708,香川県,平成23年５月,1,23,5,2,臨時,平成23年５月臨時会（第１日）,村上　豊君,3700020000014,（議員）,村上豊,例えば県議会には、議員を専業とし、専ら議員報酬のみで生活している人が多い実態があり、たとえ兼業していても、実質的には他の者が実務をしていて、本人は政治家としての活動を主な活動としている。,null,null,null
709,香川県,平成23年５月,1,23,5,2,臨時,平成23年５月臨時会（第１日）,村上　豊君,3700020000014,（議員）,村上豊,そのような人にとっても十分な報酬かどうかが議論されるべきであります。,null,null,null
710,香川県,平成23年５月,1,23,5,2,臨時,平成23年５月臨時会（第１日）,村上　豊君,3700020000014,（議員）,村上豊,また、開催日数のみでは、議会活動ははかれません。,null,null,null
711,香川県,平成23年５月,1,23,5,2,臨時,平成23年５月臨時会（第１日）,村上　豊君,3700020000014,（議員）,村上豊,既に我々は経験済みであります。,null,null,null
712,香川県,平成23年５月,1,23,5,2,臨時,平成23年５月臨時会（第１日）,村上　豊君,3700020000014,（議員）,村上豊,さらに加えれば、地域の行事ごとにも議員ということで案内を受けることは多く、そのような機会を通じて世論や政策の必要性を判断するなど、実質的には議員の議会外活動として認めなければならないものはたくさんあります。,null,null,null
713,香川県,平成23年５月,1,23,5,2,臨時,平成23年５月臨時会（第１日）,村上　豊君,3700020000014,（議員）,村上豊,開催日数が少ないとか、報酬に見合った働きをしていないとかの批判には、きちんと説明できることが必要であります。,null,null,null
714,香川県,平成23年５月,1,23,5,2,臨時,平成23年５月臨時会（第１日）,村上　豊君,3700020000014,（議員）,村上豊,また、四月三十日には衆議院において議員年金が廃止され、また地方自治法の改正により人口に見合った議会の議員定数の上限規定が廃止され、目下参議院で審議されているところであります。,null,null,null
715,香川県,平成23年５月,1,23,5,2,臨時,平成23年５月臨時会（第１日）,村上　豊君,3700020000014,（議員）,村上豊,これからは、議会の定数をパリ市議会のように三百人近くにして、完全にボランティア化するのか、アメリカの主要な都市のように十数人の少人数にして全くの専門家にして高給で運営するのか、その中間をいくのか、今、議会に問いかけられていると思います。,null,null,null
716,香川県,平成23年５月,1,23,5,2,臨時,平成23年５月臨時会（第１日）,村上　豊君,3700020000014,（議員）,村上豊,本日の議案では、かかる時代の流れや国会の動向などの事項を勘案した上、さらに提案者が述べました事柄などを総合的に判断し、二〇％減額案に賛成するものであります。,null,null,null
717,香川県,平成23年５月,1,23,5,2,臨時,平成23年５月臨時会（第１日）,村上　豊君,3700020000014,（議員）,村上豊,皆様の賛成をお願いしたいと思います。,null,null,null
718,香川県,平成23年５月,1,23,5,2,臨時,平成23年５月臨時会（第１日）,村上　豊君,3700020000014,（議員）,村上豊,（拍手、降壇）,null,null,null
719,香川県,平成23年５月,1,23,5,2,臨時,平成23年５月臨時会（第１日）,議長（山本直樹君）,議長,議長,山本直樹,以上で通告による討論は終わりました。,null,null,null
720,香川県,平成23年５月,1,23,5,2,臨時,平成23年５月臨時会（第１日）,議長（山本直樹君）,議長,議長,山本直樹,討論を終局いたします。,null,null,null
721,香川県,平成23年５月,1,23,5,2,臨時,平成23年５月臨時会（第１日）,議長（山本直樹君）,議長,議長,山本直樹,これより発議案第五号を、起立により採決いたします。,null,null,null
722,香川県,平成23年５月,1,23,5,2,臨時,平成23年５月臨時会（第１日）,議長（山本直樹君）,議長,議長,山本直樹,発議案第五号を、原案のとおり可決することに賛成の諸君の御起立を求めます。,null,null,null
723,香川県,平成23年５月,1,23,5,2,臨時,平成23年５月臨時会（第１日）,議長（山本直樹君）,議長,議長,山本直樹,（賛成者起立）,null,null,null
724,香川県,平成23年５月,1,23,5,2,臨時,平成23年５月臨時会（第１日）,議長（山本直樹君）,議長,議長,山本直樹,起立少数、よって本発議案は、否決いたしました。,null,null,null
725,香川県,平成23年５月,1,23,5,2,臨時,平成23年５月臨時会（第１日）,議長（山本直樹君）,議長,議長,山本直樹,─────────────────────────────,null,null,null
726,香川県,平成23年５月,1,23,5,2,臨時,平成23年５月臨時会（第１日）,議長（山本直樹君）,議長,議長,山本直樹,次に、日程第十四、発議案第六号、香川県議会議員の議員報酬の特例に関する条例議案を議題といたします。,null,null,null
727,香川県,平成23年５月,1,23,5,2,臨時,平成23年５月臨時会（第１日）,議長（山本直樹君）,議長,議長,山本直樹,本発議案は、議員尾崎道広君外六名の自由民主党議員会、元気な香川をつくる会、新世紀香川共同提出であります。,null,null,null
728,香川県,平成23年５月,1,23,5,2,臨時,平成23年５月臨時会（第１日）,議長（山本直樹君）,議長,議長,山本直樹,案文は、配布のとおりであります。,null,null,null
729,香川県,平成23年５月,1,23,5,2,臨時,平成23年５月臨時会（第１日）,議長（山本直樹君）,議長,議長,山本直樹,お諮りいたします。,null,null,null
730,香川県,平成23年５月,1,23,5,2,臨時,平成23年５月臨時会（第１日）,議長（山本直樹君）,議長,議長,山本直樹,本発議案については、提出者の説明及び委員会付託を省略いたしたいと存じますが、御異議ありませんか。,null,null,null
731,香川県,平成23年５月,1,23,5,2,臨時,平成23年５月臨時会（第１日）,議長（山本直樹君）,議長,議長,山本直樹,（「異議なし」と呼ぶ者あり）,null,null,null
732,香川県,平成23年５月,1,23,5,2,臨時,平成23年５月臨時会（第１日）,議長（山本直樹君）,議長,議長,山本直樹,御異議なしと認め、さよう決します。,null,null,null
733,香川県,平成23年５月,1,23,5,2,臨時,平成23年５月臨時会（第１日）,議長（山本直樹君）,議長,議長,山本直樹,本発議案については、討論の通告がありませんので、直ちに起立により採決いたします。,null,null,null
734,香川県,平成23年５月,1,23,5,2,臨時,平成23年５月臨時会（第１日）,議長（山本直樹君）,議長,議長,山本直樹,発議案第六号を、原案のとおり可決することに賛成の諸君の御起立を求めます。,null,null,null
735,香川県,平成23年５月,1,23,5,2,臨時,平成23年５月臨時会（第１日）,議長（山本直樹君）,議長,議長,山本直樹,（賛成者起立）,null,null,null
736,香川県,平成23年５月,1,23,5,2,臨時,平成23年５月臨時会（第１日）,議長（山本直樹君）,議長,議長,山本直樹,起立多数、よって本発議案は、原案のとおり可決いたしました。,null,null,null
737,香川県,平成23年５月,1,23,5,2,臨時,平成23年５月臨時会（第１日）,議長（山本直樹君）,議長,議長,山本直樹,─────────────────────────────,null,null,null
738,香川県,平成23年５月,1,23,5,2,臨時,平成23年５月臨時会（第１日）,議長（山本直樹君）,議長,議長,山本直樹,次に、日程第十五、発議案第七号、香川県議会会議規則の一部を改正する規則案を議題といたします。,null,null,null
739,香川県,平成23年５月,1,23,5,2,臨時,平成23年５月臨時会（第１日）,議長（山本直樹君）,議長,議長,山本直樹,本発議案は、議員尾崎道広君外八名の自由民主党議員会、社会民主党・県民連合、公明党議員会、民主党議員会、元気な香川をつくる会、新世紀香川共同提出であります。,null,null,null
740,香川県,平成23年５月,1,23,5,2,臨時,平成23年５月臨時会（第１日）,議長（山本直樹君）,議長,議長,山本直樹,案文は、配布のとおりであります。,null,null,null
741,香川県,平成23年５月,1,23,5,2,臨時,平成23年５月臨時会（第１日）,議長（山本直樹君）,議長,議長,山本直樹,お諮りいたします。,null,null,null
742,香川県,平成23年５月,1,23,5,2,臨時,平成23年５月臨時会（第１日）,議長（山本直樹君）,議長,議長,山本直樹,本発議案については、提出者の説明及び委員会付託を省略いたしたいと存じますが、御異議ありませんか。,null,null,null
743,香川県,平成23年５月,1,23,5,2,臨時,平成23年５月臨時会（第１日）,議長（山本直樹君）,議長,議長,山本直樹,（「異議なし」と呼ぶ者あり）,null,null,null
744,香川県,平成23年５月,1,23,5,2,臨時,平成23年５月臨時会（第１日）,議長（山本直樹君）,議長,議長,山本直樹,御異議なしと認め、さよう決します。,null,null,null
745,香川県,平成23年５月,1,23,5,2,臨時,平成23年５月臨時会（第１日）,議長（山本直樹君）,議長,議長,山本直樹,本発議案については、討論の通告がありませんので、直ちに起立により採決いたします。,null,null,null
746,香川県,平成23年５月,1,23,5,2,臨時,平成23年５月臨時会（第１日）,議長（山本直樹君）,議長,議長,山本直樹,発議案第七号を、原案のとおり可決することに賛成の諸君の御起立を求めます。,null,null,null
747,香川県,平成23年５月,1,23,5,2,臨時,平成23年５月臨時会（第１日）,議長（山本直樹君）,議長,議長,山本直樹,（賛成者起立）,null,null,null
748,香川県,平成23年５月,1,23,5,2,臨時,平成23年５月臨時会（第１日）,議長（山本直樹君）,議長,議長,山本直樹,起立多数、よって本発議案は、原案のとおり可決いたしました。,null,null,null
749,香川県,平成23年５月,1,23,5,2,臨時,平成23年５月臨時会（第１日）,議長（山本直樹君）,議長,議長,山本直樹,─────────────────────────────,null,null,null
750,香川県,平成23年５月,1,23,5,2,臨時,平成23年５月臨時会（第１日）,議長（山本直樹君）,議長,議長,山本直樹,以上で全日程を終了いたしましたので、議事を閉じます。,null,null,null
751,香川県,平成23年５月,1,23,5,2,臨時,平成23年５月臨時会（第１日）,議長（山本直樹君）,議長,議長,山本直樹,これをもって今期臨時会を閉会いたします。,null,null,null
752,香川県,平成23年５月,1,23,5,2,臨時,平成23年５月臨時会（第１日）,議長（山本直樹君）,議長,議長,山本直樹,午後一時四十六分閉議・閉会,null,null,null
