H1101336_1,宮崎県,５月,1,23,5,16,臨時,平成２３年　５月臨時会 - 05月16日－01号 ,答弁者,その他,日高勝弘,事務局長,ただいまから臨時県議会が開会されるわけでございますが、一般選挙後、最初の議会でありますので、議長が選出されますまでの間は、地方自治法第107条の規定によりまして、年長の議員が臨時に議長の職務を行うことになっております。,,https://www.kaigiroku.net/cgi-bin/WWWdocHatugen.exe?A=docHatugen&RA=frameNittei&USR=myzakik&N=495&H=1101336,null
H1101336_2,宮崎県,５月,1,23,5,16,臨時,平成２３年　５月臨時会 - 05月16日－01号 ,答弁者,その他,日高勝弘,事務局長,本日の出席議員の中で、年長議員は外山三博議員でございます。,,https://www.kaigiroku.net/cgi-bin/WWWdocHatugen.exe?A=docHatugen&RA=frameNittei&USR=myzakik&N=495&H=1101336,null
H1101336_3,宮崎県,５月,1,23,5,16,臨時,平成２３年　５月臨時会 - 05月16日－01号 ,答弁者,その他,日高勝弘,事務局長,外山三博議員を御紹介申し上げます。,,https://www.kaigiroku.net/cgi-bin/WWWdocHatugen.exe?A=docHatugen&RA=frameNittei&USR=myzakik&N=495&H=1101336,null
H1101337_1,宮崎県,５月,1,23,5,16,臨時,平成２３年　５月臨時会 - 05月16日－01号 ,議長,議長,外山三博,臨時議長,ただいま年長議員の上に臨時議長をということで、実は４年前も臨時議長を務めまして、きょうは２回目でございます。,,https://www.kaigiroku.net/cgi-bin/WWWdocHatugen.exe?A=docHatugen&RA=frameNittei&USR=myzakik&N=495&H=1101337,null
H1101337_2,宮崎県,５月,1,23,5,16,臨時,平成２３年　５月臨時会 - 05月16日－01号 ,議長,議長,外山三博,臨時議長,ありがとうございます。,,https://www.kaigiroku.net/cgi-bin/WWWdocHatugen.exe?A=docHatugen&RA=frameNittei&USR=myzakik&N=495&H=1101337,null
H1101337_3,宮崎県,５月,1,23,5,16,臨時,平成２３年　５月臨時会 - 05月16日－01号 ,議長,議長,外山三博,臨時議長,ただいま御紹介いただきました外山三博でございます。,,https://www.kaigiroku.net/cgi-bin/WWWdocHatugen.exe?A=docHatugen&RA=frameNittei&USR=myzakik&N=495&H=1101337,null
H1101337_4,宮崎県,５月,1,23,5,16,臨時,平成２３年　５月臨時会 - 05月16日－01号 ,議長,議長,外山三博,臨時議長,地方自治法第107条の規定によりまして、年長議員として臨時に議長の職務を務めさせていただきます。,,https://www.kaigiroku.net/cgi-bin/WWWdocHatugen.exe?A=docHatugen&RA=frameNittei&USR=myzakik&N=495&H=1101337,null
H1101337_5,宮崎県,５月,1,23,5,16,臨時,平成２３年　５月臨時会 - 05月16日－01号 ,議長,議長,外山三博,臨時議長,どうぞよろしくお願いをいたします。,,https://www.kaigiroku.net/cgi-bin/WWWdocHatugen.exe?A=docHatugen&RA=frameNittei&USR=myzakik&N=495&H=1101337,null
H1101337_6,宮崎県,５月,1,23,5,16,臨時,平成２３年　５月臨時会 - 05月16日－01号 ,議長,議長,外山三博,臨時議長,────────────────────,,https://www.kaigiroku.net/cgi-bin/WWWdocHatugen.exe?A=docHatugen&RA=frameNittei&USR=myzakik&N=495&H=1101337,null
H1101339_1,宮崎県,５月,1,23,5,16,臨時,平成２３年　５月臨時会 - 05月16日－01号 ,議長,議長,外山三博,臨時議長,これより平成23年５月臨時県議会を開会いたします。,,https://www.kaigiroku.net/cgi-bin/WWWdocHatugen.exe?A=docHatugen&RA=frameNittei&USR=myzakik&N=495&H=1101339,null
H1101339_2,宮崎県,５月,1,23,5,16,臨時,平成２３年　５月臨時会 - 05月16日－01号 ,議長,議長,外山三博,臨時議長,ただいまの出席議員39名でございます。,,https://www.kaigiroku.net/cgi-bin/WWWdocHatugen.exe?A=docHatugen&RA=frameNittei&USR=myzakik&N=495&H=1101339,null
H1101339_3,宮崎県,５月,1,23,5,16,臨時,平成２３年　５月臨時会 - 05月16日－01号 ,議長,議長,外山三博,臨時議長,定足数に達しておりますので、これより本日の会議を開きます。,,https://www.kaigiroku.net/cgi-bin/WWWdocHatugen.exe?A=docHatugen&RA=frameNittei&USR=myzakik&N=495&H=1101339,null
H1101339_4,宮崎県,５月,1,23,5,16,臨時,平成２３年　５月臨時会 - 05月16日－01号 ,議長,議長,外山三博,臨時議長,────────────────────,,https://www.kaigiroku.net/cgi-bin/WWWdocHatugen.exe?A=docHatugen&RA=frameNittei&USR=myzakik&N=495&H=1101339,null
H1101341_1,宮崎県,５月,1,23,5,16,臨時,平成２３年　５月臨時会 - 05月16日－01号 ,議長,議長,外山三博,臨時議長,この際、議事の進行上、仮議席を指定いたします。,,https://www.kaigiroku.net/cgi-bin/WWWdocHatugen.exe?A=docHatugen&RA=frameNittei&USR=myzakik&N=495&H=1101341,null
H1101341_2,宮崎県,５月,1,23,5,16,臨時,平成２３年　５月臨時会 - 05月16日－01号 ,議長,議長,外山三博,臨時議長,仮議席は、ただいま御着席のとおり指定をいたします。,,https://www.kaigiroku.net/cgi-bin/WWWdocHatugen.exe?A=docHatugen&RA=frameNittei&USR=myzakik&N=495&H=1101341,null
H1101341_3,宮崎県,５月,1,23,5,16,臨時,平成２３年　５月臨時会 - 05月16日－01号 ,議長,議長,外山三博,臨時議長,────────────────────,,https://www.kaigiroku.net/cgi-bin/WWWdocHatugen.exe?A=docHatugen&RA=frameNittei&USR=myzakik&N=495&H=1101341,null
H1101343_1,宮崎県,５月,1,23,5,16,臨時,平成２３年　５月臨時会 - 05月16日－01号 ,議長,議長,外山三博,臨時議長,会議録署名議員に、25番清山知憲議員、39番前屋敷恵美議員を指名いたします。,,https://www.kaigiroku.net/cgi-bin/WWWdocHatugen.exe?A=docHatugen&RA=frameNittei&USR=myzakik&N=495&H=1101343,null
H1101343_2,宮崎県,５月,1,23,5,16,臨時,平成２３年　５月臨時会 - 05月16日－01号 ,議長,議長,外山三博,臨時議長,────────────────────,,https://www.kaigiroku.net/cgi-bin/WWWdocHatugen.exe?A=docHatugen&RA=frameNittei&USR=myzakik&N=495&H=1101343,null
H1101345_1,宮崎県,５月,1,23,5,16,臨時,平成２３年　５月臨時会 - 05月16日－01号 ,議長,議長,外山三博,臨時議長,まず、会期についてお諮りをいたします。,,https://www.kaigiroku.net/cgi-bin/WWWdocHatugen.exe?A=docHatugen&RA=frameNittei&USR=myzakik&N=495&H=1101345,null
H1101345_2,宮崎県,５月,1,23,5,16,臨時,平成２３年　５月臨時会 - 05月16日－01号 ,議長,議長,外山三博,臨時議長,今期臨時県議会の会期は、本日より明日５月17日までの２日間とすることに御異議ありませんか。,,https://www.kaigiroku.net/cgi-bin/WWWdocHatugen.exe?A=docHatugen&RA=frameNittei&USR=myzakik&N=495&H=1101345,null
H1101345_3,宮崎県,５月,1,23,5,16,臨時,平成２３年　５月臨時会 - 05月16日－01号 ,議長,議長,外山三博,臨時議長,〔「異議なし」と呼ぶ者あり〕,,https://www.kaigiroku.net/cgi-bin/WWWdocHatugen.exe?A=docHatugen&RA=frameNittei&USR=myzakik&N=495&H=1101345,null
H1101346_1,宮崎県,５月,1,23,5,16,臨時,平成２３年　５月臨時会 - 05月16日－01号 ,議長,議長,外山三博,臨時議長,御異議ありませんので、そのように決定いたしました。,,https://www.kaigiroku.net/cgi-bin/WWWdocHatugen.exe?A=docHatugen&RA=frameNittei&USR=myzakik&N=495&H=1101346,null
H1101346_2,宮崎県,５月,1,23,5,16,臨時,平成２３年　５月臨時会 - 05月16日－01号 ,議長,議長,外山三博,臨時議長,本日からの日程は、お手元に配付の日程表のとおりでございます。,,https://www.kaigiroku.net/cgi-bin/WWWdocHatugen.exe?A=docHatugen&RA=frameNittei&USR=myzakik&N=495&H=1101346,null
H1101346_3,宮崎県,５月,1,23,5,16,臨時,平成２３年　５月臨時会 - 05月16日－01号 ,議長,議長,外山三博,臨時議長,〔巻末参照〕,,https://www.kaigiroku.net/cgi-bin/WWWdocHatugen.exe?A=docHatugen&RA=frameNittei&USR=myzakik&N=495&H=1101346,null
H1101346_4,宮崎県,５月,1,23,5,16,臨時,平成２３年　５月臨時会 - 05月16日－01号 ,議長,議長,外山三博,臨時議長,────────────────────,,https://www.kaigiroku.net/cgi-bin/WWWdocHatugen.exe?A=docHatugen&RA=frameNittei&USR=myzakik&N=495&H=1101346,null
H1101348_1,宮崎県,５月,1,23,5,16,臨時,平成２３年　５月臨時会 - 05月16日－01号 ,議長,議長,外山三博,臨時議長,これより議長の選挙を行います。,,https://www.kaigiroku.net/cgi-bin/WWWdocHatugen.exe?A=docHatugen&RA=frameNittei&USR=myzakik&N=495&H=1101348,null
H1101348_2,宮崎県,５月,1,23,5,16,臨時,平成２３年　５月臨時会 - 05月16日－01号 ,議長,議長,外山三博,臨時議長,議場の閉鎖を命じます。,,https://www.kaigiroku.net/cgi-bin/WWWdocHatugen.exe?A=docHatugen&RA=frameNittei&USR=myzakik&N=495&H=1101348,null
H1101348_3,宮崎県,５月,1,23,5,16,臨時,平成２３年　５月臨時会 - 05月16日－01号 ,議長,議長,外山三博,臨時議長,〔議場閉鎖〕,,https://www.kaigiroku.net/cgi-bin/WWWdocHatugen.exe?A=docHatugen&RA=frameNittei&USR=myzakik&N=495&H=1101348,null
H1101349_1,宮崎県,５月,1,23,5,16,臨時,平成２３年　５月臨時会 - 05月16日－01号 ,議長,議長,外山三博,臨時議長,ただいまの出席議員は39名であります。,,https://www.kaigiroku.net/cgi-bin/WWWdocHatugen.exe?A=docHatugen&RA=frameNittei&USR=myzakik&N=495&H=1101349,null
H1101349_2,宮崎県,５月,1,23,5,16,臨時,平成２３年　５月臨時会 - 05月16日－01号 ,議長,議長,外山三博,臨時議長,会議規則第32条の規定により、立会人に、中野明議員、田口雄二議員、高橋透議員、河野哲也議員を指名いたします。,,https://www.kaigiroku.net/cgi-bin/WWWdocHatugen.exe?A=docHatugen&RA=frameNittei&USR=myzakik&N=495&H=1101349,null
H1101349_3,宮崎県,５月,1,23,5,16,臨時,平成２３年　５月臨時会 - 05月16日－01号 ,議長,議長,外山三博,臨時議長,投票用紙を配付させます。,,https://www.kaigiroku.net/cgi-bin/WWWdocHatugen.exe?A=docHatugen&RA=frameNittei&USR=myzakik&N=495&H=1101349,null
H1101349_4,宮崎県,５月,1,23,5,16,臨時,平成２３年　５月臨時会 - 05月16日－01号 ,議長,議長,外山三博,臨時議長,〔投票用紙配付〕,,https://www.kaigiroku.net/cgi-bin/WWWdocHatugen.exe?A=docHatugen&RA=frameNittei&USR=myzakik&N=495&H=1101349,null
H1101350_1,宮崎県,５月,1,23,5,16,臨時,平成２３年　５月臨時会 - 05月16日－01号 ,議長,議長,外山三博,臨時議長,投票用紙の配付漏れはありませんか。,,https://www.kaigiroku.net/cgi-bin/WWWdocHatugen.exe?A=docHatugen&RA=frameNittei&USR=myzakik&N=495&H=1101350,null
H1101350_2,宮崎県,５月,1,23,5,16,臨時,平成２３年　５月臨時会 - 05月16日－01号 ,議長,議長,外山三博,臨時議長,〔「なし」と呼ぶ者あり〕,,https://www.kaigiroku.net/cgi-bin/WWWdocHatugen.exe?A=docHatugen&RA=frameNittei&USR=myzakik&N=495&H=1101350,null
H1101351_1,宮崎県,５月,1,23,5,16,臨時,平成２３年　５月臨時会 - 05月16日－01号 ,議長,議長,外山三博,臨時議長,配付漏れなしと認めます。,,https://www.kaigiroku.net/cgi-bin/WWWdocHatugen.exe?A=docHatugen&RA=frameNittei&USR=myzakik&N=495&H=1101351,null
H1101351_2,宮崎県,５月,1,23,5,16,臨時,平成２３年　５月臨時会 - 05月16日－01号 ,議長,議長,外山三博,臨時議長,投票箱を改めさせます。,,https://www.kaigiroku.net/cgi-bin/WWWdocHatugen.exe?A=docHatugen&RA=frameNittei&USR=myzakik&N=495&H=1101351,null
H1101351_3,宮崎県,５月,1,23,5,16,臨時,平成２３年　５月臨時会 - 05月16日－01号 ,議長,議長,外山三博,臨時議長,〔投票箱点検〕,,https://www.kaigiroku.net/cgi-bin/WWWdocHatugen.exe?A=docHatugen&RA=frameNittei&USR=myzakik&N=495&H=1101351,null
H1101352_1,宮崎県,５月,1,23,5,16,臨時,平成２３年　５月臨時会 - 05月16日－01号 ,議長,議長,外山三博,臨時議長,異状なしと認めます。,,https://www.kaigiroku.net/cgi-bin/WWWdocHatugen.exe?A=docHatugen&RA=frameNittei&USR=myzakik&N=495&H=1101352,null
H1101352_2,宮崎県,５月,1,23,5,16,臨時,平成２３年　５月臨時会 - 05月16日－01号 ,議長,議長,外山三博,臨時議長,念のため申し上げますが、投票は単記無記名であります。,,https://www.kaigiroku.net/cgi-bin/WWWdocHatugen.exe?A=docHatugen&RA=frameNittei&USR=myzakik&N=495&H=1101352,null
H1101352_3,宮崎県,５月,1,23,5,16,臨時,平成２３年　５月臨時会 - 05月16日－01号 ,議長,議長,外山三博,臨時議長,投票用紙に被選挙人の氏名の記載を願います。,,https://www.kaigiroku.net/cgi-bin/WWWdocHatugen.exe?A=docHatugen&RA=frameNittei&USR=myzakik&N=495&H=1101352,null
H1101352_4,宮崎県,５月,1,23,5,16,臨時,平成２３年　５月臨時会 - 05月16日－01号 ,議長,議長,外山三博,臨時議長,これより投票に移ります。,,https://www.kaigiroku.net/cgi-bin/WWWdocHatugen.exe?A=docHatugen&RA=frameNittei&USR=myzakik&N=495&H=1101352,null
H1101352_5,宮崎県,５月,1,23,5,16,臨時,平成２３年　５月臨時会 - 05月16日－01号 ,議長,議長,外山三博,臨時議長,立会人の立ち会いを願います。,,https://www.kaigiroku.net/cgi-bin/WWWdocHatugen.exe?A=docHatugen&RA=frameNittei&USR=myzakik&N=495&H=1101352,null
H1101352_6,宮崎県,５月,1,23,5,16,臨時,平成２３年　５月臨時会 - 05月16日－01号 ,議長,議長,外山三博,臨時議長,それでは、議席順に順次投票を行います。,,https://www.kaigiroku.net/cgi-bin/WWWdocHatugen.exe?A=docHatugen&RA=frameNittei&USR=myzakik&N=495&H=1101352,null
H1101352_7,宮崎県,５月,1,23,5,16,臨時,平成２３年　５月臨時会 - 05月16日－01号 ,議長,議長,外山三博,臨時議長,〔各議員投票〕,,https://www.kaigiroku.net/cgi-bin/WWWdocHatugen.exe?A=docHatugen&RA=frameNittei&USR=myzakik&N=495&H=1101352,null
H1101353_1,宮崎県,５月,1,23,5,16,臨時,平成２３年　５月臨時会 - 05月16日－01号 ,議長,議長,外山三博,臨時議長,投票漏れはありませんか。,,https://www.kaigiroku.net/cgi-bin/WWWdocHatugen.exe?A=docHatugen&RA=frameNittei&USR=myzakik&N=495&H=1101353,null
H1101353_2,宮崎県,５月,1,23,5,16,臨時,平成２３年　５月臨時会 - 05月16日－01号 ,議長,議長,外山三博,臨時議長,〔「なし」と呼ぶ者あり〕,,https://www.kaigiroku.net/cgi-bin/WWWdocHatugen.exe?A=docHatugen&RA=frameNittei&USR=myzakik&N=495&H=1101353,null
H1101354_1,宮崎県,５月,1,23,5,16,臨時,平成２３年　５月臨時会 - 05月16日－01号 ,議長,議長,外山三博,臨時議長,投票漏れなしと認めます。,,https://www.kaigiroku.net/cgi-bin/WWWdocHatugen.exe?A=docHatugen&RA=frameNittei&USR=myzakik&N=495&H=1101354,null
H1101354_2,宮崎県,５月,1,23,5,16,臨時,平成２３年　５月臨時会 - 05月16日－01号 ,議長,議長,外山三博,臨時議長,投票を終了いたします。,,https://www.kaigiroku.net/cgi-bin/WWWdocHatugen.exe?A=docHatugen&RA=frameNittei&USR=myzakik&N=495&H=1101354,null
H1101354_3,宮崎県,５月,1,23,5,16,臨時,平成２３年　５月臨時会 - 05月16日－01号 ,議長,議長,外山三博,臨時議長,開票を行います。,,https://www.kaigiroku.net/cgi-bin/WWWdocHatugen.exe?A=docHatugen&RA=frameNittei&USR=myzakik&N=495&H=1101354,null
H1101354_4,宮崎県,５月,1,23,5,16,臨時,平成２３年　５月臨時会 - 05月16日－01号 ,議長,議長,外山三博,臨時議長,立会人の点検を願います。,,https://www.kaigiroku.net/cgi-bin/WWWdocHatugen.exe?A=docHatugen&RA=frameNittei&USR=myzakik&N=495&H=1101354,null
H1101354_5,宮崎県,５月,1,23,5,16,臨時,平成２３年　５月臨時会 - 05月16日－01号 ,議長,議長,外山三博,臨時議長,〔開票・点検〕,,https://www.kaigiroku.net/cgi-bin/WWWdocHatugen.exe?A=docHatugen&RA=frameNittei&USR=myzakik&N=495&H=1101354,null
H1101355_1,宮崎県,５月,1,23,5,16,臨時,平成２３年　５月臨時会 - 05月16日－01号 ,議長,議長,外山三博,臨時議長,選挙の結果を報告いたします。,,https://www.kaigiroku.net/cgi-bin/WWWdocHatugen.exe?A=docHatugen&RA=frameNittei&USR=myzakik&N=495&H=1101355,null
H1101355_2,宮崎県,５月,1,23,5,16,臨時,平成２３年　５月臨時会 - 05月16日－01号 ,議長,議長,外山三博,臨時議長,投票総数39票、うち有効投票39票。,,https://www.kaigiroku.net/cgi-bin/WWWdocHatugen.exe?A=docHatugen&RA=frameNittei&USR=myzakik&N=495&H=1101355,null
H1101355_3,宮崎県,５月,1,23,5,16,臨時,平成２３年　５月臨時会 - 05月16日－01号 ,議長,議長,外山三博,臨時議長,有効投票中、外山三博26票、西村賢議員６票、鳥飼謙二議員３票、新見昌安議員３票、前屋敷恵美議員１票。,,https://www.kaigiroku.net/cgi-bin/WWWdocHatugen.exe?A=docHatugen&RA=frameNittei&USR=myzakik&N=495&H=1101355,null
H1101355_4,宮崎県,５月,1,23,5,16,臨時,平成２３年　５月臨時会 - 05月16日－01号 ,議長,議長,外山三博,臨時議長,以上の結果、外山三博が最高点であり、かつ法定得票数以上でありますので、議長に当選をいたしました。,,https://www.kaigiroku.net/cgi-bin/WWWdocHatugen.exe?A=docHatugen&RA=frameNittei&USR=myzakik&N=495&H=1101355,null
H1101355_5,宮崎県,５月,1,23,5,16,臨時,平成２３年　５月臨時会 - 05月16日－01号 ,議長,議長,外山三博,臨時議長,（拍手）,,https://www.kaigiroku.net/cgi-bin/WWWdocHatugen.exe?A=docHatugen&RA=frameNittei&USR=myzakik&N=495&H=1101355,null
H1101355_6,宮崎県,５月,1,23,5,16,臨時,平成２３年　５月臨時会 - 05月16日－01号 ,議長,議長,外山三博,臨時議長,議場の閉鎖を解きます。,,https://www.kaigiroku.net/cgi-bin/WWWdocHatugen.exe?A=docHatugen&RA=frameNittei&USR=myzakik&N=495&H=1101355,null
H1101355_7,宮崎県,５月,1,23,5,16,臨時,平成２３年　５月臨時会 - 05月16日－01号 ,議長,議長,外山三博,臨時議長,〔議場開鎖〕,,https://www.kaigiroku.net/cgi-bin/WWWdocHatugen.exe?A=docHatugen&RA=frameNittei&USR=myzakik&N=495&H=1101355,null
H1101356_1,宮崎県,５月,1,23,5,16,臨時,平成２３年　５月臨時会 - 05月16日－01号 ,議長,議長,外山三博,臨時議長,以上で臨時議長の職務は終わりました。,,https://www.kaigiroku.net/cgi-bin/WWWdocHatugen.exe?A=docHatugen&RA=frameNittei&USR=myzakik&N=495&H=1101356,null
H1101356_2,宮崎県,５月,1,23,5,16,臨時,平成２３年　５月臨時会 - 05月16日－01号 ,議長,議長,外山三博,臨時議長,御協力を感謝申し上げます。,,https://www.kaigiroku.net/cgi-bin/WWWdocHatugen.exe?A=docHatugen&RA=frameNittei&USR=myzakik&N=495&H=1101356,null
H1101356_3,宮崎県,５月,1,23,5,16,臨時,平成２３年　５月臨時会 - 05月16日－01号 ,議長,議長,外山三博,臨時議長,それでは、一言ごあいさつをしたいと思いますが、議事運営上、議長席を空席にするわけにはまいりませんので、大変高いところからではありますが、ちょっと横に移ってごあいさつをさせていただきます。,,https://www.kaigiroku.net/cgi-bin/WWWdocHatugen.exe?A=docHatugen&RA=frameNittei&USR=myzakik&N=495&H=1101356,null
H1101356_4,宮崎県,５月,1,23,5,16,臨時,平成２３年　５月臨時会 - 05月16日－01号 ,議長,議長,外山三博,臨時議長,仮の議長が自分自身を指名する、指名というか告知をするということで、何かむずむず、むずがゆい気持ちがいたしましたが、御推挙いただきまして本当にありがとうございました。,,https://www.kaigiroku.net/cgi-bin/WWWdocHatugen.exe?A=docHatugen&RA=frameNittei&USR=myzakik&N=495&H=1101356,null
H1101356_5,宮崎県,５月,1,23,5,16,臨時,平成２３年　５月臨時会 - 05月16日－01号 ,議長,議長,外山三博,臨時議長,責任の重さを痛感しております。,,https://www.kaigiroku.net/cgi-bin/WWWdocHatugen.exe?A=docHatugen&RA=frameNittei&USR=myzakik&N=495&H=1101356,null
H1101356_6,宮崎県,５月,1,23,5,16,臨時,平成２３年　５月臨時会 - 05月16日－01号 ,議長,議長,外山三博,臨時議長,県を取り巻く状況というのは、昨年の口蹄疫以来、大きな災害がずっと連続をしてきまして、景気の低迷等、大変厳しい状況にありますし、あらゆる分野でこの厳しい状況というのは続いておるわけですが、これに向かって議会が最大限の努力をしていくということは、県民の負託にこたえることだろうと思います。,,https://www.kaigiroku.net/cgi-bin/WWWdocHatugen.exe?A=docHatugen&RA=frameNittei&USR=myzakik&N=495&H=1101356,null
H1101356_7,宮崎県,５月,1,23,5,16,臨時,平成２３年　５月臨時会 - 05月16日－01号 ,議長,議長,外山三博,臨時議長,私自身も全力で県勢発展のために努めてまいりたいと思います。,,https://www.kaigiroku.net/cgi-bin/WWWdocHatugen.exe?A=docHatugen&RA=frameNittei&USR=myzakik&N=495&H=1101356,null
H1101356_8,宮崎県,５月,1,23,5,16,臨時,平成２３年　５月臨時会 - 05月16日－01号 ,議長,議長,外山三博,臨時議長,なお、私自身、至らないところが多々あることは自分自身でよく知っておりますので、議員の皆様方の協力をいただきながら、一緒になって県勢の発展のために努力をしていきたいと思いますので、どうぞ協力をよろしくお願い申し上げます。,,https://www.kaigiroku.net/cgi-bin/WWWdocHatugen.exe?A=docHatugen&RA=frameNittei&USR=myzakik&N=495&H=1101356,null
H1101356_9,宮崎県,５月,1,23,5,16,臨時,平成２３年　５月臨時会 - 05月16日－01号 ,議長,議長,外山三博,臨時議長,簡単ですけれども、議長就任に当たりましてのごあいさつにかえさせていただきます。,,https://www.kaigiroku.net/cgi-bin/WWWdocHatugen.exe?A=docHatugen&RA=frameNittei&USR=myzakik&N=495&H=1101356,null
H1101356_10,宮崎県,５月,1,23,5,16,臨時,平成２３年　５月臨時会 - 05月16日－01号 ,議長,議長,外山三博,臨時議長,どうもありがとうございました。,,https://www.kaigiroku.net/cgi-bin/WWWdocHatugen.exe?A=docHatugen&RA=frameNittei&USR=myzakik&N=495&H=1101356,null
H1101356_11,宮崎県,５月,1,23,5,16,臨時,平成２３年　５月臨時会 - 05月16日－01号 ,議長,議長,外山三博,臨時議長,（拍手）,,https://www.kaigiroku.net/cgi-bin/WWWdocHatugen.exe?A=docHatugen&RA=frameNittei&USR=myzakik&N=495&H=1101356,null
H1101356_12,宮崎県,５月,1,23,5,16,臨時,平成２３年　５月臨時会 - 05月16日－01号 ,議長,議長,外山三博,臨時議長,────────────────────,,https://www.kaigiroku.net/cgi-bin/WWWdocHatugen.exe?A=docHatugen&RA=frameNittei&USR=myzakik&N=495&H=1101356,null
H1101358_1,宮崎県,５月,1,23,5,16,臨時,平成２３年　５月臨時会 - 05月16日－01号 ,議長,議長,外山三博,議長,それでは、これから本当の議長としての職責を務めさせていただきます。,,https://www.kaigiroku.net/cgi-bin/WWWdocHatugen.exe?A=docHatugen&RA=frameNittei&USR=myzakik&N=495&H=1101358,null
H1101358_2,宮崎県,５月,1,23,5,16,臨時,平成２３年　５月臨時会 - 05月16日－01号 ,議長,議長,外山三博,議長,これより副議長の選挙を願います。,,https://www.kaigiroku.net/cgi-bin/WWWdocHatugen.exe?A=docHatugen&RA=frameNittei&USR=myzakik&N=495&H=1101358,null
H1101358_3,宮崎県,５月,1,23,5,16,臨時,平成２３年　５月臨時会 - 05月16日－01号 ,議長,議長,外山三博,議長,議場の閉鎖を命じます。,,https://www.kaigiroku.net/cgi-bin/WWWdocHatugen.exe?A=docHatugen&RA=frameNittei&USR=myzakik&N=495&H=1101358,null
H1101358_4,宮崎県,５月,1,23,5,16,臨時,平成２３年　５月臨時会 - 05月16日－01号 ,議長,議長,外山三博,議長,〔議場閉鎖〕,,https://www.kaigiroku.net/cgi-bin/WWWdocHatugen.exe?A=docHatugen&RA=frameNittei&USR=myzakik&N=495&H=1101358,null
H1101359_1,宮崎県,５月,1,23,5,16,臨時,平成２３年　５月臨時会 - 05月16日－01号 ,議長,議長,外山三博,議長,ただいまの出席議員は39名であります。,,https://www.kaigiroku.net/cgi-bin/WWWdocHatugen.exe?A=docHatugen&RA=frameNittei&USR=myzakik&N=495&H=1101359,null
H1101359_2,宮崎県,５月,1,23,5,16,臨時,平成２３年　５月臨時会 - 05月16日－01号 ,議長,議長,外山三博,議長,会議規則第32条の規定により、立会人に、中野明議員、田口雄二議員、高橋透議員、河野哲也議員を指名いたします。,,https://www.kaigiroku.net/cgi-bin/WWWdocHatugen.exe?A=docHatugen&RA=frameNittei&USR=myzakik&N=495&H=1101359,null
H1101359_3,宮崎県,５月,1,23,5,16,臨時,平成２３年　５月臨時会 - 05月16日－01号 ,議長,議長,外山三博,議長,投票用紙を配付させます。,,https://www.kaigiroku.net/cgi-bin/WWWdocHatugen.exe?A=docHatugen&RA=frameNittei&USR=myzakik&N=495&H=1101359,null
H1101359_4,宮崎県,５月,1,23,5,16,臨時,平成２３年　５月臨時会 - 05月16日－01号 ,議長,議長,外山三博,議長,〔投票用紙配付〕,,https://www.kaigiroku.net/cgi-bin/WWWdocHatugen.exe?A=docHatugen&RA=frameNittei&USR=myzakik&N=495&H=1101359,null
H1101360_1,宮崎県,５月,1,23,5,16,臨時,平成２３年　５月臨時会 - 05月16日－01号 ,議長,議長,外山三博,議長,投票用紙の配付漏れはありませんか。,,https://www.kaigiroku.net/cgi-bin/WWWdocHatugen.exe?A=docHatugen&RA=frameNittei&USR=myzakik&N=495&H=1101360,null
H1101360_2,宮崎県,５月,1,23,5,16,臨時,平成２３年　５月臨時会 - 05月16日－01号 ,議長,議長,外山三博,議長,〔「なし」と呼ぶ者あり〕,,https://www.kaigiroku.net/cgi-bin/WWWdocHatugen.exe?A=docHatugen&RA=frameNittei&USR=myzakik&N=495&H=1101360,null
H1101361_1,宮崎県,５月,1,23,5,16,臨時,平成２３年　５月臨時会 - 05月16日－01号 ,議長,議長,外山三博,議長,配付漏れなしと認めます。,,https://www.kaigiroku.net/cgi-bin/WWWdocHatugen.exe?A=docHatugen&RA=frameNittei&USR=myzakik&N=495&H=1101361,null
H1101361_2,宮崎県,５月,1,23,5,16,臨時,平成２３年　５月臨時会 - 05月16日－01号 ,議長,議長,外山三博,議長,投票箱を改めさせます。,,https://www.kaigiroku.net/cgi-bin/WWWdocHatugen.exe?A=docHatugen&RA=frameNittei&USR=myzakik&N=495&H=1101361,null
H1101361_3,宮崎県,５月,1,23,5,16,臨時,平成２３年　５月臨時会 - 05月16日－01号 ,議長,議長,外山三博,議長,〔投票箱点検〕,,https://www.kaigiroku.net/cgi-bin/WWWdocHatugen.exe?A=docHatugen&RA=frameNittei&USR=myzakik&N=495&H=1101361,null
H1101362_1,宮崎県,５月,1,23,5,16,臨時,平成２３年　５月臨時会 - 05月16日－01号 ,議長,議長,外山三博,議長,異状なしと認めます。,,https://www.kaigiroku.net/cgi-bin/WWWdocHatugen.exe?A=docHatugen&RA=frameNittei&USR=myzakik&N=495&H=1101362,null
H1101362_2,宮崎県,５月,1,23,5,16,臨時,平成２３年　５月臨時会 - 05月16日－01号 ,議長,議長,外山三博,議長,投票用紙に被選挙人の氏名の記載を願います。,,https://www.kaigiroku.net/cgi-bin/WWWdocHatugen.exe?A=docHatugen&RA=frameNittei&USR=myzakik&N=495&H=1101362,null
H1101362_3,宮崎県,５月,1,23,5,16,臨時,平成２３年　５月臨時会 - 05月16日－01号 ,議長,議長,外山三博,議長,これより投票に移ります。,,https://www.kaigiroku.net/cgi-bin/WWWdocHatugen.exe?A=docHatugen&RA=frameNittei&USR=myzakik&N=495&H=1101362,null
H1101362_4,宮崎県,５月,1,23,5,16,臨時,平成２３年　５月臨時会 - 05月16日－01号 ,議長,議長,外山三博,議長,立会人の立ち会いをお願いします。,,https://www.kaigiroku.net/cgi-bin/WWWdocHatugen.exe?A=docHatugen&RA=frameNittei&USR=myzakik&N=495&H=1101362,null
H1101362_5,宮崎県,５月,1,23,5,16,臨時,平成２３年　５月臨時会 - 05月16日－01号 ,議長,議長,外山三博,議長,それでは、議席順に順次投票を願います。,,https://www.kaigiroku.net/cgi-bin/WWWdocHatugen.exe?A=docHatugen&RA=frameNittei&USR=myzakik&N=495&H=1101362,null
H1101362_6,宮崎県,５月,1,23,5,16,臨時,平成２３年　５月臨時会 - 05月16日－01号 ,議長,議長,外山三博,議長,〔各議員投票〕,,https://www.kaigiroku.net/cgi-bin/WWWdocHatugen.exe?A=docHatugen&RA=frameNittei&USR=myzakik&N=495&H=1101362,null
H1101363_1,宮崎県,５月,1,23,5,16,臨時,平成２３年　５月臨時会 - 05月16日－01号 ,議長,議長,外山三博,議長,投票漏れはありませんか。,,https://www.kaigiroku.net/cgi-bin/WWWdocHatugen.exe?A=docHatugen&RA=frameNittei&USR=myzakik&N=495&H=1101363,null
H1101363_2,宮崎県,５月,1,23,5,16,臨時,平成２３年　５月臨時会 - 05月16日－01号 ,議長,議長,外山三博,議長,〔「なし」と呼ぶ者あり〕,,https://www.kaigiroku.net/cgi-bin/WWWdocHatugen.exe?A=docHatugen&RA=frameNittei&USR=myzakik&N=495&H=1101363,null
H1101364_1,宮崎県,５月,1,23,5,16,臨時,平成２３年　５月臨時会 - 05月16日－01号 ,議長,議長,外山三博,議長,投票漏れなしと認めます。,,https://www.kaigiroku.net/cgi-bin/WWWdocHatugen.exe?A=docHatugen&RA=frameNittei&USR=myzakik&N=495&H=1101364,null
H1101364_2,宮崎県,５月,1,23,5,16,臨時,平成２３年　５月臨時会 - 05月16日－01号 ,議長,議長,外山三博,議長,投票を終了いたします。,,https://www.kaigiroku.net/cgi-bin/WWWdocHatugen.exe?A=docHatugen&RA=frameNittei&USR=myzakik&N=495&H=1101364,null
H1101364_3,宮崎県,５月,1,23,5,16,臨時,平成２３年　５月臨時会 - 05月16日－01号 ,議長,議長,外山三博,議長,開票を行います。,,https://www.kaigiroku.net/cgi-bin/WWWdocHatugen.exe?A=docHatugen&RA=frameNittei&USR=myzakik&N=495&H=1101364,null
H1101364_4,宮崎県,５月,1,23,5,16,臨時,平成２３年　５月臨時会 - 05月16日－01号 ,議長,議長,外山三博,議長,立会人の点検をお願いします。,,https://www.kaigiroku.net/cgi-bin/WWWdocHatugen.exe?A=docHatugen&RA=frameNittei&USR=myzakik&N=495&H=1101364,null
H1101364_5,宮崎県,５月,1,23,5,16,臨時,平成２３年　５月臨時会 - 05月16日－01号 ,議長,議長,外山三博,議長,〔開票・点検〕,,https://www.kaigiroku.net/cgi-bin/WWWdocHatugen.exe?A=docHatugen&RA=frameNittei&USR=myzakik&N=495&H=1101364,null
H1101365_1,宮崎県,５月,1,23,5,16,臨時,平成２３年　５月臨時会 - 05月16日－01号 ,議長,議長,外山三博,議長,立会人は自席にお戻りください。,,https://www.kaigiroku.net/cgi-bin/WWWdocHatugen.exe?A=docHatugen&RA=frameNittei&USR=myzakik&N=495&H=1101365,null
H1101365_2,宮崎県,５月,1,23,5,16,臨時,平成２３年　５月臨時会 - 05月16日－01号 ,議長,議長,外山三博,議長,選挙の結果を報告いたします。,,https://www.kaigiroku.net/cgi-bin/WWWdocHatugen.exe?A=docHatugen&RA=frameNittei&USR=myzakik&N=495&H=1101365,null
H1101365_3,宮崎県,５月,1,23,5,16,臨時,平成２３年　５月臨時会 - 05月16日－01号 ,議長,議長,外山三博,議長,投票総数39票、うち有効投票39票。,,https://www.kaigiroku.net/cgi-bin/WWWdocHatugen.exe?A=docHatugen&RA=frameNittei&USR=myzakik&N=495&H=1101365,null
H1101365_4,宮崎県,５月,1,23,5,16,臨時,平成２３年　５月臨時会 - 05月16日－01号 ,議長,議長,外山三博,議長,有効投票中、十屋幸平議員26票、田口雄二議員６票、太田清海議員３票、河野哲也議員３票、前屋敷恵美議員１票。,,https://www.kaigiroku.net/cgi-bin/WWWdocHatugen.exe?A=docHatugen&RA=frameNittei&USR=myzakik&N=495&H=1101365,null
H1101365_5,宮崎県,５月,1,23,5,16,臨時,平成２３年　５月臨時会 - 05月16日－01号 ,議長,議長,外山三博,議長,以上でございます。,,https://www.kaigiroku.net/cgi-bin/WWWdocHatugen.exe?A=docHatugen&RA=frameNittei&USR=myzakik&N=495&H=1101365,null
H1101365_6,宮崎県,５月,1,23,5,16,臨時,平成２３年　５月臨時会 - 05月16日－01号 ,議長,議長,外山三博,議長,以上の結果、十屋議員が最高点であり、かつ法定得票数以上でありますので、副議長に当選をされました。,,https://www.kaigiroku.net/cgi-bin/WWWdocHatugen.exe?A=docHatugen&RA=frameNittei&USR=myzakik&N=495&H=1101365,null
H1101365_7,宮崎県,５月,1,23,5,16,臨時,平成２３年　５月臨時会 - 05月16日－01号 ,議長,議長,外山三博,議長,議場の閉鎖を解きます。,,https://www.kaigiroku.net/cgi-bin/WWWdocHatugen.exe?A=docHatugen&RA=frameNittei&USR=myzakik&N=495&H=1101365,null
H1101365_8,宮崎県,５月,1,23,5,16,臨時,平成２３年　５月臨時会 - 05月16日－01号 ,議長,議長,外山三博,議長,〔議場開鎖〕,,https://www.kaigiroku.net/cgi-bin/WWWdocHatugen.exe?A=docHatugen&RA=frameNittei&USR=myzakik&N=495&H=1101365,null
H1101366_1,宮崎県,５月,1,23,5,16,臨時,平成２３年　５月臨時会 - 05月16日－01号 ,議長,議長,外山三博,議長,ただいま副議長に当選されました十屋議員が議場におられますので、本席から会議規則第35条の規定により当選の告知をいたします。,,https://www.kaigiroku.net/cgi-bin/WWWdocHatugen.exe?A=docHatugen&RA=frameNittei&USR=myzakik&N=495&H=1101366,null
H1101366_2,宮崎県,５月,1,23,5,16,臨時,平成２３年　５月臨時会 - 05月16日－01号 ,議長,議長,外山三博,議長,御承諾をお願いいたします。,,https://www.kaigiroku.net/cgi-bin/WWWdocHatugen.exe?A=docHatugen&RA=frameNittei&USR=myzakik&N=495&H=1101366,null
H1101366_3,宮崎県,５月,1,23,5,16,臨時,平成２３年　５月臨時会 - 05月16日－01号 ,議長,議長,外山三博,議長,副議長のごあいさつがあります。,,https://www.kaigiroku.net/cgi-bin/WWWdocHatugen.exe?A=docHatugen&RA=frameNittei&USR=myzakik&N=495&H=1101366,null
H1101366_4,宮崎県,５月,1,23,5,16,臨時,平成２３年　５月臨時会 - 05月16日－01号 ,議長,議長,外山三博,議長,どうぞ登壇をお願いします。,,https://www.kaigiroku.net/cgi-bin/WWWdocHatugen.exe?A=docHatugen&RA=frameNittei&USR=myzakik&N=495&H=1101366,null
H1101367_1,宮崎県,５月,1,23,5,16,臨時,平成２３年　５月臨時会 - 05月16日－01号 ,議長,議長,十屋幸平,副議長,〔登壇〕　おはようございます。,,https://www.kaigiroku.net/cgi-bin/WWWdocHatugen.exe?A=docHatugen&RA=frameNittei&USR=myzakik&N=495&H=1101367,null
H1101367_2,宮崎県,５月,1,23,5,16,臨時,平成２３年　５月臨時会 - 05月16日－01号 ,議長,議長,十屋幸平,副議長,ただいま御推挙いただきました十屋幸平でございます。,,https://www.kaigiroku.net/cgi-bin/WWWdocHatugen.exe?A=docHatugen&RA=frameNittei&USR=myzakik&N=495&H=1101367,null
H1101367_3,宮崎県,５月,1,23,5,16,臨時,平成２３年　５月臨時会 - 05月16日－01号 ,議長,議長,十屋幸平,副議長,大変な重責を担わせていただくことになりました。,,https://www.kaigiroku.net/cgi-bin/WWWdocHatugen.exe?A=docHatugen&RA=frameNittei&USR=myzakik&N=495&H=1101367,null
H1101367_4,宮崎県,５月,1,23,5,16,臨時,平成２３年　５月臨時会 - 05月16日－01号 ,議長,議長,十屋幸平,副議長,先ほど議長のお話がありましたように、宮崎県の昨年からの口蹄疫、そして鳥フル、新燃岳、東日本の大震災と、宮崎県の県政課題もさることながら、我々議会と県民との距離ということも私自身も感じておりますので、そういう距離を縮めることも含め、議長のもとで補佐をさせていただきながら、皆さんとともに県勢発展のために、微力でありますけれども頑張ってまいりたいと、そのように思っております。,,https://www.kaigiroku.net/cgi-bin/WWWdocHatugen.exe?A=docHatugen&RA=frameNittei&USR=myzakik&N=495&H=1101367,null
H1101367_5,宮崎県,５月,1,23,5,16,臨時,平成２３年　５月臨時会 - 05月16日－01号 ,議長,議長,十屋幸平,副議長,どうぞよろしく御指導のほどお願い申し上げまして、ごあいさつといたします。,,https://www.kaigiroku.net/cgi-bin/WWWdocHatugen.exe?A=docHatugen&RA=frameNittei&USR=myzakik&N=495&H=1101367,null
H1101367_6,宮崎県,５月,1,23,5,16,臨時,平成２３年　５月臨時会 - 05月16日－01号 ,議長,議長,十屋幸平,副議長,ありがとうございました。,,https://www.kaigiroku.net/cgi-bin/WWWdocHatugen.exe?A=docHatugen&RA=frameNittei&USR=myzakik&N=495&H=1101367,null
H1101367_7,宮崎県,５月,1,23,5,16,臨時,平成２３年　５月臨時会 - 05月16日－01号 ,議長,議長,十屋幸平,副議長,（拍手）〔降壇〕,,https://www.kaigiroku.net/cgi-bin/WWWdocHatugen.exe?A=docHatugen&RA=frameNittei&USR=myzakik&N=495&H=1101367,null
H1101368_1,宮崎県,５月,1,23,5,16,臨時,平成２３年　５月臨時会 - 05月16日－01号 ,議長,議長,外山三博,議長,本日の日程は、以上をもって終わりました。,,https://www.kaigiroku.net/cgi-bin/WWWdocHatugen.exe?A=docHatugen&RA=frameNittei&USR=myzakik&N=495&H=1101368,null
H1101368_2,宮崎県,５月,1,23,5,16,臨時,平成２３年　５月臨時会 - 05月16日－01号 ,議長,議長,外山三博,議長,あすの本会議は、午前10時開会、常任委員会委員、議会運営委員会委員及び各種行政審議会委員の選任ほかであります。,,https://www.kaigiroku.net/cgi-bin/WWWdocHatugen.exe?A=docHatugen&RA=frameNittei&USR=myzakik&N=495&H=1101368,null
H1101368_3,宮崎県,５月,1,23,5,16,臨時,平成２３年　５月臨時会 - 05月16日－01号 ,議長,議長,外山三博,議長,本日はこれで散会をいたします。,,https://www.kaigiroku.net/cgi-bin/WWWdocHatugen.exe?A=docHatugen&RA=frameNittei&USR=myzakik&N=495&H=1101368,null
H1101368_4,宮崎県,５月,1,23,5,16,臨時,平成２３年　５月臨時会 - 05月16日－01号 ,議長,議長,外山三博,議長,午前10時29分散会,,https://www.kaigiroku.net/cgi-bin/WWWdocHatugen.exe?A=docHatugen&RA=frameNittei&USR=myzakik&N=495&H=1101368,null
