H2200783_1,大分県,第１回,1,23,5,16,臨時,DiscussNetPremium 平成２３年　第１回臨時会（５月） - 05月16日－01号 ,null,,,,平成２３年　第１回臨時会（５月）,,https://www.kaigiroku.net/kensaku/cgi-bin/WWWdocHatugen.exe?A=docHatugen&RA=frameNittei&USR=oitkenk&N=670&H=2200783,null
H2200783_2,大分県,第１回,1,23,5,16,臨時,DiscussNetPremium 平成２３年　第１回臨時会（５月） - 05月16日－01号 ,null,,,,平成二十三年五月十六日（月曜日）,,https://www.kaigiroku.net/kensaku/cgi-bin/WWWdocHatugen.exe?A=docHatugen&RA=frameNittei&USR=oitkenk&N=670&H=2200783,null
H2200783_3,大分県,第１回,1,23,5,16,臨時,DiscussNetPremium 平成２３年　第１回臨時会（５月） - 05月16日－01号 ,null,,,,－－－－－－－－－－－－－－－－－－－－－－－－－－－－－－－,,https://www.kaigiroku.net/kensaku/cgi-bin/WWWdocHatugen.exe?A=docHatugen&RA=frameNittei&USR=oitkenk&N=670&H=2200783,null
H2200783_4,大分県,第１回,1,23,5,16,臨時,DiscussNetPremium 平成２３年　第１回臨時会（５月） - 05月16日－01号 ,null,,,,議事日程第一号,,https://www.kaigiroku.net/kensaku/cgi-bin/WWWdocHatugen.exe?A=docHatugen&RA=frameNittei&USR=oitkenk&N=670&H=2200783,null
H2200783_5,大分県,第１回,1,23,5,16,臨時,DiscussNetPremium 平成２３年　第１回臨時会（５月） - 05月16日－01号 ,null,,,,平成二十三年五月十六日,,https://www.kaigiroku.net/kensaku/cgi-bin/WWWdocHatugen.exe?A=docHatugen&RA=frameNittei&USR=oitkenk&N=670&H=2200783,null
H2200783_6,大分県,第１回,1,23,5,16,臨時,DiscussNetPremium 平成２３年　第１回臨時会（５月） - 05月16日－01号 ,null,,,,午前十時開会,,https://www.kaigiroku.net/kensaku/cgi-bin/WWWdocHatugen.exe?A=docHatugen&RA=frameNittei&USR=oitkenk&N=670&H=2200783,null
H2200783_7,大分県,第１回,1,23,5,16,臨時,DiscussNetPremium 平成２３年　第１回臨時会（５月） - 05月16日－01号 ,null,,,,第一　議席の決定,,https://www.kaigiroku.net/kensaku/cgi-bin/WWWdocHatugen.exe?A=docHatugen&RA=frameNittei&USR=oitkenk&N=670&H=2200783,null
H2200783_8,大分県,第１回,1,23,5,16,臨時,DiscussNetPremium 平成２３年　第１回臨時会（５月） - 05月16日－01号 ,null,,,,第二　会議録署名議員の指名,,https://www.kaigiroku.net/kensaku/cgi-bin/WWWdocHatugen.exe?A=docHatugen&RA=frameNittei&USR=oitkenk&N=670&H=2200783,null
H2200783_9,大分県,第１回,1,23,5,16,臨時,DiscussNetPremium 平成２３年　第１回臨時会（５月） - 05月16日－01号 ,null,,,,第三　会期決定の件,,https://www.kaigiroku.net/kensaku/cgi-bin/WWWdocHatugen.exe?A=docHatugen&RA=frameNittei&USR=oitkenk&N=670&H=2200783,null
H2200783_10,大分県,第１回,1,23,5,16,臨時,DiscussNetPremium 平成２３年　第１回臨時会（５月） - 05月16日－01号 ,null,,,,第四　議長の選挙,,https://www.kaigiroku.net/kensaku/cgi-bin/WWWdocHatugen.exe?A=docHatugen&RA=frameNittei&USR=oitkenk&N=670&H=2200783,null
H2200783_11,大分県,第１回,1,23,5,16,臨時,DiscussNetPremium 平成２３年　第１回臨時会（５月） - 05月16日－01号 ,null,,,,第五　副議長の選挙,,https://www.kaigiroku.net/kensaku/cgi-bin/WWWdocHatugen.exe?A=docHatugen&RA=frameNittei&USR=oitkenk&N=670&H=2200783,null
H2200783_12,大分県,第１回,1,23,5,16,臨時,DiscussNetPremium 平成２３年　第１回臨時会（５月） - 05月16日－01号 ,null,,,,－－－－－－－－－－－－－－－－－－－－－－－－－－－－－－－,,https://www.kaigiroku.net/kensaku/cgi-bin/WWWdocHatugen.exe?A=docHatugen&RA=frameNittei&USR=oitkenk&N=670&H=2200783,null
H2200783_13,大分県,第１回,1,23,5,16,臨時,DiscussNetPremium 平成２３年　第１回臨時会（５月） - 05月16日－01号 ,null,,,,本日の会議に付した案件,,https://www.kaigiroku.net/kensaku/cgi-bin/WWWdocHatugen.exe?A=docHatugen&RA=frameNittei&USR=oitkenk&N=670&H=2200783,null
H2200783_14,大分県,第１回,1,23,5,16,臨時,DiscussNetPremium 平成２３年　第１回臨時会（５月） - 05月16日－01号 ,null,,,,日程第一　議席の決定,,https://www.kaigiroku.net/kensaku/cgi-bin/WWWdocHatugen.exe?A=docHatugen&RA=frameNittei&USR=oitkenk&N=670&H=2200783,null
H2200783_15,大分県,第１回,1,23,5,16,臨時,DiscussNetPremium 平成２３年　第１回臨時会（５月） - 05月16日－01号 ,null,,,,日程第二　会議録署名議員の指名,,https://www.kaigiroku.net/kensaku/cgi-bin/WWWdocHatugen.exe?A=docHatugen&RA=frameNittei&USR=oitkenk&N=670&H=2200783,null
H2200783_16,大分県,第１回,1,23,5,16,臨時,DiscussNetPremium 平成２３年　第１回臨時会（５月） - 05月16日－01号 ,null,,,,日程第三　会期決定の件,,https://www.kaigiroku.net/kensaku/cgi-bin/WWWdocHatugen.exe?A=docHatugen&RA=frameNittei&USR=oitkenk&N=670&H=2200783,null
H2200783_17,大分県,第１回,1,23,5,16,臨時,DiscussNetPremium 平成２３年　第１回臨時会（５月） - 05月16日－01号 ,null,,,,日程第四　議長の選挙,,https://www.kaigiroku.net/kensaku/cgi-bin/WWWdocHatugen.exe?A=docHatugen&RA=frameNittei&USR=oitkenk&N=670&H=2200783,null
H2200783_18,大分県,第１回,1,23,5,16,臨時,DiscussNetPremium 平成２３年　第１回臨時会（５月） - 05月16日－01号 ,null,,,,日程第五　副議長の選挙,,https://www.kaigiroku.net/kensaku/cgi-bin/WWWdocHatugen.exe?A=docHatugen&RA=frameNittei&USR=oitkenk&N=670&H=2200783,null
H2200783_19,大分県,第１回,1,23,5,16,臨時,DiscussNetPremium 平成２３年　第１回臨時会（５月） - 05月16日－01号 ,null,,,,－－－－－－－－－－－－－－－－－－－－－－－－－－－－－－－,,https://www.kaigiroku.net/kensaku/cgi-bin/WWWdocHatugen.exe?A=docHatugen&RA=frameNittei&USR=oitkenk&N=670&H=2200783,null
H2200783_20,大分県,第１回,1,23,5,16,臨時,DiscussNetPremium 平成２３年　第１回臨時会（５月） - 05月16日－01号 ,null,,,,出席議員　四十四名,,https://www.kaigiroku.net/kensaku/cgi-bin/WWWdocHatugen.exe?A=docHatugen&RA=frameNittei&USR=oitkenk&N=670&H=2200783,null
H2200783_21,大分県,第１回,1,23,5,16,臨時,DiscussNetPremium 平成２３年　第１回臨時会（５月） - 05月16日－01号 ,null,,,,議長　　　　　　　　志村　学,,https://www.kaigiroku.net/kensaku/cgi-bin/WWWdocHatugen.exe?A=docHatugen&RA=frameNittei&USR=oitkenk&N=670&H=2200783,null
H2200783_22,大分県,第１回,1,23,5,16,臨時,DiscussNetPremium 平成２３年　第１回臨時会（５月） - 05月16日－01号 ,null,,,,副議長　　　　　　　井上伸史,,https://www.kaigiroku.net/kensaku/cgi-bin/WWWdocHatugen.exe?A=docHatugen&RA=frameNittei&USR=oitkenk&N=670&H=2200783,null
H2200783_23,大分県,第１回,1,23,5,16,臨時,DiscussNetPremium 平成２３年　第１回臨時会（５月） - 05月16日－01号 ,null,,,,阿部英仁,,https://www.kaigiroku.net/kensaku/cgi-bin/WWWdocHatugen.exe?A=docHatugen&RA=frameNittei&USR=oitkenk&N=670&H=2200783,null
H2200783_24,大分県,第１回,1,23,5,16,臨時,DiscussNetPremium 平成２３年　第１回臨時会（５月） - 05月16日－01号 ,null,,,,近藤和義,,https://www.kaigiroku.net/kensaku/cgi-bin/WWWdocHatugen.exe?A=docHatugen&RA=frameNittei&USR=oitkenk&N=670&H=2200783,null
H2200783_25,大分県,第１回,1,23,5,16,臨時,DiscussNetPremium 平成２３年　第１回臨時会（５月） - 05月16日－01号 ,null,,,,古手川正治,,https://www.kaigiroku.net/kensaku/cgi-bin/WWWdocHatugen.exe?A=docHatugen&RA=frameNittei&USR=oitkenk&N=670&H=2200783,null
H2200783_26,大分県,第１回,1,23,5,16,臨時,DiscussNetPremium 平成２３年　第１回臨時会（５月） - 05月16日－01号 ,null,,,,土居昌弘,,https://www.kaigiroku.net/kensaku/cgi-bin/WWWdocHatugen.exe?A=docHatugen&RA=frameNittei&USR=oitkenk&N=670&H=2200783,null
H2200783_27,大分県,第１回,1,23,5,16,臨時,DiscussNetPremium 平成２３年　第１回臨時会（５月） - 05月16日－01号 ,null,,,,嶋　幸一,,https://www.kaigiroku.net/kensaku/cgi-bin/WWWdocHatugen.exe?A=docHatugen&RA=frameNittei&USR=oitkenk&N=670&H=2200783,null
H2200783_28,大分県,第１回,1,23,5,16,臨時,DiscussNetPremium 平成２３年　第１回臨時会（５月） - 05月16日－01号 ,null,,,,毛利正徳,,https://www.kaigiroku.net/kensaku/cgi-bin/WWWdocHatugen.exe?A=docHatugen&RA=frameNittei&USR=oitkenk&N=670&H=2200783,null
H2200783_29,大分県,第１回,1,23,5,16,臨時,DiscussNetPremium 平成２３年　第１回臨時会（５月） - 05月16日－01号 ,null,,,,油布勝秀,,https://www.kaigiroku.net/kensaku/cgi-bin/WWWdocHatugen.exe?A=docHatugen&RA=frameNittei&USR=oitkenk&N=670&H=2200783,null
H2200783_30,大分県,第１回,1,23,5,16,臨時,DiscussNetPremium 平成２３年　第１回臨時会（５月） - 05月16日－01号 ,null,,,,衛藤明和,,https://www.kaigiroku.net/kensaku/cgi-bin/WWWdocHatugen.exe?A=docHatugen&RA=frameNittei&USR=oitkenk&N=670&H=2200783,null
H2200783_31,大分県,第１回,1,23,5,16,臨時,DiscussNetPremium 平成２３年　第１回臨時会（５月） - 05月16日－01号 ,null,,,,濱田　洋,,https://www.kaigiroku.net/kensaku/cgi-bin/WWWdocHatugen.exe?A=docHatugen&RA=frameNittei&USR=oitkenk&N=670&H=2200783,null
H2200783_32,大分県,第１回,1,23,5,16,臨時,DiscussNetPremium 平成２３年　第１回臨時会（５月） - 05月16日－01号 ,null,,,,三浦　公,,https://www.kaigiroku.net/kensaku/cgi-bin/WWWdocHatugen.exe?A=docHatugen&RA=frameNittei&USR=oitkenk&N=670&H=2200783,null
H2200783_33,大分県,第１回,1,23,5,16,臨時,DiscussNetPremium 平成２３年　第１回臨時会（５月） - 05月16日－01号 ,null,,,,末宗秀雄,,https://www.kaigiroku.net/kensaku/cgi-bin/WWWdocHatugen.exe?A=docHatugen&RA=frameNittei&USR=oitkenk&N=670&H=2200783,null
H2200783_34,大分県,第１回,1,23,5,16,臨時,DiscussNetPremium 平成２３年　第１回臨時会（５月） - 05月16日－01号 ,null,,,,御手洗吉生,,https://www.kaigiroku.net/kensaku/cgi-bin/WWWdocHatugen.exe?A=docHatugen&RA=frameNittei&USR=oitkenk&N=670&H=2200783,null
H2200783_35,大分県,第１回,1,23,5,16,臨時,DiscussNetPremium 平成２３年　第１回臨時会（５月） - 05月16日－01号 ,null,,,,桜木　博,,https://www.kaigiroku.net/kensaku/cgi-bin/WWWdocHatugen.exe?A=docHatugen&RA=frameNittei&USR=oitkenk&N=670&H=2200783,null
H2200783_36,大分県,第１回,1,23,5,16,臨時,DiscussNetPremium 平成２３年　第１回臨時会（５月） - 05月16日－01号 ,null,,,,麻生栄作,,https://www.kaigiroku.net/kensaku/cgi-bin/WWWdocHatugen.exe?A=docHatugen&RA=frameNittei&USR=oitkenk&N=670&H=2200783,null
H2200783_37,大分県,第１回,1,23,5,16,臨時,DiscussNetPremium 平成２３年　第１回臨時会（５月） - 05月16日－01号 ,null,,,,田中利明,,https://www.kaigiroku.net/kensaku/cgi-bin/WWWdocHatugen.exe?A=docHatugen&RA=frameNittei&USR=oitkenk&N=670&H=2200783,null
H2200783_38,大分県,第１回,1,23,5,16,臨時,DiscussNetPremium 平成２３年　第１回臨時会（５月） - 05月16日－01号 ,null,,,,渕　健児,,https://www.kaigiroku.net/kensaku/cgi-bin/WWWdocHatugen.exe?A=docHatugen&RA=frameNittei&USR=oitkenk&N=670&H=2200783,null
H2200783_39,大分県,第１回,1,23,5,16,臨時,DiscussNetPremium 平成２３年　第１回臨時会（５月） - 05月16日－01号 ,null,,,,牧野浩朗,,https://www.kaigiroku.net/kensaku/cgi-bin/WWWdocHatugen.exe?A=docHatugen&RA=frameNittei&USR=oitkenk&N=670&H=2200783,null
H2200783_40,大分県,第１回,1,23,5,16,臨時,DiscussNetPremium 平成２３年　第１回臨時会（５月） - 05月16日－01号 ,null,,,,三浦正臣,,https://www.kaigiroku.net/kensaku/cgi-bin/WWWdocHatugen.exe?A=docHatugen&RA=frameNittei&USR=oitkenk&N=670&H=2200783,null
H2200783_41,大分県,第１回,1,23,5,16,臨時,DiscussNetPremium 平成２３年　第１回臨時会（５月） - 05月16日－01号 ,null,,,,守永信幸,,https://www.kaigiroku.net/kensaku/cgi-bin/WWWdocHatugen.exe?A=docHatugen&RA=frameNittei&USR=oitkenk&N=670&H=2200783,null
H2200783_42,大分県,第１回,1,23,5,16,臨時,DiscussNetPremium 平成２３年　第１回臨時会（５月） - 05月16日－01号 ,null,,,,藤田正道,,https://www.kaigiroku.net/kensaku/cgi-bin/WWWdocHatugen.exe?A=docHatugen&RA=frameNittei&USR=oitkenk&N=670&H=2200783,null
H2200783_43,大分県,第１回,1,23,5,16,臨時,DiscussNetPremium 平成２３年　第１回臨時会（５月） - 05月16日－01号 ,null,,,,原田孝司,,https://www.kaigiroku.net/kensaku/cgi-bin/WWWdocHatugen.exe?A=docHatugen&RA=frameNittei&USR=oitkenk&N=670&H=2200783,null
H2200783_44,大分県,第１回,1,23,5,16,臨時,DiscussNetPremium 平成２３年　第１回臨時会（５月） - 05月16日－01号 ,null,,,,小嶋秀行,,https://www.kaigiroku.net/kensaku/cgi-bin/WWWdocHatugen.exe?A=docHatugen&RA=frameNittei&USR=oitkenk&N=670&H=2200783,null
H2200783_45,大分県,第１回,1,23,5,16,臨時,DiscussNetPremium 平成２３年　第１回臨時会（５月） - 05月16日－01号 ,null,,,,馬場　林,,https://www.kaigiroku.net/kensaku/cgi-bin/WWWdocHatugen.exe?A=docHatugen&RA=frameNittei&USR=oitkenk&N=670&H=2200783,null
H2200783_46,大分県,第１回,1,23,5,16,臨時,DiscussNetPremium 平成２３年　第１回臨時会（５月） - 05月16日－01号 ,null,,,,尾島保彦,,https://www.kaigiroku.net/kensaku/cgi-bin/WWWdocHatugen.exe?A=docHatugen&RA=frameNittei&USR=oitkenk&N=670&H=2200783,null
H2200783_47,大分県,第１回,1,23,5,16,臨時,DiscussNetPremium 平成２３年　第１回臨時会（５月） - 05月16日－01号 ,null,,,,後藤政義,,https://www.kaigiroku.net/kensaku/cgi-bin/WWWdocHatugen.exe?A=docHatugen&RA=frameNittei&USR=oitkenk&N=670&H=2200783,null
H2200783_48,大分県,第１回,1,23,5,16,臨時,DiscussNetPremium 平成２３年　第１回臨時会（５月） - 05月16日－01号 ,null,,,,竹内小代美,,https://www.kaigiroku.net/kensaku/cgi-bin/WWWdocHatugen.exe?A=docHatugen&RA=frameNittei&USR=oitkenk&N=670&H=2200783,null
H2200783_49,大分県,第１回,1,23,5,16,臨時,DiscussNetPremium 平成２３年　第１回臨時会（５月） - 05月16日－01号 ,null,,,,玉田輝義,,https://www.kaigiroku.net/kensaku/cgi-bin/WWWdocHatugen.exe?A=docHatugen&RA=frameNittei&USR=oitkenk&N=670&H=2200783,null
H2200783_50,大分県,第１回,1,23,5,16,臨時,DiscussNetPremium 平成２３年　第１回臨時会（５月） - 05月16日－01号 ,null,,,,深津栄一,,https://www.kaigiroku.net/kensaku/cgi-bin/WWWdocHatugen.exe?A=docHatugen&RA=frameNittei&USR=oitkenk&N=670&H=2200783,null
H2200783_51,大分県,第１回,1,23,5,16,臨時,DiscussNetPremium 平成２３年　第１回臨時会（５月） - 05月16日－01号 ,null,,,,酒井喜親,,https://www.kaigiroku.net/kensaku/cgi-bin/WWWdocHatugen.exe?A=docHatugen&RA=frameNittei&USR=oitkenk&N=670&H=2200783,null
H2200783_52,大分県,第１回,1,23,5,16,臨時,DiscussNetPremium 平成２３年　第１回臨時会（５月） - 05月16日－01号 ,null,,,,首藤隆憲,,https://www.kaigiroku.net/kensaku/cgi-bin/WWWdocHatugen.exe?A=docHatugen&RA=frameNittei&USR=oitkenk&N=670&H=2200783,null
H2200783_53,大分県,第１回,1,23,5,16,臨時,DiscussNetPremium 平成２３年　第１回臨時会（５月） - 05月16日－01号 ,null,,,,平岩純子,,https://www.kaigiroku.net/kensaku/cgi-bin/WWWdocHatugen.exe?A=docHatugen&RA=frameNittei&USR=oitkenk&N=670&H=2200783,null
H2200783_54,大分県,第１回,1,23,5,16,臨時,DiscussNetPremium 平成２３年　第１回臨時会（５月） - 05月16日－01号 ,null,,,,江藤清志,,https://www.kaigiroku.net/kensaku/cgi-bin/WWWdocHatugen.exe?A=docHatugen&RA=frameNittei&USR=oitkenk&N=670&H=2200783,null
H2200783_55,大分県,第１回,1,23,5,16,臨時,DiscussNetPremium 平成２３年　第１回臨時会（５月） - 05月16日－01号 ,null,,,,久原和弘,,https://www.kaigiroku.net/kensaku/cgi-bin/WWWdocHatugen.exe?A=docHatugen&RA=frameNittei&USR=oitkenk&N=670&H=2200783,null
H2200783_56,大分県,第１回,1,23,5,16,臨時,DiscussNetPremium 平成２３年　第１回臨時会（５月） - 05月16日－01号 ,null,,,,小野弘利,,https://www.kaigiroku.net/kensaku/cgi-bin/WWWdocHatugen.exe?A=docHatugen&RA=frameNittei&USR=oitkenk&N=670&H=2200783,null
H2200783_57,大分県,第１回,1,23,5,16,臨時,DiscussNetPremium 平成２３年　第１回臨時会（５月） - 05月16日－01号 ,null,,,,元吉俊博,,https://www.kaigiroku.net/kensaku/cgi-bin/WWWdocHatugen.exe?A=docHatugen&RA=frameNittei&USR=oitkenk&N=670&H=2200783,null
H2200783_58,大分県,第１回,1,23,5,16,臨時,DiscussNetPremium 平成２３年　第１回臨時会（５月） - 05月16日－01号 ,null,,,,大友一夫,,https://www.kaigiroku.net/kensaku/cgi-bin/WWWdocHatugen.exe?A=docHatugen&RA=frameNittei&USR=oitkenk&N=670&H=2200783,null
H2200783_59,大分県,第１回,1,23,5,16,臨時,DiscussNetPremium 平成２３年　第１回臨時会（５月） - 05月16日－01号 ,null,,,,荒金信生,,https://www.kaigiroku.net/kensaku/cgi-bin/WWWdocHatugen.exe?A=docHatugen&RA=frameNittei&USR=oitkenk&N=670&H=2200783,null
H2200783_60,大分県,第１回,1,23,5,16,臨時,DiscussNetPremium 平成２３年　第１回臨時会（５月） - 05月16日－01号 ,null,,,,佐々木敏夫,,https://www.kaigiroku.net/kensaku/cgi-bin/WWWdocHatugen.exe?A=docHatugen&RA=frameNittei&USR=oitkenk&N=670&H=2200783,null
H2200783_61,大分県,第１回,1,23,5,16,臨時,DiscussNetPremium 平成２３年　第１回臨時会（５月） - 05月16日－01号 ,null,,,,戸高賢史,,https://www.kaigiroku.net/kensaku/cgi-bin/WWWdocHatugen.exe?A=docHatugen&RA=frameNittei&USR=oitkenk&N=670&H=2200783,null
H2200783_62,大分県,第１回,1,23,5,16,臨時,DiscussNetPremium 平成２３年　第１回臨時会（５月） - 05月16日－01号 ,null,,,,吉岡美智子,,https://www.kaigiroku.net/kensaku/cgi-bin/WWWdocHatugen.exe?A=docHatugen&RA=frameNittei&USR=oitkenk&N=670&H=2200783,null
H2200783_63,大分県,第１回,1,23,5,16,臨時,DiscussNetPremium 平成２３年　第１回臨時会（５月） - 05月16日－01号 ,null,,,,河野成司,,https://www.kaigiroku.net/kensaku/cgi-bin/WWWdocHatugen.exe?A=docHatugen&RA=frameNittei&USR=oitkenk&N=670&H=2200783,null
H2200783_64,大分県,第１回,1,23,5,16,臨時,DiscussNetPremium 平成２３年　第１回臨時会（５月） - 05月16日－01号 ,null,,,,堤　栄三,,https://www.kaigiroku.net/kensaku/cgi-bin/WWWdocHatugen.exe?A=docHatugen&RA=frameNittei&USR=oitkenk&N=670&H=2200783,null
H2200783_65,大分県,第１回,1,23,5,16,臨時,DiscussNetPremium 平成２３年　第１回臨時会（５月） - 05月16日－01号 ,null,,,,欠席議員　なし,,https://www.kaigiroku.net/kensaku/cgi-bin/WWWdocHatugen.exe?A=docHatugen&RA=frameNittei&USR=oitkenk&N=670&H=2200783,null
H2200783_66,大分県,第１回,1,23,5,16,臨時,DiscussNetPremium 平成２３年　第１回臨時会（５月） - 05月16日－01号 ,null,,,,－－－－－－－－－－－－－－－－－－－－－－－－－－－－－－－,,https://www.kaigiroku.net/kensaku/cgi-bin/WWWdocHatugen.exe?A=docHatugen&RA=frameNittei&USR=oitkenk&N=670&H=2200783,null
H2200783_67,大分県,第１回,1,23,5,16,臨時,DiscussNetPremium 平成２３年　第１回臨時会（５月） - 05月16日－01号 ,null,,,,出席した県側関係者,,https://www.kaigiroku.net/kensaku/cgi-bin/WWWdocHatugen.exe?A=docHatugen&RA=frameNittei&USR=oitkenk&N=670&H=2200783,null
H2200783_68,大分県,第１回,1,23,5,16,臨時,DiscussNetPremium 平成２３年　第１回臨時会（５月） - 05月16日－01号 ,null,,,,知事　　　　　　　　広瀬勝貞,,https://www.kaigiroku.net/kensaku/cgi-bin/WWWdocHatugen.exe?A=docHatugen&RA=frameNittei&USR=oitkenk&N=670&H=2200783,null
H2200783_69,大分県,第１回,1,23,5,16,臨時,DiscussNetPremium 平成２３年　第１回臨時会（５月） - 05月16日－01号 ,null,,,,副知事　　　　　　　二日市具正,,https://www.kaigiroku.net/kensaku/cgi-bin/WWWdocHatugen.exe?A=docHatugen&RA=frameNittei&USR=oitkenk&N=670&H=2200783,null
H2200783_70,大分県,第１回,1,23,5,16,臨時,DiscussNetPremium 平成２３年　第１回臨時会（５月） - 05月16日－01号 ,null,,,,教育委員長　　　　　林　浩昭,,https://www.kaigiroku.net/kensaku/cgi-bin/WWWdocHatugen.exe?A=docHatugen&RA=frameNittei&USR=oitkenk&N=670&H=2200783,null
H2200783_71,大分県,第１回,1,23,5,16,臨時,DiscussNetPremium 平成２３年　第１回臨時会（５月） - 05月16日－01号 ,null,,,,公安委員長　　　　　小手川茂生,,https://www.kaigiroku.net/kensaku/cgi-bin/WWWdocHatugen.exe?A=docHatugen&RA=frameNittei&USR=oitkenk&N=670&H=2200783,null
H2200783_72,大分県,第１回,1,23,5,16,臨時,DiscussNetPremium 平成２３年　第１回臨時会（５月） - 05月16日－01号 ,null,,,,人事委員長　　　　　石井久子,,https://www.kaigiroku.net/kensaku/cgi-bin/WWWdocHatugen.exe?A=docHatugen&RA=frameNittei&USR=oitkenk&N=670&H=2200783,null
H2200783_73,大分県,第１回,1,23,5,16,臨時,DiscussNetPremium 平成２３年　第１回臨時会（５月） - 05月16日－01号 ,null,,,,代表監査委員　　　　米浜光郎,,https://www.kaigiroku.net/kensaku/cgi-bin/WWWdocHatugen.exe?A=docHatugen&RA=frameNittei&USR=oitkenk&N=670&H=2200783,null
H2200783_74,大分県,第１回,1,23,5,16,臨時,DiscussNetPremium 平成２３年　第１回臨時会（５月） - 05月16日－01号 ,null,,,,労働委員会会長　　　麻生昭一,,https://www.kaigiroku.net/kensaku/cgi-bin/WWWdocHatugen.exe?A=docHatugen&RA=frameNittei&USR=oitkenk&N=670&H=2200783,null
H2200783_75,大分県,第１回,1,23,5,16,臨時,DiscussNetPremium 平成２３年　第１回臨時会（５月） - 05月16日－01号 ,null,,,,総務部長　　　　　　奥塚正典,,https://www.kaigiroku.net/kensaku/cgi-bin/WWWdocHatugen.exe?A=docHatugen&RA=frameNittei&USR=oitkenk&N=670&H=2200783,null
H2200783_76,大分県,第１回,1,23,5,16,臨時,DiscussNetPremium 平成２３年　第１回臨時会（５月） - 05月16日－01号 ,null,,,,企業局長　　　　　　緒方浩史,,https://www.kaigiroku.net/kensaku/cgi-bin/WWWdocHatugen.exe?A=docHatugen&RA=frameNittei&USR=oitkenk&N=670&H=2200783,null
H2200783_77,大分県,第１回,1,23,5,16,臨時,DiscussNetPremium 平成２３年　第１回臨時会（５月） - 05月16日－01号 ,null,,,,病院局長　　　　　　坂田久信,,https://www.kaigiroku.net/kensaku/cgi-bin/WWWdocHatugen.exe?A=docHatugen&RA=frameNittei&USR=oitkenk&N=670&H=2200783,null
H2200783_78,大分県,第１回,1,23,5,16,臨時,DiscussNetPremium 平成２３年　第１回臨時会（５月） - 05月16日－01号 ,null,,,,教育長　　　　　　　小矢文則,,https://www.kaigiroku.net/kensaku/cgi-bin/WWWdocHatugen.exe?A=docHatugen&RA=frameNittei&USR=oitkenk&N=670&H=2200783,null
H2200783_79,大分県,第１回,1,23,5,16,臨時,DiscussNetPremium 平成２３年　第１回臨時会（５月） - 05月16日－01号 ,null,,,,警察本部長　　　　　太田滋徳,,https://www.kaigiroku.net/kensaku/cgi-bin/WWWdocHatugen.exe?A=docHatugen&RA=frameNittei&USR=oitkenk&N=670&H=2200783,null
H2200783_80,大分県,第１回,1,23,5,16,臨時,DiscussNetPremium 平成２３年　第１回臨時会（５月） - 05月16日－01号 ,null,,,,企画振興部長　　　　池辺英貴,,https://www.kaigiroku.net/kensaku/cgi-bin/WWWdocHatugen.exe?A=docHatugen&RA=frameNittei&USR=oitkenk&N=670&H=2200783,null
H2200783_81,大分県,第１回,1,23,5,16,臨時,DiscussNetPremium 平成２３年　第１回臨時会（５月） - 05月16日－01号 ,null,,,,福祉保健部長　　　　永松　悟,,https://www.kaigiroku.net/kensaku/cgi-bin/WWWdocHatugen.exe?A=docHatugen&RA=frameNittei&USR=oitkenk&N=670&H=2200783,null
H2200783_82,大分県,第１回,1,23,5,16,臨時,DiscussNetPremium 平成２３年　第１回臨時会（５月） - 05月16日－01号 ,null,,,,生活環境部長　　　　照山龍治,,https://www.kaigiroku.net/kensaku/cgi-bin/WWWdocHatugen.exe?A=docHatugen&RA=frameNittei&USR=oitkenk&N=670&H=2200783,null
H2200783_83,大分県,第１回,1,23,5,16,臨時,DiscussNetPremium 平成２３年　第１回臨時会（５月） - 05月16日－01号 ,null,,,,商工労働部長　　　　山本和徳,,https://www.kaigiroku.net/kensaku/cgi-bin/WWWdocHatugen.exe?A=docHatugen&RA=frameNittei&USR=oitkenk&N=670&H=2200783,null
H2200783_84,大分県,第１回,1,23,5,16,臨時,DiscussNetPremium 平成２３年　第１回臨時会（５月） - 05月16日－01号 ,null,,,,農林水産部長　　　　阿部良秀,,https://www.kaigiroku.net/kensaku/cgi-bin/WWWdocHatugen.exe?A=docHatugen&RA=frameNittei&USR=oitkenk&N=670&H=2200783,null
H2200783_85,大分県,第１回,1,23,5,16,臨時,DiscussNetPremium 平成２３年　第１回臨時会（５月） - 05月16日－01号 ,null,,,,土木建築部長　　　　梅崎健次郎,,https://www.kaigiroku.net/kensaku/cgi-bin/WWWdocHatugen.exe?A=docHatugen&RA=frameNittei&USR=oitkenk&N=670&H=2200783,null
H2200783_86,大分県,第１回,1,23,5,16,臨時,DiscussNetPremium 平成２３年　第１回臨時会（５月） - 05月16日－01号 ,null,,,,会計管理者兼,,https://www.kaigiroku.net/kensaku/cgi-bin/WWWdocHatugen.exe?A=docHatugen&RA=frameNittei&USR=oitkenk&N=670&H=2200783,null
H2200783_87,大分県,第１回,1,23,5,16,臨時,DiscussNetPremium 平成２３年　第１回臨時会（５月） - 05月16日－01号 ,null,,,,平田茂雄,,https://www.kaigiroku.net/kensaku/cgi-bin/WWWdocHatugen.exe?A=docHatugen&RA=frameNittei&USR=oitkenk&N=670&H=2200783,null
H2200783_88,大分県,第１回,1,23,5,16,臨時,DiscussNetPremium 平成２３年　第１回臨時会（５月） - 05月16日－01号 ,null,,,,会計管理局長,,https://www.kaigiroku.net/kensaku/cgi-bin/WWWdocHatugen.exe?A=docHatugen&RA=frameNittei&USR=oitkenk&N=670&H=2200783,null
H2200783_89,大分県,第１回,1,23,5,16,臨時,DiscussNetPremium 平成２３年　第１回臨時会（５月） - 05月16日－01号 ,null,,,,財政課長　　　　　　尾野賢治,,https://www.kaigiroku.net/kensaku/cgi-bin/WWWdocHatugen.exe?A=docHatugen&RA=frameNittei&USR=oitkenk&N=670&H=2200783,null
H2200783_90,大分県,第１回,1,23,5,16,臨時,DiscussNetPremium 平成２３年　第１回臨時会（５月） - 05月16日－01号 ,null,,,,知事室長　　　　　　草野俊介,,https://www.kaigiroku.net/kensaku/cgi-bin/WWWdocHatugen.exe?A=docHatugen&RA=frameNittei&USR=oitkenk&N=670&H=2200783,null
H2200783_91,大分県,第１回,1,23,5,16,臨時,DiscussNetPremium 平成２３年　第１回臨時会（５月） - 05月16日－01号 ,null,,,,－－－－－－－－－－－－－－－－－－－－－－－－－－－－－－－,,https://www.kaigiroku.net/kensaku/cgi-bin/WWWdocHatugen.exe?A=docHatugen&RA=frameNittei&USR=oitkenk&N=670&H=2200783,null
H2200783_92,大分県,第１回,1,23,5,16,臨時,DiscussNetPremium 平成２３年　第１回臨時会（５月） - 05月16日－01号 ,null,,,,午前十一時五十分,,https://www.kaigiroku.net/kensaku/cgi-bin/WWWdocHatugen.exe?A=docHatugen&RA=frameNittei&USR=oitkenk&N=670&H=2200783,null
H2200784_1,大分県,第１回,1,23,5,16,臨時,DiscussNetPremium 平成２３年　第１回臨時会（５月） - 05月16日－01号 ,答弁者,その他,渡辺,議会事務局長,議会事務局長の渡辺でございます。,,https://www.kaigiroku.net/kensaku/cgi-bin/WWWdocHatugen.exe?A=docHatugen&RA=frameNittei&USR=oitkenk&N=670&H=2200784,null
H2200784_2,大分県,第１回,1,23,5,16,臨時,DiscussNetPremium 平成２３年　第１回臨時会（５月） - 05月16日－01号 ,答弁者,その他,渡辺,議会事務局長,開会に先立ちまして、臨時議長をご紹介申し上げます。,,https://www.kaigiroku.net/kensaku/cgi-bin/WWWdocHatugen.exe?A=docHatugen&RA=frameNittei&USR=oitkenk&N=670&H=2200784,null
H2200784_3,大分県,第１回,1,23,5,16,臨時,DiscussNetPremium 平成２３年　第１回臨時会（５月） - 05月16日－01号 ,答弁者,その他,渡辺,議会事務局長,一般選挙後、最初の議会でありますので、議長が選挙されるまでの間、地方自治法第百七条の規定によりまして年長の議員が臨時に議長の職務を行うことになっております。,,https://www.kaigiroku.net/kensaku/cgi-bin/WWWdocHatugen.exe?A=docHatugen&RA=frameNittei&USR=oitkenk&N=670&H=2200784,null
H2200784_4,大分県,第１回,1,23,5,16,臨時,DiscussNetPremium 平成２３年　第１回臨時会（５月） - 05月16日－01号 ,答弁者,その他,渡辺,議会事務局長,出席議員中、由布市選出の近藤和義議員が年長でありますので、ご紹介申し上げます。,,https://www.kaigiroku.net/kensaku/cgi-bin/WWWdocHatugen.exe?A=docHatugen&RA=frameNittei&USR=oitkenk&N=670&H=2200784,null
H2200784_5,大分県,第１回,1,23,5,16,臨時,DiscussNetPremium 平成２３年　第１回臨時会（５月） - 05月16日－01号 ,答弁者,その他,渡辺,議会事務局長,〔近藤臨時議長、議長席に着く〕,,https://www.kaigiroku.net/kensaku/cgi-bin/WWWdocHatugen.exe?A=docHatugen&RA=frameNittei&USR=oitkenk&N=670&H=2200784,null
H2200785_1,大分県,第１回,1,23,5,16,臨時,DiscussNetPremium 平成２３年　第１回臨時会（５月） - 05月16日－01号 ,議長,議長,近藤和義,臨時議長,ただいま紹介されました近藤和義であります。,,https://www.kaigiroku.net/kensaku/cgi-bin/WWWdocHatugen.exe?A=docHatugen&RA=frameNittei&USR=oitkenk&N=670&H=2200785,null
H2200785_2,大分県,第１回,1,23,5,16,臨時,DiscussNetPremium 平成２３年　第１回臨時会（５月） - 05月16日－01号 ,議長,議長,近藤和義,臨時議長,地方自治法第百七条の規定により臨時に議長の職務を行います。,,https://www.kaigiroku.net/kensaku/cgi-bin/WWWdocHatugen.exe?A=docHatugen&RA=frameNittei&USR=oitkenk&N=670&H=2200785,null
H2200785_3,大分県,第１回,1,23,5,16,臨時,DiscussNetPremium 平成２３年　第１回臨時会（５月） - 05月16日－01号 ,議長,議長,近藤和義,臨時議長,何とぞよろしくお願いいたします。,,https://www.kaigiroku.net/kensaku/cgi-bin/WWWdocHatugen.exe?A=docHatugen&RA=frameNittei&USR=oitkenk&N=670&H=2200785,null
H2200785_4,大分県,第１回,1,23,5,16,臨時,DiscussNetPremium 平成２３年　第１回臨時会（５月） - 05月16日－01号 ,議長,議長,近藤和義,臨時議長,－－－－－－－－－－－－－－－－－－－－－－－－－－－－－－－,,https://www.kaigiroku.net/kensaku/cgi-bin/WWWdocHatugen.exe?A=docHatugen&RA=frameNittei&USR=oitkenk&N=670&H=2200785,null
H2200786_1,大分県,第１回,1,23,5,16,臨時,DiscussNetPremium 平成２３年　第１回臨時会（５月） - 05月16日－01号 ,議長,議長,近藤和義,臨時議長,初めに、議員の自己紹介を行います。,,https://www.kaigiroku.net/kensaku/cgi-bin/WWWdocHatugen.exe?A=docHatugen&RA=frameNittei&USR=oitkenk&N=670&H=2200786,null
H2200786_2,大分県,第１回,1,23,5,16,臨時,DiscussNetPremium 平成２３年　第１回臨時会（５月） - 05月16日－01号 ,議長,議長,近藤和義,臨時議長,阿部英仁議員から順次、ご起立の上、選挙区と氏名をご紹介願います。,,https://www.kaigiroku.net/kensaku/cgi-bin/WWWdocHatugen.exe?A=docHatugen&RA=frameNittei&USR=oitkenk&N=670&H=2200786,null
H2200786_3,大分県,第１回,1,23,5,16,臨時,DiscussNetPremium 平成２３年　第１回臨時会（５月） - 05月16日－01号 ,議長,議長,近藤和義,臨時議長,〔議員自己紹介〕,,https://www.kaigiroku.net/kensaku/cgi-bin/WWWdocHatugen.exe?A=docHatugen&RA=frameNittei&USR=oitkenk&N=670&H=2200786,null
H2200787_1,大分県,第１回,1,23,5,16,臨時,DiscussNetPremium 平成２３年　第１回臨時会（５月） - 05月16日－01号 ,議長,議長,近藤和義,臨時議長,次に、知事からごあいさつがあります。,,https://www.kaigiroku.net/kensaku/cgi-bin/WWWdocHatugen.exe?A=docHatugen&RA=frameNittei&USR=oitkenk&N=670&H=2200787,null
H2200787_2,大分県,第１回,1,23,5,16,臨時,DiscussNetPremium 平成２３年　第１回臨時会（５月） - 05月16日－01号 ,議長,議長,近藤和義,臨時議長,広瀬知事。,,https://www.kaigiroku.net/kensaku/cgi-bin/WWWdocHatugen.exe?A=docHatugen&RA=frameNittei&USR=oitkenk&N=670&H=2200787,null
H2200787_3,大分県,第１回,1,23,5,16,臨時,DiscussNetPremium 平成２３年　第１回臨時会（５月） - 05月16日－01号 ,議長,議長,近藤和義,臨時議長,〔広瀬知事登壇〕,,https://www.kaigiroku.net/kensaku/cgi-bin/WWWdocHatugen.exe?A=docHatugen&RA=frameNittei&USR=oitkenk&N=670&H=2200787,null
H2200788_1,大分県,第１回,1,23,5,16,臨時,DiscussNetPremium 平成２３年　第１回臨時会（５月） - 05月16日－01号 ,答弁者,知事,広瀬勝貞,知事,臨時議会の開催に当たりまして、ごあいさつを申し上げます。,,https://www.kaigiroku.net/kensaku/cgi-bin/WWWdocHatugen.exe?A=docHatugen&RA=frameNittei&USR=oitkenk&N=670&H=2200788,null
H2200788_2,大分県,第１回,1,23,5,16,臨時,DiscussNetPremium 平成２３年　第１回臨時会（５月） - 05月16日－01号 ,答弁者,知事,広瀬勝貞,知事,まずは、議員各位におかれましては、このたび、めでたく当選を果たされましたことを心からお喜び申し上げます。,,https://www.kaigiroku.net/kensaku/cgi-bin/WWWdocHatugen.exe?A=docHatugen&RA=frameNittei&USR=oitkenk&N=670&H=2200788,null
H2200788_3,大分県,第１回,1,23,5,16,臨時,DiscussNetPremium 平成２３年　第１回臨時会（５月） - 05月16日－01号 ,答弁者,知事,広瀬勝貞,知事,皆様方には、これから県民を代表し、県勢の伸展と県民福祉の向上に一層のご活躍を賜りますようお願い申し上げます。,,https://www.kaigiroku.net/kensaku/cgi-bin/WWWdocHatugen.exe?A=docHatugen&RA=frameNittei&USR=oitkenk&N=670&H=2200788,null
H2200788_4,大分県,第１回,1,23,5,16,臨時,DiscussNetPremium 平成２３年　第１回臨時会（５月） - 05月16日－01号 ,答弁者,知事,広瀬勝貞,知事,さて、私も今回の知事選におきまして、県民の信任をいただき、引き続き県政を担当させていただくことになりました。,,https://www.kaigiroku.net/kensaku/cgi-bin/WWWdocHatugen.exe?A=docHatugen&RA=frameNittei&USR=oitkenk&N=670&H=2200788,null
H2200788_5,大分県,第１回,1,23,5,16,臨時,DiscussNetPremium 平成２３年　第１回臨時会（５月） - 05月16日－01号 ,答弁者,知事,広瀬勝貞,知事,これもひとえに、議員各位のご指導、県民の皆さんのご支援のたまものでありまして、心から御礼を申し上げます。,,https://www.kaigiroku.net/kensaku/cgi-bin/WWWdocHatugen.exe?A=docHatugen&RA=frameNittei&USR=oitkenk&N=670&H=2200788,null
H2200788_6,大分県,第１回,1,23,5,16,臨時,DiscussNetPremium 平成２３年　第１回臨時会（５月） - 05月16日－01号 ,答弁者,知事,広瀬勝貞,知事,多くの県民に支持をいただいたということは、それにこたえる大きな責任を負ったということでもありまして、改めて気を引き締めているところであります。,,https://www.kaigiroku.net/kensaku/cgi-bin/WWWdocHatugen.exe?A=docHatugen&RA=frameNittei&USR=oitkenk&N=670&H=2200788,null
H2200788_7,大分県,第１回,1,23,5,16,臨時,DiscussNetPremium 平成２３年　第１回臨時会（５月） - 05月16日－01号 ,答弁者,知事,広瀬勝貞,知事,私はこれからも、県政の主役は県民、県民中心の県政の基本に立って、「安心」「活力」「発展」の大分県づくりを推進してまいります。,,https://www.kaigiroku.net/kensaku/cgi-bin/WWWdocHatugen.exe?A=docHatugen&RA=frameNittei&USR=oitkenk&N=670&H=2200788,null
H2200788_8,大分県,第１回,1,23,5,16,臨時,DiscussNetPremium 平成２３年　第１回臨時会（５月） - 05月16日－01号 ,答弁者,知事,広瀬勝貞,知事,第一に、互いに支え合い助け合って安心、安全の大分県をつくっていくことであります。,,https://www.kaigiroku.net/kensaku/cgi-bin/WWWdocHatugen.exe?A=docHatugen&RA=frameNittei&USR=oitkenk&N=670&H=2200788,null
H2200788_9,大分県,第１回,1,23,5,16,臨時,DiscussNetPremium 平成２３年　第１回臨時会（５月） - 05月16日－01号 ,答弁者,知事,広瀬勝貞,知事,高齢者に対する応援、子育て満足度の向上、障害者の自立支援などに力を入れてまいります。,,https://www.kaigiroku.net/kensaku/cgi-bin/WWWdocHatugen.exe?A=docHatugen&RA=frameNittei&USR=oitkenk&N=670&H=2200788,null
H2200788_10,大分県,第１回,1,23,5,16,臨時,DiscussNetPremium 平成２３年　第１回臨時会（５月） - 05月16日－01号 ,答弁者,知事,広瀬勝貞,知事,第二に、生き生きと暮らし働くことのできる活力のある大分県をつくることであります。,,https://www.kaigiroku.net/kensaku/cgi-bin/WWWdocHatugen.exe?A=docHatugen&RA=frameNittei&USR=oitkenk&N=670&H=2200788,null
H2200788_11,大分県,第１回,1,23,5,16,臨時,DiscussNetPremium 平成２３年　第１回臨時会（５月） - 05月16日－01号 ,答弁者,知事,広瀬勝貞,知事,農林水産業の振興、産業集積の深化と地場中小企業の支援、観光ツーリズムの積極的展開などに取り組みます。,,https://www.kaigiroku.net/kensaku/cgi-bin/WWWdocHatugen.exe?A=docHatugen&RA=frameNittei&USR=oitkenk&N=670&H=2200788,null
H2200788_12,大分県,第１回,1,23,5,16,臨時,DiscussNetPremium 平成２３年　第１回臨時会（５月） - 05月16日－01号 ,答弁者,知事,広瀬勝貞,知事,第三に、人を育て、社会資本を整え、発展する大分県をつくっていくことであります。,,https://www.kaigiroku.net/kensaku/cgi-bin/WWWdocHatugen.exe?A=docHatugen&RA=frameNittei&USR=oitkenk&N=670&H=2200788,null
H2200788_13,大分県,第１回,1,23,5,16,臨時,DiscussNetPremium 平成２３年　第１回臨時会（５月） - 05月16日－01号 ,答弁者,知事,広瀬勝貞,知事,教育の再生と芸術文化の振興に努力するとともに、将来発展の布石として社会資本の整備も進めます。,,https://www.kaigiroku.net/kensaku/cgi-bin/WWWdocHatugen.exe?A=docHatugen&RA=frameNittei&USR=oitkenk&N=670&H=2200788,null
H2200788_14,大分県,第１回,1,23,5,16,臨時,DiscussNetPremium 平成２３年　第１回臨時会（５月） - 05月16日－01号 ,答弁者,知事,広瀬勝貞,知事,また、引き続き行財政改革を進めて、「安心」「活力」「発展」の大分県づくりの基盤を整えてまいります。,,https://www.kaigiroku.net/kensaku/cgi-bin/WWWdocHatugen.exe?A=docHatugen&RA=frameNittei&USR=oitkenk&N=670&H=2200788,null
H2200788_15,大分県,第１回,1,23,5,16,臨時,DiscussNetPremium 平成２３年　第１回臨時会（５月） - 05月16日－01号 ,答弁者,知事,広瀬勝貞,知事,そんな中、東日本大震災がありました。,,https://www.kaigiroku.net/kensaku/cgi-bin/WWWdocHatugen.exe?A=docHatugen&RA=frameNittei&USR=oitkenk&N=670&H=2200788,null
H2200788_16,大分県,第１回,1,23,5,16,臨時,DiscussNetPremium 平成２３年　第１回臨時会（５月） - 05月16日－01号 ,答弁者,知事,広瀬勝貞,知事,被災地、被災者の皆さんの支援にできるだけの取り組みを行うとともに、振り返って本県の防災対策の検証等をしっかりやってまいります。,,https://www.kaigiroku.net/kensaku/cgi-bin/WWWdocHatugen.exe?A=docHatugen&RA=frameNittei&USR=oitkenk&N=670&H=2200788,null
H2200788_17,大分県,第１回,1,23,5,16,臨時,DiscussNetPremium 平成２３年　第１回臨時会（５月） - 05月16日－01号 ,答弁者,知事,広瀬勝貞,知事,しばらくは東日本のことを考えながら西日本で日本経済全体の下支えをするという気持ちで景気や雇用対策も進めてまいります。,,https://www.kaigiroku.net/kensaku/cgi-bin/WWWdocHatugen.exe?A=docHatugen&RA=frameNittei&USR=oitkenk&N=670&H=2200788,null
H2200788_18,大分県,第１回,1,23,5,16,臨時,DiscussNetPremium 平成２３年　第１回臨時会（５月） - 05月16日－01号 ,答弁者,知事,広瀬勝貞,知事,大変難しい時期の門出となりましたけれども、初心忘るべからずという思いで、アンテナを高く掲げて時代の流れを見通し、現場から学び判断する現場主義を貫いてまいります。,,https://www.kaigiroku.net/kensaku/cgi-bin/WWWdocHatugen.exe?A=docHatugen&RA=frameNittei&USR=oitkenk&N=670&H=2200788,null
H2200788_19,大分県,第１回,1,23,5,16,臨時,DiscussNetPremium 平成２３年　第１回臨時会（５月） - 05月16日－01号 ,答弁者,知事,広瀬勝貞,知事,議員各位におかれましては、引き続き格別のご指導、ご協力を賜りますよう切にお願いを申し上げます。,,https://www.kaigiroku.net/kensaku/cgi-bin/WWWdocHatugen.exe?A=docHatugen&RA=frameNittei&USR=oitkenk&N=670&H=2200788,null
H2200789_1,大分県,第１回,1,23,5,16,臨時,DiscussNetPremium 平成２３年　第１回臨時会（５月） - 05月16日－01号 ,議長,議長,近藤和義,臨時議長,次に、執行部の自己紹介を願います。,,https://www.kaigiroku.net/kensaku/cgi-bin/WWWdocHatugen.exe?A=docHatugen&RA=frameNittei&USR=oitkenk&N=670&H=2200789,null
H2200789_2,大分県,第１回,1,23,5,16,臨時,DiscussNetPremium 平成２３年　第１回臨時会（５月） - 05月16日－01号 ,議長,議長,近藤和義,臨時議長,〔執行部職員自己紹介〕,,https://www.kaigiroku.net/kensaku/cgi-bin/WWWdocHatugen.exe?A=docHatugen&RA=frameNittei&USR=oitkenk&N=670&H=2200789,null
H2200790_1,大分県,第１回,1,23,5,16,臨時,DiscussNetPremium 平成２３年　第１回臨時会（５月） - 05月16日－01号 ,議長,議長,近藤和義,臨時議長,以上をもちまして紹介及びあいさつを終わります。,,https://www.kaigiroku.net/kensaku/cgi-bin/WWWdocHatugen.exe?A=docHatugen&RA=frameNittei&USR=oitkenk&N=670&H=2200790,null
H2200790_2,大分県,第１回,1,23,5,16,臨時,DiscussNetPremium 平成２３年　第１回臨時会（５月） - 05月16日－01号 ,議長,議長,近藤和義,臨時議長,－－－－－－－－－－－－－－－－－－－－－－－－－－－－－－－,,https://www.kaigiroku.net/kensaku/cgi-bin/WWWdocHatugen.exe?A=docHatugen&RA=frameNittei&USR=oitkenk&N=670&H=2200790,null
H2200790_3,大分県,第１回,1,23,5,16,臨時,DiscussNetPremium 平成２３年　第１回臨時会（５月） - 05月16日－01号 ,議長,議長,近藤和義,臨時議長,午後零時二分　開会,,https://www.kaigiroku.net/kensaku/cgi-bin/WWWdocHatugen.exe?A=docHatugen&RA=frameNittei&USR=oitkenk&N=670&H=2200790,null
H2200791_1,大分県,第１回,1,23,5,16,臨時,DiscussNetPremium 平成２３年　第１回臨時会（５月） - 05月16日－01号 ,議長,議長,近藤和義,臨時議長,ただいまから平成二十三年第一回臨時会を開会いたします。,,https://www.kaigiroku.net/kensaku/cgi-bin/WWWdocHatugen.exe?A=docHatugen&RA=frameNittei&USR=oitkenk&N=670&H=2200791,null
H2200791_2,大分県,第１回,1,23,5,16,臨時,DiscussNetPremium 平成２３年　第１回臨時会（５月） - 05月16日－01号 ,議長,議長,近藤和義,臨時議長,－－－－－－－－－－－－－－－－－－－－－－－－－－－－－－－,,https://www.kaigiroku.net/kensaku/cgi-bin/WWWdocHatugen.exe?A=docHatugen&RA=frameNittei&USR=oitkenk&N=670&H=2200791,null
H2200792_1,大分県,第１回,1,23,5,16,臨時,DiscussNetPremium 平成２３年　第１回臨時会（５月） - 05月16日－01号 ,議長,議長,近藤和義,臨時議長,これより本日の会議を開きます。,,https://www.kaigiroku.net/kensaku/cgi-bin/WWWdocHatugen.exe?A=docHatugen&RA=frameNittei&USR=oitkenk&N=670&H=2200792,null
H2200792_2,大分県,第１回,1,23,5,16,臨時,DiscussNetPremium 平成２３年　第１回臨時会（５月） - 05月16日－01号 ,議長,議長,近藤和義,臨時議長,－－－－－－－－－－－－－－－－－－－－－－－－－－－－－－－,,https://www.kaigiroku.net/kensaku/cgi-bin/WWWdocHatugen.exe?A=docHatugen&RA=frameNittei&USR=oitkenk&N=670&H=2200792,null
H2200793_1,大分県,第１回,1,23,5,16,臨時,DiscussNetPremium 平成２３年　第１回臨時会（５月） - 05月16日－01号 ,議長,議長,近藤和義,臨時議長,本日の議事は、お手元に配付の議事日程第一号により行います。,,https://www.kaigiroku.net/kensaku/cgi-bin/WWWdocHatugen.exe?A=docHatugen&RA=frameNittei&USR=oitkenk&N=670&H=2200793,null
H2200793_2,大分県,第１回,1,23,5,16,臨時,DiscussNetPremium 平成２３年　第１回臨時会（５月） - 05月16日－01号 ,議長,議長,近藤和義,臨時議長,－－－－－－－－－－－－－－－－－－－－－－－－－－－－－－－,,https://www.kaigiroku.net/kensaku/cgi-bin/WWWdocHatugen.exe?A=docHatugen&RA=frameNittei&USR=oitkenk&N=670&H=2200793,null
H2200795_1,大分県,第１回,1,23,5,16,臨時,DiscussNetPremium 平成２３年　第１回臨時会（５月） - 05月16日－01号 ,議長,議長,近藤和義,臨時議長,日程第一、議席の決定を行います。,,https://www.kaigiroku.net/kensaku/cgi-bin/WWWdocHatugen.exe?A=docHatugen&RA=frameNittei&USR=oitkenk&N=670&H=2200795,null
H2200795_2,大分県,第１回,1,23,5,16,臨時,DiscussNetPremium 平成２３年　第１回臨時会（５月） - 05月16日－01号 ,議長,議長,近藤和義,臨時議長,議席は、お手元に配付の議席番号表のとおりといたしたいと思います。,,https://www.kaigiroku.net/kensaku/cgi-bin/WWWdocHatugen.exe?A=docHatugen&RA=frameNittei&USR=oitkenk&N=670&H=2200795,null
H2200795_3,大分県,第１回,1,23,5,16,臨時,DiscussNetPremium 平成２３年　第１回臨時会（５月） - 05月16日－01号 ,議長,議長,近藤和義,臨時議長,これにご異議ありませんか。,,https://www.kaigiroku.net/kensaku/cgi-bin/WWWdocHatugen.exe?A=docHatugen&RA=frameNittei&USR=oitkenk&N=670&H=2200795,null
H2200795_4,大分県,第１回,1,23,5,16,臨時,DiscussNetPremium 平成２３年　第１回臨時会（５月） - 05月16日－01号 ,議長,議長,近藤和義,臨時議長,〔「異議なし」と呼ぶ者あり〕,,https://www.kaigiroku.net/kensaku/cgi-bin/WWWdocHatugen.exe?A=docHatugen&RA=frameNittei&USR=oitkenk&N=670&H=2200795,null
H2200796_1,大分県,第１回,1,23,5,16,臨時,DiscussNetPremium 平成２３年　第１回臨時会（５月） - 05月16日－01号 ,議長,議長,近藤和義,臨時議長,ご異議なしと認めます。,,https://www.kaigiroku.net/kensaku/cgi-bin/WWWdocHatugen.exe?A=docHatugen&RA=frameNittei&USR=oitkenk&N=670&H=2200796,null
H2200796_2,大分県,第１回,1,23,5,16,臨時,DiscussNetPremium 平成２３年　第１回臨時会（５月） - 05月16日－01号 ,議長,議長,近藤和義,臨時議長,よって、議席は議席番号表のとおり決定いたしました。,,https://www.kaigiroku.net/kensaku/cgi-bin/WWWdocHatugen.exe?A=docHatugen&RA=frameNittei&USR=oitkenk&N=670&H=2200796,null
H2200796_3,大分県,第１回,1,23,5,16,臨時,DiscussNetPremium 平成２３年　第１回臨時会（５月） - 05月16日－01号 ,議長,議長,近藤和義,臨時議長,－－－－－－－－－－－－－－－－－－－－－－－－－－－－－－－,,https://www.kaigiroku.net/kensaku/cgi-bin/WWWdocHatugen.exe?A=docHatugen&RA=frameNittei&USR=oitkenk&N=670&H=2200796,null
H2200796_4,大分県,第１回,1,23,5,16,臨時,DiscussNetPremium 平成２３年　第１回臨時会（５月） - 05月16日－01号 ,議長,議長,近藤和義,臨時議長,議席番号表,,https://www.kaigiroku.net/kensaku/cgi-bin/WWWdocHatugen.exe?A=docHatugen&RA=frameNittei&USR=oitkenk&N=670&H=2200796,null
H2200796_5,大分県,第１回,1,23,5,16,臨時,DiscussNetPremium 平成２３年　第１回臨時会（５月） - 05月16日－01号 ,議長,議長,近藤和義,臨時議長,一番　阿部英仁,,https://www.kaigiroku.net/kensaku/cgi-bin/WWWdocHatugen.exe?A=docHatugen&RA=frameNittei&USR=oitkenk&N=670&H=2200796,null
H2200796_6,大分県,第１回,1,23,5,16,臨時,DiscussNetPremium 平成２３年　第１回臨時会（５月） - 05月16日－01号 ,議長,議長,近藤和義,臨時議長,二番　近藤和義,,https://www.kaigiroku.net/kensaku/cgi-bin/WWWdocHatugen.exe?A=docHatugen&RA=frameNittei&USR=oitkenk&N=670&H=2200796,null
H2200796_7,大分県,第１回,1,23,5,16,臨時,DiscussNetPremium 平成２３年　第１回臨時会（５月） - 05月16日－01号 ,議長,議長,近藤和義,臨時議長,三番　古手川正治,,https://www.kaigiroku.net/kensaku/cgi-bin/WWWdocHatugen.exe?A=docHatugen&RA=frameNittei&USR=oitkenk&N=670&H=2200796,null
H2200796_8,大分県,第１回,1,23,5,16,臨時,DiscussNetPremium 平成２３年　第１回臨時会（５月） - 05月16日－01号 ,議長,議長,近藤和義,臨時議長,四番　土居昌弘,,https://www.kaigiroku.net/kensaku/cgi-bin/WWWdocHatugen.exe?A=docHatugen&RA=frameNittei&USR=oitkenk&N=670&H=2200796,null
H2200796_9,大分県,第１回,1,23,5,16,臨時,DiscussNetPremium 平成２３年　第１回臨時会（５月） - 05月16日－01号 ,議長,議長,近藤和義,臨時議長,五番　嶋　幸一,,https://www.kaigiroku.net/kensaku/cgi-bin/WWWdocHatugen.exe?A=docHatugen&RA=frameNittei&USR=oitkenk&N=670&H=2200796,null
H2200796_10,大分県,第１回,1,23,5,16,臨時,DiscussNetPremium 平成２３年　第１回臨時会（５月） - 05月16日－01号 ,議長,議長,近藤和義,臨時議長,六番　毛利正徳,,https://www.kaigiroku.net/kensaku/cgi-bin/WWWdocHatugen.exe?A=docHatugen&RA=frameNittei&USR=oitkenk&N=670&H=2200796,null
H2200796_11,大分県,第１回,1,23,5,16,臨時,DiscussNetPremium 平成２３年　第１回臨時会（５月） - 05月16日－01号 ,議長,議長,近藤和義,臨時議長,七番　油布勝秀,,https://www.kaigiroku.net/kensaku/cgi-bin/WWWdocHatugen.exe?A=docHatugen&RA=frameNittei&USR=oitkenk&N=670&H=2200796,null
H2200796_12,大分県,第１回,1,23,5,16,臨時,DiscussNetPremium 平成２３年　第１回臨時会（５月） - 05月16日－01号 ,議長,議長,近藤和義,臨時議長,八番　衛藤明和,,https://www.kaigiroku.net/kensaku/cgi-bin/WWWdocHatugen.exe?A=docHatugen&RA=frameNittei&USR=oitkenk&N=670&H=2200796,null
H2200796_13,大分県,第１回,1,23,5,16,臨時,DiscussNetPremium 平成２３年　第１回臨時会（５月） - 05月16日－01号 ,議長,議長,近藤和義,臨時議長,九番　濱田　洋,,https://www.kaigiroku.net/kensaku/cgi-bin/WWWdocHatugen.exe?A=docHatugen&RA=frameNittei&USR=oitkenk&N=670&H=2200796,null
H2200796_14,大分県,第１回,1,23,5,16,臨時,DiscussNetPremium 平成２３年　第１回臨時会（５月） - 05月16日－01号 ,議長,議長,近藤和義,臨時議長,十番　三浦　公,,https://www.kaigiroku.net/kensaku/cgi-bin/WWWdocHatugen.exe?A=docHatugen&RA=frameNittei&USR=oitkenk&N=670&H=2200796,null
H2200796_15,大分県,第１回,1,23,5,16,臨時,DiscussNetPremium 平成２３年　第１回臨時会（５月） - 05月16日－01号 ,議長,議長,近藤和義,臨時議長,十一番　末宗秀雄,,https://www.kaigiroku.net/kensaku/cgi-bin/WWWdocHatugen.exe?A=docHatugen&RA=frameNittei&USR=oitkenk&N=670&H=2200796,null
H2200796_16,大分県,第１回,1,23,5,16,臨時,DiscussNetPremium 平成２３年　第１回臨時会（５月） - 05月16日－01号 ,議長,議長,近藤和義,臨時議長,十二番　御手洗吉生,,https://www.kaigiroku.net/kensaku/cgi-bin/WWWdocHatugen.exe?A=docHatugen&RA=frameNittei&USR=oitkenk&N=670&H=2200796,null
H2200796_17,大分県,第１回,1,23,5,16,臨時,DiscussNetPremium 平成２３年　第１回臨時会（５月） - 05月16日－01号 ,議長,議長,近藤和義,臨時議長,十三番　桜木　博,,https://www.kaigiroku.net/kensaku/cgi-bin/WWWdocHatugen.exe?A=docHatugen&RA=frameNittei&USR=oitkenk&N=670&H=2200796,null
H2200796_18,大分県,第１回,1,23,5,16,臨時,DiscussNetPremium 平成２３年　第１回臨時会（５月） - 05月16日－01号 ,議長,議長,近藤和義,臨時議長,十四番　麻生栄作,,https://www.kaigiroku.net/kensaku/cgi-bin/WWWdocHatugen.exe?A=docHatugen&RA=frameNittei&USR=oitkenk&N=670&H=2200796,null
H2200796_19,大分県,第１回,1,23,5,16,臨時,DiscussNetPremium 平成２３年　第１回臨時会（５月） - 05月16日－01号 ,議長,議長,近藤和義,臨時議長,十五番　田中利明,,https://www.kaigiroku.net/kensaku/cgi-bin/WWWdocHatugen.exe?A=docHatugen&RA=frameNittei&USR=oitkenk&N=670&H=2200796,null
H2200796_20,大分県,第１回,1,23,5,16,臨時,DiscussNetPremium 平成２３年　第１回臨時会（５月） - 05月16日－01号 ,議長,議長,近藤和義,臨時議長,十六番　渕　健児,,https://www.kaigiroku.net/kensaku/cgi-bin/WWWdocHatugen.exe?A=docHatugen&RA=frameNittei&USR=oitkenk&N=670&H=2200796,null
H2200796_21,大分県,第１回,1,23,5,16,臨時,DiscussNetPremium 平成２３年　第１回臨時会（５月） - 05月16日－01号 ,議長,議長,近藤和義,臨時議長,十七番　志村　学,,https://www.kaigiroku.net/kensaku/cgi-bin/WWWdocHatugen.exe?A=docHatugen&RA=frameNittei&USR=oitkenk&N=670&H=2200796,null
H2200796_22,大分県,第１回,1,23,5,16,臨時,DiscussNetPremium 平成２３年　第１回臨時会（５月） - 05月16日－01号 ,議長,議長,近藤和義,臨時議長,十八番　牧野浩朗,,https://www.kaigiroku.net/kensaku/cgi-bin/WWWdocHatugen.exe?A=docHatugen&RA=frameNittei&USR=oitkenk&N=670&H=2200796,null
H2200796_23,大分県,第１回,1,23,5,16,臨時,DiscussNetPremium 平成２３年　第１回臨時会（５月） - 05月16日－01号 ,議長,議長,近藤和義,臨時議長,十九番　三浦正臣,,https://www.kaigiroku.net/kensaku/cgi-bin/WWWdocHatugen.exe?A=docHatugen&RA=frameNittei&USR=oitkenk&N=670&H=2200796,null
H2200796_24,大分県,第１回,1,23,5,16,臨時,DiscussNetPremium 平成２３年　第１回臨時会（５月） - 05月16日－01号 ,議長,議長,近藤和義,臨時議長,二十番　守永信幸,,https://www.kaigiroku.net/kensaku/cgi-bin/WWWdocHatugen.exe?A=docHatugen&RA=frameNittei&USR=oitkenk&N=670&H=2200796,null
H2200796_25,大分県,第１回,1,23,5,16,臨時,DiscussNetPremium 平成２３年　第１回臨時会（５月） - 05月16日－01号 ,議長,議長,近藤和義,臨時議長,二十一番　藤田正道,,https://www.kaigiroku.net/kensaku/cgi-bin/WWWdocHatugen.exe?A=docHatugen&RA=frameNittei&USR=oitkenk&N=670&H=2200796,null
H2200796_26,大分県,第１回,1,23,5,16,臨時,DiscussNetPremium 平成２３年　第１回臨時会（５月） - 05月16日－01号 ,議長,議長,近藤和義,臨時議長,二十二番　原田孝司,,https://www.kaigiroku.net/kensaku/cgi-bin/WWWdocHatugen.exe?A=docHatugen&RA=frameNittei&USR=oitkenk&N=670&H=2200796,null
H2200796_27,大分県,第１回,1,23,5,16,臨時,DiscussNetPremium 平成２３年　第１回臨時会（５月） - 05月16日－01号 ,議長,議長,近藤和義,臨時議長,二十三番　小嶋秀行,,https://www.kaigiroku.net/kensaku/cgi-bin/WWWdocHatugen.exe?A=docHatugen&RA=frameNittei&USR=oitkenk&N=670&H=2200796,null
H2200796_28,大分県,第１回,1,23,5,16,臨時,DiscussNetPremium 平成２３年　第１回臨時会（５月） - 05月16日－01号 ,議長,議長,近藤和義,臨時議長,二十四番　馬場　林,,https://www.kaigiroku.net/kensaku/cgi-bin/WWWdocHatugen.exe?A=docHatugen&RA=frameNittei&USR=oitkenk&N=670&H=2200796,null
H2200796_29,大分県,第１回,1,23,5,16,臨時,DiscussNetPremium 平成２３年　第１回臨時会（５月） - 05月16日－01号 ,議長,議長,近藤和義,臨時議長,二十五番　尾島保彦,,https://www.kaigiroku.net/kensaku/cgi-bin/WWWdocHatugen.exe?A=docHatugen&RA=frameNittei&USR=oitkenk&N=670&H=2200796,null
H2200796_30,大分県,第１回,1,23,5,16,臨時,DiscussNetPremium 平成２３年　第１回臨時会（５月） - 05月16日－01号 ,議長,議長,近藤和義,臨時議長,二十六番　後藤政義,,https://www.kaigiroku.net/kensaku/cgi-bin/WWWdocHatugen.exe?A=docHatugen&RA=frameNittei&USR=oitkenk&N=670&H=2200796,null
H2200796_31,大分県,第１回,1,23,5,16,臨時,DiscussNetPremium 平成２３年　第１回臨時会（５月） - 05月16日－01号 ,議長,議長,近藤和義,臨時議長,二十七番　竹内小代美,,https://www.kaigiroku.net/kensaku/cgi-bin/WWWdocHatugen.exe?A=docHatugen&RA=frameNittei&USR=oitkenk&N=670&H=2200796,null
H2200796_32,大分県,第１回,1,23,5,16,臨時,DiscussNetPremium 平成２３年　第１回臨時会（５月） - 05月16日－01号 ,議長,議長,近藤和義,臨時議長,二十八番　玉田輝義,,https://www.kaigiroku.net/kensaku/cgi-bin/WWWdocHatugen.exe?A=docHatugen&RA=frameNittei&USR=oitkenk&N=670&H=2200796,null
H2200796_33,大分県,第１回,1,23,5,16,臨時,DiscussNetPremium 平成２３年　第１回臨時会（５月） - 05月16日－01号 ,議長,議長,近藤和義,臨時議長,二十九番　深津栄一,,https://www.kaigiroku.net/kensaku/cgi-bin/WWWdocHatugen.exe?A=docHatugen&RA=frameNittei&USR=oitkenk&N=670&H=2200796,null
H2200796_34,大分県,第１回,1,23,5,16,臨時,DiscussNetPremium 平成２３年　第１回臨時会（５月） - 05月16日－01号 ,議長,議長,近藤和義,臨時議長,三十番　酒井喜親,,https://www.kaigiroku.net/kensaku/cgi-bin/WWWdocHatugen.exe?A=docHatugen&RA=frameNittei&USR=oitkenk&N=670&H=2200796,null
H2200796_35,大分県,第１回,1,23,5,16,臨時,DiscussNetPremium 平成２３年　第１回臨時会（５月） - 05月16日－01号 ,議長,議長,近藤和義,臨時議長,三十一番　首藤隆憲,,https://www.kaigiroku.net/kensaku/cgi-bin/WWWdocHatugen.exe?A=docHatugen&RA=frameNittei&USR=oitkenk&N=670&H=2200796,null
H2200796_36,大分県,第１回,1,23,5,16,臨時,DiscussNetPremium 平成２３年　第１回臨時会（５月） - 05月16日－01号 ,議長,議長,近藤和義,臨時議長,三十二番　平岩純子,,https://www.kaigiroku.net/kensaku/cgi-bin/WWWdocHatugen.exe?A=docHatugen&RA=frameNittei&USR=oitkenk&N=670&H=2200796,null
H2200796_37,大分県,第１回,1,23,5,16,臨時,DiscussNetPremium 平成２３年　第１回臨時会（５月） - 05月16日－01号 ,議長,議長,近藤和義,臨時議長,三十三番　江藤清志,,https://www.kaigiroku.net/kensaku/cgi-bin/WWWdocHatugen.exe?A=docHatugen&RA=frameNittei&USR=oitkenk&N=670&H=2200796,null
H2200796_38,大分県,第１回,1,23,5,16,臨時,DiscussNetPremium 平成２３年　第１回臨時会（５月） - 05月16日－01号 ,議長,議長,近藤和義,臨時議長,三十四番　久原和弘,,https://www.kaigiroku.net/kensaku/cgi-bin/WWWdocHatugen.exe?A=docHatugen&RA=frameNittei&USR=oitkenk&N=670&H=2200796,null
H2200796_39,大分県,第１回,1,23,5,16,臨時,DiscussNetPremium 平成２３年　第１回臨時会（５月） - 05月16日－01号 ,議長,議長,近藤和義,臨時議長,三十五番　小野弘利,,https://www.kaigiroku.net/kensaku/cgi-bin/WWWdocHatugen.exe?A=docHatugen&RA=frameNittei&USR=oitkenk&N=670&H=2200796,null
H2200796_40,大分県,第１回,1,23,5,16,臨時,DiscussNetPremium 平成２３年　第１回臨時会（５月） - 05月16日－01号 ,議長,議長,近藤和義,臨時議長,三十六番　元吉俊博,,https://www.kaigiroku.net/kensaku/cgi-bin/WWWdocHatugen.exe?A=docHatugen&RA=frameNittei&USR=oitkenk&N=670&H=2200796,null
H2200796_41,大分県,第１回,1,23,5,16,臨時,DiscussNetPremium 平成２３年　第１回臨時会（５月） - 05月16日－01号 ,議長,議長,近藤和義,臨時議長,三十七番　大友一夫,,https://www.kaigiroku.net/kensaku/cgi-bin/WWWdocHatugen.exe?A=docHatugen&RA=frameNittei&USR=oitkenk&N=670&H=2200796,null
H2200796_42,大分県,第１回,1,23,5,16,臨時,DiscussNetPremium 平成２３年　第１回臨時会（５月） - 05月16日－01号 ,議長,議長,近藤和義,臨時議長,三十八番　井上伸史,,https://www.kaigiroku.net/kensaku/cgi-bin/WWWdocHatugen.exe?A=docHatugen&RA=frameNittei&USR=oitkenk&N=670&H=2200796,null
H2200796_43,大分県,第１回,1,23,5,16,臨時,DiscussNetPremium 平成２３年　第１回臨時会（５月） - 05月16日－01号 ,議長,議長,近藤和義,臨時議長,三十九番　荒金信生,,https://www.kaigiroku.net/kensaku/cgi-bin/WWWdocHatugen.exe?A=docHatugen&RA=frameNittei&USR=oitkenk&N=670&H=2200796,null
H2200796_44,大分県,第１回,1,23,5,16,臨時,DiscussNetPremium 平成２３年　第１回臨時会（５月） - 05月16日－01号 ,議長,議長,近藤和義,臨時議長,四十番　佐々木敏夫,,https://www.kaigiroku.net/kensaku/cgi-bin/WWWdocHatugen.exe?A=docHatugen&RA=frameNittei&USR=oitkenk&N=670&H=2200796,null
H2200796_45,大分県,第１回,1,23,5,16,臨時,DiscussNetPremium 平成２３年　第１回臨時会（５月） - 05月16日－01号 ,議長,議長,近藤和義,臨時議長,四十一番　戸高賢史,,https://www.kaigiroku.net/kensaku/cgi-bin/WWWdocHatugen.exe?A=docHatugen&RA=frameNittei&USR=oitkenk&N=670&H=2200796,null
H2200796_46,大分県,第１回,1,23,5,16,臨時,DiscussNetPremium 平成２３年　第１回臨時会（５月） - 05月16日－01号 ,議長,議長,近藤和義,臨時議長,四十二番　吉岡美智子,,https://www.kaigiroku.net/kensaku/cgi-bin/WWWdocHatugen.exe?A=docHatugen&RA=frameNittei&USR=oitkenk&N=670&H=2200796,null
H2200796_47,大分県,第１回,1,23,5,16,臨時,DiscussNetPremium 平成２３年　第１回臨時会（５月） - 05月16日－01号 ,議長,議長,近藤和義,臨時議長,四十三番　河野成司,,https://www.kaigiroku.net/kensaku/cgi-bin/WWWdocHatugen.exe?A=docHatugen&RA=frameNittei&USR=oitkenk&N=670&H=2200796,null
H2200796_48,大分県,第１回,1,23,5,16,臨時,DiscussNetPremium 平成２３年　第１回臨時会（５月） - 05月16日－01号 ,議長,議長,近藤和義,臨時議長,四十四番　堤　栄三,,https://www.kaigiroku.net/kensaku/cgi-bin/WWWdocHatugen.exe?A=docHatugen&RA=frameNittei&USR=oitkenk&N=670&H=2200796,null
H2200796_49,大分県,第１回,1,23,5,16,臨時,DiscussNetPremium 平成２３年　第１回臨時会（５月） - 05月16日－01号 ,議長,議長,近藤和義,臨時議長,－－－－－－－－－－－－－－－－－－－－－－－－－－－－－－－,,https://www.kaigiroku.net/kensaku/cgi-bin/WWWdocHatugen.exe?A=docHatugen&RA=frameNittei&USR=oitkenk&N=670&H=2200796,null
H2200798_1,大分県,第１回,1,23,5,16,臨時,DiscussNetPremium 平成２３年　第１回臨時会（５月） - 05月16日－01号 ,議長,議長,近藤和義,臨時議長,日程第二、会議録署名議員の指名を行います。,,https://www.kaigiroku.net/kensaku/cgi-bin/WWWdocHatugen.exe?A=docHatugen&RA=frameNittei&USR=oitkenk&N=670&H=2200798,null
H2200798_2,大分県,第１回,1,23,5,16,臨時,DiscussNetPremium 平成２３年　第１回臨時会（５月） - 05月16日－01号 ,議長,議長,近藤和義,臨時議長,会議録署名議員は、会議規則第百十六条の規定により阿部英仁君及び堤栄三君を指名いたします。,,https://www.kaigiroku.net/kensaku/cgi-bin/WWWdocHatugen.exe?A=docHatugen&RA=frameNittei&USR=oitkenk&N=670&H=2200798,null
H2200798_3,大分県,第１回,1,23,5,16,臨時,DiscussNetPremium 平成２３年　第１回臨時会（５月） - 05月16日－01号 ,議長,議長,近藤和義,臨時議長,－－－－－－－－－－－－－－－－－－－－－－－－－－－－－－－,,https://www.kaigiroku.net/kensaku/cgi-bin/WWWdocHatugen.exe?A=docHatugen&RA=frameNittei&USR=oitkenk&N=670&H=2200798,null
H2200800_1,大分県,第１回,1,23,5,16,臨時,DiscussNetPremium 平成２３年　第１回臨時会（５月） - 05月16日－01号 ,議長,議長,近藤和義,臨時議長,日程第三、会期決定の件を議題といたします。,,https://www.kaigiroku.net/kensaku/cgi-bin/WWWdocHatugen.exe?A=docHatugen&RA=frameNittei&USR=oitkenk&N=670&H=2200800,null
H2200800_2,大分県,第１回,1,23,5,16,臨時,DiscussNetPremium 平成２３年　第１回臨時会（５月） - 05月16日－01号 ,議長,議長,近藤和義,臨時議長,お諮りいたします。,,https://www.kaigiroku.net/kensaku/cgi-bin/WWWdocHatugen.exe?A=docHatugen&RA=frameNittei&USR=oitkenk&N=670&H=2200800,null
H2200800_3,大分県,第１回,1,23,5,16,臨時,DiscussNetPremium 平成２３年　第１回臨時会（５月） - 05月16日－01号 ,議長,議長,近藤和義,臨時議長,今期臨時会の会期は、本日及び明十七日の二日間といたしたいと思います。,,https://www.kaigiroku.net/kensaku/cgi-bin/WWWdocHatugen.exe?A=docHatugen&RA=frameNittei&USR=oitkenk&N=670&H=2200800,null
H2200800_4,大分県,第１回,1,23,5,16,臨時,DiscussNetPremium 平成２３年　第１回臨時会（５月） - 05月16日－01号 ,議長,議長,近藤和義,臨時議長,これにご異議ありませんか。,,https://www.kaigiroku.net/kensaku/cgi-bin/WWWdocHatugen.exe?A=docHatugen&RA=frameNittei&USR=oitkenk&N=670&H=2200800,null
H2200800_5,大分県,第１回,1,23,5,16,臨時,DiscussNetPremium 平成２３年　第１回臨時会（５月） - 05月16日－01号 ,議長,議長,近藤和義,臨時議長,〔「異議なし」と呼ぶ者あり〕,,https://www.kaigiroku.net/kensaku/cgi-bin/WWWdocHatugen.exe?A=docHatugen&RA=frameNittei&USR=oitkenk&N=670&H=2200800,null
H2200801_1,大分県,第１回,1,23,5,16,臨時,DiscussNetPremium 平成２３年　第１回臨時会（５月） - 05月16日－01号 ,議長,議長,近藤和義,臨時議長,ご異議なしと認めます。,,https://www.kaigiroku.net/kensaku/cgi-bin/WWWdocHatugen.exe?A=docHatugen&RA=frameNittei&USR=oitkenk&N=670&H=2200801,null
H2200801_2,大分県,第１回,1,23,5,16,臨時,DiscussNetPremium 平成２３年　第１回臨時会（５月） - 05月16日－01号 ,議長,議長,近藤和義,臨時議長,よって、会期は二日間と決定いたしました。,,https://www.kaigiroku.net/kensaku/cgi-bin/WWWdocHatugen.exe?A=docHatugen&RA=frameNittei&USR=oitkenk&N=670&H=2200801,null
H2200801_3,大分県,第１回,1,23,5,16,臨時,DiscussNetPremium 平成２３年　第１回臨時会（５月） - 05月16日－01号 ,議長,議長,近藤和義,臨時議長,－－－－－－－－－－－－－－－－－－－－－－－－－－－－－－－,,https://www.kaigiroku.net/kensaku/cgi-bin/WWWdocHatugen.exe?A=docHatugen&RA=frameNittei&USR=oitkenk&N=670&H=2200801,null
H2200803_1,大分県,第１回,1,23,5,16,臨時,DiscussNetPremium 平成２３年　第１回臨時会（５月） - 05月16日－01号 ,議長,議長,近藤和義,臨時議長,日程第四、議長の選挙を行います。,,https://www.kaigiroku.net/kensaku/cgi-bin/WWWdocHatugen.exe?A=docHatugen&RA=frameNittei&USR=oitkenk&N=670&H=2200803,null
H2200803_2,大分県,第１回,1,23,5,16,臨時,DiscussNetPremium 平成２３年　第１回臨時会（５月） - 05月16日－01号 ,議長,議長,近藤和義,臨時議長,議場の閉鎖を命じます。,,https://www.kaigiroku.net/kensaku/cgi-bin/WWWdocHatugen.exe?A=docHatugen&RA=frameNittei&USR=oitkenk&N=670&H=2200803,null
H2200803_3,大分県,第１回,1,23,5,16,臨時,DiscussNetPremium 平成２３年　第１回臨時会（５月） - 05月16日－01号 ,議長,議長,近藤和義,臨時議長,〔議場閉鎖〕,,https://www.kaigiroku.net/kensaku/cgi-bin/WWWdocHatugen.exe?A=docHatugen&RA=frameNittei&USR=oitkenk&N=670&H=2200803,null
H2200804_1,大分県,第１回,1,23,5,16,臨時,DiscussNetPremium 平成２３年　第１回臨時会（５月） - 05月16日－01号 ,議長,議長,近藤和義,臨時議長,ただいまの出席議員数は四十四名であります。,,https://www.kaigiroku.net/kensaku/cgi-bin/WWWdocHatugen.exe?A=docHatugen&RA=frameNittei&USR=oitkenk&N=670&H=2200804,null
H2200804_2,大分県,第１回,1,23,5,16,臨時,DiscussNetPremium 平成２３年　第１回臨時会（５月） - 05月16日－01号 ,議長,議長,近藤和義,臨時議長,投票用紙を配付させます。,,https://www.kaigiroku.net/kensaku/cgi-bin/WWWdocHatugen.exe?A=docHatugen&RA=frameNittei&USR=oitkenk&N=670&H=2200804,null
H2200804_3,大分県,第１回,1,23,5,16,臨時,DiscussNetPremium 平成２３年　第１回臨時会（５月） - 05月16日－01号 ,議長,議長,近藤和義,臨時議長,〔投票用紙配付〕,,https://www.kaigiroku.net/kensaku/cgi-bin/WWWdocHatugen.exe?A=docHatugen&RA=frameNittei&USR=oitkenk&N=670&H=2200804,null
H2200805_1,大分県,第１回,1,23,5,16,臨時,DiscussNetPremium 平成２３年　第１回臨時会（５月） - 05月16日－01号 ,議長,議長,近藤和義,臨時議長,投票用紙の配付漏れはありませんか。,,https://www.kaigiroku.net/kensaku/cgi-bin/WWWdocHatugen.exe?A=docHatugen&RA=frameNittei&USR=oitkenk&N=670&H=2200805,null
H2200805_2,大分県,第１回,1,23,5,16,臨時,DiscussNetPremium 平成２３年　第１回臨時会（５月） - 05月16日－01号 ,議長,議長,近藤和義,臨時議長,〔「なし」と呼ぶ者あり〕,,https://www.kaigiroku.net/kensaku/cgi-bin/WWWdocHatugen.exe?A=docHatugen&RA=frameNittei&USR=oitkenk&N=670&H=2200805,null
H2200806_1,大分県,第１回,1,23,5,16,臨時,DiscussNetPremium 平成２３年　第１回臨時会（５月） - 05月16日－01号 ,議長,議長,近藤和義,臨時議長,配付漏れなしと認めます。,,https://www.kaigiroku.net/kensaku/cgi-bin/WWWdocHatugen.exe?A=docHatugen&RA=frameNittei&USR=oitkenk&N=670&H=2200806,null
H2200806_2,大分県,第１回,1,23,5,16,臨時,DiscussNetPremium 平成２３年　第１回臨時会（５月） - 05月16日－01号 ,議長,議長,近藤和義,臨時議長,投票箱を改めさせます。,,https://www.kaigiroku.net/kensaku/cgi-bin/WWWdocHatugen.exe?A=docHatugen&RA=frameNittei&USR=oitkenk&N=670&H=2200806,null
H2200806_3,大分県,第１回,1,23,5,16,臨時,DiscussNetPremium 平成２３年　第１回臨時会（５月） - 05月16日－01号 ,議長,議長,近藤和義,臨時議長,〔投票箱点検〕,,https://www.kaigiroku.net/kensaku/cgi-bin/WWWdocHatugen.exe?A=docHatugen&RA=frameNittei&USR=oitkenk&N=670&H=2200806,null
H2200807_1,大分県,第１回,1,23,5,16,臨時,DiscussNetPremium 平成２３年　第１回臨時会（５月） - 05月16日－01号 ,議長,議長,近藤和義,臨時議長,異状なしと認めます。,,https://www.kaigiroku.net/kensaku/cgi-bin/WWWdocHatugen.exe?A=docHatugen&RA=frameNittei&USR=oitkenk&N=670&H=2200807,null
H2200807_2,大分県,第１回,1,23,5,16,臨時,DiscussNetPremium 平成２３年　第１回臨時会（５月） - 05月16日－01号 ,議長,議長,近藤和義,臨時議長,念のため申し上げます。,,https://www.kaigiroku.net/kensaku/cgi-bin/WWWdocHatugen.exe?A=docHatugen&RA=frameNittei&USR=oitkenk&N=670&H=2200807,null
H2200807_3,大分県,第１回,1,23,5,16,臨時,DiscussNetPremium 平成２３年　第１回臨時会（５月） - 05月16日－01号 ,議長,議長,近藤和義,臨時議長,投票は、単記無記名であります。,,https://www.kaigiroku.net/kensaku/cgi-bin/WWWdocHatugen.exe?A=docHatugen&RA=frameNittei&USR=oitkenk&N=670&H=2200807,null
H2200807_4,大分県,第１回,1,23,5,16,臨時,DiscussNetPremium 平成２３年　第１回臨時会（５月） - 05月16日－01号 ,議長,議長,近藤和義,臨時議長,投票用紙に被選挙人の氏名を記載の上、議席順に順次、投票を願います。,,https://www.kaigiroku.net/kensaku/cgi-bin/WWWdocHatugen.exe?A=docHatugen&RA=frameNittei&USR=oitkenk&N=670&H=2200807,null
H2200807_5,大分県,第１回,1,23,5,16,臨時,DiscussNetPremium 平成２３年　第１回臨時会（５月） - 05月16日－01号 ,議長,議長,近藤和義,臨時議長,〔各員投票〕,,https://www.kaigiroku.net/kensaku/cgi-bin/WWWdocHatugen.exe?A=docHatugen&RA=frameNittei&USR=oitkenk&N=670&H=2200807,null
H2200808_1,大分県,第１回,1,23,5,16,臨時,DiscussNetPremium 平成２３年　第１回臨時会（５月） - 05月16日－01号 ,議長,議長,近藤和義,臨時議長,投票漏れはありませんか。,,https://www.kaigiroku.net/kensaku/cgi-bin/WWWdocHatugen.exe?A=docHatugen&RA=frameNittei&USR=oitkenk&N=670&H=2200808,null
H2200808_2,大分県,第１回,1,23,5,16,臨時,DiscussNetPremium 平成２３年　第１回臨時会（５月） - 05月16日－01号 ,議長,議長,近藤和義,臨時議長,〔「なし」と呼ぶ者あり〕,,https://www.kaigiroku.net/kensaku/cgi-bin/WWWdocHatugen.exe?A=docHatugen&RA=frameNittei&USR=oitkenk&N=670&H=2200808,null
H2200809_1,大分県,第１回,1,23,5,16,臨時,DiscussNetPremium 平成２３年　第１回臨時会（５月） - 05月16日－01号 ,議長,議長,近藤和義,臨時議長,投票漏れなしと認めます。,,https://www.kaigiroku.net/kensaku/cgi-bin/WWWdocHatugen.exe?A=docHatugen&RA=frameNittei&USR=oitkenk&N=670&H=2200809,null
H2200809_2,大分県,第１回,1,23,5,16,臨時,DiscussNetPremium 平成２３年　第１回臨時会（５月） - 05月16日－01号 ,議長,議長,近藤和義,臨時議長,投票を終了いたします。,,https://www.kaigiroku.net/kensaku/cgi-bin/WWWdocHatugen.exe?A=docHatugen&RA=frameNittei&USR=oitkenk&N=670&H=2200809,null
H2200809_3,大分県,第１回,1,23,5,16,臨時,DiscussNetPremium 平成２３年　第１回臨時会（５月） - 05月16日－01号 ,議長,議長,近藤和義,臨時議長,開票を行います。,,https://www.kaigiroku.net/kensaku/cgi-bin/WWWdocHatugen.exe?A=docHatugen&RA=frameNittei&USR=oitkenk&N=670&H=2200809,null
H2200809_4,大分県,第１回,1,23,5,16,臨時,DiscussNetPremium 平成２３年　第１回臨時会（５月） - 05月16日－01号 ,議長,議長,近藤和義,臨時議長,会議規則第三十一条第二項の規定により、立会人に古手川正治君、竹内小代美君、元吉俊博君及び戸高賢史君を指名いたします。,,https://www.kaigiroku.net/kensaku/cgi-bin/WWWdocHatugen.exe?A=docHatugen&RA=frameNittei&USR=oitkenk&N=670&H=2200809,null
H2200809_5,大分県,第１回,1,23,5,16,臨時,DiscussNetPremium 平成２３年　第１回臨時会（５月） - 05月16日－01号 ,議長,議長,近藤和義,臨時議長,四名の諸君の立ち会いを願います。,,https://www.kaigiroku.net/kensaku/cgi-bin/WWWdocHatugen.exe?A=docHatugen&RA=frameNittei&USR=oitkenk&N=670&H=2200809,null
H2200809_6,大分県,第１回,1,23,5,16,臨時,DiscussNetPremium 平成２３年　第１回臨時会（５月） - 05月16日－01号 ,議長,議長,近藤和義,臨時議長,投票箱を開き、投票の点検をさせます。,,https://www.kaigiroku.net/kensaku/cgi-bin/WWWdocHatugen.exe?A=docHatugen&RA=frameNittei&USR=oitkenk&N=670&H=2200809,null
H2200809_7,大分県,第１回,1,23,5,16,臨時,DiscussNetPremium 平成２３年　第１回臨時会（５月） - 05月16日－01号 ,議長,議長,近藤和義,臨時議長,〔投票点検〕,,https://www.kaigiroku.net/kensaku/cgi-bin/WWWdocHatugen.exe?A=docHatugen&RA=frameNittei&USR=oitkenk&N=670&H=2200809,null
H2200810_1,大分県,第１回,1,23,5,16,臨時,DiscussNetPremium 平成２３年　第１回臨時会（５月） - 05月16日－01号 ,議長,議長,近藤和義,臨時議長,選挙の結果を報告いたします。,,https://www.kaigiroku.net/kensaku/cgi-bin/WWWdocHatugen.exe?A=docHatugen&RA=frameNittei&USR=oitkenk&N=670&H=2200810,null
H2200810_2,大分県,第１回,1,23,5,16,臨時,DiscussNetPremium 平成２３年　第１回臨時会（５月） - 05月16日－01号 ,議長,議長,近藤和義,臨時議長,投票総数　　　四十四票,,https://www.kaigiroku.net/kensaku/cgi-bin/WWWdocHatugen.exe?A=docHatugen&RA=frameNittei&USR=oitkenk&N=670&H=2200810,null
H2200810_3,大分県,第１回,1,23,5,16,臨時,DiscussNetPremium 平成２３年　第１回臨時会（５月） - 05月16日－01号 ,議長,議長,近藤和義,臨時議長,有効投票　　四十四票,,https://www.kaigiroku.net/kensaku/cgi-bin/WWWdocHatugen.exe?A=docHatugen&RA=frameNittei&USR=oitkenk&N=670&H=2200810,null
H2200810_4,大分県,第１回,1,23,5,16,臨時,DiscussNetPremium 平成２３年　第１回臨時会（５月） - 05月16日－01号 ,議長,議長,近藤和義,臨時議長,無効投票　　　　零票,,https://www.kaigiroku.net/kensaku/cgi-bin/WWWdocHatugen.exe?A=docHatugen&RA=frameNittei&USR=oitkenk&N=670&H=2200810,null
H2200810_5,大分県,第１回,1,23,5,16,臨時,DiscussNetPremium 平成２３年　第１回臨時会（５月） - 05月16日－01号 ,議長,議長,近藤和義,臨時議長,有効投票中,,https://www.kaigiroku.net/kensaku/cgi-bin/WWWdocHatugen.exe?A=docHatugen&RA=frameNittei&USR=oitkenk&N=670&H=2200810,null
H2200810_6,大分県,第１回,1,23,5,16,臨時,DiscussNetPremium 平成２３年　第１回臨時会（５月） - 05月16日－01号 ,議長,議長,近藤和義,臨時議長,志村　学君　二十六票,,https://www.kaigiroku.net/kensaku/cgi-bin/WWWdocHatugen.exe?A=docHatugen&RA=frameNittei&USR=oitkenk&N=670&H=2200810,null
H2200810_7,大分県,第１回,1,23,5,16,臨時,DiscussNetPremium 平成２３年　第１回臨時会（５月） - 05月16日－01号 ,議長,議長,近藤和義,臨時議長,小野弘利君　　十七票,,https://www.kaigiroku.net/kensaku/cgi-bin/WWWdocHatugen.exe?A=docHatugen&RA=frameNittei&USR=oitkenk&N=670&H=2200810,null
H2200810_8,大分県,第１回,1,23,5,16,臨時,DiscussNetPremium 平成２３年　第１回臨時会（５月） - 05月16日－01号 ,議長,議長,近藤和義,臨時議長,堤　栄三君　　　一票,,https://www.kaigiroku.net/kensaku/cgi-bin/WWWdocHatugen.exe?A=docHatugen&RA=frameNittei&USR=oitkenk&N=670&H=2200810,null
H2200810_9,大分県,第１回,1,23,5,16,臨時,DiscussNetPremium 平成２３年　第１回臨時会（５月） - 05月16日－01号 ,議長,議長,近藤和義,臨時議長,以上のとおりであります。,,https://www.kaigiroku.net/kensaku/cgi-bin/WWWdocHatugen.exe?A=docHatugen&RA=frameNittei&USR=oitkenk&N=670&H=2200810,null
H2200810_10,大分県,第１回,1,23,5,16,臨時,DiscussNetPremium 平成２３年　第１回臨時会（５月） - 05月16日－01号 ,議長,議長,近藤和義,臨時議長,この選挙の法定得票数は十一票であります。,,https://www.kaigiroku.net/kensaku/cgi-bin/WWWdocHatugen.exe?A=docHatugen&RA=frameNittei&USR=oitkenk&N=670&H=2200810,null
H2200810_11,大分県,第１回,1,23,5,16,臨時,DiscussNetPremium 平成２３年　第１回臨時会（５月） - 05月16日－01号 ,議長,議長,近藤和義,臨時議長,よって、志村学君が議長に当選されました。,,https://www.kaigiroku.net/kensaku/cgi-bin/WWWdocHatugen.exe?A=docHatugen&RA=frameNittei&USR=oitkenk&N=670&H=2200810,null
H2200810_12,大分県,第１回,1,23,5,16,臨時,DiscussNetPremium 平成２３年　第１回臨時会（５月） - 05月16日－01号 ,議長,議長,近藤和義,臨時議長,議場の閉鎖を解きます。,,https://www.kaigiroku.net/kensaku/cgi-bin/WWWdocHatugen.exe?A=docHatugen&RA=frameNittei&USR=oitkenk&N=670&H=2200810,null
H2200810_13,大分県,第１回,1,23,5,16,臨時,DiscussNetPremium 平成２３年　第１回臨時会（５月） - 05月16日－01号 ,議長,議長,近藤和義,臨時議長,〔議場開鎖〕,,https://www.kaigiroku.net/kensaku/cgi-bin/WWWdocHatugen.exe?A=docHatugen&RA=frameNittei&USR=oitkenk&N=670&H=2200810,null
H2200811_1,大分県,第１回,1,23,5,16,臨時,DiscussNetPremium 平成２３年　第１回臨時会（５月） - 05月16日－01号 ,議長,議長,近藤和義,臨時議長,ただいま議長に当選されました志村学君が議場におられますので、本席から会議規則第三十二条第二項の規定による告知をいたします。,,https://www.kaigiroku.net/kensaku/cgi-bin/WWWdocHatugen.exe?A=docHatugen&RA=frameNittei&USR=oitkenk&N=670&H=2200811,null
H2200811_2,大分県,第１回,1,23,5,16,臨時,DiscussNetPremium 平成２３年　第１回臨時会（５月） - 05月16日－01号 ,議長,議長,近藤和義,臨時議長,議長に当選されました志村学君から当選承諾及び就任のごあいさつがあります。,,https://www.kaigiroku.net/kensaku/cgi-bin/WWWdocHatugen.exe?A=docHatugen&RA=frameNittei&USR=oitkenk&N=670&H=2200811,null
H2200811_3,大分県,第１回,1,23,5,16,臨時,DiscussNetPremium 平成２３年　第１回臨時会（５月） - 05月16日－01号 ,議長,議長,近藤和義,臨時議長,志村学君。,,https://www.kaigiroku.net/kensaku/cgi-bin/WWWdocHatugen.exe?A=docHatugen&RA=frameNittei&USR=oitkenk&N=670&H=2200811,null
H2200811_4,大分県,第１回,1,23,5,16,臨時,DiscussNetPremium 平成２３年　第１回臨時会（５月） - 05月16日－01号 ,議長,議長,近藤和義,臨時議長,〔志村議長登壇〕（拍手）,,https://www.kaigiroku.net/kensaku/cgi-bin/WWWdocHatugen.exe?A=docHatugen&RA=frameNittei&USR=oitkenk&N=670&H=2200811,null
H2200812_1,大分県,第１回,1,23,5,16,臨時,DiscussNetPremium 平成２３年　第１回臨時会（５月） - 05月16日－01号 ,議長,議長,志村学,議長,志村学でございます。,,https://www.kaigiroku.net/kensaku/cgi-bin/WWWdocHatugen.exe?A=docHatugen&RA=frameNittei&USR=oitkenk&N=670&H=2200812,null
H2200812_2,大分県,第１回,1,23,5,16,臨時,DiscussNetPremium 平成２３年　第１回臨時会（５月） - 05月16日－01号 ,議長,議長,志村学,議長,第六十九代大分県議会議長にご推挙いただきまして、心から感謝、御礼申し上げます。,,https://www.kaigiroku.net/kensaku/cgi-bin/WWWdocHatugen.exe?A=docHatugen&RA=frameNittei&USR=oitkenk&N=670&H=2200812,null
H2200812_3,大分県,第１回,1,23,5,16,臨時,DiscussNetPremium 平成２３年　第１回臨時会（５月） - 05月16日－01号 ,議長,議長,志村学,議長,受諾に際しまして、微力ながら大分県勢の発展のために全力を尽くしてまいりたいと思っております。,,https://www.kaigiroku.net/kensaku/cgi-bin/WWWdocHatugen.exe?A=docHatugen&RA=frameNittei&USR=oitkenk&N=670&H=2200812,null
H2200812_4,大分県,第１回,1,23,5,16,臨時,DiscussNetPremium 平成２３年　第１回臨時会（５月） - 05月16日－01号 ,議長,議長,志村学,議長,明治天皇は、維新の際、五箇条の御誓文を発せられました。,,https://www.kaigiroku.net/kensaku/cgi-bin/WWWdocHatugen.exe?A=docHatugen&RA=frameNittei&USR=oitkenk&N=670&H=2200812,null
H2200812_5,大分県,第１回,1,23,5,16,臨時,DiscussNetPremium 平成２３年　第１回臨時会（５月） - 05月16日－01号 ,議長,議長,志村学,議長,その第一条に「広く会議を興し、万機公論に決すべし」。,,https://www.kaigiroku.net/kensaku/cgi-bin/WWWdocHatugen.exe?A=docHatugen&RA=frameNittei&USR=oitkenk&N=670&H=2200812,null
H2200812_6,大分県,第１回,1,23,5,16,臨時,DiscussNetPremium 平成２３年　第１回臨時会（５月） - 05月16日－01号 ,議長,議長,志村学,議長,このことは、勝海舟の「万機よろしく公議に決し」、このことを受けて、時の新政府の参与でありました由利公正氏が「万機公論に決し、私に論ずなかれ」、こういうことを申しております。,,https://www.kaigiroku.net/kensaku/cgi-bin/WWWdocHatugen.exe?A=docHatugen&RA=frameNittei&USR=oitkenk&N=670&H=2200812,null
H2200812_7,大分県,第１回,1,23,5,16,臨時,DiscussNetPremium 平成２３年　第１回臨時会（５月） - 05月16日－01号 ,議長,議長,志村学,議長,まさに私どもは、県民のために、県民のために議論をし、県民の、大分県のためにそれぞれの立場で努力をする、ここに尽きると思っております。,,https://www.kaigiroku.net/kensaku/cgi-bin/WWWdocHatugen.exe?A=docHatugen&RA=frameNittei&USR=oitkenk&N=670&H=2200812,null
H2200812_8,大分県,第１回,1,23,5,16,臨時,DiscussNetPremium 平成２３年　第１回臨時会（５月） - 05月16日－01号 ,議長,議長,志村学,議長,私の政治信条であります孫文の「天下為公」、ちょうど百年目であります。,,https://www.kaigiroku.net/kensaku/cgi-bin/WWWdocHatugen.exe?A=docHatugen&RA=frameNittei&USR=oitkenk&N=670&H=2200812,null
H2200812_9,大分県,第１回,1,23,5,16,臨時,DiscussNetPremium 平成２３年　第１回臨時会（５月） - 05月16日－01号 ,議長,議長,志村学,議長,その百年たっても変わらぬ「天下は公の為なり」、このことを肝に銘じながら、大分県民のために、そして大分県のために微力を尽くしていきたいと思っております。,,https://www.kaigiroku.net/kensaku/cgi-bin/WWWdocHatugen.exe?A=docHatugen&RA=frameNittei&USR=oitkenk&N=670&H=2200812,null
H2200812_10,大分県,第１回,1,23,5,16,臨時,DiscussNetPremium 平成２３年　第１回臨時会（５月） - 05月16日－01号 ,議長,議長,志村学,議長,広瀬知事初め、執行部の幹部の方々、そして職員の方々、そして議員諸兄のご支援とご指導を心からお願い申し上げ、決意の表明といたします。,,https://www.kaigiroku.net/kensaku/cgi-bin/WWWdocHatugen.exe?A=docHatugen&RA=frameNittei&USR=oitkenk&N=670&H=2200812,null
H2200812_11,大分県,第１回,1,23,5,16,臨時,DiscussNetPremium 平成２３年　第１回臨時会（５月） - 05月16日－01号 ,議長,議長,志村学,議長,ありがとうございました。,,https://www.kaigiroku.net/kensaku/cgi-bin/WWWdocHatugen.exe?A=docHatugen&RA=frameNittei&USR=oitkenk&N=670&H=2200812,null
H2200812_12,大分県,第１回,1,23,5,16,臨時,DiscussNetPremium 平成２３年　第１回臨時会（５月） - 05月16日－01号 ,議長,議長,志村学,議長,（拍手）,,https://www.kaigiroku.net/kensaku/cgi-bin/WWWdocHatugen.exe?A=docHatugen&RA=frameNittei&USR=oitkenk&N=670&H=2200812,null
H2200813_1,大分県,第１回,1,23,5,16,臨時,DiscussNetPremium 平成２３年　第１回臨時会（５月） - 05月16日－01号 ,議長,議長,近藤和義,臨時議長,これで私の職務は終わりました。,,https://www.kaigiroku.net/kensaku/cgi-bin/WWWdocHatugen.exe?A=docHatugen&RA=frameNittei&USR=oitkenk&N=670&H=2200813,null
H2200813_2,大分県,第１回,1,23,5,16,臨時,DiscussNetPremium 平成２３年　第１回臨時会（５月） - 05月16日－01号 ,議長,議長,近藤和義,臨時議長,議長と交代いたします。,,https://www.kaigiroku.net/kensaku/cgi-bin/WWWdocHatugen.exe?A=docHatugen&RA=frameNittei&USR=oitkenk&N=670&H=2200813,null
H2200813_3,大分県,第１回,1,23,5,16,臨時,DiscussNetPremium 平成２３年　第１回臨時会（５月） - 05月16日－01号 ,議長,議長,近藤和義,臨時議長,ご協力、ありがとうございました。,,https://www.kaigiroku.net/kensaku/cgi-bin/WWWdocHatugen.exe?A=docHatugen&RA=frameNittei&USR=oitkenk&N=670&H=2200813,null
H2200813_4,大分県,第１回,1,23,5,16,臨時,DiscussNetPremium 平成２３年　第１回臨時会（５月） - 05月16日－01号 ,議長,議長,近藤和義,臨時議長,（拍手）,,https://www.kaigiroku.net/kensaku/cgi-bin/WWWdocHatugen.exe?A=docHatugen&RA=frameNittei&USR=oitkenk&N=670&H=2200813,null
H2200813_5,大分県,第１回,1,23,5,16,臨時,DiscussNetPremium 平成２３年　第１回臨時会（５月） - 05月16日－01号 ,議長,議長,近藤和義,臨時議長,〔近藤臨時議長退席、志村議長、議長席に着く〕,,https://www.kaigiroku.net/kensaku/cgi-bin/WWWdocHatugen.exe?A=docHatugen&RA=frameNittei&USR=oitkenk&N=670&H=2200813,null
H2200813_6,大分県,第１回,1,23,5,16,臨時,DiscussNetPremium 平成２３年　第１回臨時会（５月） - 05月16日－01号 ,議長,議長,近藤和義,臨時議長,－－－－－－－－－－－－－－－－－－－－－－－－－－－－－－－,,https://www.kaigiroku.net/kensaku/cgi-bin/WWWdocHatugen.exe?A=docHatugen&RA=frameNittei&USR=oitkenk&N=670&H=2200813,null
H2200815_1,大分県,第１回,1,23,5,16,臨時,DiscussNetPremium 平成２３年　第１回臨時会（５月） - 05月16日－01号 ,議長,議長,志村学,議長,日程第五、副議長の選挙を行います。,,https://www.kaigiroku.net/kensaku/cgi-bin/WWWdocHatugen.exe?A=docHatugen&RA=frameNittei&USR=oitkenk&N=670&H=2200815,null
H2200815_2,大分県,第１回,1,23,5,16,臨時,DiscussNetPremium 平成２３年　第１回臨時会（５月） - 05月16日－01号 ,議長,議長,志村学,議長,議場の閉鎖を命じます。,,https://www.kaigiroku.net/kensaku/cgi-bin/WWWdocHatugen.exe?A=docHatugen&RA=frameNittei&USR=oitkenk&N=670&H=2200815,null
H2200815_3,大分県,第１回,1,23,5,16,臨時,DiscussNetPremium 平成２３年　第１回臨時会（５月） - 05月16日－01号 ,議長,議長,志村学,議長,〔議場閉鎖〕,,https://www.kaigiroku.net/kensaku/cgi-bin/WWWdocHatugen.exe?A=docHatugen&RA=frameNittei&USR=oitkenk&N=670&H=2200815,null
H2200816_1,大分県,第１回,1,23,5,16,臨時,DiscussNetPremium 平成２３年　第１回臨時会（５月） - 05月16日－01号 ,議長,議長,志村学,議長,ただいまの出席議員数は四十四名であります。,,https://www.kaigiroku.net/kensaku/cgi-bin/WWWdocHatugen.exe?A=docHatugen&RA=frameNittei&USR=oitkenk&N=670&H=2200816,null
H2200816_2,大分県,第１回,1,23,5,16,臨時,DiscussNetPremium 平成２３年　第１回臨時会（５月） - 05月16日－01号 ,議長,議長,志村学,議長,投票用紙を配付させます。,,https://www.kaigiroku.net/kensaku/cgi-bin/WWWdocHatugen.exe?A=docHatugen&RA=frameNittei&USR=oitkenk&N=670&H=2200816,null
H2200816_3,大分県,第１回,1,23,5,16,臨時,DiscussNetPremium 平成２３年　第１回臨時会（５月） - 05月16日－01号 ,議長,議長,志村学,議長,〔投票用紙配付〕,,https://www.kaigiroku.net/kensaku/cgi-bin/WWWdocHatugen.exe?A=docHatugen&RA=frameNittei&USR=oitkenk&N=670&H=2200816,null
H2200817_1,大分県,第１回,1,23,5,16,臨時,DiscussNetPremium 平成２３年　第１回臨時会（５月） - 05月16日－01号 ,議長,議長,志村学,議長,投票用紙の配付漏れはありませんか。,,https://www.kaigiroku.net/kensaku/cgi-bin/WWWdocHatugen.exe?A=docHatugen&RA=frameNittei&USR=oitkenk&N=670&H=2200817,null
H2200817_2,大分県,第１回,1,23,5,16,臨時,DiscussNetPremium 平成２３年　第１回臨時会（５月） - 05月16日－01号 ,議長,議長,志村学,議長,〔「なし」と呼ぶ者あり〕,,https://www.kaigiroku.net/kensaku/cgi-bin/WWWdocHatugen.exe?A=docHatugen&RA=frameNittei&USR=oitkenk&N=670&H=2200817,null
H2200818_1,大分県,第１回,1,23,5,16,臨時,DiscussNetPremium 平成２３年　第１回臨時会（５月） - 05月16日－01号 ,議長,議長,志村学,議長,配付漏れなしと認めます。,,https://www.kaigiroku.net/kensaku/cgi-bin/WWWdocHatugen.exe?A=docHatugen&RA=frameNittei&USR=oitkenk&N=670&H=2200818,null
H2200818_2,大分県,第１回,1,23,5,16,臨時,DiscussNetPremium 平成２３年　第１回臨時会（５月） - 05月16日－01号 ,議長,議長,志村学,議長,投票箱を改めさせます。,,https://www.kaigiroku.net/kensaku/cgi-bin/WWWdocHatugen.exe?A=docHatugen&RA=frameNittei&USR=oitkenk&N=670&H=2200818,null
H2200818_3,大分県,第１回,1,23,5,16,臨時,DiscussNetPremium 平成２３年　第１回臨時会（５月） - 05月16日－01号 ,議長,議長,志村学,議長,〔投票箱点検〕,,https://www.kaigiroku.net/kensaku/cgi-bin/WWWdocHatugen.exe?A=docHatugen&RA=frameNittei&USR=oitkenk&N=670&H=2200818,null
H2200819_1,大分県,第１回,1,23,5,16,臨時,DiscussNetPremium 平成２３年　第１回臨時会（５月） - 05月16日－01号 ,議長,議長,志村学,議長,異状なしと認めます。,,https://www.kaigiroku.net/kensaku/cgi-bin/WWWdocHatugen.exe?A=docHatugen&RA=frameNittei&USR=oitkenk&N=670&H=2200819,null
H2200819_2,大分県,第１回,1,23,5,16,臨時,DiscussNetPremium 平成２３年　第１回臨時会（５月） - 05月16日－01号 ,議長,議長,志村学,議長,念のため申し上げます。,,https://www.kaigiroku.net/kensaku/cgi-bin/WWWdocHatugen.exe?A=docHatugen&RA=frameNittei&USR=oitkenk&N=670&H=2200819,null
H2200819_3,大分県,第１回,1,23,5,16,臨時,DiscussNetPremium 平成２３年　第１回臨時会（５月） - 05月16日－01号 ,議長,議長,志村学,議長,投票は、単記無記名であります。,,https://www.kaigiroku.net/kensaku/cgi-bin/WWWdocHatugen.exe?A=docHatugen&RA=frameNittei&USR=oitkenk&N=670&H=2200819,null
H2200819_4,大分県,第１回,1,23,5,16,臨時,DiscussNetPremium 平成２３年　第１回臨時会（５月） - 05月16日－01号 ,議長,議長,志村学,議長,投票用紙に被選挙人の氏名を記載の上、議席順に順次、投票を願います。,,https://www.kaigiroku.net/kensaku/cgi-bin/WWWdocHatugen.exe?A=docHatugen&RA=frameNittei&USR=oitkenk&N=670&H=2200819,null
H2200819_5,大分県,第１回,1,23,5,16,臨時,DiscussNetPremium 平成２３年　第１回臨時会（５月） - 05月16日－01号 ,議長,議長,志村学,議長,〔各員投票〕,,https://www.kaigiroku.net/kensaku/cgi-bin/WWWdocHatugen.exe?A=docHatugen&RA=frameNittei&USR=oitkenk&N=670&H=2200819,null
H2200820_1,大分県,第１回,1,23,5,16,臨時,DiscussNetPremium 平成２３年　第１回臨時会（５月） - 05月16日－01号 ,議長,議長,志村学,議長,投票漏れはありませんか。,,https://www.kaigiroku.net/kensaku/cgi-bin/WWWdocHatugen.exe?A=docHatugen&RA=frameNittei&USR=oitkenk&N=670&H=2200820,null
H2200820_2,大分県,第１回,1,23,5,16,臨時,DiscussNetPremium 平成２３年　第１回臨時会（５月） - 05月16日－01号 ,議長,議長,志村学,議長,〔「なし」と呼ぶ者あり〕,,https://www.kaigiroku.net/kensaku/cgi-bin/WWWdocHatugen.exe?A=docHatugen&RA=frameNittei&USR=oitkenk&N=670&H=2200820,null
H2200821_1,大分県,第１回,1,23,5,16,臨時,DiscussNetPremium 平成２３年　第１回臨時会（５月） - 05月16日－01号 ,議長,議長,志村学,議長,投票漏れなしと認めます。,,https://www.kaigiroku.net/kensaku/cgi-bin/WWWdocHatugen.exe?A=docHatugen&RA=frameNittei&USR=oitkenk&N=670&H=2200821,null
H2200821_2,大分県,第１回,1,23,5,16,臨時,DiscussNetPremium 平成２３年　第１回臨時会（５月） - 05月16日－01号 ,議長,議長,志村学,議長,投票を終了いたします。,,https://www.kaigiroku.net/kensaku/cgi-bin/WWWdocHatugen.exe?A=docHatugen&RA=frameNittei&USR=oitkenk&N=670&H=2200821,null
H2200821_3,大分県,第１回,1,23,5,16,臨時,DiscussNetPremium 平成２３年　第１回臨時会（５月） - 05月16日－01号 ,議長,議長,志村学,議長,開票を行います。,,https://www.kaigiroku.net/kensaku/cgi-bin/WWWdocHatugen.exe?A=docHatugen&RA=frameNittei&USR=oitkenk&N=670&H=2200821,null
H2200821_4,大分県,第１回,1,23,5,16,臨時,DiscussNetPremium 平成２３年　第１回臨時会（５月） - 05月16日－01号 ,議長,議長,志村学,議長,会議規則第三十一条第二項の規定により、立会人に古手川正治君、竹内小代美君、元吉俊博君及び戸高賢史君を指名いたします。,,https://www.kaigiroku.net/kensaku/cgi-bin/WWWdocHatugen.exe?A=docHatugen&RA=frameNittei&USR=oitkenk&N=670&H=2200821,null
H2200821_5,大分県,第１回,1,23,5,16,臨時,DiscussNetPremium 平成２３年　第１回臨時会（５月） - 05月16日－01号 ,議長,議長,志村学,議長,四名の諸君の立ち会いを願います。,,https://www.kaigiroku.net/kensaku/cgi-bin/WWWdocHatugen.exe?A=docHatugen&RA=frameNittei&USR=oitkenk&N=670&H=2200821,null
H2200821_6,大分県,第１回,1,23,5,16,臨時,DiscussNetPremium 平成２３年　第１回臨時会（５月） - 05月16日－01号 ,議長,議長,志村学,議長,投票箱を開き、投票の点検をさせます。,,https://www.kaigiroku.net/kensaku/cgi-bin/WWWdocHatugen.exe?A=docHatugen&RA=frameNittei&USR=oitkenk&N=670&H=2200821,null
H2200821_7,大分県,第１回,1,23,5,16,臨時,DiscussNetPremium 平成２３年　第１回臨時会（５月） - 05月16日－01号 ,議長,議長,志村学,議長,〔投票点検〕,,https://www.kaigiroku.net/kensaku/cgi-bin/WWWdocHatugen.exe?A=docHatugen&RA=frameNittei&USR=oitkenk&N=670&H=2200821,null
H2200822_1,大分県,第１回,1,23,5,16,臨時,DiscussNetPremium 平成２３年　第１回臨時会（５月） - 05月16日－01号 ,議長,議長,志村学,議長,選挙の結果を報告いたします。,,https://www.kaigiroku.net/kensaku/cgi-bin/WWWdocHatugen.exe?A=docHatugen&RA=frameNittei&USR=oitkenk&N=670&H=2200822,null
H2200822_2,大分県,第１回,1,23,5,16,臨時,DiscussNetPremium 平成２３年　第１回臨時会（５月） - 05月16日－01号 ,議長,議長,志村学,議長,投票総数　　　四十四票,,https://www.kaigiroku.net/kensaku/cgi-bin/WWWdocHatugen.exe?A=docHatugen&RA=frameNittei&USR=oitkenk&N=670&H=2200822,null
H2200822_3,大分県,第１回,1,23,5,16,臨時,DiscussNetPremium 平成２３年　第１回臨時会（５月） - 05月16日－01号 ,議長,議長,志村学,議長,有効投票　　四十三票,,https://www.kaigiroku.net/kensaku/cgi-bin/WWWdocHatugen.exe?A=docHatugen&RA=frameNittei&USR=oitkenk&N=670&H=2200822,null
H2200822_4,大分県,第１回,1,23,5,16,臨時,DiscussNetPremium 平成２３年　第１回臨時会（５月） - 05月16日－01号 ,議長,議長,志村学,議長,無効投票　　　　一票,,https://www.kaigiroku.net/kensaku/cgi-bin/WWWdocHatugen.exe?A=docHatugen&RA=frameNittei&USR=oitkenk&N=670&H=2200822,null
H2200822_5,大分県,第１回,1,23,5,16,臨時,DiscussNetPremium 平成２３年　第１回臨時会（５月） - 05月16日－01号 ,議長,議長,志村学,議長,有効投票中,,https://www.kaigiroku.net/kensaku/cgi-bin/WWWdocHatugen.exe?A=docHatugen&RA=frameNittei&USR=oitkenk&N=670&H=2200822,null
H2200822_6,大分県,第１回,1,23,5,16,臨時,DiscussNetPremium 平成２３年　第１回臨時会（５月） - 05月16日－01号 ,議長,議長,志村学,議長,井上伸史君　二十六票,,https://www.kaigiroku.net/kensaku/cgi-bin/WWWdocHatugen.exe?A=docHatugen&RA=frameNittei&USR=oitkenk&N=670&H=2200822,null
H2200822_7,大分県,第１回,1,23,5,16,臨時,DiscussNetPremium 平成２３年　第１回臨時会（５月） - 05月16日－01号 ,議長,議長,志村学,議長,久原和弘君　　十七票,,https://www.kaigiroku.net/kensaku/cgi-bin/WWWdocHatugen.exe?A=docHatugen&RA=frameNittei&USR=oitkenk&N=670&H=2200822,null
H2200822_8,大分県,第１回,1,23,5,16,臨時,DiscussNetPremium 平成２３年　第１回臨時会（５月） - 05月16日－01号 ,議長,議長,志村学,議長,以上のとおりであります。,,https://www.kaigiroku.net/kensaku/cgi-bin/WWWdocHatugen.exe?A=docHatugen&RA=frameNittei&USR=oitkenk&N=670&H=2200822,null
H2200822_9,大分県,第１回,1,23,5,16,臨時,DiscussNetPremium 平成２３年　第１回臨時会（５月） - 05月16日－01号 ,議長,議長,志村学,議長,この選挙の法定得票数は十一票であります。,,https://www.kaigiroku.net/kensaku/cgi-bin/WWWdocHatugen.exe?A=docHatugen&RA=frameNittei&USR=oitkenk&N=670&H=2200822,null
H2200822_10,大分県,第１回,1,23,5,16,臨時,DiscussNetPremium 平成２３年　第１回臨時会（５月） - 05月16日－01号 ,議長,議長,志村学,議長,よって、井上伸史君が副議長に当選されました。,,https://www.kaigiroku.net/kensaku/cgi-bin/WWWdocHatugen.exe?A=docHatugen&RA=frameNittei&USR=oitkenk&N=670&H=2200822,null
H2200822_11,大分県,第１回,1,23,5,16,臨時,DiscussNetPremium 平成２３年　第１回臨時会（５月） - 05月16日－01号 ,議長,議長,志村学,議長,議場の閉鎖を解きます。,,https://www.kaigiroku.net/kensaku/cgi-bin/WWWdocHatugen.exe?A=docHatugen&RA=frameNittei&USR=oitkenk&N=670&H=2200822,null
H2200822_12,大分県,第１回,1,23,5,16,臨時,DiscussNetPremium 平成２３年　第１回臨時会（５月） - 05月16日－01号 ,議長,議長,志村学,議長,〔議場開鎖〕,,https://www.kaigiroku.net/kensaku/cgi-bin/WWWdocHatugen.exe?A=docHatugen&RA=frameNittei&USR=oitkenk&N=670&H=2200822,null
H2200823_1,大分県,第１回,1,23,5,16,臨時,DiscussNetPremium 平成２３年　第１回臨時会（５月） - 05月16日－01号 ,議長,議長,志村学,議長,ただいま副議長に当選されました井上伸史君が議場におられますので、本席から会議規則第三十二条第二項の規定による告知をいたします。,,https://www.kaigiroku.net/kensaku/cgi-bin/WWWdocHatugen.exe?A=docHatugen&RA=frameNittei&USR=oitkenk&N=670&H=2200823,null
H2200823_2,大分県,第１回,1,23,5,16,臨時,DiscussNetPremium 平成２３年　第１回臨時会（５月） - 05月16日－01号 ,議長,議長,志村学,議長,副議長に当選されました井上伸史君から当選承諾及び就任のごあいさつがあります。,,https://www.kaigiroku.net/kensaku/cgi-bin/WWWdocHatugen.exe?A=docHatugen&RA=frameNittei&USR=oitkenk&N=670&H=2200823,null
H2200823_3,大分県,第１回,1,23,5,16,臨時,DiscussNetPremium 平成２３年　第１回臨時会（５月） - 05月16日－01号 ,議長,議長,志村学,議長,井上伸史君。,,https://www.kaigiroku.net/kensaku/cgi-bin/WWWdocHatugen.exe?A=docHatugen&RA=frameNittei&USR=oitkenk&N=670&H=2200823,null
H2200823_4,大分県,第１回,1,23,5,16,臨時,DiscussNetPremium 平成２３年　第１回臨時会（５月） - 05月16日－01号 ,議長,議長,志村学,議長,〔井上副議長登壇〕（拍手）,,https://www.kaigiroku.net/kensaku/cgi-bin/WWWdocHatugen.exe?A=docHatugen&RA=frameNittei&USR=oitkenk&N=670&H=2200823,null
H2200824_1,大分県,第１回,1,23,5,16,臨時,DiscussNetPremium 平成２３年　第１回臨時会（５月） - 05月16日－01号 ,質問者,議長,井上伸史,副議長,一言、ごあいさつを申し上げます。,,https://www.kaigiroku.net/kensaku/cgi-bin/WWWdocHatugen.exe?A=docHatugen&RA=frameNittei&USR=oitkenk&N=670&H=2200824,null
H2200824_2,大分県,第１回,1,23,5,16,臨時,DiscussNetPremium 平成２３年　第１回臨時会（５月） - 05月16日－01号 ,質問者,議長,井上伸史,副議長,先ほど副議長としてご支援いただきまして、まことにありがとうございます。,,https://www.kaigiroku.net/kensaku/cgi-bin/WWWdocHatugen.exe?A=docHatugen&RA=frameNittei&USR=oitkenk&N=670&H=2200824,null
H2200824_3,大分県,第１回,1,23,5,16,臨時,DiscussNetPremium 平成２３年　第１回臨時会（５月） - 05月16日－01号 ,質問者,議長,井上伸史,副議長,志村議長さんのあいさつにありましたけれども、そういった難しいことは言えませんけれども、とにかく補佐しながら、大分県発展のために一生懸命頑張ってやっていきたいと思いますので、どうぞよろしくお願い申し上げます。,,https://www.kaigiroku.net/kensaku/cgi-bin/WWWdocHatugen.exe?A=docHatugen&RA=frameNittei&USR=oitkenk&N=670&H=2200824,null
H2200824_4,大分県,第１回,1,23,5,16,臨時,DiscussNetPremium 平成２３年　第１回臨時会（５月） - 05月16日－01号 ,質問者,議長,井上伸史,副議長,ありがとうございました。,,https://www.kaigiroku.net/kensaku/cgi-bin/WWWdocHatugen.exe?A=docHatugen&RA=frameNittei&USR=oitkenk&N=670&H=2200824,null
H2200824_5,大分県,第１回,1,23,5,16,臨時,DiscussNetPremium 平成２３年　第１回臨時会（５月） - 05月16日－01号 ,質問者,議長,井上伸史,副議長,（拍手）,,https://www.kaigiroku.net/kensaku/cgi-bin/WWWdocHatugen.exe?A=docHatugen&RA=frameNittei&USR=oitkenk&N=670&H=2200824,null
H2200824_6,大分県,第１回,1,23,5,16,臨時,DiscussNetPremium 平成２３年　第１回臨時会（５月） - 05月16日－01号 ,質問者,議長,井上伸史,副議長,－－－－－－－－－－－－－－－－－－－－－－－－－－－－－－－,,https://www.kaigiroku.net/kensaku/cgi-bin/WWWdocHatugen.exe?A=docHatugen&RA=frameNittei&USR=oitkenk&N=670&H=2200824,null
H2200825_1,大分県,第１回,1,23,5,16,臨時,DiscussNetPremium 平成２３年　第１回臨時会（５月） - 05月16日－01号 ,議長,議長,志村学,議長,以上をもって本日の議事日程は終わりました。,,https://www.kaigiroku.net/kensaku/cgi-bin/WWWdocHatugen.exe?A=docHatugen&RA=frameNittei&USR=oitkenk&N=670&H=2200825,null
H2200825_2,大分県,第１回,1,23,5,16,臨時,DiscussNetPremium 平成２３年　第１回臨時会（５月） - 05月16日－01号 ,議長,議長,志村学,議長,次会は、明日定刻より開きます。,,https://www.kaigiroku.net/kensaku/cgi-bin/WWWdocHatugen.exe?A=docHatugen&RA=frameNittei&USR=oitkenk&N=670&H=2200825,null
H2200825_3,大分県,第１回,1,23,5,16,臨時,DiscussNetPremium 平成２３年　第１回臨時会（５月） - 05月16日－01号 ,議長,議長,志村学,議長,日程は、決定次第通知いたします。,,https://www.kaigiroku.net/kensaku/cgi-bin/WWWdocHatugen.exe?A=docHatugen&RA=frameNittei&USR=oitkenk&N=670&H=2200825,null
H2200825_4,大分県,第１回,1,23,5,16,臨時,DiscussNetPremium 平成２３年　第１回臨時会（５月） - 05月16日－01号 ,議長,議長,志村学,議長,－－－－－－－－－－－－－－－－－－－－－－－－－－－－－－－,,https://www.kaigiroku.net/kensaku/cgi-bin/WWWdocHatugen.exe?A=docHatugen&RA=frameNittei&USR=oitkenk&N=670&H=2200825,null
H2200826_1,大分県,第１回,1,23,5,16,臨時,DiscussNetPremium 平成２３年　第１回臨時会（５月） - 05月16日－01号 ,議長,議長,志村学,議長,本日は、これをもって散会いたします。,,https://www.kaigiroku.net/kensaku/cgi-bin/WWWdocHatugen.exe?A=docHatugen&RA=frameNittei&USR=oitkenk&N=670&H=2200826,null
H2200826_2,大分県,第１回,1,23,5,16,臨時,DiscussNetPremium 平成２３年　第１回臨時会（５月） - 05月16日－01号 ,議長,議長,志村学,議長,午後零時三十五分　散会,,https://www.kaigiroku.net/kensaku/cgi-bin/WWWdocHatugen.exe?A=docHatugen&RA=frameNittei&USR=oitkenk&N=670&H=2200826,null
