H6510926_1,宮城県,第３３１回,1,23,5,31,定例,平成２３年　　５月　定例会（第３３１回） - 05月31日－01号 ,議長,議長,畠山和純,議長,第三百三十一回宮城県議会を開会いたします。,,https://www.kaigiroku.net/cgi-bin/WWWdocHatugen.exe?A=docHatugen&RA=frameNittei&USR=mygmygk&N=4549&H=6510926,null
H6510926_2,宮城県,第３３１回,1,23,5,31,定例,平成２３年　　５月　定例会（第３３１回） - 05月31日－01号 ,議長,議長,畠山和純,議長,－－－－－－－－－－－－－－－－－－－－－－－－－－－－－－－－－－－,,https://www.kaigiroku.net/cgi-bin/WWWdocHatugen.exe?A=docHatugen&RA=frameNittei&USR=mygmygk&N=4549&H=6510926,null
H6510928_1,宮城県,第３３１回,1,23,5,31,定例,平成２３年　　５月　定例会（第３３１回） - 05月31日－01号 ,議長,議長,畠山和純,議長,これより本日の会議を開きます。,,https://www.kaigiroku.net/cgi-bin/WWWdocHatugen.exe?A=docHatugen&RA=frameNittei&USR=mygmygk&N=4549&H=6510928,null
H6510928_2,宮城県,第３３１回,1,23,5,31,定例,平成２３年　　５月　定例会（第３３１回） - 05月31日－01号 ,議長,議長,畠山和純,議長,本日の議事日程は、お手元に配布のとおりであります。,,https://www.kaigiroku.net/cgi-bin/WWWdocHatugen.exe?A=docHatugen&RA=frameNittei&USR=mygmygk&N=4549&H=6510928,null
H6510928_3,宮城県,第３３１回,1,23,5,31,定例,平成２３年　　５月　定例会（第３３１回） - 05月31日－01号 ,議長,議長,畠山和純,議長,－－－－－－－－－－－－－－－－－－－－－－－－－－－－－－－－－－－,,https://www.kaigiroku.net/cgi-bin/WWWdocHatugen.exe?A=docHatugen&RA=frameNittei&USR=mygmygk&N=4549&H=6510928,null
H6510930_1,宮城県,第３３１回,1,23,5,31,定例,平成２３年　　５月　定例会（第３３１回） - 05月31日－01号 ,議長,議長,畠山和純,議長,日程第一、会議録署名議員の指名を行います。,,https://www.kaigiroku.net/cgi-bin/WWWdocHatugen.exe?A=docHatugen&RA=frameNittei&USR=mygmygk&N=4549&H=6510930,null
H6510930_2,宮城県,第３３１回,1,23,5,31,定例,平成２３年　　５月　定例会（第３３１回） - 05月31日－01号 ,議長,議長,畠山和純,議長,会議録署名議員に、三十二番佐々木征治君、三十三番須田善明君を指名いたします。,,https://www.kaigiroku.net/cgi-bin/WWWdocHatugen.exe?A=docHatugen&RA=frameNittei&USR=mygmygk&N=4549&H=6510930,null
H6510930_3,宮城県,第３３１回,1,23,5,31,定例,平成２３年　　５月　定例会（第３３１回） - 05月31日－01号 ,議長,議長,畠山和純,議長,－－－－－－－－－－－－－－－－－－－－－－－－－－－－－－－－－－－,,https://www.kaigiroku.net/cgi-bin/WWWdocHatugen.exe?A=docHatugen&RA=frameNittei&USR=mygmygk&N=4549&H=6510930,null
H6510932_1,宮城県,第３３１回,1,23,5,31,定例,平成２３年　　５月　定例会（第３３１回） - 05月31日－01号 ,議長,議長,畠山和純,議長,この際、一言申し上げます。,,https://www.kaigiroku.net/cgi-bin/WWWdocHatugen.exe?A=docHatugen&RA=frameNittei&USR=mygmygk&N=4549&H=6510932,null
H6510932_2,宮城県,第３３１回,1,23,5,31,定例,平成２３年　　５月　定例会（第３３１回） - 05月31日－01号 ,議長,議長,畠山和純,議長,このたびの東日本大震災は、東北地方太平洋沿岸を中心に広範囲にわたり極めて甚大な被害をもたらしました。,,https://www.kaigiroku.net/cgi-bin/WWWdocHatugen.exe?A=docHatugen&RA=frameNittei&USR=mygmygk&N=4549&H=6510932,null
H6510932_3,宮城県,第３３１回,1,23,5,31,定例,平成２３年　　５月　定例会（第３３１回） - 05月31日－01号 ,議長,議長,畠山和純,議長,本日で震災から八十二日目を迎えましたが、本県におきましては、判明しているだけで九千人を超える方々のとうとい命を失うことになりました。,,https://www.kaigiroku.net/cgi-bin/WWWdocHatugen.exe?A=docHatugen&RA=frameNittei&USR=mygmygk&N=4549&H=6510932,null
H6510932_4,宮城県,第３３１回,1,23,5,31,定例,平成２３年　　５月　定例会（第３３１回） - 05月31日－01号 ,議長,議長,畠山和純,議長,亡くなられました方々の御冥福を心からお祈り申し上げます。,,https://www.kaigiroku.net/cgi-bin/WWWdocHatugen.exe?A=docHatugen&RA=frameNittei&USR=mygmygk&N=4549&H=6510932,null
H6510932_5,宮城県,第３３１回,1,23,5,31,定例,平成２３年　　５月　定例会（第３３１回） - 05月31日－01号 ,議長,議長,畠山和純,議長,いまだに五千人を超える方々が行方不明となっており、約二万七千人の方々が避難生活を余儀なくされております。,,https://www.kaigiroku.net/cgi-bin/WWWdocHatugen.exe?A=docHatugen&RA=frameNittei&USR=mygmygk&N=4549&H=6510932,null
H6510932_6,宮城県,第３３１回,1,23,5,31,定例,平成２３年　　５月　定例会（第３３１回） - 05月31日－01号 ,議長,議長,畠山和純,議長,被災された方々の御労苦、御心労は、察するに余りあるところであります。,,https://www.kaigiroku.net/cgi-bin/WWWdocHatugen.exe?A=docHatugen&RA=frameNittei&USR=mygmygk&N=4549&H=6510932,null
H6510932_7,宮城県,第３３１回,1,23,5,31,定例,平成２３年　　５月　定例会（第３３１回） - 05月31日－01号 ,議長,議長,畠山和純,議長,行方不明の方々が一日も早く御家族のもとに帰られますことを切に願いますとともに、被災された皆様方に対しまして、心からお見舞いを申し上げます。,,https://www.kaigiroku.net/cgi-bin/WWWdocHatugen.exe?A=docHatugen&RA=frameNittei&USR=mygmygk&N=4549&H=6510932,null
H6510932_8,宮城県,第３３１回,1,23,5,31,定例,平成２３年　　５月　定例会（第３３１回） - 05月31日－01号 ,議長,議長,畠山和純,議長,今回の大震災に際しましては、天皇・皇后両陛下からお見舞金と、被災された方々対しまして直接温かな励ましのお言葉を賜りました。,,https://www.kaigiroku.net/cgi-bin/WWWdocHatugen.exe?A=docHatugen&RA=frameNittei&USR=mygmygk&N=4549&H=6510932,null
H6510932_9,宮城県,第３３１回,1,23,5,31,定例,平成２３年　　５月　定例会（第３３１回） - 05月31日－01号 ,議長,議長,畠山和純,議長,また、自衛隊、警察、消防を初め、多くの方々による身を挺しての救助・捜索活動や、各地方自治体からの支援を初め、民間事業者、市民ボランティア、広く国内外の方々から、現地に赴きましての支援活動や、義援金、支援物資をお寄せいただきました。,,https://www.kaigiroku.net/cgi-bin/WWWdocHatugen.exe?A=docHatugen&RA=frameNittei&USR=mygmygk&N=4549&H=6510932,null
H6510932_10,宮城県,第３３１回,1,23,5,31,定例,平成２３年　　５月　定例会（第３３１回） - 05月31日－01号 ,議長,議長,畠山和純,議長,これらの多くの御支援に対しまして厚く感謝を申し上げます。,,https://www.kaigiroku.net/cgi-bin/WWWdocHatugen.exe?A=docHatugen&RA=frameNittei&USR=mygmygk&N=4549&H=6510932,null
H6510932_11,宮城県,第３３１回,1,23,5,31,定例,平成２３年　　５月　定例会（第３３１回） - 05月31日－01号 ,議長,議長,畠山和純,議長,千年に一度と言われる今回の巨大地震と大津波により、先人から受け継ぎ、そして我々が築き、次の世代に引き継ごうとしていたかけがえのない多くのものを一瞬にして失うこととなりました。,,https://www.kaigiroku.net/cgi-bin/WWWdocHatugen.exe?A=docHatugen&RA=frameNittei&USR=mygmygk&N=4549&H=6510932,null
H6510932_12,宮城県,第３３１回,1,23,5,31,定例,平成２３年　　５月　定例会（第３３１回） - 05月31日－01号 ,議長,議長,畠山和純,議長,県民生活や本県の産業経済は深い打撃を受け、大津波の襲来を受けた沿岸部の被災地は、今なお膨大な瓦れきが山となっております。,,https://www.kaigiroku.net/cgi-bin/WWWdocHatugen.exe?A=docHatugen&RA=frameNittei&USR=mygmygk&N=4549&H=6510932,null
H6510932_13,宮城県,第３３１回,1,23,5,31,定例,平成２３年　　５月　定例会（第３３１回） - 05月31日－01号 ,議長,議長,畠山和純,議長,本県が復興を遂げるには、多くの時間とこれまで以上の努力を必要といたします。,,https://www.kaigiroku.net/cgi-bin/WWWdocHatugen.exe?A=docHatugen&RA=frameNittei&USR=mygmygk&N=4549&H=6510932,null
H6510932_14,宮城県,第３３１回,1,23,5,31,定例,平成２３年　　５月　定例会（第３３１回） - 05月31日－01号 ,議長,議長,畠山和純,議長,県議会といたしましては、一日も早く県民の皆様が安全で安心して暮らせる生活を取り戻せるように、その声をしっかりと受けとめ、ふるさと宮城の再生と更なる発展に向けて、全力を挙げて取り組んでまいります。,,https://www.kaigiroku.net/cgi-bin/WWWdocHatugen.exe?A=docHatugen&RA=frameNittei&USR=mygmygk&N=4549&H=6510932,null
H6510932_15,宮城県,第３３１回,1,23,5,31,定例,平成２３年　　５月　定例会（第３３１回） - 05月31日－01号 ,議長,議長,畠山和純,議長,ここで、東日本大震災により亡くなられました方々に対しまして、黙祷をささげたいと思います。,,https://www.kaigiroku.net/cgi-bin/WWWdocHatugen.exe?A=docHatugen&RA=frameNittei&USR=mygmygk&N=4549&H=6510932,null
H6510933_1,宮城県,第３３１回,1,23,5,31,定例,平成２３年　　５月　定例会（第３３１回） - 05月31日－01号 ,答弁者,その他,畑正芳,議会事務局議事課長,御起立願います。,,https://www.kaigiroku.net/cgi-bin/WWWdocHatugen.exe?A=docHatugen&RA=frameNittei&USR=mygmygk&N=4549&H=6510933,null
H6510933_2,宮城県,第３３１回,1,23,5,31,定例,平成２３年　　５月　定例会（第３３１回） - 05月31日－01号 ,答弁者,その他,畑正芳,議会事務局議事課長,黙祷。,,https://www.kaigiroku.net/cgi-bin/WWWdocHatugen.exe?A=docHatugen&RA=frameNittei&USR=mygmygk&N=4549&H=6510933,null
H6510933_3,宮城県,第３３１回,1,23,5,31,定例,平成２３年　　５月　定例会（第３３１回） - 05月31日－01号 ,答弁者,その他,畑正芳,議会事務局議事課長,〔起立・黙祷〕,,https://www.kaigiroku.net/cgi-bin/WWWdocHatugen.exe?A=docHatugen&RA=frameNittei&USR=mygmygk&N=4549&H=6510933,null
H6510934_1,宮城県,第３３１回,1,23,5,31,定例,平成２３年　　５月　定例会（第３３１回） - 05月31日－01号 ,答弁者,その他,畑正芳,議会事務局議事課長,黙祷を終わります。,,https://www.kaigiroku.net/cgi-bin/WWWdocHatugen.exe?A=docHatugen&RA=frameNittei&USR=mygmygk&N=4549&H=6510934,null
H6510934_2,宮城県,第３３１回,1,23,5,31,定例,平成２３年　　５月　定例会（第３３１回） - 05月31日－01号 ,答弁者,その他,畑正芳,議会事務局議事課長,着席願います。,,https://www.kaigiroku.net/cgi-bin/WWWdocHatugen.exe?A=docHatugen&RA=frameNittei&USR=mygmygk&N=4549&H=6510934,null
H6510934_3,宮城県,第３３１回,1,23,5,31,定例,平成２３年　　５月　定例会（第３３１回） - 05月31日－01号 ,答弁者,その他,畑正芳,議会事務局議事課長,－－－－－－－－－－－－－－－－－－－－－－－－－－－－－－－－－－－,,https://www.kaigiroku.net/cgi-bin/WWWdocHatugen.exe?A=docHatugen&RA=frameNittei&USR=mygmygk&N=4549&H=6510934,null
H6510936_1,宮城県,第３３１回,1,23,5,31,定例,平成２３年　　５月　定例会（第３３１回） - 05月31日－01号 ,議長,議長,畠山和純,議長,御報告いたします。,,https://www.kaigiroku.net/cgi-bin/WWWdocHatugen.exe?A=docHatugen&RA=frameNittei&USR=mygmygk&N=4549&H=6510936,null
H6510936_2,宮城県,第３３１回,1,23,5,31,定例,平成２３年　　５月　定例会（第３３１回） - 05月31日－01号 ,議長,議長,畠山和純,議長,先般の人事異動により新たに任命いたしました議会事務局職員を紹介いたします。,,https://www.kaigiroku.net/cgi-bin/WWWdocHatugen.exe?A=docHatugen&RA=frameNittei&USR=mygmygk&N=4549&H=6510936,null
H6510936_3,宮城県,第３３１回,1,23,5,31,定例,平成２３年　　５月　定例会（第３３１回） - 05月31日－01号 ,議長,議長,畠山和純,議長,総務課長補佐　　　　　　　　　　　三浦正博君,,https://www.kaigiroku.net/cgi-bin/WWWdocHatugen.exe?A=docHatugen&RA=frameNittei&USR=mygmygk&N=4549&H=6510936,null
H6510936_4,宮城県,第３３１回,1,23,5,31,定例,平成２３年　　５月　定例会（第３３１回） - 05月31日－01号 ,議長,議長,畠山和純,議長,以上で、紹介を終わります。,,https://www.kaigiroku.net/cgi-bin/WWWdocHatugen.exe?A=docHatugen&RA=frameNittei&USR=mygmygk&N=4549&H=6510936,null
H6510936_5,宮城県,第３３１回,1,23,5,31,定例,平成２３年　　５月　定例会（第３３１回） - 05月31日－01号 ,議長,議長,畠山和純,議長,障害者基本法第九条第八項の規定により、お手元に配布のとおり、みやぎ障害者プランの提出がありました。,,https://www.kaigiroku.net/cgi-bin/WWWdocHatugen.exe?A=docHatugen&RA=frameNittei&USR=mygmygk&N=4549&H=6510936,null
H6510936_6,宮城県,第３３１回,1,23,5,31,定例,平成２３年　　５月　定例会（第３３１回） - 05月31日－01号 ,議長,議長,畠山和純,議長,地方自治法第百二十一条の規定により、お手元に配布のとおり、議場出席者の通知がありました。,,https://www.kaigiroku.net/cgi-bin/WWWdocHatugen.exe?A=docHatugen&RA=frameNittei&USR=mygmygk&N=4549&H=6510936,null
H6510936_7,宮城県,第３３１回,1,23,5,31,定例,平成２３年　　５月　定例会（第３３１回） - 05月31日－01号 ,議長,議長,畠山和純,議長,ここで、議場出席者中の新任者を御紹介いたします。,,https://www.kaigiroku.net/cgi-bin/WWWdocHatugen.exe?A=docHatugen&RA=frameNittei&USR=mygmygk&N=4549&H=6510936,null
H6510936_8,宮城県,第３３１回,1,23,5,31,定例,平成２３年　　５月　定例会（第３３１回） - 05月31日－01号 ,議長,議長,畠山和純,議長,震災復興・企画部長　　　　　　　　伊藤和彦君,,https://www.kaigiroku.net/cgi-bin/WWWdocHatugen.exe?A=docHatugen&RA=frameNittei&USR=mygmygk&N=4549&H=6510936,null
H6510936_9,宮城県,第３３１回,1,23,5,31,定例,平成２３年　　５月　定例会（第３３１回） - 05月31日－01号 ,議長,議長,畠山和純,議長,総務部次長兼財政課長　　　　　　　佐野好昭君,,https://www.kaigiroku.net/cgi-bin/WWWdocHatugen.exe?A=docHatugen&RA=frameNittei&USR=mygmygk&N=4549&H=6510936,null
H6510936_10,宮城県,第３３１回,1,23,5,31,定例,平成２３年　　５月　定例会（第３３１回） - 05月31日－01号 ,議長,議長,畠山和純,議長,理事兼教育次長　　　　　　　　　　大内　仁君,,https://www.kaigiroku.net/cgi-bin/WWWdocHatugen.exe?A=docHatugen&RA=frameNittei&USR=mygmygk&N=4549&H=6510936,null
H6510936_11,宮城県,第３３１回,1,23,5,31,定例,平成２３年　　５月　定例会（第３３１回） - 05月31日－01号 ,議長,議長,畠山和純,議長,公安委員会委員長　　　　　　　　　檜山公夫君,,https://www.kaigiroku.net/cgi-bin/WWWdocHatugen.exe?A=docHatugen&RA=frameNittei&USR=mygmygk&N=4549&H=6510936,null
H6510936_12,宮城県,第３３１回,1,23,5,31,定例,平成２３年　　５月　定例会（第３３１回） - 05月31日－01号 ,議長,議長,畠山和純,議長,警察本部総務部長　　　　　　　　　尾形正人君,,https://www.kaigiroku.net/cgi-bin/WWWdocHatugen.exe?A=docHatugen&RA=frameNittei&USR=mygmygk&N=4549&H=6510936,null
H6510936_13,宮城県,第３３１回,1,23,5,31,定例,平成２３年　　５月　定例会（第３３１回） - 05月31日－01号 ,議長,議長,畠山和純,議長,監査委員事務局長　　　　　　　　　千葉裕一君,,https://www.kaigiroku.net/cgi-bin/WWWdocHatugen.exe?A=docHatugen&RA=frameNittei&USR=mygmygk&N=4549&H=6510936,null
H6510936_14,宮城県,第３３１回,1,23,5,31,定例,平成２３年　　５月　定例会（第３３１回） - 05月31日－01号 ,議長,議長,畠山和純,議長,以上で、紹介を終わります。,,https://www.kaigiroku.net/cgi-bin/WWWdocHatugen.exe?A=docHatugen&RA=frameNittei&USR=mygmygk&N=4549&H=6510936,null
H6510936_15,宮城県,第３３１回,1,23,5,31,定例,平成２３年　　５月　定例会（第３３１回） - 05月31日－01号 ,議長,議長,畠山和純,議長,……………………………………………………………………………………………,,https://www.kaigiroku.net/cgi-bin/WWWdocHatugen.exe?A=docHatugen&RA=frameNittei&USR=mygmygk&N=4549&H=6510936,null
H6510936_16,宮城県,第３３１回,1,23,5,31,定例,平成２３年　　５月　定例会（第３３１回） - 05月31日－01号 ,議長,議長,畠山和純,議長,議場出席者名簿,,https://www.kaigiroku.net/cgi-bin/WWWdocHatugen.exe?A=docHatugen&RA=frameNittei&USR=mygmygk&N=4549&H=6510936,null
H6510936_17,宮城県,第３３１回,1,23,5,31,定例,平成２３年　　５月　定例会（第３３１回） - 05月31日－01号 ,議長,議長,畠山和純,議長,第３３１回県議会（平成２３年５月定例会）,,https://www.kaigiroku.net/cgi-bin/WWWdocHatugen.exe?A=docHatugen&RA=frameNittei&USR=mygmygk&N=4549&H=6510936,null
H6510936_18,宮城県,第３３１回,1,23,5,31,定例,平成２３年　　５月　定例会（第３３１回） - 05月31日－01号 ,議長,議長,畠山和純,議長,知事　　　　　　　　　　　　　　　　村井嘉浩,,https://www.kaigiroku.net/cgi-bin/WWWdocHatugen.exe?A=docHatugen&RA=frameNittei&USR=mygmygk&N=4549&H=6510936,null
H6510936_19,宮城県,第３３１回,1,23,5,31,定例,平成２３年　　５月　定例会（第３３１回） - 05月31日－01号 ,議長,議長,畠山和純,議長,副知事　　　　　　　　　　　　　　　三浦秀一,,https://www.kaigiroku.net/cgi-bin/WWWdocHatugen.exe?A=docHatugen&RA=frameNittei&USR=mygmygk&N=4549&H=6510936,null
H6510936_20,宮城県,第３３１回,1,23,5,31,定例,平成２３年　　５月　定例会（第３３１回） - 05月31日－01号 ,議長,議長,畠山和純,議長,副知事　　　　　　　　　　　　　　　若生正博,,https://www.kaigiroku.net/cgi-bin/WWWdocHatugen.exe?A=docHatugen&RA=frameNittei&USR=mygmygk&N=4549&H=6510936,null
H6510936_21,宮城県,第３３１回,1,23,5,31,定例,平成２３年　　５月　定例会（第３３１回） - 05月31日－01号 ,議長,議長,畠山和純,議長,公営企業管理者　　　　　　　　　　　伊藤直司,,https://www.kaigiroku.net/cgi-bin/WWWdocHatugen.exe?A=docHatugen&RA=frameNittei&USR=mygmygk&N=4549&H=6510936,null
H6510936_22,宮城県,第３３１回,1,23,5,31,定例,平成２３年　　５月　定例会（第３３１回） - 05月31日－01号 ,議長,議長,畠山和純,議長,総務部長　　　　　　　　　　　　　　今野純一,,https://www.kaigiroku.net/cgi-bin/WWWdocHatugen.exe?A=docHatugen&RA=frameNittei&USR=mygmygk&N=4549&H=6510936,null
H6510936_23,宮城県,第３３１回,1,23,5,31,定例,平成２３年　　５月　定例会（第３３１回） - 05月31日－01号 ,議長,議長,畠山和純,議長,震災復興・企画部長　　　　　　　　　伊藤和彦,,https://www.kaigiroku.net/cgi-bin/WWWdocHatugen.exe?A=docHatugen&RA=frameNittei&USR=mygmygk&N=4549&H=6510936,null
H6510936_24,宮城県,第３３１回,1,23,5,31,定例,平成２３年　　５月　定例会（第３３１回） - 05月31日－01号 ,議長,議長,畠山和純,議長,環境生活部長　　　　　　　　　　　　小泉　保,,https://www.kaigiroku.net/cgi-bin/WWWdocHatugen.exe?A=docHatugen&RA=frameNittei&USR=mygmygk&N=4549&H=6510936,null
H6510936_25,宮城県,第３３１回,1,23,5,31,定例,平成２３年　　５月　定例会（第３３１回） - 05月31日－01号 ,議長,議長,畠山和純,議長,保健福祉部長　　　　　　　　　　　　岡部　敦,,https://www.kaigiroku.net/cgi-bin/WWWdocHatugen.exe?A=docHatugen&RA=frameNittei&USR=mygmygk&N=4549&H=6510936,null
H6510936_26,宮城県,第３３１回,1,23,5,31,定例,平成２３年　　５月　定例会（第３３１回） - 05月31日－01号 ,議長,議長,畠山和純,議長,経済商工観光部長　　　　　　　　　　河端章好,,https://www.kaigiroku.net/cgi-bin/WWWdocHatugen.exe?A=docHatugen&RA=frameNittei&USR=mygmygk&N=4549&H=6510936,null
H6510936_27,宮城県,第３３１回,1,23,5,31,定例,平成２３年　　５月　定例会（第３３１回） - 05月31日－01号 ,議長,議長,畠山和純,議長,農林水産部長　　　　　　　　　　　　千葉宇京,,https://www.kaigiroku.net/cgi-bin/WWWdocHatugen.exe?A=docHatugen&RA=frameNittei&USR=mygmygk&N=4549&H=6510936,null
H6510936_28,宮城県,第３３１回,1,23,5,31,定例,平成２３年　　５月　定例会（第３３１回） - 05月31日－01号 ,議長,議長,畠山和純,議長,土木部長　　　　　　　　　　　　　　橋本　潔,,https://www.kaigiroku.net/cgi-bin/WWWdocHatugen.exe?A=docHatugen&RA=frameNittei&USR=mygmygk&N=4549&H=6510936,null
H6510936_29,宮城県,第３３１回,1,23,5,31,定例,平成２３年　　５月　定例会（第３３１回） - 05月31日－01号 ,議長,議長,畠山和純,議長,会計管理者兼出納局長　　　　　　　　三野宮斗史,,https://www.kaigiroku.net/cgi-bin/WWWdocHatugen.exe?A=docHatugen&RA=frameNittei&USR=mygmygk&N=4549&H=6510936,null
H6510936_30,宮城県,第３３１回,1,23,5,31,定例,平成２３年　　５月　定例会（第３３１回） - 05月31日－01号 ,議長,議長,畠山和純,議長,総務部秘書課長　　　　　　　　　　　小林　裕,,https://www.kaigiroku.net/cgi-bin/WWWdocHatugen.exe?A=docHatugen&RA=frameNittei&USR=mygmygk&N=4549&H=6510936,null
H6510936_31,宮城県,第３３１回,1,23,5,31,定例,平成２３年　　５月　定例会（第３３１回） - 05月31日－01号 ,議長,議長,畠山和純,議長,総務部参事兼財政課長　　　　　　　　佐野好昭,,https://www.kaigiroku.net/cgi-bin/WWWdocHatugen.exe?A=docHatugen&RA=frameNittei&USR=mygmygk&N=4549&H=6510936,null
H6510936_32,宮城県,第３３１回,1,23,5,31,定例,平成２３年　　５月　定例会（第３３１回） - 05月31日－01号 ,議長,議長,畠山和純,議長,教育委員会,,https://www.kaigiroku.net/cgi-bin/WWWdocHatugen.exe?A=docHatugen&RA=frameNittei&USR=mygmygk&N=4549&H=6510936,null
H6510936_33,宮城県,第３３１回,1,23,5,31,定例,平成２３年　　５月　定例会（第３３１回） - 05月31日－01号 ,議長,議長,畠山和純,議長,委員長　　　　　　　　　　　　　　　大村虔一,,https://www.kaigiroku.net/cgi-bin/WWWdocHatugen.exe?A=docHatugen&RA=frameNittei&USR=mygmygk&N=4549&H=6510936,null
H6510936_34,宮城県,第３３１回,1,23,5,31,定例,平成２３年　　５月　定例会（第３３１回） - 05月31日－01号 ,議長,議長,畠山和純,議長,教育長　　　　　　　　　　　　　　　小林伸一,,https://www.kaigiroku.net/cgi-bin/WWWdocHatugen.exe?A=docHatugen&RA=frameNittei&USR=mygmygk&N=4549&H=6510936,null
H6510936_35,宮城県,第３３１回,1,23,5,31,定例,平成２３年　　５月　定例会（第３３１回） - 05月31日－01号 ,議長,議長,畠山和純,議長,理事兼教育次長　　　　　　　　　　　大内　仁,,https://www.kaigiroku.net/cgi-bin/WWWdocHatugen.exe?A=docHatugen&RA=frameNittei&USR=mygmygk&N=4549&H=6510936,null
H6510936_36,宮城県,第３３１回,1,23,5,31,定例,平成２３年　　５月　定例会（第３３１回） - 05月31日－01号 ,議長,議長,畠山和純,議長,選挙管理委員会,,https://www.kaigiroku.net/cgi-bin/WWWdocHatugen.exe?A=docHatugen&RA=frameNittei&USR=mygmygk&N=4549&H=6510936,null
H6510936_37,宮城県,第３３１回,1,23,5,31,定例,平成２３年　　５月　定例会（第３３１回） - 05月31日－01号 ,議長,議長,畠山和純,議長,委員長　　　　　　　　　　　　　　　佐藤健一,,https://www.kaigiroku.net/cgi-bin/WWWdocHatugen.exe?A=docHatugen&RA=frameNittei&USR=mygmygk&N=4549&H=6510936,null
H6510936_38,宮城県,第３３１回,1,23,5,31,定例,平成２３年　　５月　定例会（第３３１回） - 05月31日－01号 ,議長,議長,畠山和純,議長,事務局長　　　　　　　　　　　　　　池田敬之,,https://www.kaigiroku.net/cgi-bin/WWWdocHatugen.exe?A=docHatugen&RA=frameNittei&USR=mygmygk&N=4549&H=6510936,null
H6510936_39,宮城県,第３３１回,1,23,5,31,定例,平成２３年　　５月　定例会（第３３１回） - 05月31日－01号 ,議長,議長,畠山和純,議長,人事委員会,,https://www.kaigiroku.net/cgi-bin/WWWdocHatugen.exe?A=docHatugen&RA=frameNittei&USR=mygmygk&N=4549&H=6510936,null
H6510936_40,宮城県,第３３１回,1,23,5,31,定例,平成２３年　　５月　定例会（第３３１回） - 05月31日－01号 ,議長,議長,畠山和純,議長,委員長　　　　　　　　　　　　　　　高橋俊一,,https://www.kaigiroku.net/cgi-bin/WWWdocHatugen.exe?A=docHatugen&RA=frameNittei&USR=mygmygk&N=4549&H=6510936,null
H6510936_41,宮城県,第３３１回,1,23,5,31,定例,平成２３年　　５月　定例会（第３３１回） - 05月31日－01号 ,議長,議長,畠山和純,議長,事務局長　　　　　　　　　　　　　　今野光則,,https://www.kaigiroku.net/cgi-bin/WWWdocHatugen.exe?A=docHatugen&RA=frameNittei&USR=mygmygk&N=4549&H=6510936,null
H6510936_42,宮城県,第３３１回,1,23,5,31,定例,平成２３年　　５月　定例会（第３３１回） - 05月31日－01号 ,議長,議長,畠山和純,議長,公安委員会,,https://www.kaigiroku.net/cgi-bin/WWWdocHatugen.exe?A=docHatugen&RA=frameNittei&USR=mygmygk&N=4549&H=6510936,null
H6510936_43,宮城県,第３３１回,1,23,5,31,定例,平成２３年　　５月　定例会（第３３１回） - 05月31日－01号 ,議長,議長,畠山和純,議長,委員長　　　　　　　　　　　　　　　檜山公夫,,https://www.kaigiroku.net/cgi-bin/WWWdocHatugen.exe?A=docHatugen&RA=frameNittei&USR=mygmygk&N=4549&H=6510936,null
H6510936_44,宮城県,第３３１回,1,23,5,31,定例,平成２３年　　５月　定例会（第３３１回） - 05月31日－01号 ,議長,議長,畠山和純,議長,警察本部長　　　　　　　　　　　　　竹内直人,,https://www.kaigiroku.net/cgi-bin/WWWdocHatugen.exe?A=docHatugen&RA=frameNittei&USR=mygmygk&N=4549&H=6510936,null
H6510936_45,宮城県,第３３１回,1,23,5,31,定例,平成２３年　　５月　定例会（第３３１回） - 05月31日－01号 ,議長,議長,畠山和純,議長,総務部長　　　　　　　　　　　　　　尾形正人,,https://www.kaigiroku.net/cgi-bin/WWWdocHatugen.exe?A=docHatugen&RA=frameNittei&USR=mygmygk&N=4549&H=6510936,null
H6510936_46,宮城県,第３３１回,1,23,5,31,定例,平成２３年　　５月　定例会（第３３１回） - 05月31日－01号 ,議長,議長,畠山和純,議長,労働委員会,,https://www.kaigiroku.net/cgi-bin/WWWdocHatugen.exe?A=docHatugen&RA=frameNittei&USR=mygmygk&N=4549&H=6510936,null
H6510936_47,宮城県,第３３１回,1,23,5,31,定例,平成２３年　　５月　定例会（第３３１回） - 05月31日－01号 ,議長,議長,畠山和純,議長,事務局長　　　　　　　　　　　　　　保理昭泰,,https://www.kaigiroku.net/cgi-bin/WWWdocHatugen.exe?A=docHatugen&RA=frameNittei&USR=mygmygk&N=4549&H=6510936,null
H6510936_48,宮城県,第３３１回,1,23,5,31,定例,平成２３年　　５月　定例会（第３３１回） - 05月31日－01号 ,議長,議長,畠山和純,議長,監査委員,,https://www.kaigiroku.net/cgi-bin/WWWdocHatugen.exe?A=docHatugen&RA=frameNittei&USR=mygmygk&N=4549&H=6510936,null
H6510936_49,宮城県,第３３１回,1,23,5,31,定例,平成２３年　　５月　定例会（第３３１回） - 05月31日－01号 ,議長,議長,畠山和純,議長,委員　　　　　　　　　　　　　　　　遊佐勘左衛門,,https://www.kaigiroku.net/cgi-bin/WWWdocHatugen.exe?A=docHatugen&RA=frameNittei&USR=mygmygk&N=4549&H=6510936,null
H6510936_50,宮城県,第３３１回,1,23,5,31,定例,平成２３年　　５月　定例会（第３３１回） - 05月31日－01号 ,議長,議長,畠山和純,議長,事務局長　　　　　　　　　　　　　　千葉裕一,,https://www.kaigiroku.net/cgi-bin/WWWdocHatugen.exe?A=docHatugen&RA=frameNittei&USR=mygmygk&N=4549&H=6510936,null
H6510936_51,宮城県,第３３１回,1,23,5,31,定例,平成２３年　　５月　定例会（第３３１回） - 05月31日－01号 ,議長,議長,畠山和純,議長,－－－－－－－－－－－－－－－－－－－－－－－－－－－－－－－－－－－,,https://www.kaigiroku.net/cgi-bin/WWWdocHatugen.exe?A=docHatugen&RA=frameNittei&USR=mygmygk&N=4549&H=6510936,null
H6510938_1,宮城県,第３３１回,1,23,5,31,定例,平成２３年　　５月　定例会（第３３１回） - 05月31日－01号 ,議長,議長,畠山和純,議長,日程第二、会期の決定についてを議題といたします。,,https://www.kaigiroku.net/cgi-bin/WWWdocHatugen.exe?A=docHatugen&RA=frameNittei&USR=mygmygk&N=4549&H=6510938,null
H6510938_2,宮城県,第３３１回,1,23,5,31,定例,平成２３年　　５月　定例会（第３３１回） - 05月31日－01号 ,議長,議長,畠山和純,議長,お諮りいたします。,,https://www.kaigiroku.net/cgi-bin/WWWdocHatugen.exe?A=docHatugen&RA=frameNittei&USR=mygmygk&N=4549&H=6510938,null
H6510938_3,宮城県,第３３１回,1,23,5,31,定例,平成２３年　　５月　定例会（第３３１回） - 05月31日－01号 ,議長,議長,畠山和純,議長,今回の会期は、本日から六月二十日までの二十一日間といたしたいと思います。,,https://www.kaigiroku.net/cgi-bin/WWWdocHatugen.exe?A=docHatugen&RA=frameNittei&USR=mygmygk&N=4549&H=6510938,null
H6510938_4,宮城県,第３３１回,1,23,5,31,定例,平成２３年　　５月　定例会（第３３１回） - 05月31日－01号 ,議長,議長,畠山和純,議長,これに御異議ありませんか。,,https://www.kaigiroku.net/cgi-bin/WWWdocHatugen.exe?A=docHatugen&RA=frameNittei&USR=mygmygk&N=4549&H=6510938,null
H6510938_5,宮城県,第３３１回,1,23,5,31,定例,平成２３年　　５月　定例会（第３３１回） - 05月31日－01号 ,議長,議長,畠山和純,議長,〔「異議なし」と呼ぶ者あり〕,,https://www.kaigiroku.net/cgi-bin/WWWdocHatugen.exe?A=docHatugen&RA=frameNittei&USR=mygmygk&N=4549&H=6510938,null
H6510939_1,宮城県,第３３１回,1,23,5,31,定例,平成２３年　　５月　定例会（第３３１回） - 05月31日－01号 ,議長,議長,畠山和純,議長,御異議なしと認めます。,,https://www.kaigiroku.net/cgi-bin/WWWdocHatugen.exe?A=docHatugen&RA=frameNittei&USR=mygmygk&N=4549&H=6510939,null
H6510939_2,宮城県,第３３１回,1,23,5,31,定例,平成２３年　　５月　定例会（第３３１回） - 05月31日－01号 ,議長,議長,畠山和純,議長,よって、会期は二十一日間と決定いたしました。,,https://www.kaigiroku.net/cgi-bin/WWWdocHatugen.exe?A=docHatugen&RA=frameNittei&USR=mygmygk&N=4549&H=6510939,null
H6510939_3,宮城県,第３３１回,1,23,5,31,定例,平成２３年　　５月　定例会（第３３１回） - 05月31日－01号 ,議長,議長,畠山和純,議長,－－－－－－－－－－－－－－－－－－－－－－－－－－－－－－－－－－－,,https://www.kaigiroku.net/cgi-bin/WWWdocHatugen.exe?A=docHatugen&RA=frameNittei&USR=mygmygk&N=4549&H=6510939,null
H6510941_1,宮城県,第３３１回,1,23,5,31,定例,平成２３年　　５月　定例会（第３３１回） - 05月31日－01号 ,議長,議長,畠山和純,議長,日程第三、発議第五号議案、宮城県議会委員会条例の一部を改正する条例を議題といたします。,,https://www.kaigiroku.net/cgi-bin/WWWdocHatugen.exe?A=docHatugen&RA=frameNittei&USR=mygmygk&N=4549&H=6510941,null
H6510941_2,宮城県,第３３１回,1,23,5,31,定例,平成２３年　　５月　定例会（第３３１回） - 05月31日－01号 ,議長,議長,畠山和純,議長,……………………………………………………………………………………………,,https://www.kaigiroku.net/cgi-bin/WWWdocHatugen.exe?A=docHatugen&RA=frameNittei&USR=mygmygk&N=4549&H=6510941,null
H6510941_3,宮城県,第３３１回,1,23,5,31,定例,平成２３年　　５月　定例会（第３３１回） - 05月31日－01号 ,議長,議長,畠山和純,議長,発議第五号議案,,https://www.kaigiroku.net/cgi-bin/WWWdocHatugen.exe?A=docHatugen&RA=frameNittei&USR=mygmygk&N=4549&H=6510941,null
H6510941_4,宮城県,第３３１回,1,23,5,31,定例,平成２３年　　５月　定例会（第３３１回） - 05月31日－01号 ,議長,議長,畠山和純,議長,宮城県議会委員会条例の一部を改正する条例,,https://www.kaigiroku.net/cgi-bin/WWWdocHatugen.exe?A=docHatugen&RA=frameNittei&USR=mygmygk&N=4549&H=6510941,null
H6510941_5,宮城県,第３３１回,1,23,5,31,定例,平成２３年　　５月　定例会（第３３１回） - 05月31日－01号 ,議長,議長,畠山和純,議長,右の議案を別紙のとおり地方自治法第百九条の二第五項において準用する同法第百九条第七項及び宮城県議会会議規則第十五条第二項の規定により提出します。,,https://www.kaigiroku.net/cgi-bin/WWWdocHatugen.exe?A=docHatugen&RA=frameNittei&USR=mygmygk&N=4549&H=6510941,null
H6510941_6,宮城県,第３３１回,1,23,5,31,定例,平成２３年　　５月　定例会（第３３１回） - 05月31日－01号 ,議長,議長,畠山和純,議長,平成二十三年五月三十一日,,https://www.kaigiroku.net/cgi-bin/WWWdocHatugen.exe?A=docHatugen&RA=frameNittei&USR=mygmygk&N=4549&H=6510941,null
H6510941_7,宮城県,第３３１回,1,23,5,31,定例,平成２３年　　５月　定例会（第３３１回） - 05月31日－01号 ,議長,議長,畠山和純,議長,提出者　宮城県議会議会運営委員長　佐々木征治,,https://www.kaigiroku.net/cgi-bin/WWWdocHatugen.exe?A=docHatugen&RA=frameNittei&USR=mygmygk&N=4549&H=6510941,null
H6510941_8,宮城県,第３３１回,1,23,5,31,定例,平成２３年　　５月　定例会（第３３１回） - 05月31日－01号 ,議長,議長,畠山和純,議長,宮城県議会議長　　畠山和純殿,,https://www.kaigiroku.net/cgi-bin/WWWdocHatugen.exe?A=docHatugen&RA=frameNittei&USR=mygmygk&N=4549&H=6510941,null
H6510941_9,宮城県,第３３１回,1,23,5,31,定例,平成２３年　　５月　定例会（第３３１回） - 05月31日－01号 ,議長,議長,畠山和純,議長,……………………………………………………………………………………………,,https://www.kaigiroku.net/cgi-bin/WWWdocHatugen.exe?A=docHatugen&RA=frameNittei&USR=mygmygk&N=4549&H=6510941,null
H6510941_10,宮城県,第３３１回,1,23,5,31,定例,平成２３年　　５月　定例会（第３３１回） - 05月31日－01号 ,議長,議長,畠山和純,議長,宮城県議会委員会条例の一部を改正する条例,,https://www.kaigiroku.net/cgi-bin/WWWdocHatugen.exe?A=docHatugen&RA=frameNittei&USR=mygmygk&N=4549&H=6510941,null
H6510941_11,宮城県,第３３１回,1,23,5,31,定例,平成２３年　　５月　定例会（第３３１回） - 05月31日－01号 ,議長,議長,畠山和純,議長,宮城県議会委員会条例（昭和五十年宮城県条例第二十一号）の一部を次のように改正する。,,https://www.kaigiroku.net/cgi-bin/WWWdocHatugen.exe?A=docHatugen&RA=frameNittei&USR=mygmygk&N=4549&H=6510941,null
H6510941_12,宮城県,第３３１回,1,23,5,31,定例,平成２３年　　５月　定例会（第３３１回） - 05月31日－01号 ,議長,議長,畠山和純,議長,第二条第一項第一号中「企画部」を「震災復興・企画部」に改める。,,https://www.kaigiroku.net/cgi-bin/WWWdocHatugen.exe?A=docHatugen&RA=frameNittei&USR=mygmygk&N=4549&H=6510941,null
H6510941_13,宮城県,第３３１回,1,23,5,31,定例,平成２３年　　５月　定例会（第３３１回） - 05月31日－01号 ,議長,議長,畠山和純,議長,附則,,https://www.kaigiroku.net/cgi-bin/WWWdocHatugen.exe?A=docHatugen&RA=frameNittei&USR=mygmygk&N=4549&H=6510941,null
H6510941_14,宮城県,第３３１回,1,23,5,31,定例,平成２３年　　５月　定例会（第３３１回） - 05月31日－01号 ,議長,議長,畠山和純,議長,（施行期日）,,https://www.kaigiroku.net/cgi-bin/WWWdocHatugen.exe?A=docHatugen&RA=frameNittei&USR=mygmygk&N=4549&H=6510941,null
H6510941_15,宮城県,第３３１回,1,23,5,31,定例,平成２３年　　５月　定例会（第３３１回） - 05月31日－01号 ,議長,議長,畠山和純,議長,１　この条例は、公布の日から施行する。,,https://www.kaigiroku.net/cgi-bin/WWWdocHatugen.exe?A=docHatugen&RA=frameNittei&USR=mygmygk&N=4549&H=6510941,null
H6510941_16,宮城県,第３３１回,1,23,5,31,定例,平成２３年　　５月　定例会（第３３１回） - 05月31日－01号 ,議長,議長,畠山和純,議長,（経過措置）,,https://www.kaigiroku.net/cgi-bin/WWWdocHatugen.exe?A=docHatugen&RA=frameNittei&USR=mygmygk&N=4549&H=6510941,null
H6510941_17,宮城県,第３３１回,1,23,5,31,定例,平成２３年　　５月　定例会（第３３１回） - 05月31日－01号 ,議長,議長,畠山和純,議長,２　この条例の施行の際現に改正前の宮城県議会委員会条例（以下「旧条例」という。,,https://www.kaigiroku.net/cgi-bin/WWWdocHatugen.exe?A=docHatugen&RA=frameNittei&USR=mygmygk&N=4549&H=6510941,null
H6510941_18,宮城県,第３３１回,1,23,5,31,定例,平成２３年　　５月　定例会（第３３１回） - 05月31日－01号 ,議長,議長,畠山和純,議長,）の規定による総務企画委員会の委員長、副委員長又は委員であるものは、それぞれ改正後の宮城県議会委員会条例（以下「新条例」という。,,https://www.kaigiroku.net/cgi-bin/WWWdocHatugen.exe?A=docHatugen&RA=frameNittei&USR=mygmygk&N=4549&H=6510941,null
H6510941_19,宮城県,第３３１回,1,23,5,31,定例,平成２３年　　５月　定例会（第３３１回） - 05月31日－01号 ,議長,議長,畠山和純,議長,）の規定による総務企画委員会の委員長、副委員長又は委員となるものとする。,,https://www.kaigiroku.net/cgi-bin/WWWdocHatugen.exe?A=docHatugen&RA=frameNittei&USR=mygmygk&N=4549&H=6510941,null
H6510941_20,宮城県,第３３１回,1,23,5,31,定例,平成２３年　　５月　定例会（第３３１回） - 05月31日－01号 ,議長,議長,畠山和純,議長,３　この条例の施行の際現に旧条例の規定による総務企画委員会において審査又は調査中の事件は、新条例の規定による総務企画委員会に付託されたものとみなす。,,https://www.kaigiroku.net/cgi-bin/WWWdocHatugen.exe?A=docHatugen&RA=frameNittei&USR=mygmygk&N=4549&H=6510941,null
H6510941_21,宮城県,第３３１回,1,23,5,31,定例,平成２３年　　５月　定例会（第３３１回） - 05月31日－01号 ,議長,議長,畠山和純,議長,……………………………………………………………………………………………,,https://www.kaigiroku.net/cgi-bin/WWWdocHatugen.exe?A=docHatugen&RA=frameNittei&USR=mygmygk&N=4549&H=6510941,null
H6510941_22,宮城県,第３３１回,1,23,5,31,定例,平成２３年　　５月　定例会（第３３１回） - 05月31日－01号 ,議長,議長,畠山和純,議長,提案理由,,https://www.kaigiroku.net/cgi-bin/WWWdocHatugen.exe?A=docHatugen&RA=frameNittei&USR=mygmygk&N=4549&H=6510941,null
H6510941_23,宮城県,第３３１回,1,23,5,31,定例,平成２３年　　５月　定例会（第３３１回） - 05月31日－01号 ,議長,議長,畠山和純,議長,知事部局の組織改正がなされたため、常任委員会の所管を改正するものである。,,https://www.kaigiroku.net/cgi-bin/WWWdocHatugen.exe?A=docHatugen&RA=frameNittei&USR=mygmygk&N=4549&H=6510941,null
H6510941_24,宮城県,第３３１回,1,23,5,31,定例,平成２３年　　５月　定例会（第３３１回） - 05月31日－01号 ,議長,議長,畠山和純,議長,これが、この条例案を提案する理由である。,,https://www.kaigiroku.net/cgi-bin/WWWdocHatugen.exe?A=docHatugen&RA=frameNittei&USR=mygmygk&N=4549&H=6510941,null
H6510941_25,宮城県,第３３１回,1,23,5,31,定例,平成２３年　　５月　定例会（第３３１回） - 05月31日－01号 ,議長,議長,畠山和純,議長,……………………………………………………………………………………………,,https://www.kaigiroku.net/cgi-bin/WWWdocHatugen.exe?A=docHatugen&RA=frameNittei&USR=mygmygk&N=4549&H=6510941,null
H6510942_1,宮城県,第３３１回,1,23,5,31,定例,平成２３年　　５月　定例会（第３３１回） - 05月31日－01号 ,議長,議長,畠山和純,議長,お諮りいたします。,,https://www.kaigiroku.net/cgi-bin/WWWdocHatugen.exe?A=docHatugen&RA=frameNittei&USR=mygmygk&N=4549&H=6510942,null
H6510942_2,宮城県,第３３１回,1,23,5,31,定例,平成２３年　　５月　定例会（第３３１回） - 05月31日－01号 ,議長,議長,畠山和純,議長,本案については、提出者の説明を省略することにいたしたいと思います。,,https://www.kaigiroku.net/cgi-bin/WWWdocHatugen.exe?A=docHatugen&RA=frameNittei&USR=mygmygk&N=4549&H=6510942,null
H6510942_3,宮城県,第３３１回,1,23,5,31,定例,平成２３年　　５月　定例会（第３３１回） - 05月31日－01号 ,議長,議長,畠山和純,議長,これに御異議ありませんか。,,https://www.kaigiroku.net/cgi-bin/WWWdocHatugen.exe?A=docHatugen&RA=frameNittei&USR=mygmygk&N=4549&H=6510942,null
H6510942_4,宮城県,第３３１回,1,23,5,31,定例,平成２３年　　５月　定例会（第３３１回） - 05月31日－01号 ,議長,議長,畠山和純,議長,〔「異議なし」と呼ぶ者あり〕,,https://www.kaigiroku.net/cgi-bin/WWWdocHatugen.exe?A=docHatugen&RA=frameNittei&USR=mygmygk&N=4549&H=6510942,null
H6510943_1,宮城県,第３３１回,1,23,5,31,定例,平成２３年　　５月　定例会（第３３１回） - 05月31日－01号 ,議長,議長,畠山和純,議長,御異議なしと認めます。,,https://www.kaigiroku.net/cgi-bin/WWWdocHatugen.exe?A=docHatugen&RA=frameNittei&USR=mygmygk&N=4549&H=6510943,null
H6510943_2,宮城県,第３３１回,1,23,5,31,定例,平成２３年　　５月　定例会（第３３１回） - 05月31日－01号 ,議長,議長,畠山和純,議長,よって、提出者の説明を省略することに決定いたしました。,,https://www.kaigiroku.net/cgi-bin/WWWdocHatugen.exe?A=docHatugen&RA=frameNittei&USR=mygmygk&N=4549&H=6510943,null
H6510943_3,宮城県,第３３１回,1,23,5,31,定例,平成２３年　　５月　定例会（第３３１回） - 05月31日－01号 ,議長,議長,畠山和純,議長,これより質疑に入ります。,,https://www.kaigiroku.net/cgi-bin/WWWdocHatugen.exe?A=docHatugen&RA=frameNittei&USR=mygmygk&N=4549&H=6510943,null
H6510943_4,宮城県,第３３１回,1,23,5,31,定例,平成２３年　　５月　定例会（第３３１回） - 05月31日－01号 ,議長,議長,畠山和純,議長,質疑はありませんか。,,https://www.kaigiroku.net/cgi-bin/WWWdocHatugen.exe?A=docHatugen&RA=frameNittei&USR=mygmygk&N=4549&H=6510943,null
H6510943_5,宮城県,第３３１回,1,23,5,31,定例,平成２３年　　５月　定例会（第３３１回） - 05月31日－01号 ,議長,議長,畠山和純,議長,－－質疑なしと認めます。,,https://www.kaigiroku.net/cgi-bin/WWWdocHatugen.exe?A=docHatugen&RA=frameNittei&USR=mygmygk&N=4549&H=6510943,null
H6510943_6,宮城県,第３３１回,1,23,5,31,定例,平成２３年　　５月　定例会（第３３１回） - 05月31日－01号 ,議長,議長,畠山和純,議長,これより採決いたします。,,https://www.kaigiroku.net/cgi-bin/WWWdocHatugen.exe?A=docHatugen&RA=frameNittei&USR=mygmygk&N=4549&H=6510943,null
H6510943_7,宮城県,第３３１回,1,23,5,31,定例,平成２３年　　５月　定例会（第３３１回） - 05月31日－01号 ,議長,議長,畠山和純,議長,本案を原案のとおり決することに御異議ありませんか。,,https://www.kaigiroku.net/cgi-bin/WWWdocHatugen.exe?A=docHatugen&RA=frameNittei&USR=mygmygk&N=4549&H=6510943,null
H6510943_8,宮城県,第３３１回,1,23,5,31,定例,平成２３年　　５月　定例会（第３３１回） - 05月31日－01号 ,議長,議長,畠山和純,議長,〔「異議なし」と呼ぶ者あり〕,,https://www.kaigiroku.net/cgi-bin/WWWdocHatugen.exe?A=docHatugen&RA=frameNittei&USR=mygmygk&N=4549&H=6510943,null
H6510944_1,宮城県,第３３１回,1,23,5,31,定例,平成２３年　　５月　定例会（第３３１回） - 05月31日－01号 ,議長,議長,畠山和純,議長,御異議なしと認めます。,,https://www.kaigiroku.net/cgi-bin/WWWdocHatugen.exe?A=docHatugen&RA=frameNittei&USR=mygmygk&N=4549&H=6510944,null
H6510944_2,宮城県,第３３１回,1,23,5,31,定例,平成２３年　　５月　定例会（第３３１回） - 05月31日－01号 ,議長,議長,畠山和純,議長,よって、発議第五号議案、宮城県議会委員会条例の一部を改正する条例は、原案のとおり可決されました。,,https://www.kaigiroku.net/cgi-bin/WWWdocHatugen.exe?A=docHatugen&RA=frameNittei&USR=mygmygk&N=4549&H=6510944,null
H6510944_3,宮城県,第３３１回,1,23,5,31,定例,平成２３年　　５月　定例会（第３３１回） - 05月31日－01号 ,議長,議長,畠山和純,議長,－－－－－－－－－－－－－－－－－－－－－－－－－－－－－－－－－－－,,https://www.kaigiroku.net/cgi-bin/WWWdocHatugen.exe?A=docHatugen&RA=frameNittei&USR=mygmygk&N=4549&H=6510944,null
H6510948_1,宮城県,第３３１回,1,23,5,31,定例,平成２３年　　５月　定例会（第３３１回） - 05月31日－01号 ,議長,議長,畠山和純,議長,日程第四ないし日程第百七、議第九十三号議案ないし議第百九十四号議案並びに報告第三号及び報告第四号を一括して議題といたします。,,https://www.kaigiroku.net/cgi-bin/WWWdocHatugen.exe?A=docHatugen&RA=frameNittei&USR=mygmygk&N=4549&H=6510948,null
H6510948_2,宮城県,第３３１回,1,23,5,31,定例,平成２３年　　５月　定例会（第３３１回） - 05月31日－01号 ,議長,議長,畠山和純,議長,知事から提案理由の説明を求めます。,,https://www.kaigiroku.net/cgi-bin/WWWdocHatugen.exe?A=docHatugen&RA=frameNittei&USR=mygmygk&N=4549&H=6510948,null
H6510948_3,宮城県,第３３１回,1,23,5,31,定例,平成２３年　　５月　定例会（第３３１回） - 05月31日－01号 ,議長,議長,畠山和純,議長,知事村井嘉浩君。,,https://www.kaigiroku.net/cgi-bin/WWWdocHatugen.exe?A=docHatugen&RA=frameNittei&USR=mygmygk&N=4549&H=6510948,null
H6510948_4,宮城県,第３３１回,1,23,5,31,定例,平成２３年　　５月　定例会（第３３１回） - 05月31日－01号 ,議長,議長,畠山和純,議長,〔知事　村井嘉浩君登壇〕,,https://www.kaigiroku.net/cgi-bin/WWWdocHatugen.exe?A=docHatugen&RA=frameNittei&USR=mygmygk&N=4549&H=6510948,null
H6510949_1,宮城県,第３３１回,1,23,5,31,定例,平成２３年　　５月　定例会（第３３１回） - 05月31日－01号 ,答弁者,知事,村井嘉浩,知事,本日ここに第三百三十一回宮城県議会が開会され、提出議案を御審議いただくに当たり、東日本大震災に対するこれまでの取り組みと議案の概要につきまして御説明申し上げます。,,https://www.kaigiroku.net/cgi-bin/WWWdocHatugen.exe?A=docHatugen&RA=frameNittei&USR=mygmygk&N=4549&H=6510949,null
H6510949_2,宮城県,第３３１回,1,23,5,31,定例,平成２３年　　５月　定例会（第３３１回） - 05月31日－01号 ,答弁者,知事,村井嘉浩,知事,初めに、我が国の歴史上いまだかつてない大震災により犠牲となられた全国一万五千余のとうといみたまに対し、謹んで哀悼の意を表しますとともに、被災された多くの方々に衷心より御見舞いを申し上げます。,,https://www.kaigiroku.net/cgi-bin/WWWdocHatugen.exe?A=docHatugen&RA=frameNittei&USR=mygmygk&N=4549&H=6510949,null
H6510949_3,宮城県,第３３１回,1,23,5,31,定例,平成２３年　　５月　定例会（第３３１回） - 05月31日－01号 ,答弁者,知事,村井嘉浩,知事,去る三月十一日午後二時四十六分、本県は東北地方の太平洋沖を震源としたマグニチュード九・〇の地震に見舞われ、震度七にも達する激しい揺れにより、家屋や道路、橋梁が多数損壊した上、電気、ガス、水道、交通等のライフラインを初め教育、医療、福祉など県民生活全般にわたり甚大な被害が発生いたしました。,,https://www.kaigiroku.net/cgi-bin/WWWdocHatugen.exe?A=docHatugen&RA=frameNittei&USR=mygmygk&N=4549&H=6510949,null
H6510949_4,宮城県,第３３１回,1,23,5,31,定例,平成２３年　　５月　定例会（第３３１回） - 05月31日－01号 ,答弁者,知事,村井嘉浩,知事,更に、想像を絶する極めて大規模な津波によって県土の四・五％に当たる三百二十七平方キロメートルが浸水し、県内沿岸部の市町に壊滅的な被害をもたらしました。,,https://www.kaigiroku.net/cgi-bin/WWWdocHatugen.exe?A=docHatugen&RA=frameNittei&USR=mygmygk&N=4549&H=6510949,null
H6510949_5,宮城県,第３３１回,1,23,5,31,定例,平成２３年　　５月　定例会（第３３１回） - 05月31日－01号 ,答弁者,知事,村井嘉浩,知事,発災直後の被災地から送られてくる映像は、目の前で起きている現実のものとは到底思えず、津波の圧倒的な力の前に町並みがなすすべもなく破壊されていくその姿に、自然の猛威を痛感し恐怖を覚えると同時に、この津波により犠牲者が出ないことを祈るばかりでした。,,https://www.kaigiroku.net/cgi-bin/WWWdocHatugen.exe?A=docHatugen&RA=frameNittei&USR=mygmygk&N=4549&H=6510949,null
H6510949_6,宮城県,第３３１回,1,23,5,31,定例,平成２３年　　５月　定例会（第３３１回） - 05月31日－01号 ,答弁者,知事,村井嘉浩,知事,しかし、まことに残念なことでありますが、これまでの調査で判明した本県の死者・行方不明者は一万四千人を超え、全半壊等の住家被害は十万棟以上に上り、ピーク時の避難者数は三十二万人にも達しました。,,https://www.kaigiroku.net/cgi-bin/WWWdocHatugen.exe?A=docHatugen&RA=frameNittei&USR=mygmygk&N=4549&H=6510949,null
H6510949_7,宮城県,第３３１回,1,23,5,31,定例,平成２３年　　５月　定例会（第３３１回） - 05月31日－01号 ,答弁者,知事,村井嘉浩,知事,また、工場・事業所や商業施設も甚大な被害を受け、町は瓦れきで埋め尽くされ変わり果てた風景と化してその機能を喪失し、浸水した農地面積は県全体の約一割の一万二千ヘクタールにも及んだほか、港湾・漁港の損壊や漁船、養殖施設、水産加工施設の滅失も多数に上るなど、空前絶後の被害をもたらす事態となりました。,,https://www.kaigiroku.net/cgi-bin/WWWdocHatugen.exe?A=docHatugen&RA=frameNittei&USR=mygmygk&N=4549&H=6510949,null
H6510949_8,宮城県,第３３１回,1,23,5,31,定例,平成２３年　　５月　定例会（第３３１回） - 05月31日－01号 ,答弁者,知事,村井嘉浩,知事,犠牲になられた方々の無念さと、残された御遺族の皆様の御心痛を思いますと、込み上げる悲しみをこらえることができません。,,https://www.kaigiroku.net/cgi-bin/WWWdocHatugen.exe?A=docHatugen&RA=frameNittei&USR=mygmygk&N=4549&H=6510949,null
H6510949_9,宮城県,第３３１回,1,23,5,31,定例,平成２３年　　５月　定例会（第３３１回） - 05月31日－01号 ,答弁者,知事,村井嘉浩,知事,被災地を訪れ、行方不明の肉親を探し続ける人々、消失・損壊した家屋の前で茫然とたたずむ人々、生活の場や働く場を失い悲嘆に暮れる人々、家族の思い出の品々を探す人々など多くの方々の姿を目の当たりにするたび胸が締めつけられ、心が痛みます。,,https://www.kaigiroku.net/cgi-bin/WWWdocHatugen.exe?A=docHatugen&RA=frameNittei&USR=mygmygk&N=4549&H=6510949,null
H6510949_10,宮城県,第３３１回,1,23,5,31,定例,平成２３年　　５月　定例会（第３３１回） - 05月31日－01号 ,答弁者,知事,村井嘉浩,知事,このような悲惨な現実は二度とあってほしくないと願うとともに、こうした被害が再び発生することのないよう、さまざまな観点から今後の防災のあり方を検討していかなければならないと強く決意しているところであります。,,https://www.kaigiroku.net/cgi-bin/WWWdocHatugen.exe?A=docHatugen&RA=frameNittei&USR=mygmygk&N=4549&H=6510949,null
H6510949_11,宮城県,第３３１回,1,23,5,31,定例,平成２３年　　５月　定例会（第３３１回） - 05月31日－01号 ,答弁者,知事,村井嘉浩,知事,天皇・皇后両陛下におかれましては、四月二十七日に本県に行幸啓になられ、南三陸町と仙台市の避難所において被災者の方々を初め復興に尽力する関係者に対しまして温かい御激励をいただき、更に、お見舞金を賜りました。,,https://www.kaigiroku.net/cgi-bin/WWWdocHatugen.exe?A=docHatugen&RA=frameNittei&USR=mygmygk&N=4549&H=6510949,null
H6510949_12,宮城県,第３３１回,1,23,5,31,定例,平成２３年　　５月　定例会（第３３１回） - 05月31日－01号 ,答弁者,知事,村井嘉浩,知事,ここに県民を代表して謹んで御礼を申し上げるものであります。,,https://www.kaigiroku.net/cgi-bin/WWWdocHatugen.exe?A=docHatugen&RA=frameNittei&USR=mygmygk&N=4549&H=6510949,null
H6510949_13,宮城県,第３３１回,1,23,5,31,定例,平成２３年　　５月　定例会（第３３１回） - 05月31日－01号 ,答弁者,知事,村井嘉浩,知事,また、困難な状況に直面しながらも、みずからの危険を顧みず、人命救助、消火活動、避難誘導に当たられた消防、警察、自衛隊、海上保安庁の皆様を初め、政府関係者、医療関係者など国内外から駆けつけていただいた関係機関、関係自治体の皆様に対しまして心から感謝を申し上げますとともに、全国の皆様から多数の御芳情と御支援をお寄せいただいておりますことに対しまして、厚く御礼申し上げます。,,https://www.kaigiroku.net/cgi-bin/WWWdocHatugen.exe?A=docHatugen&RA=frameNittei&USR=mygmygk&N=4549&H=6510949,null
H6510949_14,宮城県,第３３１回,1,23,5,31,定例,平成２３年　　５月　定例会（第３３１回） - 05月31日－01号 ,答弁者,知事,村井嘉浩,知事,被災した市町村では、壊滅的な被害を受けながらも被災地の最前線で住民生活の安定に懸命な努力を積み重ねているところであり、これまでの取り組みに敬意を表するものであります。,,https://www.kaigiroku.net/cgi-bin/WWWdocHatugen.exe?A=docHatugen&RA=frameNittei&USR=mygmygk&N=4549&H=6510949,null
H6510949_15,宮城県,第３３１回,1,23,5,31,定例,平成２３年　　５月　定例会（第３３１回） - 05月31日－01号 ,答弁者,知事,村井嘉浩,知事,あわせて、発災直後から被害実態の把握や温かい励ましをいただきました議員各位に御礼申し上げる次第であります。,,https://www.kaigiroku.net/cgi-bin/WWWdocHatugen.exe?A=docHatugen&RA=frameNittei&USR=mygmygk&N=4549&H=6510949,null
H6510949_16,宮城県,第３３１回,1,23,5,31,定例,平成２３年　　５月　定例会（第３３１回） - 05月31日－01号 ,答弁者,知事,村井嘉浩,知事,ここで、これまで取り組んできた主な震災対策の状況について御報告を申し上げます。,,https://www.kaigiroku.net/cgi-bin/WWWdocHatugen.exe?A=docHatugen&RA=frameNittei&USR=mygmygk&N=4549&H=6510949,null
H6510949_17,宮城県,第３３１回,1,23,5,31,定例,平成２３年　　５月　定例会（第３３１回） - 05月31日－01号 ,答弁者,知事,村井嘉浩,知事,地震発生直後、県では災害対策本部を立ち上げ、政府関係者とともに、被災された方々の救助、避難所の確保や救援物資の輸送など被災地の生活支援と復旧に最優先で取り組み、県民の安全安心の確保に努めてまいりました。,,https://www.kaigiroku.net/cgi-bin/WWWdocHatugen.exe?A=docHatugen&RA=frameNittei&USR=mygmygk&N=4549&H=6510949,null
H6510949_18,宮城県,第３３１回,1,23,5,31,定例,平成２３年　　５月　定例会（第３３１回） - 05月31日－01号 ,答弁者,知事,村井嘉浩,知事,しかしながら、今もなお多くの方々が不自由な避難所生活を余儀なくされております。,,https://www.kaigiroku.net/cgi-bin/WWWdocHatugen.exe?A=docHatugen&RA=frameNittei&USR=mygmygk&N=4549&H=6510949,null
H6510949_19,宮城県,第３３１回,1,23,5,31,定例,平成２３年　　５月　定例会（第３３１回） - 05月31日－01号 ,答弁者,知事,村井嘉浩,知事,プライバシーの確保やストレスの問題などさまざまな課題が発生する中で、生活再建の第一歩となる住環境の確保は最重要課題ととらえており、一日も早くすべての応急仮設住宅を建設できるよう最大限努力しているところであります。,,https://www.kaigiroku.net/cgi-bin/WWWdocHatugen.exe?A=docHatugen&RA=frameNittei&USR=mygmygk&N=4549&H=6510949,null
H6510949_20,宮城県,第３３１回,1,23,5,31,定例,平成２３年　　５月　定例会（第３３１回） - 05月31日－01号 ,答弁者,知事,村井嘉浩,知事,現時点での着工戸数は一万五千戸ではありますが、今後とも市町村の御協力をいただきながら、できる限り早期の整備を目指すとともに、民間賃貸住宅の借り上げを進めるなど、避難されている方々の住環境の確保になお一層努めてまいります。,,https://www.kaigiroku.net/cgi-bin/WWWdocHatugen.exe?A=docHatugen&RA=frameNittei&USR=mygmygk&N=4549&H=6510949,null
H6510949_21,宮城県,第３３１回,1,23,5,31,定例,平成２３年　　５月　定例会（第３３１回） - 05月31日－01号 ,答弁者,知事,村井嘉浩,知事,このほか、生活福祉資金の特例貸付や義援金の市町村への配分を行うとともに、市町村に対し災害弔慰金等の支給や災害援護資金貸付を適切に執行するよう支援するなど、当面の生活に支障が生じないよう配意したところであります。,,https://www.kaigiroku.net/cgi-bin/WWWdocHatugen.exe?A=docHatugen&RA=frameNittei&USR=mygmygk&N=4549&H=6510949,null
H6510949_22,宮城県,第３３１回,1,23,5,31,定例,平成２３年　　５月　定例会（第３３１回） - 05月31日－01号 ,答弁者,知事,村井嘉浩,知事,また、県立高校への入学金を初めとする各種使用料、手数料について減免措置を講じ、被災者の負担軽減に努めております。,,https://www.kaigiroku.net/cgi-bin/WWWdocHatugen.exe?A=docHatugen&RA=frameNittei&USR=mygmygk&N=4549&H=6510949,null
H6510949_23,宮城県,第３３１回,1,23,5,31,定例,平成２３年　　５月　定例会（第３３１回） - 05月31日－01号 ,答弁者,知事,村井嘉浩,知事,更に、今回の津波被害により、浸水域には倒壊した家屋のみならず、自動車、船舶など、ありとあらゆる物が災害廃棄物として散在し、その処理が喫緊の課題となっております。,,https://www.kaigiroku.net/cgi-bin/WWWdocHatugen.exe?A=docHatugen&RA=frameNittei&USR=mygmygk&N=4549&H=6510949,null
H6510949_24,宮城県,第３３１回,1,23,5,31,定例,平成２３年　　５月　定例会（第３３１回） - 05月31日－01号 ,答弁者,知事,村井嘉浩,知事,今後処理を進めなければならない廃棄物は約一千八百万トンと、通常時の一般廃棄物排出量の二十三年分に相当する膨大な量が見込まれますが、被災地の早期復旧・復興のためには、迅速かつ適切に処理することが求められます。,,https://www.kaigiroku.net/cgi-bin/WWWdocHatugen.exe?A=docHatugen&RA=frameNittei&USR=mygmygk&N=4549&H=6510949,null
H6510949_25,宮城県,第３３１回,1,23,5,31,定例,平成２３年　　５月　定例会（第３３１回） - 05月31日－01号 ,答弁者,知事,村井嘉浩,知事,沿岸部の市町では、行政機能そのものが大きな被害を受けたことから、市町の要請に応じて県が代行して処理を進めることといたしました。,,https://www.kaigiroku.net/cgi-bin/WWWdocHatugen.exe?A=docHatugen&RA=frameNittei&USR=mygmygk&N=4549&H=6510949,null
H6510949_26,宮城県,第３３１回,1,23,5,31,定例,平成２３年　　５月　定例会（第３３１回） - 05月31日－01号 ,答弁者,知事,村井嘉浩,知事,そのため発災直後から震災廃棄物処理チームを立ち上げ対応してまいりましたが、今後とも引き続き、市町、県、国が一体となって、瓦れき等の災害廃棄物の処理を迅速に行うよう取り組んでまいります。,,https://www.kaigiroku.net/cgi-bin/WWWdocHatugen.exe?A=docHatugen&RA=frameNittei&USR=mygmygk&N=4549&H=6510949,null
H6510949_27,宮城県,第３３１回,1,23,5,31,定例,平成２３年　　５月　定例会（第３３１回） - 05月31日－01号 ,答弁者,知事,村井嘉浩,知事,また、沿岸部の市町の医療機関の機能が低下している現状に対応するため、宮城県地域医療復興検討会議を設置し、医療体制の再構築について検討を進めております。,,https://www.kaigiroku.net/cgi-bin/WWWdocHatugen.exe?A=docHatugen&RA=frameNittei&USR=mygmygk&N=4549&H=6510949,null
H6510949_28,宮城県,第３３１回,1,23,5,31,定例,平成２３年　　５月　定例会（第３３１回） - 05月31日－01号 ,答弁者,知事,村井嘉浩,知事,農業の面では、塩害等により耕作が不能となった水田の作付調整を進めてきたほか、早期営農再開支援センター等を開設し、被災した農業者の経営と生活の速やかな再建を支援してまいりました。,,https://www.kaigiroku.net/cgi-bin/WWWdocHatugen.exe?A=docHatugen&RA=frameNittei&USR=mygmygk&N=4549&H=6510949,null
H6510949_29,宮城県,第３３１回,1,23,5,31,定例,平成２３年　　５月　定例会（第３３１回） - 05月31日－01号 ,答弁者,知事,村井嘉浩,知事,壊滅的な被害を受けた水産業では、漁港・漁場に堆積した瓦れき等の撤去や冷凍冷蔵庫内に保管されていた水産物の処理に鋭意取り組んでいるところであり、あわせて今後の漁港の集約再編に向けた検討を進めております。,,https://www.kaigiroku.net/cgi-bin/WWWdocHatugen.exe?A=docHatugen&RA=frameNittei&USR=mygmygk&N=4549&H=6510949,null
H6510949_30,宮城県,第３３１回,1,23,5,31,定例,平成２３年　　５月　定例会（第３３１回） - 05月31日－01号 ,答弁者,知事,村井嘉浩,知事,商工業の面では、中小企業経営安定資金に災害対策資金を設け、運転資金の低利融資を行い、被災した中小企業者の復旧・復興活動を支援するなど、早期の事業再開、正常化に向けた取り組みを支援することとしております。,,https://www.kaigiroku.net/cgi-bin/WWWdocHatugen.exe?A=docHatugen&RA=frameNittei&USR=mygmygk&N=4549&H=6510949,null
H6510949_31,宮城県,第３３１回,1,23,5,31,定例,平成２３年　　５月　定例会（第３３１回） - 05月31日－01号 ,答弁者,知事,村井嘉浩,知事,教育分野では、震災により校舎の使用が困難となった高校につきまして、スクールバスの運行などにより他校の校舎に生徒を移動させ、学校を再開する一方、一部の高校については、秋までの移転を目標に仮設校舎の建設を進めているところであります。,,https://www.kaigiroku.net/cgi-bin/WWWdocHatugen.exe?A=docHatugen&RA=frameNittei&USR=mygmygk&N=4549&H=6510949,null
H6510949_32,宮城県,第３３１回,1,23,5,31,定例,平成２３年　　５月　定例会（第３３１回） - 05月31日－01号 ,答弁者,知事,村井嘉浩,知事,また、教員を増員配置するとともに、緊急学校支援員及びスクールカウンセラーの派遣を行っているほか、被災者教育相談フリーダイヤルを設置するなど、児童生徒が安心して学べる教育環境の確保に努めております。,,https://www.kaigiroku.net/cgi-bin/WWWdocHatugen.exe?A=docHatugen&RA=frameNittei&USR=mygmygk&N=4549&H=6510949,null
H6510949_33,宮城県,第３３１回,1,23,5,31,定例,平成２３年　　５月　定例会（第３３１回） - 05月31日－01号 ,答弁者,知事,村井嘉浩,知事,現在、電気、ガス、水道などのライフラインは、関係者の懸命な努力により一部地域を除いて復旧しましたが、引き続き全面復旧に向け更なる御尽力をお願いするとともに、地域住民の足とも言える鉄道については復旧のめどが立たない地域もありますので、できる限りの早期復旧がなされるよう、関係機関との調整に努めてまいります。,,https://www.kaigiroku.net/cgi-bin/WWWdocHatugen.exe?A=docHatugen&RA=frameNittei&USR=mygmygk&N=4549&H=6510949,null
H6510949_34,宮城県,第３３１回,1,23,5,31,定例,平成２３年　　５月　定例会（第３３１回） - 05月31日－01号 ,答弁者,知事,村井嘉浩,知事,また、隣接する福島県では、地震と津波により原子力発電所に事故が発生し、広範囲にわたり住民の方々が避難を余儀なくされております。,,https://www.kaigiroku.net/cgi-bin/WWWdocHatugen.exe?A=docHatugen&RA=frameNittei&USR=mygmygk&N=4549&H=6510949,null
H6510949_35,宮城県,第３３１回,1,23,5,31,定例,平成２３年　　５月　定例会（第３３１回） - 05月31日－01号 ,答弁者,知事,村井嘉浩,知事,このため、県では、水道水、農林畜水産物について放射性物質のモニタリング調査を継続して実施してまいりました。,,https://www.kaigiroku.net/cgi-bin/WWWdocHatugen.exe?A=docHatugen&RA=frameNittei&USR=mygmygk&N=4549&H=6510949,null
H6510949_36,宮城県,第３３１回,1,23,5,31,定例,平成２３年　　５月　定例会（第３３１回） - 05月31日－01号 ,答弁者,知事,村井嘉浩,知事,これまでの測定結果は、指標値を大幅に下回っているほか、空間放射線量も低いレベルで推移し健康に影響を与えるレベルには達しておりませんが、牧草から暫定許容値を超える放射性セシウムが検出されたことから、今後とも継続的な調査・状況把握に努めてまいります。,,https://www.kaigiroku.net/cgi-bin/WWWdocHatugen.exe?A=docHatugen&RA=frameNittei&USR=mygmygk&N=4549&H=6510949,null
H6510949_37,宮城県,第３３１回,1,23,5,31,定例,平成２３年　　５月　定例会（第３３１回） - 05月31日－01号 ,答弁者,知事,村井嘉浩,知事,今回の事故を契機に電力消費と環境をめぐりさまざまな議論がなされ、国においては将来のエネルギー施策の見直しに向けた検討を進めることとしておりますが、原子力発電所が立地する本県においても、今後の議論の推移を見守りつつ、適切な対応を講じてまいりたいと考えております。,,https://www.kaigiroku.net/cgi-bin/WWWdocHatugen.exe?A=docHatugen&RA=frameNittei&USR=mygmygk&N=4549&H=6510949,null
H6510949_38,宮城県,第３３１回,1,23,5,31,定例,平成２３年　　５月　定例会（第３３１回） - 05月31日－01号 ,答弁者,知事,村井嘉浩,知事,さて、本県はこれまで豊富な水産資源と肥沃な大地に恵まれ、農林水産業を基幹産業としつつ、自動車関連産業や高度電子機械産業を中心に富県宮城の実現に取り組んでまいりました。,,https://www.kaigiroku.net/cgi-bin/WWWdocHatugen.exe?A=docHatugen&RA=frameNittei&USR=mygmygk&N=4549&H=6510949,null
H6510949_39,宮城県,第３３１回,1,23,5,31,定例,平成２３年　　５月　定例会（第３３１回） - 05月31日－01号 ,答弁者,知事,村井嘉浩,知事,この活気あふれる宮城を再び取り戻し、更なる発展を期すため、宮城県震災復興基本方針（素案）を取りまとめ、復旧にとどまらない抜本的な再構築や現代社会の課題に対応した先進的な地域づくりを目指して取り組みを進めることといたしました。,,https://www.kaigiroku.net/cgi-bin/WWWdocHatugen.exe?A=docHatugen&RA=frameNittei&USR=mygmygk&N=4549&H=6510949,null
H6510949_40,宮城県,第３３１回,1,23,5,31,定例,平成２３年　　５月　定例会（第３３１回） - 05月31日－01号 ,答弁者,知事,村井嘉浩,知事,更に、この方針に基づき、市町村や有識者から御意見をいただきながら、今後十年間の復興の道筋として具体の取り組みと事業を盛り込んだ（仮称）宮城県震災復興計画を現在取りまとめているところであり、来月中にもその一次案についてお示ししたいと考えております。,,https://www.kaigiroku.net/cgi-bin/WWWdocHatugen.exe?A=docHatugen&RA=frameNittei&USR=mygmygk&N=4549&H=6510949,null
H6510949_41,宮城県,第３３１回,1,23,5,31,定例,平成２３年　　５月　定例会（第３３１回） - 05月31日－01号 ,答弁者,知事,村井嘉浩,知事,あわせて、国においても東日本大震災復興構想会議を設置し、国としての復興構想について幅広い議論を進めているところでありますが、私も被災地を代表する委員の一人として、本県の考え方をしっかり主張してまいります。,,https://www.kaigiroku.net/cgi-bin/WWWdocHatugen.exe?A=docHatugen&RA=frameNittei&USR=mygmygk&N=4549&H=6510949,null
H6510949_42,宮城県,第３３１回,1,23,5,31,定例,平成２３年　　５月　定例会（第３３１回） - 05月31日－01号 ,答弁者,知事,村井嘉浩,知事,なお、このたびの震災は、三月十三日に激甚災害の指定を受け、国庫補助等の特例措置が適用されたほか、東日本大震災に対処するための特別の財政援助及び助成に関する法律が施行され、公共土木施設や社会福祉施設等の復旧等に対する補助率の引き上げなどの財政援助が行われることになりました。,,https://www.kaigiroku.net/cgi-bin/WWWdocHatugen.exe?A=docHatugen&RA=frameNittei&USR=mygmygk&N=4549&H=6510949,null
H6510949_43,宮城県,第３３１回,1,23,5,31,定例,平成２３年　　５月　定例会（第３３１回） - 05月31日－01号 ,答弁者,知事,村井嘉浩,知事,これと連動させ、国では総額四兆円の補正予算を編成したところでありますが、今回の未曾有の災害の復旧・復興に対しては十分な内容と言えるものではありませんので、被災地のニーズを的確に把握し、本格的な復興に向けて必要な対応を早期に進めるよう引き続き国に対して強く働きかけてまいります。,,https://www.kaigiroku.net/cgi-bin/WWWdocHatugen.exe?A=docHatugen&RA=frameNittei&USR=mygmygk&N=4549&H=6510949,null
H6510949_44,宮城県,第３３１回,1,23,5,31,定例,平成２３年　　５月　定例会（第３３１回） - 05月31日－01号 ,答弁者,知事,村井嘉浩,知事,今後とも、復旧・復興に向け全力を挙げて取り組んでまいりますので、議員各位の格段の御協力をお願い申し上げます。,,https://www.kaigiroku.net/cgi-bin/WWWdocHatugen.exe?A=docHatugen&RA=frameNittei&USR=mygmygk&N=4549&H=6510949,null
H6510949_45,宮城県,第３３１回,1,23,5,31,定例,平成２３年　　５月　定例会（第３３１回） - 05月31日－01号 ,答弁者,知事,村井嘉浩,知事,次に、今回の補正予算案の考え方についてであります。,,https://www.kaigiroku.net/cgi-bin/WWWdocHatugen.exe?A=docHatugen&RA=frameNittei&USR=mygmygk&N=4549&H=6510949,null
H6510949_46,宮城県,第３３１回,1,23,5,31,定例,平成２３年　　５月　定例会（第３３１回） - 05月31日－01号 ,答弁者,知事,村井嘉浩,知事,東日本大震災への対応として、災害救助や災害廃棄物処理など緊急に要する経費等については、予備費の活用や数次にわたる補正予算の専決処分により機動的に対応してまいりました。,,https://www.kaigiroku.net/cgi-bin/WWWdocHatugen.exe?A=docHatugen&RA=frameNittei&USR=mygmygk&N=4549&H=6510949,null
H6510949_47,宮城県,第３３１回,1,23,5,31,定例,平成２３年　　５月　定例会（第３３１回） - 05月31日－01号 ,答弁者,知事,村井嘉浩,知事,被災規模が余りにも甚大であることから、今なお、復旧・復興に要する事業費全体の把握には至っておりませんが、これまで専決処分させていただいた予算に加えて、さきに成立した国の補正予算も踏まえ、現時点で早急に取り組まなければならない災害復旧経費や災害対策経費などについて必要な措置を講ずることとして編成したものであります。,,https://www.kaigiroku.net/cgi-bin/WWWdocHatugen.exe?A=docHatugen&RA=frameNittei&USR=mygmygk&N=4549&H=6510949,null
H6510949_48,宮城県,第３３１回,1,23,5,31,定例,平成２３年　　５月　定例会（第３３１回） - 05月31日－01号 ,答弁者,知事,村井嘉浩,知事,以下、今回の補正予算案の主な内容について、宮城県震災復興基本方針（素案）で取りまとめた緊急重点事項の項目に沿って御説明申し上げます。,,https://www.kaigiroku.net/cgi-bin/WWWdocHatugen.exe?A=docHatugen&RA=frameNittei&USR=mygmygk&N=4549&H=6510949,null
H6510949_49,宮城県,第３３１回,1,23,5,31,定例,平成２３年　　５月　定例会（第３３１回） - 05月31日－01号 ,答弁者,知事,村井嘉浩,知事,まず、被災者の生活支援についてであります。,,https://www.kaigiroku.net/cgi-bin/WWWdocHatugen.exe?A=docHatugen&RA=frameNittei&USR=mygmygk&N=4549&H=6510949,null
H6510949_50,宮城県,第３３１回,1,23,5,31,定例,平成２３年　　５月　定例会（第３３１回） - 05月31日－01号 ,答弁者,知事,村井嘉浩,知事,先ほど御説明申し上げた応急仮設住宅につきましては、避難所生活を余儀なくされている被災者の方々に一刻も早く落ち着いた生活を取り戻していただくため、早期に整備が完了できるよう最大限努力してまいります。,,https://www.kaigiroku.net/cgi-bin/WWWdocHatugen.exe?A=docHatugen&RA=frameNittei&USR=mygmygk&N=4549&H=6510949,null
H6510949_51,宮城県,第３３１回,1,23,5,31,定例,平成２３年　　５月　定例会（第３３１回） - 05月31日－01号 ,答弁者,知事,村井嘉浩,知事,また、仮設住宅の集会所に介護・福祉サービスの拠点を設置し、入居する方々が安心して生活できるよう地域で支え合う体制づくりにも取り組んでまいります。,,https://www.kaigiroku.net/cgi-bin/WWWdocHatugen.exe?A=docHatugen&RA=frameNittei&USR=mygmygk&N=4549&H=6510949,null
H6510949_52,宮城県,第３３１回,1,23,5,31,定例,平成２３年　　５月　定例会（第３３１回） - 05月31日－01号 ,答弁者,知事,村井嘉浩,知事,あわせて災害公営住宅の建設にも着手いたします。,,https://www.kaigiroku.net/cgi-bin/WWWdocHatugen.exe?A=docHatugen&RA=frameNittei&USR=mygmygk&N=4549&H=6510949,null
H6510949_53,宮城県,第３３１回,1,23,5,31,定例,平成２３年　　５月　定例会（第３３１回） - 05月31日－01号 ,答弁者,知事,村井嘉浩,知事,次に、公共土木施設とライフラインの早期復旧についてであります。,,https://www.kaigiroku.net/cgi-bin/WWWdocHatugen.exe?A=docHatugen&RA=frameNittei&USR=mygmygk&N=4549&H=6510949,null
H6510949_54,宮城県,第３３１回,1,23,5,31,定例,平成２３年　　５月　定例会（第３３１回） - 05月31日－01号 ,答弁者,知事,村井嘉浩,知事,県民生活の安定と産業の早期復興に必要な道路、橋梁、河川、海岸などの土木施設の復旧を加速させるとともに、仙台塩釜港や仙台空港旅客ターミナルビル、仙台空港アクセス鉄道、仙台港フェリー埠頭などの早期復旧に取り組みます。,,https://www.kaigiroku.net/cgi-bin/WWWdocHatugen.exe?A=docHatugen&RA=frameNittei&USR=mygmygk&N=4549&H=6510949,null
H6510949_55,宮城県,第３３１回,1,23,5,31,定例,平成２３年　　５月　定例会（第３３１回） - 05月31日－01号 ,答弁者,知事,村井嘉浩,知事,更に、処理施設等が甚大な被害を受けた流域下水道施設の本格的な復旧を進めてまいります。,,https://www.kaigiroku.net/cgi-bin/WWWdocHatugen.exe?A=docHatugen&RA=frameNittei&USR=mygmygk&N=4549&H=6510949,null
H6510949_56,宮城県,第３３１回,1,23,5,31,定例,平成２３年　　５月　定例会（第３３１回） - 05月31日－01号 ,答弁者,知事,村井嘉浩,知事,被災市町村への行政機能の支援については、市町村が復興まちづくり計画を策定するに当たり、関係機関との調整に必要な資料や計画案の作成のほか、都市計画決定、土地区画整理事業等の計画内容の検討に際して支援してまいります。,,https://www.kaigiroku.net/cgi-bin/WWWdocHatugen.exe?A=docHatugen&RA=frameNittei&USR=mygmygk&N=4549&H=6510949,null
H6510949_57,宮城県,第３３１回,1,23,5,31,定例,平成２３年　　５月　定例会（第３３１回） - 05月31日－01号 ,答弁者,知事,村井嘉浩,知事,また、市町村が今回の大震災の復旧事業等を実施する上で短期の資金需要に支障が生じないよう、市町村振興資金に新たな貸付枠を確保して対応してまいります。,,https://www.kaigiroku.net/cgi-bin/WWWdocHatugen.exe?A=docHatugen&RA=frameNittei&USR=mygmygk&N=4549&H=6510949,null
H6510949_58,宮城県,第３３１回,1,23,5,31,定例,平成２３年　　５月　定例会（第３３１回） - 05月31日－01号 ,答弁者,知事,村井嘉浩,知事,災害廃棄物の処理については、津波被害による瓦れき、自動車及び船舶などが多数放置されたままとなっていることから、市町からの受託により処理を進めてまいります。,,https://www.kaigiroku.net/cgi-bin/WWWdocHatugen.exe?A=docHatugen&RA=frameNittei&USR=mygmygk&N=4549&H=6510949,null
H6510949_59,宮城県,第３３１回,1,23,5,31,定例,平成２３年　　５月　定例会（第３３１回） - 05月31日－01号 ,答弁者,知事,村井嘉浩,知事,また、漁場などの海底に堆積している瓦れき等を除去し、漁場の機能や生産力の再生・回復に努めてまいります。,,https://www.kaigiroku.net/cgi-bin/WWWdocHatugen.exe?A=docHatugen&RA=frameNittei&USR=mygmygk&N=4549&H=6510949,null
H6510949_60,宮城県,第３３１回,1,23,5,31,定例,平成２３年　　５月　定例会（第３３１回） - 05月31日－01号 ,答弁者,知事,村井嘉浩,知事,教育環境の確保については、このたびの大震災により経済的理由から就学等が困難となった世帯の幼児児童生徒に対し、市町村が行う保育料等の就園奨励や学用品費、給食費などの就学援助について支援を行うとともに、授業料等を減免する私立学校設置者に対して助成を行うなど、修学機会の確保を図ります。,,https://www.kaigiroku.net/cgi-bin/WWWdocHatugen.exe?A=docHatugen&RA=frameNittei&USR=mygmygk&N=4549&H=6510949,null
H6510949_61,宮城県,第３３１回,1,23,5,31,定例,平成２３年　　５月　定例会（第３３１回） - 05月31日－01号 ,答弁者,知事,村井嘉浩,知事,また、被災した児童生徒等の精神状態の安定を図るため、緊急にスクールカウンセラーを増員派遣するなど心のケアに努めてまいります。,,https://www.kaigiroku.net/cgi-bin/WWWdocHatugen.exe?A=docHatugen&RA=frameNittei&USR=mygmygk&N=4549&H=6510949,null
H6510949_62,宮城県,第３３１回,1,23,5,31,定例,平成２３年　　５月　定例会（第３３１回） - 05月31日－01号 ,答弁者,知事,村井嘉浩,知事,更に、被災した県立学校等の教育施設の早期復旧を進めてまいります。,,https://www.kaigiroku.net/cgi-bin/WWWdocHatugen.exe?A=docHatugen&RA=frameNittei&USR=mygmygk&N=4549&H=6510949,null
H6510949_63,宮城県,第３３１回,1,23,5,31,定例,平成２３年　　５月　定例会（第３３１回） - 05月31日－01号 ,答弁者,知事,村井嘉浩,知事,保健・医療・福祉の確保の面では、被災した地域に医療や歯科保健医療を提供するために必要な仮設診療所の整備を行うとともに、救命救急センター等の自家発電設備の整備に対し助成を行い、安定した医療提供体制の確保を図ります。,,https://www.kaigiroku.net/cgi-bin/WWWdocHatugen.exe?A=docHatugen&RA=frameNittei&USR=mygmygk&N=4549&H=6510949,null
H6510949_64,宮城県,第３３１回,1,23,5,31,定例,平成２３年　　５月　定例会（第３３１回） - 05月31日－01号 ,答弁者,知事,村井嘉浩,知事,また、被災した医療施設や特別養護老人ホームなどの高齢者福祉施設、障害福祉施設、保育所などの児童福祉施設の復旧に対して支援を行ってまいります。,,https://www.kaigiroku.net/cgi-bin/WWWdocHatugen.exe?A=docHatugen&RA=frameNittei&USR=mygmygk&N=4549&H=6510949,null
H6510949_65,宮城県,第３３１回,1,23,5,31,定例,平成２３年　　５月　定例会（第３３１回） - 05月31日－01号 ,答弁者,知事,村井嘉浩,知事,雇用の確保については、被災により離職を余儀なくされた方々や就職環境の悪化が懸念される新規学卒者を対象とした合同面接会を実施するなど就職支援を行ってまいります。,,https://www.kaigiroku.net/cgi-bin/WWWdocHatugen.exe?A=docHatugen&RA=frameNittei&USR=mygmygk&N=4549&H=6510949,null
H6510949_66,宮城県,第３３１回,1,23,5,31,定例,平成２３年　　５月　定例会（第３３１回） - 05月31日－01号 ,答弁者,知事,村井嘉浩,知事,また、重点分野雇用創造事業が拡充されたことから、震災対応事業として臨時職員等を雇用するなど、市町村とともに六千人以上の雇用を創出してまいります。,,https://www.kaigiroku.net/cgi-bin/WWWdocHatugen.exe?A=docHatugen&RA=frameNittei&USR=mygmygk&N=4549&H=6510949,null
H6510949_67,宮城県,第３３１回,1,23,5,31,定例,平成２３年　　５月　定例会（第３３１回） - 05月31日－01号 ,答弁者,知事,村井嘉浩,知事,雇用の場の確保は、被災された方々の今後の生活を安定させる上で欠かすことができない重要なものでありますので、今後とも積極的に取り組んでまいります。,,https://www.kaigiroku.net/cgi-bin/WWWdocHatugen.exe?A=docHatugen&RA=frameNittei&USR=mygmygk&N=4549&H=6510949,null
H6510949_68,宮城県,第３３１回,1,23,5,31,定例,平成２３年　　５月　定例会（第３３１回） - 05月31日－01号 ,答弁者,知事,村井嘉浩,知事,更に、生活資金確保の必要性の面から、被災者生活再建支援制度による支援金及び災害援護資金貸付等を受けるまでのつなぎ的役割又は当面の生活に必要となる経費に充てるため、生活復興支援資金を創設し、被災された方々の早期の生活の安定を支援してまいります。,,https://www.kaigiroku.net/cgi-bin/WWWdocHatugen.exe?A=docHatugen&RA=frameNittei&USR=mygmygk&N=4549&H=6510949,null
H6510949_69,宮城県,第３３１回,1,23,5,31,定例,平成２３年　　５月　定例会（第３３１回） - 05月31日－01号 ,答弁者,知事,村井嘉浩,知事,今回の大震災により多大な被害を受けた農林水産業関係については、被災した農業共同利用施設の復旧に要する経費に加え、生産再開に必要な資材購入費なども助成対象とするとともに、復旧作業を共同で行う農業者に対して経営再開のための支援金を交付し地域農業の再生を目指します。,,https://www.kaigiroku.net/cgi-bin/WWWdocHatugen.exe?A=docHatugen&RA=frameNittei&USR=mygmygk&N=4549&H=6510949,null
H6510949_70,宮城県,第３３１回,1,23,5,31,定例,平成２３年　　５月　定例会（第３３１回） - 05月31日－01号 ,答弁者,知事,村井嘉浩,知事,また、魚市場機能の早期回復を図るため、加工場や冷凍冷蔵庫などの水産業共同利用施設や機器整備等に対し支援するほか、被害を受けた製材・合板工場等の復旧経費に対して助成し、木材供給の安定化を図ってまいります。,,https://www.kaigiroku.net/cgi-bin/WWWdocHatugen.exe?A=docHatugen&RA=frameNittei&USR=mygmygk&N=4549&H=6510949,null
H6510949_71,宮城県,第３３１回,1,23,5,31,定例,平成２３年　　５月　定例会（第３３１回） - 05月31日－01号 ,答弁者,知事,村井嘉浩,知事,商工業関係については、被害を受けた県内の中小企業等が一体となって進める共同施設等の復旧・整備に対し助成するとともに無利子貸付を行うほか、中小企業経営安定資金にみやぎ中小企業復興特別資金を創設し、土地、建物、設備整備に係る資金面での金融支援を行うなど、県内製造業等の早期事業再開を支援してまいります。,,https://www.kaigiroku.net/cgi-bin/WWWdocHatugen.exe?A=docHatugen&RA=frameNittei&USR=mygmygk&N=4549&H=6510949,null
H6510949_72,宮城県,第３３１回,1,23,5,31,定例,平成２３年　　５月　定例会（第３３１回） - 05月31日－01号 ,答弁者,知事,村井嘉浩,知事,また、被災地の商店街が行うアーケードや照明設備等の復旧事業を支援し、地域経済の復興に努めてまいります。,,https://www.kaigiroku.net/cgi-bin/WWWdocHatugen.exe?A=docHatugen&RA=frameNittei&USR=mygmygk&N=4549&H=6510949,null
H6510949_73,宮城県,第３３１回,1,23,5,31,定例,平成２３年　　５月　定例会（第３３１回） - 05月31日－01号 ,答弁者,知事,村井嘉浩,知事,安全・安心な地域社会の確保の面では、石油コンビナート地帯での火災等の発生に備え、震災で甚大な被害を受けた防災資機材センターを建てかえるとともに、損壊した交通信号機等の交通安全施設の復旧を進めてまいります。,,https://www.kaigiroku.net/cgi-bin/WWWdocHatugen.exe?A=docHatugen&RA=frameNittei&USR=mygmygk&N=4549&H=6510949,null
H6510949_74,宮城県,第３３１回,1,23,5,31,定例,平成２３年　　５月　定例会（第３３１回） - 05月31日－01号 ,答弁者,知事,村井嘉浩,知事,このほか、県民会館やみやぎ産業交流センター、宮城スタジアム、宮城大学などの県有施設の復旧を進めてまいります。,,https://www.kaigiroku.net/cgi-bin/WWWdocHatugen.exe?A=docHatugen&RA=frameNittei&USR=mygmygk&N=4549&H=6510949,null
H6510949_75,宮城県,第３３１回,1,23,5,31,定例,平成２３年　　５月　定例会（第３３１回） - 05月31日－01号 ,答弁者,知事,村井嘉浩,知事,以上、補正予算案の主な内容について御説明申し上げましたが、今回の補正規模は、一般会計で三千九百一億三千七百余万円、総計で四千四百一億八千百余万円となります。,,https://www.kaigiroku.net/cgi-bin/WWWdocHatugen.exe?A=docHatugen&RA=frameNittei&USR=mygmygk&N=4549&H=6510949,null
H6510949_76,宮城県,第３３１回,1,23,5,31,定例,平成２３年　　５月　定例会（第３３１回） - 05月31日－01号 ,答弁者,知事,村井嘉浩,知事,財源としては、国庫支出金二千五百五十六億四千八百余万円のほか、諸収入八百八十二億八千百余万円、地方債六百八十九億四千三百余万円、地方交付税四十五億一千五百余万円を追加しております。,,https://www.kaigiroku.net/cgi-bin/WWWdocHatugen.exe?A=docHatugen&RA=frameNittei&USR=mygmygk&N=4549&H=6510949,null
H6510949_77,宮城県,第３３１回,1,23,5,31,定例,平成２３年　　５月　定例会（第３３１回） - 05月31日－01号 ,答弁者,知事,村井嘉浩,知事,この結果、これまでの専決処分による補正予算を含めた今年度の予算規模は、一般会計で一兆五千四十八億九百余万円、総計で一兆八千四百五十九億五百余万円となります。,,https://www.kaigiroku.net/cgi-bin/WWWdocHatugen.exe?A=docHatugen&RA=frameNittei&USR=mygmygk&N=4549&H=6510949,null
H6510949_78,宮城県,第３３１回,1,23,5,31,定例,平成２３年　　５月　定例会（第３３１回） - 05月31日－01号 ,答弁者,知事,村井嘉浩,知事,次に、予算外議案については、条例議案十七件、条例外議案七十八件を提案しておりますが、そのうち主なものについて概要を御説明申し上げます。,,https://www.kaigiroku.net/cgi-bin/WWWdocHatugen.exe?A=docHatugen&RA=frameNittei&USR=mygmygk&N=4549&H=6510949,null
H6510949_79,宮城県,第３３１回,1,23,5,31,定例,平成２３年　　５月　定例会（第３３１回） - 05月31日－01号 ,答弁者,知事,村井嘉浩,知事,まず、条例議案でありますが、議第百一号議案ないし議第百三号議案及び議第百五号議案は、東日本大震災に対処するための特別の財政援助及び助成に関する法律に準じ、災害により行方不明となった職員等の死亡推定に関する特例規定を新設しようとするもの、議第百六号議案は、地方税法の改正等に伴い、個人県民税の住宅ローン特別控除の適用の特例等について所要の改正を行おうとするもの、議第百七号議案は、東日本大震災の被災者の税負担軽減を図るため、減免措置を講じようとするもの、議第百八号議案ないし議第百十号議案は、過疎地域、離島振興対策実施地域及び原子力発電施設等立地地域における県税の課税免除等の適用期間を延長しようとするもの、議第百十二号議案は、企業立地資金の償還期間を延長しようとするものであります。,,https://www.kaigiroku.net/cgi-bin/WWWdocHatugen.exe?A=docHatugen&RA=frameNittei&USR=mygmygk&N=4549&H=6510949,null
H6510949_80,宮城県,第３３１回,1,23,5,31,定例,平成２３年　　５月　定例会（第３３１回） - 05月31日－01号 ,答弁者,知事,村井嘉浩,知事,次に、条例外議案でありますが、議第百十七号議案は、仙台空港ビル株式会社に対する出資について議会の議決を受けようとするものであります。,,https://www.kaigiroku.net/cgi-bin/WWWdocHatugen.exe?A=docHatugen&RA=frameNittei&USR=mygmygk&N=4549&H=6510949,null
H6510949_81,宮城県,第３３１回,1,23,5,31,定例,平成２３年　　５月　定例会（第３３１回） - 05月31日－01号 ,答弁者,知事,村井嘉浩,知事,また、議第百十八号議案は、東日本大震災の被災者の権利利益の保全等を図るための特別措置に関する条例の制定について、議第百十九号議案は、学校教職員の定数を改定することについて、議第百二十号議案は、企画部を再編し、震災復興・企画部を設置することについて、議第百二十一号議案は、死体処理手当の支給対象の特例を設けることについて、議第百二十二号議案は、職員の特殊勤務手当の支給限度額に特例を設けることについて、議第百二十三号議案は、国民生活等の混乱を回避するための地方税法の一部を改正する法律の施行に伴う所要の改正について、議第百二十四号議案は、住民基本台帳ネットワークシステムにより本人確認情報を利用する事務の特例を設けることについて、議第百二十五号議案は、議会の議決に付すべき財産の取得の特例を設けるための所要の改正について、議第百二十六号議案ないし議第百四十九号議案は、東北地方太平洋沖地震による災害により被害を受けた者に係る各種使用料・手数料等を免除するための所要の改正について、議第百五十号議案は、自治宝くじの発売限度額の変更について、議第百五十一号議案ないし議第百六十二号議案は、災害等廃棄物処理の事務を六市六町から県が受託することについて、議第百六十三号議案は、法に基づき入院措置を決定した相手方が死亡した事件に係る和解及び損害賠償の額の決定について、議第百六十四号議案は、地方独立行政法人宮城県立病院機構が作成した業務運営に関する目標を達成するための計画を認可することについて、議第百六十五号議案は、気仙沼合同庁舎ほか仮設庁舎建築工事の請負契約の締結について、議第百六十六号議案は、阿武隈川下流流域下水道県南浄化センター災害復旧工事の委託契約の締結について、議第百六十七号議案は、平成二十二年度市町村受益負担金の変更について、議第百六十八号議案ないし議第百八十五号議案は、平成二十二年度の宮城県一般会計、宮城県母子寡婦福祉資金特別会計、宮城県土地区画整理事業特別会計、宮城県流域下水道事業特別会計、宮城県港湾整備事業特別会計、宮城県病院事業会計、宮城県水道用水供給事業会計、宮城県工業用水道事業会計、宮城県地域整備事業会計に係る予算の補正について、議第百八十六号議案ないし議第百九十四号議案は、平成二十三年度の宮城県一般会計、宮城県母子寡婦福祉資金特別会計、宮城県土地区画整理事業特別会計、宮城県流域下水道事業特別会計、宮城県港湾整備事業特別会計、宮城県水道用水供給事業会計、宮城県工業用水道事業会計、宮城県地域整備事業会計に係る予算の補正について、それぞれ専決処分を行いましたので、その承認をお願いしようとするものであります。,,https://www.kaigiroku.net/cgi-bin/WWWdocHatugen.exe?A=docHatugen&RA=frameNittei&USR=mygmygk&N=4549&H=6510949,null
H6510949_82,宮城県,第３３１回,1,23,5,31,定例,平成２３年　　５月　定例会（第３３１回） - 05月31日－01号 ,答弁者,知事,村井嘉浩,知事,以上をもちまして、提出議案に係る概要の説明を終わりますが、何とぞ慎重に御審議を賜りまして可決されますようお願い申し上げます。,,https://www.kaigiroku.net/cgi-bin/WWWdocHatugen.exe?A=docHatugen&RA=frameNittei&USR=mygmygk&N=4549&H=6510949,null
H6510949_83,宮城県,第３３１回,1,23,5,31,定例,平成２３年　　５月　定例会（第３３１回） - 05月31日－01号 ,答弁者,知事,村井嘉浩,知事,最後に、一言申し添えさせていただきます。,,https://www.kaigiroku.net/cgi-bin/WWWdocHatugen.exe?A=docHatugen&RA=frameNittei&USR=mygmygk&N=4549&H=6510949,null
H6510949_84,宮城県,第３３１回,1,23,5,31,定例,平成２３年　　５月　定例会（第３３１回） - 05月31日－01号 ,答弁者,知事,村井嘉浩,知事,このたびの大震災で、多くの方々がかけがえのない家族や友人、住宅、職場など身近にあったたくさんの大切なものを失ってしまいました。,,https://www.kaigiroku.net/cgi-bin/WWWdocHatugen.exe?A=docHatugen&RA=frameNittei&USR=mygmygk&N=4549&H=6510949,null
H6510949_85,宮城県,第３３１回,1,23,5,31,定例,平成２３年　　５月　定例会（第３３１回） - 05月31日－01号 ,答弁者,知事,村井嘉浩,知事,しかしながら、こうした困難な状況下にあって、未来に向けて一筋の光明も見つけることができました。,,https://www.kaigiroku.net/cgi-bin/WWWdocHatugen.exe?A=docHatugen&RA=frameNittei&USR=mygmygk&N=4549&H=6510949,null
H6510949_86,宮城県,第３３１回,1,23,5,31,定例,平成２３年　　５月　定例会（第３３１回） - 05月31日－01号 ,答弁者,知事,村井嘉浩,知事,一つには、被災された方々の前向きな姿勢であります。,,https://www.kaigiroku.net/cgi-bin/WWWdocHatugen.exe?A=docHatugen&RA=frameNittei&USR=mygmygk&N=4549&H=6510949,null
H6510949_87,宮城県,第３３１回,1,23,5,31,定例,平成２３年　　５月　定例会（第３３１回） - 05月31日－01号 ,答弁者,知事,村井嘉浩,知事,未曾有の被害に直面しつつも、いたずらに混乱せず冷静に対応し、避難所においても子供や高齢者をいたわり、励まし、再建に向けてくじけずに取り組むその姿勢は感服いたしました。,,https://www.kaigiroku.net/cgi-bin/WWWdocHatugen.exe?A=docHatugen&RA=frameNittei&USR=mygmygk&N=4549&H=6510949,null
H6510949_88,宮城県,第３３１回,1,23,5,31,定例,平成２３年　　５月　定例会（第３３１回） - 05月31日－01号 ,答弁者,知事,村井嘉浩,知事,二つには、国内外を問わずお寄せいただいた御支援の数々であります。,,https://www.kaigiroku.net/cgi-bin/WWWdocHatugen.exe?A=docHatugen&RA=frameNittei&USR=mygmygk&N=4549&H=6510949,null
H6510949_89,宮城県,第３３１回,1,23,5,31,定例,平成２３年　　５月　定例会（第３３１回） - 05月31日－01号 ,答弁者,知事,村井嘉浩,知事,災害発生直後より、多くの皆様から励ましの言葉や救援物資をいただきました。,,https://www.kaigiroku.net/cgi-bin/WWWdocHatugen.exe?A=docHatugen&RA=frameNittei&USR=mygmygk&N=4549&H=6510949,null
H6510949_90,宮城県,第３３１回,1,23,5,31,定例,平成２３年　　５月　定例会（第３３１回） - 05月31日－01号 ,答弁者,知事,村井嘉浩,知事,更に被災者の生活再建に多くのボランティアの方々の御支援もいただいております。,,https://www.kaigiroku.net/cgi-bin/WWWdocHatugen.exe?A=docHatugen&RA=frameNittei&USR=mygmygk&N=4549&H=6510949,null
H6510949_91,宮城県,第３３１回,1,23,5,31,定例,平成２３年　　５月　定例会（第３３１回） - 05月31日－01号 ,答弁者,知事,村井嘉浩,知事,奉仕の心で被災者と思いを共有し、ひたむきに取り組む姿勢にまさに頭の下がる思いであります。,,https://www.kaigiroku.net/cgi-bin/WWWdocHatugen.exe?A=docHatugen&RA=frameNittei&USR=mygmygk&N=4549&H=6510949,null
H6510949_92,宮城県,第３３１回,1,23,5,31,定例,平成２３年　　５月　定例会（第３３１回） - 05月31日－01号 ,答弁者,知事,村井嘉浩,知事,こうした不撓不屈の心、思いやりの心で、人と人とがしっかりと心の結びつきを持ち続けることが復興の礎であり、心の復興を果たしていくことがこの大震災から立ち直る大きな力になるものと確信をしております。,,https://www.kaigiroku.net/cgi-bin/WWWdocHatugen.exe?A=docHatugen&RA=frameNittei&USR=mygmygk&N=4549&H=6510949,null
H6510949_93,宮城県,第３３１回,1,23,5,31,定例,平成２３年　　５月　定例会（第３３１回） - 05月31日－01号 ,答弁者,知事,村井嘉浩,知事,今後の復興への道のりがいかにつらく険しいものとなろうとも、私たちは、悲しみを乗り越え、亡くなられた方々の思いを受け継ぎ、御支援いただいた皆様の気持ちを支えに、ふるさと宮城の復興をなし遂げていかなければなりません。,,https://www.kaigiroku.net/cgi-bin/WWWdocHatugen.exe?A=docHatugen&RA=frameNittei&USR=mygmygk&N=4549&H=6510949,null
H6510949_94,宮城県,第３３１回,1,23,5,31,定例,平成２３年　　５月　定例会（第３３１回） - 05月31日－01号 ,答弁者,知事,村井嘉浩,知事,もちろん、復興の担い手は、県民一人一人が主体ではあります。,,https://www.kaigiroku.net/cgi-bin/WWWdocHatugen.exe?A=docHatugen&RA=frameNittei&USR=mygmygk&N=4549&H=6510949,null
H6510949_95,宮城県,第３３１回,1,23,5,31,定例,平成２３年　　５月　定例会（第３３１回） - 05月31日－01号 ,答弁者,知事,村井嘉浩,知事,しかしながら、私たちは決して一人ではありません。,,https://www.kaigiroku.net/cgi-bin/WWWdocHatugen.exe?A=docHatugen&RA=frameNittei&USR=mygmygk&N=4549&H=6510949,null
H6510949_96,宮城県,第３３１回,1,23,5,31,定例,平成２３年　　５月　定例会（第３３１回） - 05月31日－01号 ,答弁者,知事,村井嘉浩,知事,国、県、市町村、企業、各種団体・ＮＰＯなどさまざまな主体がともに手を携え総力を結集し、宮城県のみならず、東北が、そして日本全体がきずなを深め、すべての皆様が心の底からの笑顔を取り戻せるよう、二百三十万県民が心を一つに、この苦難を乗り越えてまいりましょう。,,https://www.kaigiroku.net/cgi-bin/WWWdocHatugen.exe?A=docHatugen&RA=frameNittei&USR=mygmygk&N=4549&H=6510949,null
H6510949_97,宮城県,第３３１回,1,23,5,31,定例,平成２３年　　５月　定例会（第３３１回） - 05月31日－01号 ,答弁者,知事,村井嘉浩,知事,以上でございます。,,https://www.kaigiroku.net/cgi-bin/WWWdocHatugen.exe?A=docHatugen&RA=frameNittei&USR=mygmygk&N=4549&H=6510949,null
H6510950_1,宮城県,第３３１回,1,23,5,31,定例,平成２３年　　５月　定例会（第３３１回） - 05月31日－01号 ,議長,議長,畠山和純,議長,補正予算案に係る各部局長説明要旨は、お手元に配布のとおりであります。,,https://www.kaigiroku.net/cgi-bin/WWWdocHatugen.exe?A=docHatugen&RA=frameNittei&USR=mygmygk&N=4549&H=6510950,null
H6510950_2,宮城県,第３３１回,1,23,5,31,定例,平成２３年　　５月　定例会（第３３１回） - 05月31日－01号 ,議長,議長,畠山和純,議長,－－－－－－－－－－－－－－－－－－－－－－－－－－－－－－－－－－－,,https://www.kaigiroku.net/cgi-bin/WWWdocHatugen.exe?A=docHatugen&RA=frameNittei&USR=mygmygk&N=4549&H=6510950,null
H6510952_1,宮城県,第３３１回,1,23,5,31,定例,平成２３年　　５月　定例会（第３３１回） - 05月31日－01号 ,議長,議長,畠山和純,議長,日程第百八、予算特別委員会の設置を議題といたします。,,https://www.kaigiroku.net/cgi-bin/WWWdocHatugen.exe?A=docHatugen&RA=frameNittei&USR=mygmygk&N=4549&H=6510952,null
H6510952_2,宮城県,第３３１回,1,23,5,31,定例,平成２３年　　５月　定例会（第３３１回） - 05月31日－01号 ,議長,議長,畠山和純,議長,お諮りいたします。,,https://www.kaigiroku.net/cgi-bin/WWWdocHatugen.exe?A=docHatugen&RA=frameNittei&USR=mygmygk&N=4549&H=6510952,null
H6510952_3,宮城県,第３３１回,1,23,5,31,定例,平成２３年　　５月　定例会（第３３１回） - 05月31日－01号 ,議長,議長,畠山和純,議長,県予算を審査又は調査するため、議員全員で構成する予算特別委員会を別紙要綱案により設置することに御異議ありませんか。,,https://www.kaigiroku.net/cgi-bin/WWWdocHatugen.exe?A=docHatugen&RA=frameNittei&USR=mygmygk&N=4549&H=6510952,null
H6510952_4,宮城県,第３３１回,1,23,5,31,定例,平成２３年　　５月　定例会（第３３１回） - 05月31日－01号 ,議長,議長,畠山和純,議長,〔「異議なし」と呼ぶ者あり〕,,https://www.kaigiroku.net/cgi-bin/WWWdocHatugen.exe?A=docHatugen&RA=frameNittei&USR=mygmygk&N=4549&H=6510952,null
H6510953_1,宮城県,第３３１回,1,23,5,31,定例,平成２３年　　５月　定例会（第３３１回） - 05月31日－01号 ,議長,議長,畠山和純,議長,御異議なしと認めます。,,https://www.kaigiroku.net/cgi-bin/WWWdocHatugen.exe?A=docHatugen&RA=frameNittei&USR=mygmygk&N=4549&H=6510953,null
H6510953_2,宮城県,第３３１回,1,23,5,31,定例,平成２３年　　５月　定例会（第３３１回） - 05月31日－01号 ,議長,議長,畠山和純,議長,よって、さように決定いたしました。,,https://www.kaigiroku.net/cgi-bin/WWWdocHatugen.exe?A=docHatugen&RA=frameNittei&USR=mygmygk&N=4549&H=6510953,null
H6510953_3,宮城県,第３３１回,1,23,5,31,定例,平成２３年　　５月　定例会（第３３１回） - 05月31日－01号 ,議長,議長,畠山和純,議長,……………………………………………………………………………………………,,https://www.kaigiroku.net/cgi-bin/WWWdocHatugen.exe?A=docHatugen&RA=frameNittei&USR=mygmygk&N=4549&H=6510953,null
H6510953_4,宮城県,第３３１回,1,23,5,31,定例,平成２３年　　５月　定例会（第３３１回） - 05月31日－01号 ,議長,議長,畠山和純,議長,予算特別委員会設置要綱（案）,,https://www.kaigiroku.net/cgi-bin/WWWdocHatugen.exe?A=docHatugen&RA=frameNittei&USR=mygmygk&N=4549&H=6510953,null
H6510953_5,宮城県,第３３１回,1,23,5,31,定例,平成２３年　　５月　定例会（第３３１回） - 05月31日－01号 ,議長,議長,畠山和純,議長,第一条　県予算を審査又は調査するため、宮城県議会に予算特別委員会（以下「委員会」という。,,https://www.kaigiroku.net/cgi-bin/WWWdocHatugen.exe?A=docHatugen&RA=frameNittei&USR=mygmygk&N=4549&H=6510953,null
H6510953_6,宮城県,第３３１回,1,23,5,31,定例,平成２３年　　５月　定例会（第３３１回） - 05月31日－01号 ,議長,議長,畠山和純,議長,）を設置する。,,https://www.kaigiroku.net/cgi-bin/WWWdocHatugen.exe?A=docHatugen&RA=frameNittei&USR=mygmygk&N=4549&H=6510953,null
H6510953_7,宮城県,第３３１回,1,23,5,31,定例,平成２３年　　５月　定例会（第３３１回） - 05月31日－01号 ,議長,議長,畠山和純,議長,第二条　委員会は、議員全員をもって構成し、委員長及び副委員長は、委員会において互選する。,,https://www.kaigiroku.net/cgi-bin/WWWdocHatugen.exe?A=docHatugen&RA=frameNittei&USR=mygmygk&N=4549&H=6510953,null
H6510953_8,宮城県,第３３１回,1,23,5,31,定例,平成２３年　　５月　定例会（第３３１回） - 05月31日－01号 ,議長,議長,畠山和純,議長,第三条　委員会の円滑な運営を図るため、委員会に理事会を置く。,,https://www.kaigiroku.net/cgi-bin/WWWdocHatugen.exe?A=docHatugen&RA=frameNittei&USR=mygmygk&N=4549&H=6510953,null
H6510953_9,宮城県,第３３１回,1,23,5,31,定例,平成２３年　　５月　定例会（第３３１回） - 05月31日－01号 ,議長,議長,畠山和純,議長,２　理事会は、委員長、副委員長及び理事をもって構成する。,,https://www.kaigiroku.net/cgi-bin/WWWdocHatugen.exe?A=docHatugen&RA=frameNittei&USR=mygmygk&N=4549&H=6510953,null
H6510953_10,宮城県,第３３１回,1,23,5,31,定例,平成２３年　　５月　定例会（第３３１回） - 05月31日－01号 ,議長,議長,畠山和純,議長,３　理事は、委員会で選任し、十二人とする。,,https://www.kaigiroku.net/cgi-bin/WWWdocHatugen.exe?A=docHatugen&RA=frameNittei&USR=mygmygk&N=4549&H=6510953,null
H6510953_11,宮城県,第３３１回,1,23,5,31,定例,平成２３年　　５月　定例会（第３３１回） - 05月31日－01号 ,議長,議長,畠山和純,議長,４　理事会は、委員長が招集する。,,https://www.kaigiroku.net/cgi-bin/WWWdocHatugen.exe?A=docHatugen&RA=frameNittei&USR=mygmygk&N=4549&H=6510953,null
H6510953_12,宮城県,第３３１回,1,23,5,31,定例,平成２３年　　５月　定例会（第３３１回） - 05月31日－01号 ,議長,議長,畠山和純,議長,第四条　委員会に六分科会を置く。,,https://www.kaigiroku.net/cgi-bin/WWWdocHatugen.exe?A=docHatugen&RA=frameNittei&USR=mygmygk&N=4549&H=6510953,null
H6510953_13,宮城県,第３３１回,1,23,5,31,定例,平成２３年　　５月　定例会（第３３１回） - 05月31日－01号 ,議長,議長,畠山和純,議長,２　分科会は、現に設置されている常任委員会の委員をもって構成し、県予算のうちその所管事項に関する部分を審査又は調査する。,,https://www.kaigiroku.net/cgi-bin/WWWdocHatugen.exe?A=docHatugen&RA=frameNittei&USR=mygmygk&N=4549&H=6510953,null
H6510953_14,宮城県,第３３１回,1,23,5,31,定例,平成２３年　　５月　定例会（第３３１回） - 05月31日－01号 ,議長,議長,畠山和純,議長,３　分科会に主査、副主査及び主査職務代行者を置くものとし、主査には常任委員長、副主査には同副委員長及び主査職務代行者には同委員長職務代行者をもって、それぞれ充てる。,,https://www.kaigiroku.net/cgi-bin/WWWdocHatugen.exe?A=docHatugen&RA=frameNittei&USR=mygmygk&N=4549&H=6510953,null
H6510953_15,宮城県,第３３１回,1,23,5,31,定例,平成２３年　　５月　定例会（第３３１回） - 05月31日－01号 ,議長,議長,畠山和純,議長,第五条　委員会は、設置の日から翌年の最初に招集される定例会の閉会日まで存続し、閉会中も審査又は調査を行うことができるものとする。,,https://www.kaigiroku.net/cgi-bin/WWWdocHatugen.exe?A=docHatugen&RA=frameNittei&USR=mygmygk&N=4549&H=6510953,null
H6510953_16,宮城県,第３３１回,1,23,5,31,定例,平成２３年　　５月　定例会（第３３１回） - 05月31日－01号 ,議長,議長,畠山和純,議長,第六条　この要綱に定めるもののほか、委員会の運営に関し必要な事項は、理事会に諮って委員長がこれを定める。,,https://www.kaigiroku.net/cgi-bin/WWWdocHatugen.exe?A=docHatugen&RA=frameNittei&USR=mygmygk&N=4549&H=6510953,null
H6510953_17,宮城県,第３３１回,1,23,5,31,定例,平成２３年　　５月　定例会（第３３１回） - 05月31日－01号 ,議長,議長,畠山和純,議長,－－－－－－－－－－－－－－－－－－－－－－－－－－－－－－－－－－－,,https://www.kaigiroku.net/cgi-bin/WWWdocHatugen.exe?A=docHatugen&RA=frameNittei&USR=mygmygk&N=4549&H=6510953,null
H6510954_1,宮城県,第３３１回,1,23,5,31,定例,平成２３年　　５月　定例会（第３３１回） - 05月31日－01号 ,議長,議長,畠山和純,議長,予算特別委員会の委員長及び副委員長互選のため、暫時休憩いたします。,,https://www.kaigiroku.net/cgi-bin/WWWdocHatugen.exe?A=docHatugen&RA=frameNittei&USR=mygmygk&N=4549&H=6510954,null
H6510954_2,宮城県,第３３１回,1,23,5,31,定例,平成２３年　　５月　定例会（第３３１回） - 05月31日－01号 ,議長,議長,畠山和純,議長,午後一時四十一分休憩,,https://www.kaigiroku.net/cgi-bin/WWWdocHatugen.exe?A=docHatugen&RA=frameNittei&USR=mygmygk&N=4549&H=6510954,null
H6510954_3,宮城県,第３３１回,1,23,5,31,定例,平成２３年　　５月　定例会（第３３１回） - 05月31日－01号 ,議長,議長,畠山和純,議長,－－－－－－－－－－－－－－－－－－－－－－－－－－－－－－－－－－－,,https://www.kaigiroku.net/cgi-bin/WWWdocHatugen.exe?A=docHatugen&RA=frameNittei&USR=mygmygk&N=4549&H=6510954,null
H6510954_4,宮城県,第３３１回,1,23,5,31,定例,平成２３年　　５月　定例会（第３３１回） - 05月31日－01号 ,議長,議長,畠山和純,議長,午後一時四十九分再開,,https://www.kaigiroku.net/cgi-bin/WWWdocHatugen.exe?A=docHatugen&RA=frameNittei&USR=mygmygk&N=4549&H=6510954,null
H6510955_1,宮城県,第３３１回,1,23,5,31,定例,平成２３年　　５月　定例会（第３３１回） - 05月31日－01号 ,議長,議長,畠山和純,議長,休憩前に引き続き、会議を開きます。,,https://www.kaigiroku.net/cgi-bin/WWWdocHatugen.exe?A=docHatugen&RA=frameNittei&USR=mygmygk&N=4549&H=6510955,null
H6510955_2,宮城県,第３３１回,1,23,5,31,定例,平成２３年　　５月　定例会（第３３１回） - 05月31日－01号 ,議長,議長,畠山和純,議長,御報告いたします。,,https://www.kaigiroku.net/cgi-bin/WWWdocHatugen.exe?A=docHatugen&RA=frameNittei&USR=mygmygk&N=4549&H=6510955,null
H6510955_3,宮城県,第３３１回,1,23,5,31,定例,平成２３年　　５月　定例会（第３３１回） - 05月31日－01号 ,議長,議長,畠山和純,議長,予算特別委員会の委員長及び副委員長は、互選の結果、次のように決定いたしました。,,https://www.kaigiroku.net/cgi-bin/WWWdocHatugen.exe?A=docHatugen&RA=frameNittei&USR=mygmygk&N=4549&H=6510955,null
H6510955_4,宮城県,第３３１回,1,23,5,31,定例,平成２３年　　５月　定例会（第３３１回） - 05月31日－01号 ,議長,議長,畠山和純,議長,委員長　　中村　功君,,https://www.kaigiroku.net/cgi-bin/WWWdocHatugen.exe?A=docHatugen&RA=frameNittei&USR=mygmygk&N=4549&H=6510955,null
H6510955_5,宮城県,第３３１回,1,23,5,31,定例,平成２３年　　５月　定例会（第３３１回） - 05月31日－01号 ,議長,議長,畠山和純,議長,副委員長　ゆさみゆき君,,https://www.kaigiroku.net/cgi-bin/WWWdocHatugen.exe?A=docHatugen&RA=frameNittei&USR=mygmygk&N=4549&H=6510955,null
H6510955_6,宮城県,第３３１回,1,23,5,31,定例,平成２３年　　５月　定例会（第３３１回） - 05月31日－01号 ,議長,議長,畠山和純,議長,以上のとおりであります。,,https://www.kaigiroku.net/cgi-bin/WWWdocHatugen.exe?A=docHatugen&RA=frameNittei&USR=mygmygk&N=4549&H=6510955,null
H6510955_7,宮城県,第３３１回,1,23,5,31,定例,平成２３年　　５月　定例会（第３３１回） - 05月31日－01号 ,議長,議長,畠山和純,議長,－－－－－－－－－－－－－－－－－－－－－－－－－－－－－－－－－－－,,https://www.kaigiroku.net/cgi-bin/WWWdocHatugen.exe?A=docHatugen&RA=frameNittei&USR=mygmygk&N=4549&H=6510955,null
H6510957_1,宮城県,第３３１回,1,23,5,31,定例,平成２３年　　５月　定例会（第３３１回） - 05月31日－01号 ,議長,議長,畠山和純,議長,日程第百九、平成二十三年東北地方太平洋沖地震災害調査特別委員会設置要綱の一部改正を議題といたします。,,https://www.kaigiroku.net/cgi-bin/WWWdocHatugen.exe?A=docHatugen&RA=frameNittei&USR=mygmygk&N=4549&H=6510957,null
H6510957_2,宮城県,第３３１回,1,23,5,31,定例,平成２３年　　５月　定例会（第３３１回） - 05月31日－01号 ,議長,議長,畠山和純,議長,お諮りいたします。,,https://www.kaigiroku.net/cgi-bin/WWWdocHatugen.exe?A=docHatugen&RA=frameNittei&USR=mygmygk&N=4549&H=6510957,null
H6510957_3,宮城県,第３３１回,1,23,5,31,定例,平成２３年　　５月　定例会（第３３１回） - 05月31日－01号 ,議長,議長,畠山和純,議長,お手元に配布のとおり、平成二十三年東北地方太平洋沖地震災害調査特別委員会設置要綱の一部を改正することに御異議ありませんか。,,https://www.kaigiroku.net/cgi-bin/WWWdocHatugen.exe?A=docHatugen&RA=frameNittei&USR=mygmygk&N=4549&H=6510957,null
H6510957_4,宮城県,第３３１回,1,23,5,31,定例,平成２３年　　５月　定例会（第３３１回） - 05月31日－01号 ,議長,議長,畠山和純,議長,〔「異議なし」と呼ぶ者あり〕,,https://www.kaigiroku.net/cgi-bin/WWWdocHatugen.exe?A=docHatugen&RA=frameNittei&USR=mygmygk&N=4549&H=6510957,null
H6510958_1,宮城県,第３３１回,1,23,5,31,定例,平成２３年　　５月　定例会（第３３１回） - 05月31日－01号 ,議長,議長,畠山和純,議長,御異議なしと認めます。,,https://www.kaigiroku.net/cgi-bin/WWWdocHatugen.exe?A=docHatugen&RA=frameNittei&USR=mygmygk&N=4549&H=6510958,null
H6510958_2,宮城県,第３３１回,1,23,5,31,定例,平成２３年　　５月　定例会（第３３１回） - 05月31日－01号 ,議長,議長,畠山和純,議長,よって、さように決定いたしました。,,https://www.kaigiroku.net/cgi-bin/WWWdocHatugen.exe?A=docHatugen&RA=frameNittei&USR=mygmygk&N=4549&H=6510958,null
H6510958_3,宮城県,第３３１回,1,23,5,31,定例,平成２３年　　５月　定例会（第３３１回） - 05月31日－01号 ,議長,議長,畠山和純,議長,……………………………………………………………………………………………,,https://www.kaigiroku.net/cgi-bin/WWWdocHatugen.exe?A=docHatugen&RA=frameNittei&USR=mygmygk&N=4549&H=6510958,null
H6510958_4,宮城県,第３３１回,1,23,5,31,定例,平成２３年　　５月　定例会（第３３１回） - 05月31日－01号 ,議長,議長,畠山和純,議長,平成二十三年東北地方太平洋沖地震災害調査特別委員会設置要綱の一部を改正する要綱（案）,,https://www.kaigiroku.net/cgi-bin/WWWdocHatugen.exe?A=docHatugen&RA=frameNittei&USR=mygmygk&N=4549&H=6510958,null
H6510958_5,宮城県,第３３１回,1,23,5,31,定例,平成２３年　　５月　定例会（第３３１回） - 05月31日－01号 ,議長,議長,畠山和純,議長,平成二十三年東北地方太平洋沖地震災害調査特別委員会設置要綱の一部を次のように改正する。,,https://www.kaigiroku.net/cgi-bin/WWWdocHatugen.exe?A=docHatugen&RA=frameNittei&USR=mygmygk&N=4549&H=6510958,null
H6510958_6,宮城県,第３３１回,1,23,5,31,定例,平成２３年　　５月　定例会（第３３１回） - 05月31日－01号 ,議長,議長,畠山和純,議長,題名を次のように改める。,,https://www.kaigiroku.net/cgi-bin/WWWdocHatugen.exe?A=docHatugen&RA=frameNittei&USR=mygmygk&N=4549&H=6510958,null
H6510958_7,宮城県,第３３１回,1,23,5,31,定例,平成２３年　　５月　定例会（第３３１回） - 05月31日－01号 ,議長,議長,畠山和純,議長,平成二十三年大震災対策調査特別委員会設置要綱,,https://www.kaigiroku.net/cgi-bin/WWWdocHatugen.exe?A=docHatugen&RA=frameNittei&USR=mygmygk&N=4549&H=6510958,null
H6510958_8,宮城県,第３３１回,1,23,5,31,定例,平成２３年　　５月　定例会（第３３１回） - 05月31日－01号 ,議長,議長,畠山和純,議長,第一号中「平成二十三年東北地方太平洋沖地震災害調査特別委員会」を「平成二十三年大震災対策調査特別委員会」に改める。,,https://www.kaigiroku.net/cgi-bin/WWWdocHatugen.exe?A=docHatugen&RA=frameNittei&USR=mygmygk&N=4549&H=6510958,null
H6510958_9,宮城県,第３３１回,1,23,5,31,定例,平成２３年　　５月　定例会（第３３１回） - 05月31日－01号 ,議長,議長,畠山和純,議長,－－－－－－－－－－－－－－－－－－－－－－－－－－－－－－－－－－－,,https://www.kaigiroku.net/cgi-bin/WWWdocHatugen.exe?A=docHatugen&RA=frameNittei&USR=mygmygk&N=4549&H=6510958,null
H6510960_1,宮城県,第３３１回,1,23,5,31,定例,平成２３年　　５月　定例会（第３３１回） - 05月31日－01号 ,議長,議長,畠山和純,議長,お諮りいたします。,,https://www.kaigiroku.net/cgi-bin/WWWdocHatugen.exe?A=docHatugen&RA=frameNittei&USR=mygmygk&N=4549&H=6510960,null
H6510960_2,宮城県,第３３１回,1,23,5,31,定例,平成２３年　　５月　定例会（第３３１回） - 05月31日－01号 ,議長,議長,畠山和純,議長,議案調査のため、明日から六月六日まで六日間本会議を休会とし、六月七日再開することにいたしたいと思います。,,https://www.kaigiroku.net/cgi-bin/WWWdocHatugen.exe?A=docHatugen&RA=frameNittei&USR=mygmygk&N=4549&H=6510960,null
H6510960_3,宮城県,第３３１回,1,23,5,31,定例,平成２３年　　５月　定例会（第３３１回） - 05月31日－01号 ,議長,議長,畠山和純,議長,これに御異議ありませんか。,,https://www.kaigiroku.net/cgi-bin/WWWdocHatugen.exe?A=docHatugen&RA=frameNittei&USR=mygmygk&N=4549&H=6510960,null
H6510960_4,宮城県,第３３１回,1,23,5,31,定例,平成２３年　　５月　定例会（第３３１回） - 05月31日－01号 ,議長,議長,畠山和純,議長,〔「異議なし」と呼ぶ者あり〕,,https://www.kaigiroku.net/cgi-bin/WWWdocHatugen.exe?A=docHatugen&RA=frameNittei&USR=mygmygk&N=4549&H=6510960,null
H6510961_1,宮城県,第３３１回,1,23,5,31,定例,平成２３年　　５月　定例会（第３３１回） - 05月31日－01号 ,議長,議長,畠山和純,議長,御異議なしと認めます。,,https://www.kaigiroku.net/cgi-bin/WWWdocHatugen.exe?A=docHatugen&RA=frameNittei&USR=mygmygk&N=4549&H=6510961,null
H6510961_2,宮城県,第３３１回,1,23,5,31,定例,平成２３年　　５月　定例会（第３３１回） - 05月31日－01号 ,議長,議長,畠山和純,議長,よって、明日から六月六日まで六日間本会議を休会とし、六月七日再開することに決定いたしました。,,https://www.kaigiroku.net/cgi-bin/WWWdocHatugen.exe?A=docHatugen&RA=frameNittei&USR=mygmygk&N=4549&H=6510961,null
H6510961_3,宮城県,第３３１回,1,23,5,31,定例,平成２３年　　５月　定例会（第３３１回） - 05月31日－01号 ,議長,議長,畠山和純,議長,なお、ただいま御出席の諸君には改めて通知いたしませんから、御了承願います。,,https://www.kaigiroku.net/cgi-bin/WWWdocHatugen.exe?A=docHatugen&RA=frameNittei&USR=mygmygk&N=4549&H=6510961,null
H6510961_4,宮城県,第３３１回,1,23,5,31,定例,平成２３年　　５月　定例会（第３３１回） - 05月31日－01号 ,議長,議長,畠山和純,議長,－－－－－－－－－－－－－－－－－－－－－－－－－－－－－－－－－－－,,https://www.kaigiroku.net/cgi-bin/WWWdocHatugen.exe?A=docHatugen&RA=frameNittei&USR=mygmygk&N=4549&H=6510961,null
H6510963_1,宮城県,第３３１回,1,23,5,31,定例,平成２３年　　５月　定例会（第３３１回） - 05月31日－01号 ,議長,議長,畠山和純,議長,以上をもって、本日の日程は全部終了いたしました。,,https://www.kaigiroku.net/cgi-bin/WWWdocHatugen.exe?A=docHatugen&RA=frameNittei&USR=mygmygk&N=4549&H=6510963,null
H6510963_2,宮城県,第３３１回,1,23,5,31,定例,平成２３年　　５月　定例会（第３３１回） - 05月31日－01号 ,議長,議長,畠山和純,議長,六月七日の議事日程は、追って配布いたします。,,https://www.kaigiroku.net/cgi-bin/WWWdocHatugen.exe?A=docHatugen&RA=frameNittei&USR=mygmygk&N=4549&H=6510963,null
H6510963_3,宮城県,第３３１回,1,23,5,31,定例,平成２３年　　５月　定例会（第３３１回） - 05月31日－01号 ,議長,議長,畠山和純,議長,本日は、これをもって散会いたします。,,https://www.kaigiroku.net/cgi-bin/WWWdocHatugen.exe?A=docHatugen&RA=frameNittei&USR=mygmygk&N=4549&H=6510963,null
H6510963_4,宮城県,第３３１回,1,23,5,31,定例,平成２３年　　５月　定例会（第３３１回） - 05月31日－01号 ,議長,議長,畠山和純,議長,午後一時五十分散会,,https://www.kaigiroku.net/cgi-bin/WWWdocHatugen.exe?A=docHatugen&RA=frameNittei&USR=mygmygk&N=4549&H=6510963,null
