230516_1,栃木県,平成２３年第３０６回（第２号）,01,23,5,16,臨時,平成２３年第３０６回（第２号）臨時会05月16日-01号,,,,,平成２３年第３０６回（第２号）臨時会,null,null,null
230516_2,栃木県,平成２３年第３０６回（第２号）,01,23,5,16,臨時,平成２３年第３０６回（第２号）臨時会05月16日-01号,,,,,〇五月十六日（月曜日）,null,null,null
230516_3,栃木県,平成２３年第３０６回（第２号）,01,23,5,16,臨時,平成２３年第３０６回（第２号）臨時会05月16日-01号,,,,,出　席　議　員　五十名,null,null,null
230516_4,栃木県,平成２３年第３０６回（第２号）,01,23,5,16,臨時,平成２３年第３０６回（第２号）臨時会05月16日-01号,,,,,一　番　　　角　　　田　　　正　　　展,null,null,null
230516_5,栃木県,平成２３年第３０６回（第２号）,01,23,5,16,臨時,平成２３年第３０６回（第２号）臨時会05月16日-01号,,,,,二　番　　　神　　　林　　　秀　　　治,null,null,null
230516_6,栃木県,平成２３年第３０６回（第２号）,01,23,5,16,臨時,平成２３年第３０６回（第２号）臨時会05月16日-01号,,,,,三　番　　　齋　　　藤　　　淳　一　郎,null,null,null
230516_7,栃木県,平成２３年第３０６回（第２号）,01,23,5,16,臨時,平成２３年第３０６回（第２号）臨時会05月16日-01号,,,,,四　番　　　佐　　　原　　　吉　　　大,null,null,null
230516_8,栃木県,平成２３年第３０６回（第２号）,01,23,5,16,臨時,平成２３年第３０６回（第２号）臨時会05月16日-01号,,,,,五　番　　　阿　　　部　　　博　　　美,null,null,null
230516_9,栃木県,平成２３年第３０６回（第２号）,01,23,5,16,臨時,平成２３年第３０６回（第２号）臨時会05月16日-01号,,,,,六　番　　　亀　　　田　　　　　　　清,null,null,null
230516_10,栃木県,平成２３年第３０６回（第２号）,01,23,5,16,臨時,平成２３年第３０６回（第２号）臨時会05月16日-01号,,,,,七　番　　　中　　　島　　　　　　　宏,null,null,null
230516_11,栃木県,平成２３年第３０６回（第２号）,01,23,5,16,臨時,平成２３年第３０６回（第２号）臨時会05月16日-01号,,,,,八　番　　　横　　　松　　　盛　　　人,null,null,null
230516_12,栃木県,平成２３年第３０６回（第２号）,01,23,5,16,臨時,平成２３年第３０６回（第２号）臨時会05月16日-01号,,,,,九　番　　　相　　　馬　　　政　　　二,null,null,null
230516_13,栃木県,平成２３年第３０６回（第２号）,01,23,5,16,臨時,平成２３年第３０６回（第２号）臨時会05月16日-01号,,,,,十　番　　　鶴　　　貝　　　大　　　祐,null,null,null
230516_14,栃木県,平成２３年第３０６回（第２号）,01,23,5,16,臨時,平成２３年第３０６回（第２号）臨時会05月16日-01号,,,,,十一番　　　早　　　川　　　桂　　　子,null,null,null
230516_15,栃木県,平成２３年第３０６回（第２号）,01,23,5,16,臨時,平成２３年第３０６回（第２号）臨時会05月16日-01号,,,,,十二番　　　渡　　　辺　　　幸　　　子,null,null,null
230516_16,栃木県,平成２３年第３０６回（第２号）,01,23,5,16,臨時,平成２３年第３０６回（第２号）臨時会05月16日-01号,,,,,十三番　　　加　　　藤　　　正　　　一,null,null,null
230516_17,栃木県,平成２３年第３０６回（第２号）,01,23,5,16,臨時,平成２３年第３０６回（第２号）臨時会05月16日-01号,,,,,十四番　　　池　　　田　　　　　　　忠,null,null,null
230516_18,栃木県,平成２３年第３０６回（第２号）,01,23,5,16,臨時,平成２３年第３０６回（第２号）臨時会05月16日-01号,,,,,十五番　　　白　　　石　　　資　　　隆,null,null,null
230516_19,栃木県,平成２３年第３０６回（第２号）,01,23,5,16,臨時,平成２３年第３０６回（第２号）臨時会05月16日-01号,,,,,十六番　　　西　　　村　　　眞　　　治,null,null,null
230516_20,栃木県,平成２３年第３０６回（第２号）,01,23,5,16,臨時,平成２３年第３０６回（第２号）臨時会05月16日-01号,,,,,十七番　　　野　　　澤　　　和　　　一,null,null,null
230516_21,栃木県,平成２３年第３０６回（第２号）,01,23,5,16,臨時,平成２３年第３０６回（第２号）臨時会05月16日-01号,,,,,十八番　　　阿　　　部　　　寿　　　一,null,null,null
230516_22,栃木県,平成２３年第３０６回（第２号）,01,23,5,16,臨時,平成２３年第３０６回（第２号）臨時会05月16日-01号,,,,,十九番　　　金　　　子　　　　　　　裕,null,null,null
230516_23,栃木県,平成２３年第３０６回（第２号）,01,23,5,16,臨時,平成２３年第３０６回（第２号）臨時会05月16日-01号,,,,,二十番　　　琴　　　寄　　　昌　　　男,null,null,null
230516_24,栃木県,平成２３年第３０６回（第２号）,01,23,5,16,臨時,平成２３年第３０６回（第２号）臨時会05月16日-01号,,,,,二十一番　　　佐　　　藤　　　　　　　良,null,null,null
230516_25,栃木県,平成２３年第３０６回（第２号）,01,23,5,16,臨時,平成２３年第３０６回（第２号）臨時会05月16日-01号,,,,,二十二番　　　山　　　形　　　修　　　治,null,null,null
230516_26,栃木県,平成２３年第３０６回（第２号）,01,23,5,16,臨時,平成２３年第３０６回（第２号）臨時会05月16日-01号,,,,,二十三番　　　若　　　林　　　和　　　雄,null,null,null
230516_27,栃木県,平成２３年第３０６回（第２号）,01,23,5,16,臨時,平成２３年第３０６回（第２号）臨時会05月16日-01号,,,,,二十四番　　　相　　　馬　　　憲　　　一,null,null,null
230516_28,栃木県,平成２３年第３０６回（第２号）,01,23,5,16,臨時,平成２３年第３０６回（第２号）臨時会05月16日-01号,,,,,二十五番　　　高　　　橋　　　修　　　司,null,null,null
230516_29,栃木県,平成２３年第３０６回（第２号）,01,23,5,16,臨時,平成２３年第３０６回（第２号）臨時会05月16日-01号,,,,,二十六番　　　中　　　川　　　幹　　　雄,null,null,null
230516_30,栃木県,平成２３年第３０６回（第２号）,01,23,5,16,臨時,平成２３年第３０６回（第２号）臨時会05月16日-01号,,,,,二十七番　　　増　　　渕　　　三　津　男,null,null,null
230516_31,栃木県,平成２３年第３０６回（第２号）,01,23,5,16,臨時,平成２３年第３０６回（第２号）臨時会05月16日-01号,,,,,二十八番　　　齋　　　藤　　　孝　　　明,null,null,null
230516_32,栃木県,平成２３年第３０６回（第２号）,01,23,5,16,臨時,平成２３年第３０６回（第２号）臨時会05月16日-01号,,,,,二十九番　　　保　　　母　　　欽　一　郎,null,null,null
230516_33,栃木県,平成２３年第３０６回（第２号）,01,23,5,16,臨時,平成２３年第３０６回（第２号）臨時会05月16日-01号,,,,,三十番　　　松　　　井　　　正　　　一,null,null,null
230516_34,栃木県,平成２３年第３０６回（第２号）,01,23,5,16,臨時,平成２３年第３０６回（第２号）臨時会05月16日-01号,,,,,三十一番　　　一　　　木　　　弘　　　司,null,null,null
230516_35,栃木県,平成２３年第３０６回（第２号）,01,23,5,16,臨時,平成２３年第３０６回（第２号）臨時会05月16日-01号,,,,,三十二番　　　山　　　口　　　恒　　　夫,null,null,null
230516_36,栃木県,平成２３年第３０６回（第２号）,01,23,5,16,臨時,平成２３年第３０６回（第２号）臨時会05月16日-01号,,,,,三十三番　　　五　十　嵐　　　　　　　清,null,null,null
230516_37,栃木県,平成２３年第３０６回（第２号）,01,23,5,16,臨時,平成２３年第３０６回（第２号）臨時会05月16日-01号,,,,,三十四番　　　岩　　　崎　　　　　　　信,null,null,null
230516_38,栃木県,平成２３年第３０６回（第２号）,01,23,5,16,臨時,平成２３年第３０６回（第２号）臨時会05月16日-01号,,,,,三十五番　　　小　　　林　　　幹　　　夫,null,null,null
230516_39,栃木県,平成２３年第３０６回（第２号）,01,23,5,16,臨時,平成２３年第３０６回（第２号）臨時会05月16日-01号,,,,,三十六番　　　五　月　女　　　裕　久　彦,null,null,null
230516_40,栃木県,平成２３年第３０６回（第２号）,01,23,5,16,臨時,平成２３年第３０６回（第２号）臨時会05月16日-01号,,,,,三十七番　　　花　　　塚　　　隆　　　志,null,null,null
230516_41,栃木県,平成２３年第３０６回（第２号）,01,23,5,16,臨時,平成２３年第３０６回（第２号）臨時会05月16日-01号,,,,,三十八番　　　早　　　川　　　尚　　　秀,null,null,null
230516_42,栃木県,平成２３年第３０６回（第２号）,01,23,5,16,臨時,平成２３年第３０６回（第２号）臨時会05月16日-01号,,,,,三十九番　　　神　　　谷　　　幸　　　伸,null,null,null
230516_43,栃木県,平成２３年第３０６回（第２号）,01,23,5,16,臨時,平成２３年第３０６回（第２号）臨時会05月16日-01号,,,,,四十番　　　阿　久　津　　　憲　　　二,null,null,null
230516_44,栃木県,平成２３年第３０６回（第２号）,01,23,5,16,臨時,平成２３年第３０６回（第２号）臨時会05月16日-01号,,,,,四十一番　　　佐　　　藤　　　　　　　栄,null,null,null
230516_45,栃木県,平成２３年第３０６回（第２号）,01,23,5,16,臨時,平成２３年第３０６回（第２号）臨時会05月16日-01号,,,,,四十三番　　　螺　　　良　　　昭　　　人,null,null,null
230516_46,栃木県,平成２３年第３０６回（第２号）,01,23,5,16,臨時,平成２３年第３０６回（第２号）臨時会05月16日-01号,,,,,四十四番　　　三　　　森　　　文　　　徳,null,null,null
230516_47,栃木県,平成２３年第３０６回（第２号）,01,23,5,16,臨時,平成２３年第３０６回（第２号）臨時会05月16日-01号,,,,,四十五番　　　石　　　坂　　　真　　　一,null,null,null
230516_48,栃木県,平成２３年第３０６回（第２号）,01,23,5,16,臨時,平成２３年第３０６回（第２号）臨時会05月16日-01号,,,,,四十六番　　　木　　　村　　　好　　　文,null,null,null
230516_49,栃木県,平成２３年第３０６回（第２号）,01,23,5,16,臨時,平成２３年第３０６回（第２号）臨時会05月16日-01号,,,,,四十七番　　　〓〓　　　橋　　　文　　　吉,null,null,null
230516_50,栃木県,平成２３年第３０６回（第２号）,01,23,5,16,臨時,平成２３年第３０６回（第２号）臨時会05月16日-01号,,,,,四十八番　　　平　　　池　　　秀　　　光,null,null,null
230516_51,栃木県,平成２３年第３０６回（第２号）,01,23,5,16,臨時,平成２３年第３０６回（第２号）臨時会05月16日-01号,,,,,五十番　　　渡　　　辺　　　　　　　渡,null,null,null
230516_52,栃木県,平成２３年第３０６回（第２号）,01,23,5,16,臨時,平成２３年第３０６回（第２号）臨時会05月16日-01号,,,,,五十一番　　　梶　　　　　　　克　　　之,null,null,null
230516_53,栃木県,平成２３年第３０６回（第２号）,01,23,5,16,臨時,平成２３年第３０６回（第２号）臨時会05月16日-01号,,,,,五十二番　　　板　　　橋　　　一　　　好,null,null,null
230516_54,栃木県,平成２３年第３０６回（第２号）,01,23,5,16,臨時,平成２３年第３０６回（第２号）臨時会05月16日-01号,,,,,地方自治法第百二十一条の規定による出席要求によって出席した者,null,null,null
230516_55,栃木県,平成２３年第３０６回（第２号）,01,23,5,16,臨時,平成２３年第３０６回（第２号）臨時会05月16日-01号,,,,,知事　　　　　　　福　　　田　　　富　　　一,null,null,null
230516_56,栃木県,平成２３年第３０６回（第２号）,01,23,5,16,臨時,平成２３年第３０６回（第２号）臨時会05月16日-01号,,,,,副知事　　　　　　佐　　　藤　　　順　　　一,null,null,null
230516_57,栃木県,平成２３年第３０６回（第２号）,01,23,5,16,臨時,平成２３年第３０６回（第２号）臨時会05月16日-01号,,,,,総合政策部長　　　〓〓　　　橋　　　正　　　英,null,null,null
230516_58,栃木県,平成２３年第３０６回（第２号）,01,23,5,16,臨時,平成２３年第３０６回（第２号）臨時会05月16日-01号,,,,,経営管理部長　　　五　　　家　　　　　　　正,null,null,null
230516_59,栃木県,平成２３年第３０６回（第２号）,01,23,5,16,臨時,平成２３年第３０６回（第２号）臨時会05月16日-01号,,,,,県民生活部長　　　入　内　澤　　　滋　　　夫,null,null,null
230516_60,栃木県,平成２３年第３０６回（第２号）,01,23,5,16,臨時,平成２３年第３０６回（第２号）臨時会05月16日-01号,,,,,環境森林部長　　　石　　　〓ｱ　　　　　　　均,null,null,null
230516_61,栃木県,平成２３年第３０６回（第２号）,01,23,5,16,臨時,平成２３年第３０６回（第２号）臨時会05月16日-01号,,,,,保健福祉部長　　　北　　　澤　　　　　　　潤,null,null,null
230516_62,栃木県,平成２３年第３０６回（第２号）,01,23,5,16,臨時,平成２３年第３０６回（第２号）臨時会05月16日-01号,,,,,産業労働観光部長　大　　　森　　　敏　　　秋,null,null,null
230516_63,栃木県,平成２３年第３０６回（第２号）,01,23,5,16,臨時,平成２３年第３０６回（第２号）臨時会05月16日-01号,,,,,農政部長　　　　　吉　　　沢　　　　　　　崇,null,null,null
230516_64,栃木県,平成２３年第３０６回（第２号）,01,23,5,16,臨時,平成２３年第３０６回（第２号）臨時会05月16日-01号,,,,,県土整備部長　　　池　　　澤　　　　　　　昭,null,null,null
230516_65,栃木県,平成２３年第３０６回（第２号）,01,23,5,16,臨時,平成２３年第３０６回（第２号）臨時会05月16日-01号,,,,,会計管理者会計局長,null,null,null
230516_66,栃木県,平成２３年第３０６回（第２号）,01,23,5,16,臨時,平成２３年第３０６回（第２号）臨時会05月16日-01号,,,,,齋　　　藤　　　一　　　郎,null,null,null
230516_67,栃木県,平成２３年第３０６回（第２号）,01,23,5,16,臨時,平成２３年第３０６回（第２号）臨時会05月16日-01号,,,,,企業局長　　　　　伊　　　藤　　　　　　　勤,null,null,null
230516_68,栃木県,平成２３年第３０６回（第２号）,01,23,5,16,臨時,平成２３年第３０６回（第２号）臨時会05月16日-01号,,,,,総合政策部次長兼総合政策課長,null,null,null
230516_69,栃木県,平成２３年第３０６回（第２号）,01,23,5,16,臨時,平成２３年第３０６回（第２号）臨時会05月16日-01号,,,,,関　　　根　　　房　　　三,null,null,null
230516_70,栃木県,平成２３年第３０６回（第２号）,01,23,5,16,臨時,平成２３年第３０６回（第２号）臨時会05月16日-01号,,,,,財政課長　　　　　北　　　村　　　一　　　郎,null,null,null
230516_71,栃木県,平成２３年第３０６回（第２号）,01,23,5,16,臨時,平成２３年第３０６回（第２号）臨時会05月16日-01号,,,,,教育長　　　　　　須　　　藤　　　　　　　稔,null,null,null
230516_72,栃木県,平成２３年第３０６回（第２号）,01,23,5,16,臨時,平成２３年第３０６回（第２号）臨時会05月16日-01号,,,,,代表監査委員　　　田　　　崎　　　昌　　　芳,null,null,null
230516_73,栃木県,平成２３年第３０６回（第２号）,01,23,5,16,臨時,平成２３年第３０６回（第２号）臨時会05月16日-01号,,,,,人事委員会事務局長,null,null,null
230516_74,栃木県,平成２３年第３０６回（第２号）,01,23,5,16,臨時,平成２３年第３０６回（第２号）臨時会05月16日-01号,,,,,小　　　室　　　康　　　雄,null,null,null
230516_75,栃木県,平成２３年第３０６回（第２号）,01,23,5,16,臨時,平成２３年第３０６回（第２号）臨時会05月16日-01号,,,,,労働委員会事務局長,null,null,null
230516_76,栃木県,平成２３年第３０６回（第２号）,01,23,5,16,臨時,平成２３年第３０６回（第２号）臨時会05月16日-01号,,,,,村　　　上　　　順　　　男,null,null,null
230516_77,栃木県,平成２３年第３０６回（第２号）,01,23,5,16,臨時,平成２３年第３０６回（第２号）臨時会05月16日-01号,,,,,警察本部長　　　　坪　　　田　　　眞　　　明,null,null,null
230516_78,栃木県,平成２３年第３０６回（第２号）,01,23,5,16,臨時,平成２３年第３０６回（第２号）臨時会05月16日-01号,,,,,――――――――――――――――――――――――――――,null,null,null
230516_79,栃木県,平成２３年第３０６回（第２号）,01,23,5,16,臨時,平成２３年第３０６回（第２号）臨時会05月16日-01号,石川弘　事務局長,その他,石川弘,事務局長,最初に申し上げます。,null,null,null
230516_80,栃木県,平成２３年第３０６回（第２号）,01,23,5,16,臨時,平成２３年第３０６回（第２号）臨時会05月16日-01号,石川弘　事務局長,その他,石川弘,事務局長,今議会は一般選挙後初めての議会でありますので、議長が選挙されるまでの間、地方自治法第百七条の規定により、年長の議員が臨時に議長の職務を行うこととなっております。,null,null,null
230516_81,栃木県,平成２３年第３０６回（第２号）,01,23,5,16,臨時,平成２３年第３０６回（第２号）臨時会05月16日-01号,石川弘　事務局長,その他,石川弘,事務局長,出席議員中、板橋一好議員が年長の議員でございますので、ご紹介申し上げます。,null,null,null
230516_82,栃木県,平成２３年第３０６回（第２号）,01,23,5,16,臨時,平成２３年第３０６回（第２号）臨時会05月16日-01号,石川弘　事務局長,その他,石川弘,事務局長,それでは、板橋一好議員、議長席にお願いいたします。,null,null,null
230516_83,栃木県,平成２３年第３０６回（第２号）,01,23,5,16,臨時,平成２３年第３０６回（第２号）臨時会05月16日-01号,石川弘　事務局長,その他,石川弘,事務局長,（板橋一好議員　議長席に着く）,null,null,null
230516_84,栃木県,平成２３年第３０６回（第２号）,01,23,5,16,臨時,平成２３年第３０６回（第２号）臨時会05月16日-01号,板橋一好　臨時議長,議長,板橋一好,臨時議長,ただいまご紹介をいただきました板橋一好でございます。,null,null,null
230516_85,栃木県,平成２３年第３０６回（第２号）,01,23,5,16,臨時,平成２３年第３０６回（第２号）臨時会05月16日-01号,板橋一好　臨時議長,議長,板橋一好,臨時議長,地方自治法第百七条の規定によりまして、臨時に議長の職務を行います。,null,null,null
230516_86,栃木県,平成２３年第３０６回（第２号）,01,23,5,16,臨時,平成２３年第３０６回（第２号）臨時会05月16日-01号,板橋一好　臨時議長,議長,板橋一好,臨時議長,よろしくお願い申し上げます。,null,null,null
230516_87,栃木県,平成２３年第３０６回（第２号）,01,23,5,16,臨時,平成２３年第３０６回（第２号）臨時会05月16日-01号,板橋一好　臨時議長,議長,板橋一好,臨時議長,開会に先立ち、事務局長に出席議員数並びに議事日程を報告させます。,null,null,null
230516_88,栃木県,平成２３年第３０６回（第２号）,01,23,5,16,臨時,平成２３年第３０６回（第２号）臨時会05月16日-01号,石川弘　事務局長,その他,石川弘,事務局長,出席議員数並びに議事日程を報告いたします。,null,null,null
230516_89,栃木県,平成２３年第３０６回（第２号）,01,23,5,16,臨時,平成２３年第３０６回（第２号）臨時会05月16日-01号,石川弘　事務局長,その他,石川弘,事務局長,ただいまの出席議員数は五十名であります。,null,null,null
230516_90,栃木県,平成２３年第３０６回（第２号）,01,23,5,16,臨時,平成２３年第３０６回（第２号）臨時会05月16日-01号,石川弘　事務局長,その他,石川弘,事務局長,議事日程,null,null,null
230516_91,栃木県,平成２３年第３０６回（第２号）,01,23,5,16,臨時,平成２３年第３０６回（第２号）臨時会05月16日-01号,石川弘　事務局長,その他,石川弘,事務局長,日程第一　議長選挙について,null,null,null
230516_92,栃木県,平成２３年第３０６回（第２号）,01,23,5,16,臨時,平成２３年第３０６回（第２号）臨時会05月16日-01号,石川弘　事務局長,その他,石川弘,事務局長,日程第二　議席の指定について,null,null,null
230516_93,栃木県,平成２３年第３０６回（第２号）,01,23,5,16,臨時,平成２３年第３０６回（第２号）臨時会05月16日-01号,石川弘　事務局長,その他,石川弘,事務局長,日程第三　副議長選挙について,null,null,null
230516_94,栃木県,平成２３年第３０６回（第２号）,01,23,5,16,臨時,平成２３年第３０６回（第２号）臨時会05月16日-01号,石川弘　事務局長,その他,石川弘,事務局長,日程第四　常任委員会委員の選任について,null,null,null
230516_95,栃木県,平成２３年第３０６回（第２号）,01,23,5,16,臨時,平成２３年第３０６回（第２号）臨時会05月16日-01号,石川弘　事務局長,その他,石川弘,事務局長,日程第五　議会運営委員会委員の定数及び選任について,null,null,null
230516_96,栃木県,平成２３年第３０６回（第２号）,01,23,5,16,臨時,平成２３年第３０６回（第２号）臨時会05月16日-01号,石川弘　事務局長,その他,石川弘,事務局長,日程第六　第一号議案から第三号議案まで及び報告第一号について,null,null,null
230516_97,栃木県,平成２３年第３０６回（第２号）,01,23,5,16,臨時,平成２３年第３０６回（第２号）臨時会05月16日-01号,石川弘　事務局長,その他,石川弘,事務局長,日程第七　会期決定について,null,null,null
230516_98,栃木県,平成２３年第３０６回（第２号）,01,23,5,16,臨時,平成２３年第３０６回（第２号）臨時会05月16日-01号,石川弘　事務局長,その他,石川弘,事務局長,日程第八　議第一号について,null,null,null
230516_99,栃木県,平成２３年第３０６回（第２号）,01,23,5,16,臨時,平成２３年第３０６回（第２号）臨時会05月16日-01号,石川弘　事務局長,その他,石川弘,事務局長,―――――――――――――――――――――――――――――,null,null,null
230516_100,栃木県,平成２３年第３０６回（第２号）,01,23,5,16,臨時,平成２３年第３０６回（第２号）臨時会05月16日-01号,石川弘　事務局長,その他,石川弘,事務局長,午前十時　開会,null,null,null
230516_101,栃木県,平成２３年第３０６回（第２号）,01,23,5,16,臨時,平成２３年第３０６回（第２号）臨時会05月16日-01号,板橋一好　臨時議長,議長,板橋一好,臨時議長,ただいまから第三百六回栃木県議会臨時会を開会いたします。,null,null,null
230516_102,栃木県,平成２３年第３０６回（第２号）,01,23,5,16,臨時,平成２３年第３０６回（第２号）臨時会05月16日-01号,板橋一好　臨時議長,議長,板橋一好,臨時議長,これから本日の会議を開きます。,null,null,null
230516_103,栃木県,平成２３年第３０６回（第２号）,01,23,5,16,臨時,平成２３年第３０６回（第２号）臨時会05月16日-01号,板橋一好　臨時議長,議長,板橋一好,臨時議長,最初に、議員の議席を仮指定いたします。,null,null,null
230516_104,栃木県,平成２３年第３０６回（第２号）,01,23,5,16,臨時,平成２３年第３０６回（第２号）臨時会05月16日-01号,板橋一好　臨時議長,議長,板橋一好,臨時議長,仮議席はただいまご着席のとおり指定いたしますので、ご了承願います。,null,null,null
230516_105,栃木県,平成２３年第３０６回（第２号）,01,23,5,16,臨時,平成２３年第３０６回（第２号）臨時会05月16日-01号,板橋一好　臨時議長,議長,板橋一好,臨時議長,次に、日程に入ります。,null,null,null
230516_106,栃木県,平成２３年第３０６回（第２号）,01,23,5,16,臨時,平成２３年第３０６回（第２号）臨時会05月16日-01号,板橋一好　臨時議長,議長,板橋一好,臨時議長,日程第一　これから議長の選挙を行います。,null,null,null
230516_107,栃木県,平成２３年第３０６回（第２号）,01,23,5,16,臨時,平成２３年第３０６回（第２号）臨時会05月16日-01号,板橋一好　臨時議長,議長,板橋一好,臨時議長,議場の出入り口を閉鎖いたします。,null,null,null
230516_108,栃木県,平成２３年第３０６回（第２号）,01,23,5,16,臨時,平成２３年第３０６回（第２号）臨時会05月16日-01号,板橋一好　臨時議長,議長,板橋一好,臨時議長,（議場閉鎖）,null,null,null
230516_109,栃木県,平成２３年第３０６回（第２号）,01,23,5,16,臨時,平成２３年第３０６回（第２号）臨時会05月16日-01号,板橋一好　臨時議長,議長,板橋一好,臨時議長,ただいまの出席議員数は五十名であります。,null,null,null
230516_110,栃木県,平成２３年第３０６回（第２号）,01,23,5,16,臨時,平成２３年第３０６回（第２号）臨時会05月16日-01号,板橋一好　臨時議長,議長,板橋一好,臨時議長,お諮りいたします。,null,null,null
230516_111,栃木県,平成２３年第３０６回（第２号）,01,23,5,16,臨時,平成２３年第３０６回（第２号）臨時会05月16日-01号,板橋一好　臨時議長,議長,板橋一好,臨時議長,栃木県議会会議規則第三十一条第二項の規定により、立会人に阿部寿一議員並びに相馬憲一議員を指名したいと思いますが、ご異議ありませんか。,null,null,null
230516_112,栃木県,平成２３年第３０６回（第２号）,01,23,5,16,臨時,平成２３年第３０６回（第２号）臨時会05月16日-01号,板橋一好　臨時議長,議長,板橋一好,臨時議長,（「異議なし」と呼ぶ者あり）,null,null,null
230516_113,栃木県,平成２３年第３０６回（第２号）,01,23,5,16,臨時,平成２３年第３０６回（第２号）臨時会05月16日-01号,板橋一好　臨時議長,議長,板橋一好,臨時議長,ご異議がないと認めます。,null,null,null
230516_114,栃木県,平成２３年第３０６回（第２号）,01,23,5,16,臨時,平成２３年第３０６回（第２号）臨時会05月16日-01号,板橋一好　臨時議長,議長,板橋一好,臨時議長,したがって、立会人に阿部寿一議員並びに相馬憲一議員を指名いたします。,null,null,null
230516_115,栃木県,平成２３年第３０６回（第２号）,01,23,5,16,臨時,平成２３年第３０６回（第２号）臨時会05月16日-01号,板橋一好　臨時議長,議長,板橋一好,臨時議長,次に、投票用紙を配付させます。,null,null,null
230516_116,栃木県,平成２３年第３０６回（第２号）,01,23,5,16,臨時,平成２３年第３０６回（第２号）臨時会05月16日-01号,板橋一好　臨時議長,議長,板橋一好,臨時議長,（職員、投票用紙を配付）,null,null,null
230516_117,栃木県,平成２３年第３０６回（第２号）,01,23,5,16,臨時,平成２３年第３０６回（第２号）臨時会05月16日-01号,板橋一好　臨時議長,議長,板橋一好,臨時議長,念のため申し上げます。,null,null,null
230516_118,栃木県,平成２３年第３０６回（第２号）,01,23,5,16,臨時,平成２３年第３０６回（第２号）臨時会05月16日-01号,板橋一好　臨時議長,議長,板橋一好,臨時議長,投票は単記無記名であります。,null,null,null
230516_119,栃木県,平成２３年第３０６回（第２号）,01,23,5,16,臨時,平成２３年第３０６回（第２号）臨時会05月16日-01号,板橋一好　臨時議長,議長,板橋一好,臨時議長,投票用紙の配付漏れはありませんか。,null,null,null
230516_120,栃木県,平成２３年第３０６回（第２号）,01,23,5,16,臨時,平成２３年第３０６回（第２号）臨時会05月16日-01号,板橋一好　臨時議長,議長,板橋一好,臨時議長,――配付漏れはないと認めます。,null,null,null
230516_121,栃木県,平成２３年第３０６回（第２号）,01,23,5,16,臨時,平成２３年第３０６回（第２号）臨時会05月16日-01号,板橋一好　臨時議長,議長,板橋一好,臨時議長,投票箱を改めさせます。,null,null,null
230516_122,栃木県,平成２３年第３０６回（第２号）,01,23,5,16,臨時,平成２３年第３０６回（第２号）臨時会05月16日-01号,板橋一好　臨時議長,議長,板橋一好,臨時議長,（職員、投票箱を改め異状のないことを示す）,null,null,null
230516_123,栃木県,平成２３年第３０６回（第２号）,01,23,5,16,臨時,平成２３年第３０６回（第２号）臨時会05月16日-01号,板橋一好　臨時議長,議長,板橋一好,臨時議長,異状はないと認めます。,null,null,null
230516_124,栃木県,平成２３年第３０６回（第２号）,01,23,5,16,臨時,平成２３年第３０６回（第２号）臨時会05月16日-01号,板橋一好　臨時議長,議長,板橋一好,臨時議長,事務局長の点呼により、順次投票願います。,null,null,null
230516_125,栃木県,平成２３年第３０６回（第２号）,01,23,5,16,臨時,平成２３年第３０６回（第２号）臨時会05月16日-01号,板橋一好　臨時議長,議長,板橋一好,臨時議長,（事務局長点呼――投票（四十八番自席で投票））,null,null,null
230516_126,栃木県,平成２３年第３０６回（第２号）,01,23,5,16,臨時,平成２３年第３０６回（第２号）臨時会05月16日-01号,板橋一好　臨時議長,議長,板橋一好,臨時議長,私もこの席から投票いたします。,null,null,null
230516_127,栃木県,平成２３年第３０６回（第２号）,01,23,5,16,臨時,平成２３年第３０６回（第２号）臨時会05月16日-01号,板橋一好　臨時議長,議長,板橋一好,臨時議長,投票漏れはありませんか。,null,null,null
230516_128,栃木県,平成２３年第３０６回（第２号）,01,23,5,16,臨時,平成２３年第３０６回（第２号）臨時会05月16日-01号,板橋一好　臨時議長,議長,板橋一好,臨時議長,――投票漏れはないと認めます。,null,null,null
230516_129,栃木県,平成２３年第３０６回（第２号）,01,23,5,16,臨時,平成２３年第３０６回（第２号）臨時会05月16日-01号,板橋一好　臨時議長,議長,板橋一好,臨時議長,投票を終了いたします。,null,null,null
230516_130,栃木県,平成２３年第３０６回（第２号）,01,23,5,16,臨時,平成２３年第３０６回（第２号）臨時会05月16日-01号,板橋一好　臨時議長,議長,板橋一好,臨時議長,開票を行います。,null,null,null
230516_131,栃木県,平成２３年第３０６回（第２号）,01,23,5,16,臨時,平成２３年第３０６回（第２号）臨時会05月16日-01号,板橋一好　臨時議長,議長,板橋一好,臨時議長,立会人の立ち会いを願います。,null,null,null
230516_132,栃木県,平成２３年第３０６回（第２号）,01,23,5,16,臨時,平成２３年第３０６回（第２号）臨時会05月16日-01号,板橋一好　臨時議長,議長,板橋一好,臨時議長,（立会人の立ち会いのもとに、職員投票を計算）,null,null,null
230516_133,栃木県,平成２３年第３０６回（第２号）,01,23,5,16,臨時,平成２３年第３０６回（第２号）臨時会05月16日-01号,板橋一好　臨時議長,議長,板橋一好,臨時議長,これから投票の結果をご報告いたします。,null,null,null
230516_134,栃木県,平成２３年第３０６回（第２号）,01,23,5,16,臨時,平成２３年第３０６回（第２号）臨時会05月16日-01号,板橋一好　臨時議長,議長,板橋一好,臨時議長,投票人数　　　　　　　　　　　　　五十人,null,null,null
230516_135,栃木県,平成２３年第３０６回（第２号）,01,23,5,16,臨時,平成２３年第３０６回（第２号）臨時会05月16日-01号,板橋一好　臨時議長,議長,板橋一好,臨時議長,投票総数　　　　　　　　　　　　　五十票,null,null,null
230516_136,栃木県,平成２３年第３０６回（第２号）,01,23,5,16,臨時,平成２３年第３０６回（第２号）臨時会05月16日-01号,板橋一好　臨時議長,議長,板橋一好,臨時議長,投票総数中,null,null,null
230516_137,栃木県,平成２３年第３０６回（第２号）,01,23,5,16,臨時,平成２３年第３０６回（第２号）臨時会05月16日-01号,板橋一好　臨時議長,議長,板橋一好,臨時議長,有効投票　　　　　　　　　　　　　五十票,null,null,null
230516_138,栃木県,平成２３年第３０６回（第２号）,01,23,5,16,臨時,平成２３年第３０６回（第２号）臨時会05月16日-01号,板橋一好　臨時議長,議長,板橋一好,臨時議長,無効投票　　　　　　　　　　　　　　〇票,null,null,null
230516_139,栃木県,平成２３年第３０６回（第２号）,01,23,5,16,臨時,平成２３年第３０６回（第２号）臨時会05月16日-01号,板橋一好　臨時議長,議長,板橋一好,臨時議長,有効投票中得票数を申し上げます。,null,null,null
230516_140,栃木県,平成２３年第３０６回（第２号）,01,23,5,16,臨時,平成２３年第３０６回（第２号）臨時会05月16日-01号,板橋一好　臨時議長,議長,板橋一好,臨時議長,神　谷　幸　伸　議員　　　　三十七票,null,null,null
230516_141,栃木県,平成２３年第３０６回（第２号）,01,23,5,16,臨時,平成２３年第３０６回（第２号）臨時会05月16日-01号,板橋一好　臨時議長,議長,板橋一好,臨時議長,中　川　幹　雄　議員　　　　　十三票,null,null,null
230516_142,栃木県,平成２３年第３０６回（第２号）,01,23,5,16,臨時,平成２３年第３０６回（第２号）臨時会05月16日-01号,板橋一好　臨時議長,議長,板橋一好,臨時議長,以上のとおりであります。,null,null,null
230516_143,栃木県,平成２３年第３０６回（第２号）,01,23,5,16,臨時,平成２３年第３０６回（第２号）臨時会05月16日-01号,板橋一好　臨時議長,議長,板橋一好,臨時議長,したがって、神谷幸伸議員が議長に当選されました。,null,null,null
230516_144,栃木県,平成２３年第３０６回（第２号）,01,23,5,16,臨時,平成２３年第３０６回（第２号）臨時会05月16日-01号,板橋一好　臨時議長,議長,板橋一好,臨時議長,議場の閉鎖を解きます。,null,null,null
230516_145,栃木県,平成２３年第３０６回（第２号）,01,23,5,16,臨時,平成２３年第３０６回（第２号）臨時会05月16日-01号,板橋一好　臨時議長,議長,板橋一好,臨時議長,（議場開鎖）,null,null,null
230516_146,栃木県,平成２３年第３０６回（第２号）,01,23,5,16,臨時,平成２３年第３０６回（第２号）臨時会05月16日-01号,板橋一好　臨時議長,議長,板橋一好,臨時議長,この際、神谷幸伸議員の議長就任のための発言を許します。,null,null,null
230516_147,栃木県,平成２３年第３０６回（第２号）,01,23,5,16,臨時,平成２３年第３０６回（第２号）臨時会05月16日-01号,板橋一好　臨時議長,議長,板橋一好,臨時議長,神谷幸伸議員。,null,null,null
230516_148,栃木県,平成２３年第３０６回（第２号）,01,23,5,16,臨時,平成２３年第３０６回（第２号）臨時会05月16日-01号,板橋一好　臨時議長,議長,板橋一好,臨時議長,（三十九番　神谷幸伸議員登壇）,null,null,null
230516_149,栃木県,平成２３年第３０６回（第２号）,01,23,5,16,臨時,平成２３年第３０６回（第２号）臨時会05月16日-01号,三十九番（神谷幸伸議員）,0900000000026,神谷幸伸,三十九番,議長就任に当たりまして一言ごあいさつを申し上げます。,null,null,null
230516_150,栃木県,平成２３年第３０６回（第２号）,01,23,5,16,臨時,平成２３年第３０６回（第２号）臨時会05月16日-01号,三十九番（神谷幸伸議員）,0900000000026,神谷幸伸,三十九番,ただいまは多くの議員の皆様のご推挙をいただき、第九十八代議長に就任することができました。,null,null,null
230516_151,栃木県,平成２３年第３０６回（第２号）,01,23,5,16,臨時,平成２３年第３０６回（第２号）臨時会05月16日-01号,三十九番（神谷幸伸議員）,0900000000026,神谷幸伸,三十九番,皆様方には心から感謝と御礼を申し上げます。,null,null,null
230516_152,栃木県,平成２３年第３０６回（第２号）,01,23,5,16,臨時,平成２３年第３０６回（第２号）臨時会05月16日-01号,三十九番（神谷幸伸議員）,0900000000026,神谷幸伸,三十九番,これまで諸先輩方が築いてこられた県議会の歴史と伝統を踏まえ、県議会議長としての使命と責務を認識した上で、公正・公平、円滑で活気ある議会、そして県民により開かれた県議会の運営に努めてまいりたいと考えております。,null,null,null
230516_153,栃木県,平成２３年第３０６回（第２号）,01,23,5,16,臨時,平成２３年第３０６回（第２号）臨時会05月16日-01号,三十九番（神谷幸伸議員）,0900000000026,神谷幸伸,三十九番,さて、三月十一日に発生しました東日本大震災は、東日本各地に未曾有の被害をもたらしました。,null,null,null
230516_154,栃木県,平成２３年第３０６回（第２号）,01,23,5,16,臨時,平成２３年第３０６回（第２号）臨時会05月16日-01号,三十九番（神谷幸伸議員）,0900000000026,神谷幸伸,三十九番,ここに改めて、お亡くなりになられました皆様のご冥福と、被災地の方々に心よりお見舞いを申し上げます。,null,null,null
230516_155,栃木県,平成２３年第３０６回（第２号）,01,23,5,16,臨時,平成２３年第３０６回（第２号）臨時会05月16日-01号,三十九番（神谷幸伸議員）,0900000000026,神谷幸伸,三十九番,さらに、福島第一原子力発電所の放射能漏れ事故により、避難所等で不自由な暮らしを余儀なくされている被災者の方々や、本県の農作物、観光地等への風評被害など、原発事故に伴う被害も大変大きいものがございます。,null,null,null
230516_156,栃木県,平成２３年第３０６回（第２号）,01,23,5,16,臨時,平成２３年第３０６回（第２号）臨時会05月16日-01号,三十九番（神谷幸伸議員）,0900000000026,神谷幸伸,三十九番,そこで、県内の復興に向けた取り組みにつきましては、知事初め執行部と活発に議論を重ね、その情報を県民の皆様と共有するなど、議会としての役割を十分に果たしてまいりたいと考えております。,null,null,null
230516_157,栃木県,平成２３年第３０６回（第２号）,01,23,5,16,臨時,平成２３年第３０６回（第２号）臨時会05月16日-01号,三十九番（神谷幸伸議員）,0900000000026,神谷幸伸,三十九番,また、今年度は、栃木県重点戦略新とちぎ元気プランの初年度でもあります。,null,null,null
230516_158,栃木県,平成２３年第３０６回（第２号）,01,23,5,16,臨時,平成２３年第３０６回（第２号）臨時会05月16日-01号,三十九番（神谷幸伸議員）,0900000000026,神谷幸伸,三十九番,人づくりをすべての基本に、安心・成長・環境の三つの重点戦略のもと、元気度日本一栃木県の実現を目指し、その取り組みを推進していくことが、まさに東日本大震災を経験した我が県の復興とさらなる発展につながるものと確信しております。,null,null,null
230516_159,栃木県,平成２３年第３０６回（第２号）,01,23,5,16,臨時,平成２３年第３０６回（第２号）臨時会05月16日-01号,三十九番（神谷幸伸議員）,0900000000026,神谷幸伸,三十九番,このほか、景気・雇用対策や医療・福祉の充実など、従前からの多くの課題が山積していることは申し上げるまでもございません。,null,null,null
230516_160,栃木県,平成２３年第３０６回（第２号）,01,23,5,16,臨時,平成２３年第３０６回（第２号）臨時会05月16日-01号,三十九番（神谷幸伸議員）,0900000000026,神谷幸伸,三十九番,また、先日、私の地元である鹿沼市において登校中の児童六名が死亡し、幼い大切な命が奪われるという痛ましい交通事故がありました。,null,null,null
230516_161,栃木県,平成２３年第３０６回（第２号）,01,23,5,16,臨時,平成２３年第３０６回（第２号）臨時会05月16日-01号,三十九番（神谷幸伸議員）,0900000000026,神谷幸伸,三十九番,このような事故が二度と起こらないよう、子供や高齢者などを交通事故から守るなど、二百万県民の皆様の安全・安心なまちづくりを確立することも重要な課題であると考えております。,null,null,null
230516_162,栃木県,平成２３年第３０６回（第２号）,01,23,5,16,臨時,平成２３年第３０６回（第２号）臨時会05月16日-01号,三十九番（神谷幸伸議員）,0900000000026,神谷幸伸,三十九番,私は、こうした国家的危機ともいえる状況下で県議会議長にご推挙を賜りました。,null,null,null
230516_163,栃木県,平成２３年第３０６回（第２号）,01,23,5,16,臨時,平成２３年第３０６回（第２号）臨時会05月16日-01号,三十九番（神谷幸伸議員）,0900000000026,神谷幸伸,三十九番,また、私事ではございますが、私の父が第七十六代の議長を務め、そして本日、私が第九十八代の議長に就任させていただきました。,null,null,null
230516_164,栃木県,平成２３年第３０６回（第２号）,01,23,5,16,臨時,平成２３年第３０６回（第２号）臨時会05月16日-01号,三十九番（神谷幸伸議員）,0900000000026,神谷幸伸,三十九番,身に余る光栄と感じておりますが、改めて責任の重さを痛感し、身の引き締まる思いでございます。,null,null,null
230516_165,栃木県,平成２３年第３０６回（第２号）,01,23,5,16,臨時,平成２３年第３０６回（第２号）臨時会05月16日-01号,三十九番（神谷幸伸議員）,0900000000026,神谷幸伸,三十九番,私はもとより浅学非才の身ではありますが、二百万県民の負託にこたえるべく、また、栃木県のさらなる発展のため、全身全霊最善の努力をいたす所存であります。,null,null,null
230516_166,栃木県,平成２３年第３０６回（第２号）,01,23,5,16,臨時,平成２３年第３０６回（第２号）臨時会05月16日-01号,三十九番（神谷幸伸議員）,0900000000026,神谷幸伸,三十九番,どうか、議員の皆様はもとより、福田富一知事を初め執行部の皆様並びに報道関係の皆様の温かいご支援とご協力、そしてご指導を賜りますよう心からお願い申し上げ、議長就任のごあいさつとさせていただきます。,null,null,null
230516_167,栃木県,平成２３年第３０６回（第２号）,01,23,5,16,臨時,平成２３年第３０６回（第２号）臨時会05月16日-01号,三十九番（神谷幸伸議員）,0900000000026,神谷幸伸,三十九番,ありがとうございました。,null,null,null
230516_168,栃木県,平成２３年第３０６回（第２号）,01,23,5,16,臨時,平成２３年第３０６回（第２号）臨時会05月16日-01号,三十九番（神谷幸伸議員）,0900000000026,神谷幸伸,三十九番,（拍手）。,null,null,null
230516_169,栃木県,平成２３年第３０６回（第２号）,01,23,5,16,臨時,平成２３年第３０６回（第２号）臨時会05月16日-01号,板橋一好　臨時議長,議長,板橋一好,臨時議長,これにて私の職務は終わりましたので、議長と交代いたします。,null,null,null
230516_170,栃木県,平成２３年第３０６回（第２号）,01,23,5,16,臨時,平成２３年第３０６回（第２号）臨時会05月16日-01号,板橋一好　臨時議長,議長,板橋一好,臨時議長,ご協力ありがとうございました。,null,null,null
230516_171,栃木県,平成２３年第３０６回（第２号）,01,23,5,16,臨時,平成２３年第３０６回（第２号）臨時会05月16日-01号,板橋一好　臨時議長,議長,板橋一好,臨時議長,（臨時議長退席　議長着席）,null,null,null
230516_172,栃木県,平成２３年第３０６回（第２号）,01,23,5,16,臨時,平成２３年第３０６回（第２号）臨時会05月16日-01号,神谷幸伸　議長,議長,神谷幸伸,議長,最初に、栃木県議会会議規則第百十七条の規定により、会議録署名議員三名を指名いたします。,null,null,null
230516_173,栃木県,平成２３年第３０６回（第２号）,01,23,5,16,臨時,平成２３年第３０６回（第２号）臨時会05月16日-01号,神谷幸伸　議長,議長,神谷幸伸,議長,角　　　田　　　正　　　展　議員,null,null,null
230516_174,栃木県,平成２３年第３０６回（第２号）,01,23,5,16,臨時,平成２３年第３０６回（第２号）臨時会05月16日-01号,神谷幸伸　議長,議長,神谷幸伸,議長,阿　　　部　　　博　　　美　議員,null,null,null
230516_175,栃木県,平成２３年第３０６回（第２号）,01,23,5,16,臨時,平成２３年第３０６回（第２号）臨時会05月16日-01号,神谷幸伸　議長,議長,神谷幸伸,議長,亀　　　田　　　　　　　清　議員,null,null,null
230516_176,栃木県,平成２３年第３０６回（第２号）,01,23,5,16,臨時,平成２３年第３０６回（第２号）臨時会05月16日-01号,神谷幸伸　議長,議長,神谷幸伸,議長,以上、指名いたしました。,null,null,null
230516_177,栃木県,平成２３年第３０６回（第２号）,01,23,5,16,臨時,平成２３年第３０６回（第２号）臨時会05月16日-01号,神谷幸伸　議長,議長,神谷幸伸,議長,―――――――――――――――――――――――――――――,null,null,null
230516_178,栃木県,平成２３年第３０６回（第２号）,01,23,5,16,臨時,平成２３年第３０６回（第２号）臨時会05月16日-01号,神谷幸伸　議長,議長,神谷幸伸,議長,日程第二　議席の指定を行います。,null,null,null
230516_179,栃木県,平成２３年第３０６回（第２号）,01,23,5,16,臨時,平成２３年第３０６回（第２号）臨時会05月16日-01号,神谷幸伸　議長,議長,神谷幸伸,議長,栃木県議会会議規則第五条第一項の規定により、議員の議席は、ただいまご着席のとおり指定いたします。,null,null,null
230516_180,栃木県,平成２３年第３０６回（第２号）,01,23,5,16,臨時,平成２３年第３０６回（第２号）臨時会05月16日-01号,神谷幸伸　議長,議長,神谷幸伸,議長,ご了承願います。,null,null,null
230516_181,栃木県,平成２３年第３０６回（第２号）,01,23,5,16,臨時,平成２３年第３０６回（第２号）臨時会05月16日-01号,神谷幸伸　議長,議長,神谷幸伸,議長,―――――――――――――――――――――――――――――,null,null,null
230516_182,栃木県,平成２３年第３０６回（第２号）,01,23,5,16,臨時,平成２３年第３０６回（第２号）臨時会05月16日-01号,神谷幸伸　議長,議長,神谷幸伸,議長,日程第三　これから副議長の選挙を行います。,null,null,null
230516_183,栃木県,平成２３年第３０６回（第２号）,01,23,5,16,臨時,平成２３年第３０６回（第２号）臨時会05月16日-01号,神谷幸伸　議長,議長,神谷幸伸,議長,議場の出入り口を閉鎖いたします。,null,null,null
230516_184,栃木県,平成２３年第３０６回（第２号）,01,23,5,16,臨時,平成２３年第３０６回（第２号）臨時会05月16日-01号,神谷幸伸　議長,議長,神谷幸伸,議長,（議場閉鎖）,null,null,null
230516_185,栃木県,平成２３年第３０６回（第２号）,01,23,5,16,臨時,平成２３年第３０６回（第２号）臨時会05月16日-01号,神谷幸伸　議長,議長,神谷幸伸,議長,ただいまの出席議員数は五十名であります。,null,null,null
230516_186,栃木県,平成２３年第３０６回（第２号）,01,23,5,16,臨時,平成２３年第３０６回（第２号）臨時会05月16日-01号,神谷幸伸　議長,議長,神谷幸伸,議長,お諮りいたします。,null,null,null
230516_187,栃木県,平成２３年第３０６回（第２号）,01,23,5,16,臨時,平成２３年第３０６回（第２号）臨時会05月16日-01号,神谷幸伸　議長,議長,神谷幸伸,議長,栃木県議会会議規則第三十一条第二項の規定により、立会人に金子裕議員並びに高橋修司議員を指名したいと思いますが、ご異議ありませんか。,null,null,null
230516_188,栃木県,平成２３年第３０６回（第２号）,01,23,5,16,臨時,平成２３年第３０６回（第２号）臨時会05月16日-01号,神谷幸伸　議長,議長,神谷幸伸,議長,（「異議なし」と呼ぶ者あり）,null,null,null
230516_189,栃木県,平成２３年第３０６回（第２号）,01,23,5,16,臨時,平成２３年第３０６回（第２号）臨時会05月16日-01号,神谷幸伸　議長,議長,神谷幸伸,議長,ご異議がないと認めます。,null,null,null
230516_190,栃木県,平成２３年第３０６回（第２号）,01,23,5,16,臨時,平成２３年第３０６回（第２号）臨時会05月16日-01号,神谷幸伸　議長,議長,神谷幸伸,議長,したがって、立会人に金子裕議員並びに高橋修司議員を指名いたします。,null,null,null
230516_191,栃木県,平成２３年第３０６回（第２号）,01,23,5,16,臨時,平成２３年第３０６回（第２号）臨時会05月16日-01号,神谷幸伸　議長,議長,神谷幸伸,議長,次に、投票用紙を配付させます。,null,null,null
230516_192,栃木県,平成２３年第３０６回（第２号）,01,23,5,16,臨時,平成２３年第３０６回（第２号）臨時会05月16日-01号,神谷幸伸　議長,議長,神谷幸伸,議長,（職員、投票用紙を配付）,null,null,null
230516_193,栃木県,平成２３年第３０６回（第２号）,01,23,5,16,臨時,平成２３年第３０６回（第２号）臨時会05月16日-01号,神谷幸伸　議長,議長,神谷幸伸,議長,念のため申し上げます。,null,null,null
230516_194,栃木県,平成２３年第３０６回（第２号）,01,23,5,16,臨時,平成２３年第３０６回（第２号）臨時会05月16日-01号,神谷幸伸　議長,議長,神谷幸伸,議長,投票は単記無記名であります。,null,null,null
230516_195,栃木県,平成２３年第３０６回（第２号）,01,23,5,16,臨時,平成２３年第３０６回（第２号）臨時会05月16日-01号,神谷幸伸　議長,議長,神谷幸伸,議長,投票用紙の配付漏れはありませんか。,null,null,null
230516_196,栃木県,平成２３年第３０６回（第２号）,01,23,5,16,臨時,平成２３年第３０６回（第２号）臨時会05月16日-01号,神谷幸伸　議長,議長,神谷幸伸,議長,――配付漏れはないと認めます。,null,null,null
230516_197,栃木県,平成２３年第３０６回（第２号）,01,23,5,16,臨時,平成２３年第３０６回（第２号）臨時会05月16日-01号,神谷幸伸　議長,議長,神谷幸伸,議長,投票箱を改めさせます。,null,null,null
230516_198,栃木県,平成２３年第３０６回（第２号）,01,23,5,16,臨時,平成２３年第３０６回（第２号）臨時会05月16日-01号,神谷幸伸　議長,議長,神谷幸伸,議長,（職員、投票箱を改め異状のないことを示す）,null,null,null
230516_199,栃木県,平成２３年第３０６回（第２号）,01,23,5,16,臨時,平成２３年第３０６回（第２号）臨時会05月16日-01号,神谷幸伸　議長,議長,神谷幸伸,議長,異状はないと認めます。,null,null,null
230516_200,栃木県,平成２３年第３０６回（第２号）,01,23,5,16,臨時,平成２３年第３０６回（第２号）臨時会05月16日-01号,神谷幸伸　議長,議長,神谷幸伸,議長,事務局長の点呼により、順次投票願います。,null,null,null
230516_201,栃木県,平成２３年第３０６回（第２号）,01,23,5,16,臨時,平成２３年第３０６回（第２号）臨時会05月16日-01号,神谷幸伸　議長,議長,神谷幸伸,議長,（事務局長点呼――投票（四十八番自席で投票））,null,null,null
230516_202,栃木県,平成２３年第３０６回（第２号）,01,23,5,16,臨時,平成２３年第３０６回（第２号）臨時会05月16日-01号,神谷幸伸　議長,議長,神谷幸伸,議長,私もこの席から投票いたします。,null,null,null
230516_203,栃木県,平成２３年第３０６回（第２号）,01,23,5,16,臨時,平成２３年第３０６回（第２号）臨時会05月16日-01号,神谷幸伸　議長,議長,神谷幸伸,議長,投票漏れはありませんか。,null,null,null
230516_204,栃木県,平成２３年第３０６回（第２号）,01,23,5,16,臨時,平成２３年第３０６回（第２号）臨時会05月16日-01号,神谷幸伸　議長,議長,神谷幸伸,議長,――投票漏れはないと認めます。,null,null,null
230516_205,栃木県,平成２３年第３０６回（第２号）,01,23,5,16,臨時,平成２３年第３０６回（第２号）臨時会05月16日-01号,神谷幸伸　議長,議長,神谷幸伸,議長,投票を終了いたします。,null,null,null
230516_206,栃木県,平成２３年第３０６回（第２号）,01,23,5,16,臨時,平成２３年第３０６回（第２号）臨時会05月16日-01号,神谷幸伸　議長,議長,神谷幸伸,議長,開票を行います。,null,null,null
230516_207,栃木県,平成２３年第３０６回（第２号）,01,23,5,16,臨時,平成２３年第３０６回（第２号）臨時会05月16日-01号,神谷幸伸　議長,議長,神谷幸伸,議長,立会人の立ち会いを願います。,null,null,null
230516_208,栃木県,平成２３年第３０６回（第２号）,01,23,5,16,臨時,平成２３年第３０６回（第２号）臨時会05月16日-01号,神谷幸伸　議長,議長,神谷幸伸,議長,（立会人の立ち会いのもとに、職員投票を計算）,null,null,null
230516_209,栃木県,平成２３年第３０６回（第２号）,01,23,5,16,臨時,平成２３年第３０６回（第２号）臨時会05月16日-01号,神谷幸伸　議長,議長,神谷幸伸,議長,これから投票の結果をご報告いたします。,null,null,null
230516_210,栃木県,平成２３年第３０６回（第２号）,01,23,5,16,臨時,平成２３年第３０６回（第２号）臨時会05月16日-01号,神谷幸伸　議長,議長,神谷幸伸,議長,投票人数　　　　　　　　　　　五十人,null,null,null
230516_211,栃木県,平成２３年第３０６回（第２号）,01,23,5,16,臨時,平成２３年第３０６回（第２号）臨時会05月16日-01号,神谷幸伸　議長,議長,神谷幸伸,議長,投票総数　　　　　　　　　　　五十票,null,null,null
230516_212,栃木県,平成２３年第３０６回（第２号）,01,23,5,16,臨時,平成２３年第３０６回（第２号）臨時会05月16日-01号,神谷幸伸　議長,議長,神谷幸伸,議長,投票総数中,null,null,null
230516_213,栃木県,平成２３年第３０６回（第２号）,01,23,5,16,臨時,平成２３年第３０６回（第２号）臨時会05月16日-01号,神谷幸伸　議長,議長,神谷幸伸,議長,有効投票　　　　　　　　　　　五十票,null,null,null
230516_214,栃木県,平成２３年第３０６回（第２号）,01,23,5,16,臨時,平成２３年第３０６回（第２号）臨時会05月16日-01号,神谷幸伸　議長,議長,神谷幸伸,議長,無効投票　　　　　　　　　　　　〇票,null,null,null
230516_215,栃木県,平成２３年第３０６回（第２号）,01,23,5,16,臨時,平成２３年第３０６回（第２号）臨時会05月16日-01号,神谷幸伸　議長,議長,神谷幸伸,議長,有効投票中得票数を申し上げます。,null,null,null
230516_216,栃木県,平成２３年第３０６回（第２号）,01,23,5,16,臨時,平成２３年第３０６回（第２号）臨時会05月16日-01号,神谷幸伸　議長,議長,神谷幸伸,議長,岩　崎　　　信　議員　　三十一票,null,null,null
230516_217,栃木県,平成２３年第３０６回（第２号）,01,23,5,16,臨時,平成２３年第３０６回（第２号）臨時会05月16日-01号,神谷幸伸　議長,議長,神谷幸伸,議長,増　渕　三津男　議員　　　十三票,null,null,null
230516_218,栃木県,平成２３年第３０６回（第２号）,01,23,5,16,臨時,平成２３年第３０６回（第２号）臨時会05月16日-01号,神谷幸伸　議長,議長,神谷幸伸,議長,一　木　弘　司　議員　　　　六票,null,null,null
230516_219,栃木県,平成２３年第３０６回（第２号）,01,23,5,16,臨時,平成２３年第３０６回（第２号）臨時会05月16日-01号,神谷幸伸　議長,議長,神谷幸伸,議長,以上のとおりであります。,null,null,null
230516_220,栃木県,平成２３年第３０６回（第２号）,01,23,5,16,臨時,平成２３年第３０６回（第２号）臨時会05月16日-01号,神谷幸伸　議長,議長,神谷幸伸,議長,したがって、岩崎信議員が副議長に当選されました。,null,null,null
230516_221,栃木県,平成２３年第３０６回（第２号）,01,23,5,16,臨時,平成２３年第３０６回（第２号）臨時会05月16日-01号,神谷幸伸　議長,議長,神谷幸伸,議長,議場の閉鎖を解きます。,null,null,null
230516_222,栃木県,平成２３年第３０６回（第２号）,01,23,5,16,臨時,平成２３年第３０６回（第２号）臨時会05月16日-01号,神谷幸伸　議長,議長,神谷幸伸,議長,（議場開鎖）,null,null,null
230516_223,栃木県,平成２３年第３０６回（第２号）,01,23,5,16,臨時,平成２３年第３０６回（第２号）臨時会05月16日-01号,神谷幸伸　議長,議長,神谷幸伸,議長,この際、岩崎信議員の副議長就任のための発言を許します。,null,null,null
230516_224,栃木県,平成２３年第３０６回（第２号）,01,23,5,16,臨時,平成２３年第３０６回（第２号）臨時会05月16日-01号,神谷幸伸　議長,議長,神谷幸伸,議長,岩崎信議員。,null,null,null
230516_225,栃木県,平成２３年第３０６回（第２号）,01,23,5,16,臨時,平成２３年第３０６回（第２号）臨時会05月16日-01号,神谷幸伸　議長,議長,神谷幸伸,議長,（三十四番　岩崎　信議員登壇）,null,null,null
230516_226,栃木県,平成２３年第３０６回（第２号）,01,23,5,16,臨時,平成２３年第３０６回（第２号）臨時会05月16日-01号,三十四番（岩崎信議員）,0900000000049,岩崎信,三十四番,副議長就任に当たりまして一言ごあいさつを申し上げます。,null,null,null
230516_227,栃木県,平成２３年第３０６回（第２号）,01,23,5,16,臨時,平成２３年第３０６回（第２号）臨時会05月16日-01号,三十四番（岩崎信議員）,0900000000049,岩崎信,三十四番,まず初めに、三月十一日に発生いたしました東日本大震災で亡くなられた多くの皆さん、そして被災された皆さんに心からお悔やみとお見舞いを申し上げます。,null,null,null
230516_228,栃木県,平成２３年第３０６回（第２号）,01,23,5,16,臨時,平成２３年第３０６回（第２号）臨時会05月16日-01号,三十四番（岩崎信議員）,0900000000049,岩崎信,三十四番,あわせて東京電力の福島第一原子力発電所の事故により被災された方々についてもお見舞いを申し上げます。,null,null,null
230516_229,栃木県,平成２３年第３０６回（第２号）,01,23,5,16,臨時,平成２３年第３０６回（第２号）臨時会05月16日-01号,三十四番（岩崎信議員）,0900000000049,岩崎信,三十四番,こういう厳しい社会情勢の中で、ただいま多くの皆さんのご推挙をいただき、第百五代の栃木県議会副議長に選ばれました、その責任の大きさと重さを痛感している次第であります。,null,null,null
230516_230,栃木県,平成２３年第３０６回（第２号）,01,23,5,16,臨時,平成２３年第３０６回（第２号）臨時会05月16日-01号,三十四番（岩崎信議員）,0900000000049,岩崎信,三十四番,そしてまた、この上もない光栄なことだと感じております。,null,null,null
230516_231,栃木県,平成２３年第３０６回（第２号）,01,23,5,16,臨時,平成２３年第３０６回（第２号）臨時会05月16日-01号,三十四番（岩崎信議員）,0900000000049,岩崎信,三十四番,これもひとえに、多くの先輩そして同志の皆さんのご推挙、ご先祖様の恵沢、父母の慈恩、妻や子供たちの励まし、友人、兄弟、そして私を支えてくれたふるさとの多くの皆さんの温かいご支援に心から感謝を申し上げたいと思います。,null,null,null
230516_232,栃木県,平成２３年第３０６回（第２号）,01,23,5,16,臨時,平成２３年第３０６回（第２号）臨時会05月16日-01号,三十四番（岩崎信議員）,0900000000049,岩崎信,三十四番,さて、大震災から二カ月が過ぎました。,null,null,null
230516_233,栃木県,平成２３年第３０６回（第２号）,01,23,5,16,臨時,平成２３年第３０６回（第２号）臨時会05月16日-01号,三十四番（岩崎信議員）,0900000000049,岩崎信,三十四番,鉄道や道路など一部の分野では復旧いたしましたが、商業、工業、農業、そしてまた一般の皆さんの住まいなど多くの分野では、復興はまだまだこれからでございます。,null,null,null
230516_234,栃木県,平成２３年第３０６回（第２号）,01,23,5,16,臨時,平成２３年第３０６回（第２号）臨時会05月16日-01号,三十四番（岩崎信議員）,0900000000049,岩崎信,三十四番,県民の皆さんが安全で安心して生活できる環境を取り戻すことが大事であり、いろいろな分野で山積する県政の課題に適切に対処することが非常に大事だと思いますが、そのためには何が必要かといつも考えております。,null,null,null
230516_235,栃木県,平成２３年第３０６回（第２号）,01,23,5,16,臨時,平成２３年第３０６回（第２号）臨時会05月16日-01号,三十四番（岩崎信議員）,0900000000049,岩崎信,三十四番,私は、やはり一番大事なのは現場を知ることだと思うのです。,null,null,null
230516_236,栃木県,平成２３年第３０６回（第２号）,01,23,5,16,臨時,平成２３年第３０６回（第２号）臨時会05月16日-01号,三十四番（岩崎信議員）,0900000000049,岩崎信,三十四番,自分の足で現場に行って、自分の目で現場を見る。,null,null,null
230516_237,栃木県,平成２３年第３０６回（第２号）,01,23,5,16,臨時,平成２３年第３０６回（第２号）臨時会05月16日-01号,三十四番（岩崎信議員）,0900000000049,岩崎信,三十四番,そして、この耳で現場の皆さんの声をしっかり受けとめて、それを県政の中で提言し、提案し、具現化していくことが、議会人として、また、県議会としての本分だと感じております。,null,null,null
230516_238,栃木県,平成２３年第３０６回（第２号）,01,23,5,16,臨時,平成２３年第３０６回（第２号）臨時会05月16日-01号,三十四番（岩崎信議員）,0900000000049,岩崎信,三十四番,知事並びに執行部の皆さんとの議論の中で、栃木県議会がさらに活性化して、栃木県の復興そして発展につなげていきたいと思っております。,null,null,null
230516_239,栃木県,平成２３年第３０６回（第２号）,01,23,5,16,臨時,平成２３年第３０６回（第２号）臨時会05月16日-01号,三十四番（岩崎信議員）,0900000000049,岩崎信,三十四番,元気で身近な日本一の栃木県議会をみんなで目指していこうではありませんか。,null,null,null
230516_240,栃木県,平成２３年第３０６回（第２号）,01,23,5,16,臨時,平成２３年第３０６回（第２号）臨時会05月16日-01号,三十四番（岩崎信議員）,0900000000049,岩崎信,三十四番,浅学非才、微力な私ではありますが、経験豊富で識見すぐれた神谷議長のもとで最大限の努力をしていく所存であります。,null,null,null
230516_241,栃木県,平成２３年第３０６回（第２号）,01,23,5,16,臨時,平成２３年第３０６回（第２号）臨時会05月16日-01号,三十四番（岩崎信議員）,0900000000049,岩崎信,三十四番,議員各位はもとより、知事並びに執行部の皆さん、そして報道関係の皆さんの温かいご支援、ご協力を賜りますよう心からお願いを申し上げ、就任のあいさつといたします。,null,null,null
230516_242,栃木県,平成２３年第３０６回（第２号）,01,23,5,16,臨時,平成２３年第３０６回（第２号）臨時会05月16日-01号,三十四番（岩崎信議員）,0900000000049,岩崎信,三十四番,どうぞよろしくお願いいたします。,null,null,null
230516_243,栃木県,平成２３年第３０６回（第２号）,01,23,5,16,臨時,平成２３年第３０６回（第２号）臨時会05月16日-01号,三十四番（岩崎信議員）,0900000000049,岩崎信,三十四番,ありがとうございました。,null,null,null
230516_244,栃木県,平成２３年第３０６回（第２号）,01,23,5,16,臨時,平成２３年第３０６回（第２号）臨時会05月16日-01号,三十四番（岩崎信議員）,0900000000049,岩崎信,三十四番,（拍手）。,null,null,null
230516_245,栃木県,平成２３年第３０６回（第２号）,01,23,5,16,臨時,平成２３年第３０６回（第２号）臨時会05月16日-01号,神谷幸伸　議長,議長,神谷幸伸,議長,次に、諸般の事項を事務局長に報告させます。,null,null,null
230516_246,栃木県,平成２３年第３０６回（第２号）,01,23,5,16,臨時,平成２３年第３０６回（第２号）臨時会05月16日-01号,石川弘　事務局長,その他,石川弘,事務局長,報告いたします。,null,null,null
230516_247,栃木県,平成２３年第３０６回（第２号）,01,23,5,16,臨時,平成２３年第３０６回（第２号）臨時会05月16日-01号,石川弘　事務局長,その他,石川弘,事務局長,一　議場における説明のための出席要求について,null,null,null
230516_248,栃木県,平成２３年第３０６回（第２号）,01,23,5,16,臨時,平成２３年第３０６回（第２号）臨時会05月16日-01号,石川弘　事務局長,その他,石川弘,事務局長,地方自治法第百二十一条の規定により、説明のため議場に出席を求めました者の職氏名は、お手元に配付のとおりであります。,null,null,null
230516_249,栃木県,平成２３年第３０６回（第２号）,01,23,5,16,臨時,平成２３年第３０６回（第２号）臨時会05月16日-01号,石川弘　事務局長,その他,石川弘,事務局長,―――――――――――――――――――――――――――――,null,null,null
230516_250,栃木県,平成２３年第３０６回（第２号）,01,23,5,16,臨時,平成２３年第３０６回（第２号）臨時会05月16日-01号,石川弘　事務局長,その他,石川弘,事務局長,地方自治法第百二十一条の規定による説明のため議場に出席を求めた者の職氏名,null,null,null
230516_251,栃木県,平成２３年第３０６回（第２号）,01,23,5,16,臨時,平成２３年第３０６回（第２号）臨時会05月16日-01号,石川弘　事務局長,その他,石川弘,事務局長,知事　　　　　　　福　　　田　　　富　　　一,null,null,null
230516_252,栃木県,平成２３年第３０６回（第２号）,01,23,5,16,臨時,平成２３年第３０６回（第２号）臨時会05月16日-01号,石川弘　事務局長,その他,石川弘,事務局長,副知事　　　　　　佐　　　藤　　　順　　　一,null,null,null
230516_253,栃木県,平成２３年第３０６回（第２号）,01,23,5,16,臨時,平成２３年第３０６回（第２号）臨時会05月16日-01号,石川弘　事務局長,その他,石川弘,事務局長,総合政策部長　　　〓〓　　　橋　　　正　　　英,null,null,null
230516_254,栃木県,平成２３年第３０６回（第２号）,01,23,5,16,臨時,平成２３年第３０６回（第２号）臨時会05月16日-01号,石川弘　事務局長,その他,石川弘,事務局長,経営管理部長　　　五　　　家　　　　　　　正,null,null,null
230516_255,栃木県,平成２３年第３０６回（第２号）,01,23,5,16,臨時,平成２３年第３０６回（第２号）臨時会05月16日-01号,石川弘　事務局長,その他,石川弘,事務局長,県民生活部長　　　入　内　澤　　　滋　　　夫,null,null,null
230516_256,栃木県,平成２３年第３０６回（第２号）,01,23,5,16,臨時,平成２３年第３０６回（第２号）臨時会05月16日-01号,石川弘　事務局長,その他,石川弘,事務局長,環境森林部長　　　石　　　崎　　　　　　　均,null,null,null
230516_257,栃木県,平成２３年第３０６回（第２号）,01,23,5,16,臨時,平成２３年第３０６回（第２号）臨時会05月16日-01号,石川弘　事務局長,その他,石川弘,事務局長,保健福祉部長　　　北　　　澤　　　　　　　潤,null,null,null
230516_258,栃木県,平成２３年第３０６回（第２号）,01,23,5,16,臨時,平成２３年第３０６回（第２号）臨時会05月16日-01号,石川弘　事務局長,その他,石川弘,事務局長,産業労働観光部長　大　　　森　　　敏　　　秋,null,null,null
230516_259,栃木県,平成２３年第３０６回（第２号）,01,23,5,16,臨時,平成２３年第３０６回（第２号）臨時会05月16日-01号,石川弘　事務局長,その他,石川弘,事務局長,農政部長　　　　　吉　　　沢　　　　　　　崇,null,null,null
230516_260,栃木県,平成２３年第３０６回（第２号）,01,23,5,16,臨時,平成２３年第３０６回（第２号）臨時会05月16日-01号,石川弘　事務局長,その他,石川弘,事務局長,県土整備部長　　　池　　　澤　　　　　　　昭,null,null,null
230516_261,栃木県,平成２３年第３０６回（第２号）,01,23,5,16,臨時,平成２３年第３０６回（第２号）臨時会05月16日-01号,石川弘　事務局長,その他,石川弘,事務局長,会計管理者会計局長,null,null,null
230516_262,栃木県,平成２３年第３０６回（第２号）,01,23,5,16,臨時,平成２３年第３０６回（第２号）臨時会05月16日-01号,石川弘　事務局長,その他,石川弘,事務局長,齋　　　藤　　　一　　　郎,null,null,null
230516_263,栃木県,平成２３年第３０６回（第２号）,01,23,5,16,臨時,平成２３年第３０６回（第２号）臨時会05月16日-01号,石川弘　事務局長,その他,石川弘,事務局長,企業局長　　　　　伊　　　藤　　　　　　　勤,null,null,null
230516_264,栃木県,平成２３年第３０６回（第２号）,01,23,5,16,臨時,平成２３年第３０６回（第２号）臨時会05月16日-01号,石川弘　事務局長,その他,石川弘,事務局長,総合政策部次長兼総合政策課長,null,null,null
230516_265,栃木県,平成２３年第３０６回（第２号）,01,23,5,16,臨時,平成２３年第３０６回（第２号）臨時会05月16日-01号,石川弘　事務局長,その他,石川弘,事務局長,関　　　根　　　房　　　三,null,null,null
230516_266,栃木県,平成２３年第３０６回（第２号）,01,23,5,16,臨時,平成２３年第３０６回（第２号）臨時会05月16日-01号,石川弘　事務局長,その他,石川弘,事務局長,財政課長　　　　　北　　　村　　　一　　　郎,null,null,null
230516_267,栃木県,平成２３年第３０６回（第２号）,01,23,5,16,臨時,平成２３年第３０６回（第２号）臨時会05月16日-01号,石川弘　事務局長,その他,石川弘,事務局長,教育長　　　　　　須　　　藤　　　　　　　稔,null,null,null
230516_268,栃木県,平成２３年第３０６回（第２号）,01,23,5,16,臨時,平成２３年第３０６回（第２号）臨時会05月16日-01号,石川弘　事務局長,その他,石川弘,事務局長,代表監査委員　　　田　　　崎　　　昌　　　芳,null,null,null
230516_269,栃木県,平成２３年第３０６回（第２号）,01,23,5,16,臨時,平成２３年第３０６回（第２号）臨時会05月16日-01号,石川弘　事務局長,その他,石川弘,事務局長,人事委員会事務局長,null,null,null
230516_270,栃木県,平成２３年第３０６回（第２号）,01,23,5,16,臨時,平成２３年第３０６回（第２号）臨時会05月16日-01号,石川弘　事務局長,その他,石川弘,事務局長,小　　　室　　　康　　　雄,null,null,null
230516_271,栃木県,平成２３年第３０６回（第２号）,01,23,5,16,臨時,平成２３年第３０６回（第２号）臨時会05月16日-01号,石川弘　事務局長,その他,石川弘,事務局長,労働委員会事務局長,null,null,null
230516_272,栃木県,平成２３年第３０６回（第２号）,01,23,5,16,臨時,平成２３年第３０６回（第２号）臨時会05月16日-01号,石川弘　事務局長,その他,石川弘,事務局長,村　　　上　　　順　　　男,null,null,null
230516_273,栃木県,平成２３年第３０６回（第２号）,01,23,5,16,臨時,平成２３年第３０６回（第２号）臨時会05月16日-01号,石川弘　事務局長,その他,石川弘,事務局長,警察本部長　　　　坪　　　田　　　眞　　　明,null,null,null
230516_274,栃木県,平成２３年第３０６回（第２号）,01,23,5,16,臨時,平成２３年第３０６回（第２号）臨時会05月16日-01号,石川弘　事務局長,その他,石川弘,事務局長,―――――――――――――――――――――――――――――,null,null,null
230516_275,栃木県,平成２３年第３０６回（第２号）,01,23,5,16,臨時,平成２３年第３０６回（第２号）臨時会05月16日-01号,石川弘　事務局長,その他,石川弘,事務局長,一　監査等結果の報告について,null,null,null
230516_276,栃木県,平成２３年第３０６回（第２号）,01,23,5,16,臨時,平成２３年第３０６回（第２号）臨時会05月16日-01号,石川弘　事務局長,その他,石川弘,事務局長,監査委員から地方自治法第百九十九条第九項及び第二百三十五条の二第三項の規定により、矢板土木事務所ほか八十九件の監査及び例月現金出納検査結果の報告がありました。,null,null,null
230516_277,栃木県,平成２３年第３０６回（第２号）,01,23,5,16,臨時,平成２３年第３０６回（第２号）臨時会05月16日-01号,石川弘　事務局長,その他,石川弘,事務局長,この報告の内容は、さきに送付しました書類のとおりであります。,null,null,null
230516_278,栃木県,平成２３年第３０６回（第２号）,01,23,5,16,臨時,平成２３年第３０６回（第２号）臨時会05月16日-01号,石川弘　事務局長,その他,石川弘,事務局長,―――――――――――――――――――――――――――――,null,null,null
230516_279,栃木県,平成２３年第３０６回（第２号）,01,23,5,16,臨時,平成２３年第３０６回（第２号）臨時会05月16日-01号,神谷幸伸　議長,議長,神谷幸伸,議長,日程第四　これから各常任委員会委員の選任を行います。,null,null,null
230516_280,栃木県,平成２３年第３０６回（第２号）,01,23,5,16,臨時,平成２３年第３０６回（第２号）臨時会05月16日-01号,神谷幸伸　議長,議長,神谷幸伸,議長,―――――――――――――――――――――――――――――,null,null,null
230516_281,栃木県,平成２３年第３０６回（第２号）,01,23,5,16,臨時,平成２３年第３０６回（第２号）臨時会05月16日-01号,神谷幸伸　議長,議長,神谷幸伸,議長,常任委員会委員選任一覧表,null,null,null
230516_282,栃木県,平成２３年第３０６回（第２号）,01,23,5,16,臨時,平成２３年第３０６回（第２号）臨時会05月16日-01号,神谷幸伸　議長,議長,神谷幸伸,議長,○県政経営委員会（定数九人）,null,null,null
230516_283,栃木県,平成２３年第３０６回（第２号）,01,23,5,16,臨時,平成２３年第３０６回（第２号）臨時会05月16日-01号,神谷幸伸　議長,議長,神谷幸伸,議長,神　　　林　　　秀　　　治,null,null,null
230516_284,栃木県,平成２３年第３０６回（第２号）,01,23,5,16,臨時,平成２３年第３０６回（第２号）臨時会05月16日-01号,神谷幸伸　議長,議長,神谷幸伸,議長,亀　　　田　　　　　　　清,null,null,null
230516_285,栃木県,平成２３年第３０６回（第２号）,01,23,5,16,臨時,平成２３年第３０６回（第２号）臨時会05月16日-01号,神谷幸伸　議長,議長,神谷幸伸,議長,白　　　石　　　資　　　隆,null,null,null
230516_286,栃木県,平成２３年第３０６回（第２号）,01,23,5,16,臨時,平成２３年第３０６回（第２号）臨時会05月16日-01号,神谷幸伸　議長,議長,神谷幸伸,議長,山　　　形　　　修　　　治,null,null,null
230516_287,栃木県,平成２３年第３０６回（第２号）,01,23,5,16,臨時,平成２３年第３０６回（第２号）臨時会05月16日-01号,神谷幸伸　議長,議長,神谷幸伸,議長,小　　　林　　　幹　　　夫,null,null,null
230516_288,栃木県,平成２３年第３０６回（第２号）,01,23,5,16,臨時,平成２３年第３０６回（第２号）臨時会05月16日-01号,神谷幸伸　議長,議長,神谷幸伸,議長,佐　　　藤　　　　　　　栄,null,null,null
230516_289,栃木県,平成２３年第３０６回（第２号）,01,23,5,16,臨時,平成２３年第３０６回（第２号）臨時会05月16日-01号,神谷幸伸　議長,議長,神谷幸伸,議長,螺　　　良　　　昭　　　人,null,null,null
230516_290,栃木県,平成２３年第３０６回（第２号）,01,23,5,16,臨時,平成２３年第３０６回（第２号）臨時会05月16日-01号,神谷幸伸　議長,議長,神谷幸伸,議長,阿　久　津　　　憲　　　二,null,null,null
230516_291,栃木県,平成２３年第３０６回（第２号）,01,23,5,16,臨時,平成２３年第３０６回（第２号）臨時会05月16日-01号,神谷幸伸　議長,議長,神谷幸伸,議長,板　　　橋　　　一　　　好,null,null,null
230516_292,栃木県,平成２３年第３０６回（第２号）,01,23,5,16,臨時,平成２３年第３０６回（第２号）臨時会05月16日-01号,神谷幸伸　議長,議長,神谷幸伸,議長,○生活保健福祉委員会　（定数九人）,null,null,null
230516_293,栃木県,平成２３年第３０６回（第２号）,01,23,5,16,臨時,平成２３年第３０６回（第２号）臨時会05月16日-01号,神谷幸伸　議長,議長,神谷幸伸,議長,佐　　　原　　　吉　　　大,null,null,null
230516_294,栃木県,平成２３年第３０６回（第２号）,01,23,5,16,臨時,平成２３年第３０６回（第２号）臨時会05月16日-01号,神谷幸伸　議長,議長,神谷幸伸,議長,阿　　　部　　　博　　　美,null,null,null
230516_295,栃木県,平成２３年第３０６回（第２号）,01,23,5,16,臨時,平成２３年第３０６回（第２号）臨時会05月16日-01号,神谷幸伸　議長,議長,神谷幸伸,議長,早　　　川　　　桂　　　子,null,null,null
230516_296,栃木県,平成２３年第３０６回（第２号）,01,23,5,16,臨時,平成２３年第３０６回（第２号）臨時会05月16日-01号,神谷幸伸　議長,議長,神谷幸伸,議長,金　　　子　　　　　　　裕,null,null,null
230516_297,栃木県,平成２３年第３０６回（第２号）,01,23,5,16,臨時,平成２３年第３０６回（第２号）臨時会05月16日-01号,神谷幸伸　議長,議長,神谷幸伸,議長,若　　　林　　　和　　　雄,null,null,null
230516_298,栃木県,平成２３年第３０６回（第２号）,01,23,5,16,臨時,平成２３年第３０６回（第２号）臨時会05月16日-01号,神谷幸伸　議長,議長,神谷幸伸,議長,保　　　母　　　欽　一　郎,null,null,null
230516_299,栃木県,平成２３年第３０６回（第２号）,01,23,5,16,臨時,平成２３年第３０６回（第２号）臨時会05月16日-01号,神谷幸伸　議長,議長,神谷幸伸,議長,山　　　口　　　恒　　　夫,null,null,null
230516_300,栃木県,平成２３年第３０６回（第２号）,01,23,5,16,臨時,平成２３年第３０６回（第２号）臨時会05月16日-01号,神谷幸伸　議長,議長,神谷幸伸,議長,岩　　　崎　　　　　　　信,null,null,null
230516_301,栃木県,平成２３年第３０６回（第２号）,01,23,5,16,臨時,平成２３年第３０６回（第２号）臨時会05月16日-01号,神谷幸伸　議長,議長,神谷幸伸,議長,平　　　池　　　秀　　　光,null,null,null
230516_302,栃木県,平成２３年第３０６回（第２号）,01,23,5,16,臨時,平成２３年第３０６回（第２号）臨時会05月16日-01号,神谷幸伸　議長,議長,神谷幸伸,議長,○農林環境委員会（定数八人）,null,null,null
230516_303,栃木県,平成２３年第３０６回（第２号）,01,23,5,16,臨時,平成２３年第３０６回（第２号）臨時会05月16日-01号,神谷幸伸　議長,議長,神谷幸伸,議長,中　　　島　　　　　　　宏,null,null,null
230516_304,栃木県,平成２３年第３０６回（第２号）,01,23,5,16,臨時,平成２３年第３０６回（第２号）臨時会05月16日-01号,神谷幸伸　議長,議長,神谷幸伸,議長,相　　　馬　　　政　　　二,null,null,null
230516_305,栃木県,平成２３年第３０６回（第２号）,01,23,5,16,臨時,平成２３年第３０６回（第２号）臨時会05月16日-01号,神谷幸伸　議長,議長,神谷幸伸,議長,野　　　澤　　　和　　　一,null,null,null
230516_306,栃木県,平成２３年第３０６回（第２号）,01,23,5,16,臨時,平成２３年第３０６回（第２号）臨時会05月16日-01号,神谷幸伸　議長,議長,神谷幸伸,議長,佐　　　藤　　　　　　　良,null,null,null
230516_307,栃木県,平成２３年第３０６回（第２号）,01,23,5,16,臨時,平成２３年第３０６回（第２号）臨時会05月16日-01号,神谷幸伸　議長,議長,神谷幸伸,議長,松　　　井　　　正　　　一,null,null,null
230516_308,栃木県,平成２３年第３０６回（第２号）,01,23,5,16,臨時,平成２３年第３０６回（第２号）臨時会05月16日-01号,神谷幸伸　議長,議長,神谷幸伸,議長,中　　　川　　　幹　　　雄,null,null,null
230516_309,栃木県,平成２３年第３０６回（第２号）,01,23,5,16,臨時,平成２３年第３０６回（第２号）臨時会05月16日-01号,神谷幸伸　議長,議長,神谷幸伸,議長,花　　　塚　　　隆　　　志,null,null,null
230516_310,栃木県,平成２３年第３０６回（第２号）,01,23,5,16,臨時,平成２３年第３０６回（第２号）臨時会05月16日-01号,神谷幸伸　議長,議長,神谷幸伸,議長,神　　　谷　　　幸　　　伸,null,null,null
230516_311,栃木県,平成２３年第３０６回（第２号）,01,23,5,16,臨時,平成２３年第３０６回（第２号）臨時会05月16日-01号,神谷幸伸　議長,議長,神谷幸伸,議長,○経済企業委員会　（定数八人）,null,null,null
230516_312,栃木県,平成２３年第３０６回（第２号）,01,23,5,16,臨時,平成２３年第３０６回（第２号）臨時会05月16日-01号,神谷幸伸　議長,議長,神谷幸伸,議長,鶴　　　貝　　　大　　　祐,null,null,null
230516_313,栃木県,平成２３年第３０６回（第２号）,01,23,5,16,臨時,平成２３年第３０６回（第２号）臨時会05月16日-01号,神谷幸伸　議長,議長,神谷幸伸,議長,相　　　馬　　　憲　　　一,null,null,null
230516_314,栃木県,平成２３年第３０６回（第２号）,01,23,5,16,臨時,平成２３年第３０６回（第２号）臨時会05月16日-01号,神谷幸伸　議長,議長,神谷幸伸,議長,高　　　橋　　　修　　　司,null,null,null
230516_315,栃木県,平成２３年第３０６回（第２号）,01,23,5,16,臨時,平成２３年第３０６回（第２号）臨時会05月16日-01号,神谷幸伸　議長,議長,神谷幸伸,議長,一　　　木　　　弘　　　司,null,null,null
230516_316,栃木県,平成２３年第３０６回（第２号）,01,23,5,16,臨時,平成２３年第３０６回（第２号）臨時会05月16日-01号,神谷幸伸　議長,議長,神谷幸伸,議長,五　月　女　　　裕　久　彦,null,null,null
230516_317,栃木県,平成２３年第３０６回（第２号）,01,23,5,16,臨時,平成２３年第３０６回（第２号）臨時会05月16日-01号,神谷幸伸　議長,議長,神谷幸伸,議長,三　　　森　　　文　　　徳,null,null,null
230516_318,栃木県,平成２３年第３０６回（第２号）,01,23,5,16,臨時,平成２３年第３０６回（第２号）臨時会05月16日-01号,神谷幸伸　議長,議長,神谷幸伸,議長,渡　　　辺　　　　　　　渡,null,null,null
230516_319,栃木県,平成２３年第３０６回（第２号）,01,23,5,16,臨時,平成２３年第３０６回（第２号）臨時会05月16日-01号,神谷幸伸　議長,議長,神谷幸伸,議長,梶　　　　　　　克　　　之,null,null,null
230516_320,栃木県,平成２３年第３０６回（第２号）,01,23,5,16,臨時,平成２３年第３０６回（第２号）臨時会05月16日-01号,神谷幸伸　議長,議長,神谷幸伸,議長,○県土整備委員会（定数八人）,null,null,null
230516_321,栃木県,平成２３年第３０６回（第２号）,01,23,5,16,臨時,平成２３年第３０６回（第２号）臨時会05月16日-01号,神谷幸伸　議長,議長,神谷幸伸,議長,齋　　　藤　　　淳　一　郎,null,null,null
230516_322,栃木県,平成２３年第３０６回（第２号）,01,23,5,16,臨時,平成２３年第３０６回（第２号）臨時会05月16日-01号,神谷幸伸　議長,議長,神谷幸伸,議長,西　　　村　　　眞　　　治,null,null,null
230516_323,栃木県,平成２３年第３０６回（第２号）,01,23,5,16,臨時,平成２３年第３０６回（第２号）臨時会05月16日-01号,神谷幸伸　議長,議長,神谷幸伸,議長,阿　　　部　　　寿　　　一,null,null,null
230516_324,栃木県,平成２３年第３０６回（第２号）,01,23,5,16,臨時,平成２３年第３０６回（第２号）臨時会05月16日-01号,神谷幸伸　議長,議長,神谷幸伸,議長,齋　　　藤　　　孝　　　明,null,null,null
230516_325,栃木県,平成２３年第３０６回（第２号）,01,23,5,16,臨時,平成２３年第３０６回（第２号）臨時会05月16日-01号,神谷幸伸　議長,議長,神谷幸伸,議長,増　　　渕　　　三　津　男,null,null,null
230516_326,栃木県,平成２３年第３０６回（第２号）,01,23,5,16,臨時,平成２３年第３０６回（第２号）臨時会05月16日-01号,神谷幸伸　議長,議長,神谷幸伸,議長,五　十　嵐　　　　　　　清,null,null,null
230516_327,栃木県,平成２３年第３０６回（第２号）,01,23,5,16,臨時,平成２３年第３０６回（第２号）臨時会05月16日-01号,神谷幸伸　議長,議長,神谷幸伸,議長,木　　　村　　　好　　　文,null,null,null
230516_328,栃木県,平成２３年第３０６回（第２号）,01,23,5,16,臨時,平成２３年第３０６回（第２号）臨時会05月16日-01号,神谷幸伸　議長,議長,神谷幸伸,議長,〓〓　　　橋　　　文　　　吉,null,null,null
230516_329,栃木県,平成２３年第３０６回（第２号）,01,23,5,16,臨時,平成２３年第３０６回（第２号）臨時会05月16日-01号,神谷幸伸　議長,議長,神谷幸伸,議長,○文教警察委員会　（定数八人）,null,null,null
230516_330,栃木県,平成２３年第３０６回（第２号）,01,23,5,16,臨時,平成２３年第３０６回（第２号）臨時会05月16日-01号,神谷幸伸　議長,議長,神谷幸伸,議長,角　　　田　　　正　　　展,null,null,null
230516_331,栃木県,平成２３年第３０６回（第２号）,01,23,5,16,臨時,平成２３年第３０６回（第２号）臨時会05月16日-01号,神谷幸伸　議長,議長,神谷幸伸,議長,横　　　松　　　盛　　　人,null,null,null
230516_332,栃木県,平成２３年第３０６回（第２号）,01,23,5,16,臨時,平成２３年第３０６回（第２号）臨時会05月16日-01号,神谷幸伸　議長,議長,神谷幸伸,議長,渡　　　辺　　　幸　　　子,null,null,null
230516_333,栃木県,平成２３年第３０６回（第２号）,01,23,5,16,臨時,平成２３年第３０６回（第２号）臨時会05月16日-01号,神谷幸伸　議長,議長,神谷幸伸,議長,加　　　藤　　　正　　　一,null,null,null
230516_334,栃木県,平成２３年第３０６回（第２号）,01,23,5,16,臨時,平成２３年第３０６回（第２号）臨時会05月16日-01号,神谷幸伸　議長,議長,神谷幸伸,議長,池　　　田　　　　　　　忠,null,null,null
230516_335,栃木県,平成２３年第３０６回（第２号）,01,23,5,16,臨時,平成２３年第３０６回（第２号）臨時会05月16日-01号,神谷幸伸　議長,議長,神谷幸伸,議長,琴　　　寄　　　昌　　　男,null,null,null
230516_336,栃木県,平成２３年第３０６回（第２号）,01,23,5,16,臨時,平成２３年第３０６回（第２号）臨時会05月16日-01号,神谷幸伸　議長,議長,神谷幸伸,議長,早　　　川　　　尚　　　秀,null,null,null
230516_337,栃木県,平成２３年第３０６回（第２号）,01,23,5,16,臨時,平成２３年第３０６回（第２号）臨時会05月16日-01号,神谷幸伸　議長,議長,神谷幸伸,議長,石　　　坂　　　真　　　一,null,null,null
230516_338,栃木県,平成２３年第３０６回（第２号）,01,23,5,16,臨時,平成２３年第３０６回（第２号）臨時会05月16日-01号,神谷幸伸　議長,議長,神谷幸伸,議長,―――――――――――――――――――――――――――――,null,null,null
230516_339,栃木県,平成２３年第３０６回（第２号）,01,23,5,16,臨時,平成２３年第３０６回（第２号）臨時会05月16日-01号,神谷幸伸　議長,議長,神谷幸伸,議長,お諮りいたします。,null,null,null
230516_340,栃木県,平成２３年第３０６回（第２号）,01,23,5,16,臨時,平成２３年第３０６回（第２号）臨時会05月16日-01号,神谷幸伸　議長,議長,神谷幸伸,議長,各常任委員会委員の選任については、栃木県議会委員会条例第五条第一項の規定により、お手元に配付の常任委員会委員選任一覧表のとおりの議員をそれぞれの常任委員会委員に指名したいと思いますが、ご異議ありませんか。,null,null,null
230516_341,栃木県,平成２３年第３０６回（第２号）,01,23,5,16,臨時,平成２３年第３０６回（第２号）臨時会05月16日-01号,神谷幸伸　議長,議長,神谷幸伸,議長,（「異議なし」と呼ぶ者あり）,null,null,null
230516_342,栃木県,平成２３年第３０６回（第２号）,01,23,5,16,臨時,平成２３年第３０６回（第２号）臨時会05月16日-01号,神谷幸伸　議長,議長,神谷幸伸,議長,ご異議がないと認めます。,null,null,null
230516_343,栃木県,平成２３年第３０６回（第２号）,01,23,5,16,臨時,平成２３年第３０６回（第２号）臨時会05月16日-01号,神谷幸伸　議長,議長,神谷幸伸,議長,したがって、お手元に配付の常任委員会委員選任一覧表のとおりの議員をそれぞれの常任委員会委員に選任することに決定いたしました。,null,null,null
230516_344,栃木県,平成２３年第３０６回（第２号）,01,23,5,16,臨時,平成２３年第３０６回（第２号）臨時会05月16日-01号,神谷幸伸　議長,議長,神谷幸伸,議長,―――――――――――――――――――――――――――――,null,null,null
230516_345,栃木県,平成２３年第３０６回（第２号）,01,23,5,16,臨時,平成２３年第３０６回（第２号）臨時会05月16日-01号,神谷幸伸　議長,議長,神谷幸伸,議長,日程第五　議会運営委員会委員の定数及び選任についてを議題といたします。,null,null,null
230516_346,栃木県,平成２３年第３０６回（第２号）,01,23,5,16,臨時,平成２３年第３０６回（第２号）臨時会05月16日-01号,神谷幸伸　議長,議長,神谷幸伸,議長,お諮りいたします。,null,null,null
230516_347,栃木県,平成２３年第３０６回（第２号）,01,23,5,16,臨時,平成２３年第３０６回（第２号）臨時会05月16日-01号,神谷幸伸　議長,議長,神谷幸伸,議長,栃木県議会委員会条例第三条の二第二項の規定により、議会運営委員会委員の定数は十五人としたいと思いますが、ご異議ありませんか。,null,null,null
230516_348,栃木県,平成２３年第３０６回（第２号）,01,23,5,16,臨時,平成２３年第３０６回（第２号）臨時会05月16日-01号,神谷幸伸　議長,議長,神谷幸伸,議長,（「異議なし」と呼ぶ者あり）,null,null,null
230516_349,栃木県,平成２３年第３０６回（第２号）,01,23,5,16,臨時,平成２３年第３０６回（第２号）臨時会05月16日-01号,神谷幸伸　議長,議長,神谷幸伸,議長,ご異議がないと認めます。,null,null,null
230516_350,栃木県,平成２３年第３０６回（第２号）,01,23,5,16,臨時,平成２３年第３０６回（第２号）臨時会05月16日-01号,神谷幸伸　議長,議長,神谷幸伸,議長,したがって、議会運営委員会委員の定数は十五人と決定いたしました。,null,null,null
230516_351,栃木県,平成２３年第３０６回（第２号）,01,23,5,16,臨時,平成２３年第３０６回（第２号）臨時会05月16日-01号,神谷幸伸　議長,議長,神谷幸伸,議長,―――――――――――――――――――――――――――――,null,null,null
230516_352,栃木県,平成２３年第３０６回（第２号）,01,23,5,16,臨時,平成２３年第３０６回（第２号）臨時会05月16日-01号,神谷幸伸　議長,議長,神谷幸伸,議長,議会運営委員会委員選任名簿（定数十五人）,null,null,null
230516_353,栃木県,平成２３年第３０６回（第２号）,01,23,5,16,臨時,平成２３年第３０６回（第２号）臨時会05月16日-01号,神谷幸伸　議長,議長,神谷幸伸,議長,神　　　林　　　秀　　　治,null,null,null
230516_354,栃木県,平成２３年第３０６回（第２号）,01,23,5,16,臨時,平成２３年第３０６回（第２号）臨時会05月16日-01号,神谷幸伸　議長,議長,神谷幸伸,議長,中　　　島　　　　　　　宏,null,null,null
230516_355,栃木県,平成２３年第３０６回（第２号）,01,23,5,16,臨時,平成２３年第３０６回（第２号）臨時会05月16日-01号,神谷幸伸　議長,議長,神谷幸伸,議長,横　　　松　　　盛　　　人,null,null,null
230516_356,栃木県,平成２３年第３０６回（第２号）,01,23,5,16,臨時,平成２３年第３０６回（第２号）臨時会05月16日-01号,神谷幸伸　議長,議長,神谷幸伸,議長,早　　　川　　　桂　　　子,null,null,null
230516_357,栃木県,平成２３年第３０６回（第２号）,01,23,5,16,臨時,平成２３年第３０６回（第２号）臨時会05月16日-01号,神谷幸伸　議長,議長,神谷幸伸,議長,佐　　　藤　　　　　　　良,null,null,null
230516_358,栃木県,平成２３年第３０６回（第２号）,01,23,5,16,臨時,平成２３年第３０６回（第２号）臨時会05月16日-01号,神谷幸伸　議長,議長,神谷幸伸,議長,山　　　形　　　修　　　治,null,null,null
230516_359,栃木県,平成２３年第３０６回（第２号）,01,23,5,16,臨時,平成２３年第３０６回（第２号）臨時会05月16日-01号,神谷幸伸　議長,議長,神谷幸伸,議長,齋　　　藤　　　孝　　　明,null,null,null
230516_360,栃木県,平成２３年第３０６回（第２号）,01,23,5,16,臨時,平成２３年第３０６回（第２号）臨時会05月16日-01号,神谷幸伸　議長,議長,神谷幸伸,議長,山　　　口　　　恒　　　夫,null,null,null
230516_361,栃木県,平成２３年第３０６回（第２号）,01,23,5,16,臨時,平成２３年第３０６回（第２号）臨時会05月16日-01号,神谷幸伸　議長,議長,神谷幸伸,議長,高　　　橋　　　修　　　司,null,null,null
230516_362,栃木県,平成２３年第３０６回（第２号）,01,23,5,16,臨時,平成２３年第３０６回（第２号）臨時会05月16日-01号,神谷幸伸　議長,議長,神谷幸伸,議長,中　　　川　　　幹　　　雄,null,null,null
230516_363,栃木県,平成２３年第３０６回（第２号）,01,23,5,16,臨時,平成２３年第３０６回（第２号）臨時会05月16日-01号,神谷幸伸　議長,議長,神谷幸伸,議長,五　十　嵐　　　　　　　清,null,null,null
230516_364,栃木県,平成２３年第３０６回（第２号）,01,23,5,16,臨時,平成２３年第３０６回（第２号）臨時会05月16日-01号,神谷幸伸　議長,議長,神谷幸伸,議長,佐　　　藤　　　　　　　栄,null,null,null
230516_365,栃木県,平成２３年第３０６回（第２号）,01,23,5,16,臨時,平成２３年第３０６回（第２号）臨時会05月16日-01号,神谷幸伸　議長,議長,神谷幸伸,議長,螺　　　良　　　昭　　　人,null,null,null
230516_366,栃木県,平成２３年第３０６回（第２号）,01,23,5,16,臨時,平成２３年第３０６回（第２号）臨時会05月16日-01号,神谷幸伸　議長,議長,神谷幸伸,議長,石　　　坂　　　真　　　一,null,null,null
230516_367,栃木県,平成２３年第３０６回（第２号）,01,23,5,16,臨時,平成２３年第３０６回（第２号）臨時会05月16日-01号,神谷幸伸　議長,議長,神谷幸伸,議長,梶　　　　　　　克　　　之,null,null,null
230516_368,栃木県,平成２３年第３０６回（第２号）,01,23,5,16,臨時,平成２３年第３０６回（第２号）臨時会05月16日-01号,神谷幸伸　議長,議長,神谷幸伸,議長,―――――――――――――――――――――――――――――,null,null,null
230516_369,栃木県,平成２３年第３０６回（第２号）,01,23,5,16,臨時,平成２３年第３０６回（第２号）臨時会05月16日-01号,神谷幸伸　議長,議長,神谷幸伸,議長,次に、お諮りいたします。,null,null,null
230516_370,栃木県,平成２３年第３０６回（第２号）,01,23,5,16,臨時,平成２３年第３０６回（第２号）臨時会05月16日-01号,神谷幸伸　議長,議長,神谷幸伸,議長,議会運営委員会委員の選任については、栃木県議会委員会条例第五条第一項の規定により、お手元に配付の議会運営委員会委員選任名簿のとおりの議員を指名したいと思いますが、ご異議ありませんか。,null,null,null
230516_371,栃木県,平成２３年第３０６回（第２号）,01,23,5,16,臨時,平成２３年第３０６回（第２号）臨時会05月16日-01号,神谷幸伸　議長,議長,神谷幸伸,議長,（「異議なし」と呼ぶ者あり）,null,null,null
230516_372,栃木県,平成２３年第３０６回（第２号）,01,23,5,16,臨時,平成２３年第３０６回（第２号）臨時会05月16日-01号,神谷幸伸　議長,議長,神谷幸伸,議長,ご異議がないと認めます。,null,null,null
230516_373,栃木県,平成２３年第３０６回（第２号）,01,23,5,16,臨時,平成２３年第３０６回（第２号）臨時会05月16日-01号,神谷幸伸　議長,議長,神谷幸伸,議長,したがって、お手元に配付の議会運営委員会委員選任名簿のとおりの議員を選任することに決定いたしました。,null,null,null
230516_374,栃木県,平成２３年第３０６回（第２号）,01,23,5,16,臨時,平成２３年第３０６回（第２号）臨時会05月16日-01号,神谷幸伸　議長,議長,神谷幸伸,議長,この際、ご報告いたします。,null,null,null
230516_375,栃木県,平成２３年第３０６回（第２号）,01,23,5,16,臨時,平成２３年第３０６回（第２号）臨時会05月16日-01号,神谷幸伸　議長,議長,神谷幸伸,議長,渡辺渡議員から特別委員会の設置に関する動議がお手元に配付のとおり文書で提出されております。,null,null,null
230516_376,栃木県,平成２３年第３０６回（第２号）,01,23,5,16,臨時,平成２３年第３０６回（第２号）臨時会05月16日-01号,神谷幸伸　議長,議長,神谷幸伸,議長,本動議は所定の賛成者がありますので成立しております。,null,null,null
230516_377,栃木県,平成２３年第３０６回（第２号）,01,23,5,16,臨時,平成２３年第３０６回（第２号）臨時会05月16日-01号,神谷幸伸　議長,議長,神谷幸伸,議長,―――――――――――――――――――――――――――――,null,null,null
230516_378,栃木県,平成２３年第３０６回（第２号）,01,23,5,16,臨時,平成２３年第３０６回（第２号）臨時会05月16日-01号,神谷幸伸　議長,議長,神谷幸伸,議長,特別委員会の設置に関する動議,null,null,null
230516_379,栃木県,平成２３年第３０６回（第２号）,01,23,5,16,臨時,平成２３年第３０６回（第２号）臨時会05月16日-01号,神谷幸伸　議長,議長,神谷幸伸,議長,別紙要綱により特別委員会をそれぞれ設置し、その調査事件を付議されるよう望む。,null,null,null
230516_380,栃木県,平成２３年第３０６回（第２号）,01,23,5,16,臨時,平成２３年第３０６回（第２号）臨時会05月16日-01号,神谷幸伸　議長,議長,神谷幸伸,議長,右動議を提出する。,null,null,null
230516_381,栃木県,平成２３年第３０６回（第２号）,01,23,5,16,臨時,平成２３年第３０６回（第２号）臨時会05月16日-01号,神谷幸伸　議長,議長,神谷幸伸,議長,平成二十三年五月十六日,null,null,null
230516_382,栃木県,平成２３年第３０６回（第２号）,01,23,5,16,臨時,平成２３年第３０６回（第２号）臨時会05月16日-01号,神谷幸伸　議長,議長,神谷幸伸,議長,提出者　栃木県議会議員　渡　　　辺　　　　　　　渡,null,null,null
230516_383,栃木県,平成２３年第３０６回（第２号）,01,23,5,16,臨時,平成２３年第３０６回（第２号）臨時会05月16日-01号,神谷幸伸　議長,議長,神谷幸伸,議長,賛成者　栃木県議会議員　平　　　池　　　秀　　　光,null,null,null
230516_384,栃木県,平成２３年第３０６回（第２号）,01,23,5,16,臨時,平成２３年第３０６回（第２号）臨時会05月16日-01号,神谷幸伸　議長,議長,神谷幸伸,議長,同　　　　　　　阿　久　津　　　憲　　　二,null,null,null
230516_385,栃木県,平成２３年第３０６回（第２号）,01,23,5,16,臨時,平成２３年第３０６回（第２号）臨時会05月16日-01号,神谷幸伸　議長,議長,神谷幸伸,議長,同　　　　　　　一　　　木　　　弘　　　司,null,null,null
230516_386,栃木県,平成２３年第３０６回（第２号）,01,23,5,16,臨時,平成２３年第３０６回（第２号）臨時会05月16日-01号,神谷幸伸　議長,議長,神谷幸伸,議長,同　　　　　　　山　　　口　　　恒　　　夫,null,null,null
230516_387,栃木県,平成２３年第３０６回（第２号）,01,23,5,16,臨時,平成２３年第３０６回（第２号）臨時会05月16日-01号,神谷幸伸　議長,議長,神谷幸伸,議長,同　　　　　　　池　　　田　　　　　　　忠,null,null,null
230516_388,栃木県,平成２３年第３０６回（第２号）,01,23,5,16,臨時,平成２３年第３０６回（第２号）臨時会05月16日-01号,神谷幸伸　議長,議長,神谷幸伸,議長,栃木県議会議長　様,null,null,null
230516_389,栃木県,平成２３年第３０６回（第２号）,01,23,5,16,臨時,平成２３年第３０６回（第２号）臨時会05月16日-01号,神谷幸伸　議長,議長,神谷幸伸,議長,―――――――――――――――――――――――――――――,null,null,null
230516_390,栃木県,平成２３年第３０６回（第２号）,01,23,5,16,臨時,平成２３年第３０６回（第２号）臨時会05月16日-01号,神谷幸伸　議長,議長,神谷幸伸,議長,別紙要綱,null,null,null
230516_391,栃木県,平成２３年第３０６回（第２号）,01,23,5,16,臨時,平成２３年第３０６回（第２号）臨時会05月16日-01号,神谷幸伸　議長,議長,神谷幸伸,議長,一　予算特別委員会,null,null,null
230516_392,栃木県,平成２３年第３０６回（第２号）,01,23,5,16,臨時,平成２３年第３０６回（第２号）臨時会05月16日-01号,神谷幸伸　議長,議長,神谷幸伸,議長,委員の定数　　　二十五人,null,null,null
230516_393,栃木県,平成２３年第３０６回（第２号）,01,23,5,16,臨時,平成２３年第３０６回（第２号）臨時会05月16日-01号,神谷幸伸　議長,議長,神谷幸伸,議長,副委員長の数　　二人,null,null,null
230516_394,栃木県,平成２３年第３０６回（第２号）,01,23,5,16,臨時,平成２３年第３０６回（第２号）臨時会05月16日-01号,神谷幸伸　議長,議長,神谷幸伸,議長,調査事件　　一　県財政等に関する調査について,null,null,null
230516_395,栃木県,平成２３年第３０６回（第２号）,01,23,5,16,臨時,平成２３年第３０６回（第２号）臨時会05月16日-01号,神谷幸伸　議長,議長,神谷幸伸,議長,一　災害対策特別委員会,null,null,null
230516_396,栃木県,平成２３年第３０６回（第２号）,01,23,5,16,臨時,平成２３年第３０６回（第２号）臨時会05月16日-01号,神谷幸伸　議長,議長,神谷幸伸,議長,委員の定数　　　十三人,null,null,null
230516_397,栃木県,平成２３年第３０６回（第２号）,01,23,5,16,臨時,平成２３年第３０６回（第２号）臨時会05月16日-01号,神谷幸伸　議長,議長,神谷幸伸,議長,調査事件　　一　災害対策及び防災対策に関する調査研究について,null,null,null
230516_398,栃木県,平成２３年第３０６回（第２号）,01,23,5,16,臨時,平成２３年第３０６回（第２号）臨時会05月16日-01号,神谷幸伸　議長,議長,神谷幸伸,議長,―――――――――――――――――――――――――――――,null,null,null
230516_399,栃木県,平成２３年第３０６回（第２号）,01,23,5,16,臨時,平成２３年第３０６回（第２号）臨時会05月16日-01号,神谷幸伸　議長,議長,神谷幸伸,議長,お諮りいたします。,null,null,null
230516_400,栃木県,平成２３年第３０６回（第２号）,01,23,5,16,臨時,平成２３年第３０６回（第２号）臨時会05月16日-01号,神谷幸伸　議長,議長,神谷幸伸,議長,ただいまの動議を急施を要するものと認め、日程を追加変更して直ちに議題としたいと思いますが、ご異議ありませんか。,null,null,null
230516_401,栃木県,平成２３年第３０６回（第２号）,01,23,5,16,臨時,平成２３年第３０６回（第２号）臨時会05月16日-01号,神谷幸伸　議長,議長,神谷幸伸,議長,（「異議なし」と呼ぶ者あり）,null,null,null
230516_402,栃木県,平成２３年第３０６回（第２号）,01,23,5,16,臨時,平成２３年第３０６回（第２号）臨時会05月16日-01号,神谷幸伸　議長,議長,神谷幸伸,議長,ご異議がないと認め、そのように決定いたしました。,null,null,null
230516_403,栃木県,平成２３年第３０６回（第２号）,01,23,5,16,臨時,平成２３年第３０６回（第２号）臨時会05月16日-01号,神谷幸伸　議長,議長,神谷幸伸,議長,渡辺渡議員提出の特別委員会の設置に関する動議を議題といたします。,null,null,null
230516_404,栃木県,平成２３年第３０６回（第２号）,01,23,5,16,臨時,平成２３年第３０６回（第２号）臨時会05月16日-01号,神谷幸伸　議長,議長,神谷幸伸,議長,お諮りいたします。,null,null,null
230516_405,栃木県,平成２３年第３０６回（第２号）,01,23,5,16,臨時,平成２３年第３０６回（第２号）臨時会05月16日-01号,神谷幸伸　議長,議長,神谷幸伸,議長,本動議は説明及び委員会の付託を省略して直ちに採決したいと思いますが、ご異議ありませんか。,null,null,null
230516_406,栃木県,平成２３年第３０６回（第２号）,01,23,5,16,臨時,平成２３年第３０６回（第２号）臨時会05月16日-01号,神谷幸伸　議長,議長,神谷幸伸,議長,（「異議なし」と呼ぶ者あり）,null,null,null
230516_407,栃木県,平成２３年第３０６回（第２号）,01,23,5,16,臨時,平成２３年第３０６回（第２号）臨時会05月16日-01号,神谷幸伸　議長,議長,神谷幸伸,議長,ご異議がないと認め、そのように決定いたしました。,null,null,null
230516_408,栃木県,平成２３年第３０６回（第２号）,01,23,5,16,臨時,平成２３年第３０６回（第２号）臨時会05月16日-01号,神谷幸伸　議長,議長,神谷幸伸,議長,これから渡辺渡議員提出の特別委員会の設置に関する動議を採決いたします。,null,null,null
230516_409,栃木県,平成２３年第３０６回（第２号）,01,23,5,16,臨時,平成２３年第３０６回（第２号）臨時会05月16日-01号,神谷幸伸　議長,議長,神谷幸伸,議長,本動議にご賛成の議員の起立を求めます。,null,null,null
230516_410,栃木県,平成２３年第３０６回（第２号）,01,23,5,16,臨時,平成２３年第３０６回（第２号）臨時会05月16日-01号,神谷幸伸　議長,議長,神谷幸伸,議長,（賛成者　起立）,null,null,null
230516_411,栃木県,平成２３年第３０６回（第２号）,01,23,5,16,臨時,平成２３年第３０６回（第２号）臨時会05月16日-01号,神谷幸伸　議長,議長,神谷幸伸,議長,起立全員であります。,null,null,null
230516_412,栃木県,平成２３年第３０６回（第２号）,01,23,5,16,臨時,平成２３年第３０６回（第２号）臨時会05月16日-01号,神谷幸伸　議長,議長,神谷幸伸,議長,よって、渡辺渡議員提出の特別委員会の設置に関する動議は可決されました。,null,null,null
230516_413,栃木県,平成２３年第３０６回（第２号）,01,23,5,16,臨時,平成２３年第３０６回（第２号）臨時会05月16日-01号,神谷幸伸　議長,議長,神谷幸伸,議長,したがって、予算特別委員会及び災害対策特別委員会は設置されました。,null,null,null
230516_414,栃木県,平成２３年第３０６回（第２号）,01,23,5,16,臨時,平成２３年第３０６回（第２号）臨時会05月16日-01号,神谷幸伸　議長,議長,神谷幸伸,議長,次に、ただいま設置されました各特別委員会委員の選任を行います。,null,null,null
230516_415,栃木県,平成２３年第３０６回（第２号）,01,23,5,16,臨時,平成２３年第３０６回（第２号）臨時会05月16日-01号,神谷幸伸　議長,議長,神谷幸伸,議長,―――――――――――――――――――――――――――――,null,null,null
230516_416,栃木県,平成２３年第３０６回（第２号）,01,23,5,16,臨時,平成２３年第３０６回（第２号）臨時会05月16日-01号,神谷幸伸　議長,議長,神谷幸伸,議長,特別委員会委員選任一覧表,null,null,null
230516_417,栃木県,平成２３年第３０６回（第２号）,01,23,5,16,臨時,平成２３年第３０６回（第２号）臨時会05月16日-01号,神谷幸伸　議長,議長,神谷幸伸,議長,○予算特別委員会（定数二十五人）,null,null,null
230516_418,栃木県,平成２３年第３０６回（第２号）,01,23,5,16,臨時,平成２３年第３０６回（第２号）臨時会05月16日-01号,神谷幸伸　議長,議長,神谷幸伸,議長,角　　　田　　　正　　　展,null,null,null
230516_419,栃木県,平成２３年第３０６回（第２号）,01,23,5,16,臨時,平成２３年第３０６回（第２号）臨時会05月16日-01号,神谷幸伸　議長,議長,神谷幸伸,議長,佐　　　原　　　吉　　　大,null,null,null
230516_420,栃木県,平成２３年第３０６回（第２号）,01,23,5,16,臨時,平成２３年第３０６回（第２号）臨時会05月16日-01号,神谷幸伸　議長,議長,神谷幸伸,議長,阿　　　部　　　博　　　美,null,null,null
230516_421,栃木県,平成２３年第３０６回（第２号）,01,23,5,16,臨時,平成２３年第３０６回（第２号）臨時会05月16日-01号,神谷幸伸　議長,議長,神谷幸伸,議長,亀　　　田　　　　　　　清,null,null,null
230516_422,栃木県,平成２３年第３０６回（第２号）,01,23,5,16,臨時,平成２３年第３０６回（第２号）臨時会05月16日-01号,神谷幸伸　議長,議長,神谷幸伸,議長,相　　　馬　　　政　　　二,null,null,null
230516_423,栃木県,平成２３年第３０６回（第２号）,01,23,5,16,臨時,平成２３年第３０６回（第２号）臨時会05月16日-01号,神谷幸伸　議長,議長,神谷幸伸,議長,鶴　　　貝　　　大　　　祐,null,null,null
230516_424,栃木県,平成２３年第３０６回（第２号）,01,23,5,16,臨時,平成２３年第３０６回（第２号）臨時会05月16日-01号,神谷幸伸　議長,議長,神谷幸伸,議長,渡　　　辺　　　幸　　　子,null,null,null
230516_425,栃木県,平成２３年第３０６回（第２号）,01,23,5,16,臨時,平成２３年第３０６回（第２号）臨時会05月16日-01号,神谷幸伸　議長,議長,神谷幸伸,議長,加　　　藤　　　正　　　一,null,null,null
230516_426,栃木県,平成２３年第３０６回（第２号）,01,23,5,16,臨時,平成２３年第３０６回（第２号）臨時会05月16日-01号,神谷幸伸　議長,議長,神谷幸伸,議長,白　　　石　　　資　　　隆,null,null,null
230516_427,栃木県,平成２３年第３０６回（第２号）,01,23,5,16,臨時,平成２３年第３０６回（第２号）臨時会05月16日-01号,神谷幸伸　議長,議長,神谷幸伸,議長,金　　　子　　　　　　　裕,null,null,null
230516_428,栃木県,平成２３年第３０６回（第２号）,01,23,5,16,臨時,平成２３年第３０６回（第２号）臨時会05月16日-01号,神谷幸伸　議長,議長,神谷幸伸,議長,佐　　　藤　　　　　　　良,null,null,null
230516_429,栃木県,平成２３年第３０６回（第２号）,01,23,5,16,臨時,平成２３年第３０６回（第２号）臨時会05月16日-01号,神谷幸伸　議長,議長,神谷幸伸,議長,若　　　林　　　和　　　雄,null,null,null
230516_430,栃木県,平成２３年第３０６回（第２号）,01,23,5,16,臨時,平成２３年第３０６回（第２号）臨時会05月16日-01号,神谷幸伸　議長,議長,神谷幸伸,議長,保　　　母　　　欽　一　郎,null,null,null
230516_431,栃木県,平成２３年第３０６回（第２号）,01,23,5,16,臨時,平成２３年第３０６回（第２号）臨時会05月16日-01号,神谷幸伸　議長,議長,神谷幸伸,議長,松　　　井　　　正　　　一,null,null,null
230516_432,栃木県,平成２３年第３０６回（第２号）,01,23,5,16,臨時,平成２３年第３０６回（第２号）臨時会05月16日-01号,神谷幸伸　議長,議長,神谷幸伸,議長,山　　　口　　　恒　　　夫,null,null,null
230516_433,栃木県,平成２３年第３０６回（第２号）,01,23,5,16,臨時,平成２３年第３０６回（第２号）臨時会05月16日-01号,神谷幸伸　議長,議長,神谷幸伸,議長,中　　　川　　　幹　　　雄,null,null,null
230516_434,栃木県,平成２３年第３０６回（第２号）,01,23,5,16,臨時,平成２３年第３０６回（第２号）臨時会05月16日-01号,神谷幸伸　議長,議長,神谷幸伸,議長,五　十　嵐　　　　　　　清,null,null,null
230516_435,栃木県,平成２３年第３０６回（第２号）,01,23,5,16,臨時,平成２３年第３０６回（第２号）臨時会05月16日-01号,神谷幸伸　議長,議長,神谷幸伸,議長,花　　　塚　　　隆　　　志,null,null,null
230516_436,栃木県,平成２３年第３０６回（第２号）,01,23,5,16,臨時,平成２３年第３０６回（第２号）臨時会05月16日-01号,神谷幸伸　議長,議長,神谷幸伸,議長,早　　　川　　　尚　　　秀,null,null,null
230516_437,栃木県,平成２３年第３０６回（第２号）,01,23,5,16,臨時,平成２３年第３０６回（第２号）臨時会05月16日-01号,神谷幸伸　議長,議長,神谷幸伸,議長,螺　　　良　　　昭　　　人,null,null,null
230516_438,栃木県,平成２３年第３０６回（第２号）,01,23,5,16,臨時,平成２３年第３０６回（第２号）臨時会05月16日-01号,神谷幸伸　議長,議長,神谷幸伸,議長,三　　　森　　　文　　　徳,null,null,null
230516_439,栃木県,平成２３年第３０６回（第２号）,01,23,5,16,臨時,平成２３年第３０６回（第２号）臨時会05月16日-01号,神谷幸伸　議長,議長,神谷幸伸,議長,阿　久　津　　　憲　　　二,null,null,null
230516_440,栃木県,平成２３年第３０６回（第２号）,01,23,5,16,臨時,平成２３年第３０６回（第２号）臨時会05月16日-01号,神谷幸伸　議長,議長,神谷幸伸,議長,木　　　村　　　好　　　文,null,null,null
230516_441,栃木県,平成２３年第３０６回（第２号）,01,23,5,16,臨時,平成２３年第３０６回（第２号）臨時会05月16日-01号,神谷幸伸　議長,議長,神谷幸伸,議長,〓〓　　　橋　　　文　　　吉,null,null,null
230516_442,栃木県,平成２３年第３０６回（第２号）,01,23,5,16,臨時,平成２３年第３０６回（第２号）臨時会05月16日-01号,神谷幸伸　議長,議長,神谷幸伸,議長,平　　　池　　　秀　　　光,null,null,null
230516_443,栃木県,平成２３年第３０６回（第２号）,01,23,5,16,臨時,平成２３年第３０６回（第２号）臨時会05月16日-01号,神谷幸伸　議長,議長,神谷幸伸,議長,○災害対策特別委員会（定数十三人）,null,null,null
230516_444,栃木県,平成２３年第３０６回（第２号）,01,23,5,16,臨時,平成２３年第３０６回（第２号）臨時会05月16日-01号,神谷幸伸　議長,議長,神谷幸伸,議長,神　　　林　　　秀　　　治,null,null,null
230516_445,栃木県,平成２３年第３０６回（第２号）,01,23,5,16,臨時,平成２３年第３０６回（第２号）臨時会05月16日-01号,神谷幸伸　議長,議長,神谷幸伸,議長,池　　　田　　　　　　　忠,null,null,null
230516_446,栃木県,平成２３年第３０６回（第２号）,01,23,5,16,臨時,平成２３年第３０６回（第２号）臨時会05月16日-01号,神谷幸伸　議長,議長,神谷幸伸,議長,西　　　村　　　眞　　　治,null,null,null
230516_447,栃木県,平成２３年第３０６回（第２号）,01,23,5,16,臨時,平成２３年第３０６回（第２号）臨時会05月16日-01号,神谷幸伸　議長,議長,神谷幸伸,議長,阿　　　部　　　寿　　　一,null,null,null
230516_448,栃木県,平成２３年第３０６回（第２号）,01,23,5,16,臨時,平成２３年第３０６回（第２号）臨時会05月16日-01号,神谷幸伸　議長,議長,神谷幸伸,議長,齋　　　藤　　　孝　　　明,null,null,null
230516_449,栃木県,平成２３年第３０６回（第２号）,01,23,5,16,臨時,平成２３年第３０６回（第２号）臨時会05月16日-01号,神谷幸伸　議長,議長,神谷幸伸,議長,相　　　馬　　　憲　　　一,null,null,null
230516_450,栃木県,平成２３年第３０６回（第２号）,01,23,5,16,臨時,平成２３年第３０６回（第２号）臨時会05月16日-01号,神谷幸伸　議長,議長,神谷幸伸,議長,増　　　渕　　　三　津　男,null,null,null
230516_451,栃木県,平成２３年第３０６回（第２号）,01,23,5,16,臨時,平成２３年第３０６回（第２号）臨時会05月16日-01号,神谷幸伸　議長,議長,神谷幸伸,議長,一　　　木　　　弘　　　司,null,null,null
230516_452,栃木県,平成２３年第３０６回（第２号）,01,23,5,16,臨時,平成２３年第３０６回（第２号）臨時会05月16日-01号,神谷幸伸　議長,議長,神谷幸伸,議長,花　　　塚　　　隆　　　志,null,null,null
230516_453,栃木県,平成２３年第３０６回（第２号）,01,23,5,16,臨時,平成２３年第３０６回（第２号）臨時会05月16日-01号,神谷幸伸　議長,議長,神谷幸伸,議長,三　　　森　　　文　　　徳,null,null,null
230516_454,栃木県,平成２３年第３０６回（第２号）,01,23,5,16,臨時,平成２３年第３０６回（第２号）臨時会05月16日-01号,神谷幸伸　議長,議長,神谷幸伸,議長,石　　　坂　　　真　　　一,null,null,null
230516_455,栃木県,平成２３年第３０６回（第２号）,01,23,5,16,臨時,平成２３年第３０６回（第２号）臨時会05月16日-01号,神谷幸伸　議長,議長,神谷幸伸,議長,木　　　村　　　好　　　文,null,null,null
230516_456,栃木県,平成２３年第３０６回（第２号）,01,23,5,16,臨時,平成２３年第３０６回（第２号）臨時会05月16日-01号,神谷幸伸　議長,議長,神谷幸伸,議長,渡　　　辺　　　　　　　渡,null,null,null
230516_457,栃木県,平成２３年第３０６回（第２号）,01,23,5,16,臨時,平成２３年第３０６回（第２号）臨時会05月16日-01号,神谷幸伸　議長,議長,神谷幸伸,議長,―――――――――――――――――――――――――――――,null,null,null
230516_458,栃木県,平成２３年第３０６回（第２号）,01,23,5,16,臨時,平成２３年第３０６回（第２号）臨時会05月16日-01号,神谷幸伸　議長,議長,神谷幸伸,議長,お諮りいたします。,null,null,null
230516_459,栃木県,平成２３年第３０６回（第２号）,01,23,5,16,臨時,平成２３年第３０６回（第２号）臨時会05月16日-01号,神谷幸伸　議長,議長,神谷幸伸,議長,各特別委員会委員の選任については、栃木県議会委員会条例第五条第一項の規定により、お手元に配付の特別委員会委員選任一覧表のとおりの議員をそれぞれの特別委員会委員に指名したいと思いますが、ご異議ありませんか。,null,null,null
230516_460,栃木県,平成２３年第３０６回（第２号）,01,23,5,16,臨時,平成２３年第３０６回（第２号）臨時会05月16日-01号,神谷幸伸　議長,議長,神谷幸伸,議長,（「異議なし」と呼ぶ者あり）,null,null,null
230516_461,栃木県,平成２３年第３０６回（第２号）,01,23,5,16,臨時,平成２３年第３０６回（第２号）臨時会05月16日-01号,神谷幸伸　議長,議長,神谷幸伸,議長,ご異議がないと認めます。,null,null,null
230516_462,栃木県,平成２３年第３０６回（第２号）,01,23,5,16,臨時,平成２３年第３０６回（第２号）臨時会05月16日-01号,神谷幸伸　議長,議長,神谷幸伸,議長,したがって、お手元に配付の特別委員会委員選任一覧表のとおりの議員をそれぞれの特別委員会委員に選任することに決定いたしました。,null,null,null
230516_463,栃木県,平成２３年第３０６回（第２号）,01,23,5,16,臨時,平成２３年第３０６回（第２号）臨時会05月16日-01号,神谷幸伸　議長,議長,神谷幸伸,議長,次に、申し上げます。,null,null,null
230516_464,栃木県,平成２３年第３０６回（第２号）,01,23,5,16,臨時,平成２３年第３０６回（第２号）臨時会05月16日-01号,神谷幸伸　議長,議長,神谷幸伸,議長,各常任委員会、議会運営委員会及び各特別委員会は、お手元に配付した開催順序に従い、委員長及び副委員長を互選し、その結果を議長までご報告願います。,null,null,null
230516_465,栃木県,平成２３年第３０６回（第２号）,01,23,5,16,臨時,平成２３年第３０６回（第２号）臨時会05月16日-01号,神谷幸伸　議長,議長,神谷幸伸,議長,委員会開会のため、暫時休憩いたします。,null,null,null
230516_466,栃木県,平成２３年第３０６回（第２号）,01,23,5,16,臨時,平成２３年第３０６回（第２号）臨時会05月16日-01号,神谷幸伸　議長,議長,神谷幸伸,議長,午前十時五十七分　休憩,null,null,null
230516_467,栃木県,平成２３年第３０６回（第２号）,01,23,5,16,臨時,平成２３年第３０６回（第２号）臨時会05月16日-01号,神谷幸伸　議長,議長,神谷幸伸,議長,―――――――――――――――――――――――――――――,null,null,null
230516_468,栃木県,平成２３年第３０６回（第２号）,01,23,5,16,臨時,平成２３年第３０６回（第２号）臨時会05月16日-01号,石川弘　事務局長,その他,石川弘,事務局長,出席議員数を報告いたします。,null,null,null
230516_469,栃木県,平成２３年第３０６回（第２号）,01,23,5,16,臨時,平成２３年第３０６回（第２号）臨時会05月16日-01号,石川弘　事務局長,その他,石川弘,事務局長,ただいまの出席議員数は五十名であります。,null,null,null
230516_470,栃木県,平成２３年第３０６回（第２号）,01,23,5,16,臨時,平成２３年第３０６回（第２号）臨時会05月16日-01号,石川弘　事務局長,その他,石川弘,事務局長,―――――――――――――――――――――――――――――,null,null,null
230516_471,栃木県,平成２３年第３０６回（第２号）,01,23,5,16,臨時,平成２３年第３０６回（第２号）臨時会05月16日-01号,石川弘　事務局長,その他,石川弘,事務局長,午後零時五分　開議,null,null,null
230516_472,栃木県,平成２３年第３０６回（第２号）,01,23,5,16,臨時,平成２３年第３０６回（第２号）臨時会05月16日-01号,神谷幸伸　議長,議長,神谷幸伸,議長,ただいまから会議を開きます。,null,null,null
230516_473,栃木県,平成２３年第３０６回（第２号）,01,23,5,16,臨時,平成２３年第３０６回（第２号）臨時会05月16日-01号,神谷幸伸　議長,議長,神谷幸伸,議長,各常任委員会、議会運営委員会及び各特別委員会の委員長及び副委員長の互選の結果について、議長に報告がありましたので、正副委員長の氏名を事務局長に朗読させます。,null,null,null
230516_474,栃木県,平成２３年第３０６回（第２号）,01,23,5,16,臨時,平成２３年第３０６回（第２号）臨時会05月16日-01号,石川弘　事務局長,その他,石川弘,事務局長,朗読いたします。,null,null,null
230516_475,栃木県,平成２３年第３０６回（第２号）,01,23,5,16,臨時,平成２３年第３０６回（第２号）臨時会05月16日-01号,石川弘　事務局長,その他,石川弘,事務局長,県政経営委員会,null,null,null
230516_476,栃木県,平成２３年第３０６回（第２号）,01,23,5,16,臨時,平成２３年第３０６回（第２号）臨時会05月16日-01号,石川弘　事務局長,その他,石川弘,事務局長,委員長　　　螺　　　良　　　昭　　　人　議員,null,null,null
230516_477,栃木県,平成２３年第３０６回（第２号）,01,23,5,16,臨時,平成２３年第３０６回（第２号）臨時会05月16日-01号,石川弘　事務局長,その他,石川弘,事務局長,副委員長　　山　　　形　　　修　　　治　議員,null,null,null
230516_478,栃木県,平成２３年第３０６回（第２号）,01,23,5,16,臨時,平成２３年第３０６回（第２号）臨時会05月16日-01号,石川弘　事務局長,その他,石川弘,事務局長,生活保健福祉委員会,null,null,null
230516_479,栃木県,平成２３年第３０６回（第２号）,01,23,5,16,臨時,平成２３年第３０６回（第２号）臨時会05月16日-01号,石川弘　事務局長,その他,石川弘,事務局長,委員長　　　若　　　林　　　和　　　雄　議員,null,null,null
230516_480,栃木県,平成２３年第３０６回（第２号）,01,23,5,16,臨時,平成２３年第３０６回（第２号）臨時会05月16日-01号,石川弘　事務局長,その他,石川弘,事務局長,副委員長　　金　　　子　　　　　　　裕　議員,null,null,null
230516_481,栃木県,平成２３年第３０６回（第２号）,01,23,5,16,臨時,平成２３年第３０６回（第２号）臨時会05月16日-01号,石川弘　事務局長,その他,石川弘,事務局長,農林環境委員会,null,null,null
230516_482,栃木県,平成２３年第３０６回（第２号）,01,23,5,16,臨時,平成２３年第３０６回（第２号）臨時会05月16日-01号,石川弘　事務局長,その他,石川弘,事務局長,委員長　　　花　　　塚　　　隆　　　志　議員,null,null,null
230516_483,栃木県,平成２３年第３０６回（第２号）,01,23,5,16,臨時,平成２３年第３０６回（第２号）臨時会05月16日-01号,石川弘　事務局長,その他,石川弘,事務局長,副委員長　　佐　　　藤　　　　　　　良　議員,null,null,null
230516_484,栃木県,平成２３年第３０６回（第２号）,01,23,5,16,臨時,平成２３年第３０６回（第２号）臨時会05月16日-01号,石川弘　事務局長,その他,石川弘,事務局長,経済企業委員会,null,null,null
230516_485,栃木県,平成２３年第３０６回（第２号）,01,23,5,16,臨時,平成２３年第３０６回（第２号）臨時会05月16日-01号,石川弘　事務局長,その他,石川弘,事務局長,委員長　　　三　　　森　　　文　　　徳　議員,null,null,null
230516_486,栃木県,平成２３年第３０６回（第２号）,01,23,5,16,臨時,平成２３年第３０６回（第２号）臨時会05月16日-01号,石川弘　事務局長,その他,石川弘,事務局長,副委員長　　一　　　木　　　弘　　　司　議員,null,null,null
230516_487,栃木県,平成２３年第３０６回（第２号）,01,23,5,16,臨時,平成２３年第３０６回（第２号）臨時会05月16日-01号,石川弘　事務局長,その他,石川弘,事務局長,県土整備委員会,null,null,null
230516_488,栃木県,平成２３年第３０６回（第２号）,01,23,5,16,臨時,平成２３年第３０６回（第２号）臨時会05月16日-01号,石川弘　事務局長,その他,石川弘,事務局長,委員長　　　五　十　嵐　　　　　　　清　議員,null,null,null
230516_489,栃木県,平成２３年第３０６回（第２号）,01,23,5,16,臨時,平成２３年第３０６回（第２号）臨時会05月16日-01号,石川弘　事務局長,その他,石川弘,事務局長,副委員長　　阿　　　部　　　寿　　　一　議員,null,null,null
230516_490,栃木県,平成２３年第３０６回（第２号）,01,23,5,16,臨時,平成２３年第３０６回（第２号）臨時会05月16日-01号,石川弘　事務局長,その他,石川弘,事務局長,文教警察委員会,null,null,null
230516_491,栃木県,平成２３年第３０６回（第２号）,01,23,5,16,臨時,平成２３年第３０６回（第２号）臨時会05月16日-01号,石川弘　事務局長,その他,石川弘,事務局長,委員長　　　早　　　川　　　尚　　　秀　議員,null,null,null
230516_492,栃木県,平成２３年第３０６回（第２号）,01,23,5,16,臨時,平成２３年第３０６回（第２号）臨時会05月16日-01号,石川弘　事務局長,その他,石川弘,事務局長,副委員長　　琴　　　寄　　　昌　　　男　議員,null,null,null
230516_493,栃木県,平成２３年第３０６回（第２号）,01,23,5,16,臨時,平成２３年第３０６回（第２号）臨時会05月16日-01号,石川弘　事務局長,その他,石川弘,事務局長,議会運営委員会,null,null,null
230516_494,栃木県,平成２３年第３０６回（第２号）,01,23,5,16,臨時,平成２３年第３０６回（第２号）臨時会05月16日-01号,石川弘　事務局長,その他,石川弘,事務局長,委員長　　　石　　　坂　　　真　　　一　議員,null,null,null
230516_495,栃木県,平成２３年第３０６回（第２号）,01,23,5,16,臨時,平成２３年第３０６回（第２号）臨時会05月16日-01号,石川弘　事務局長,その他,石川弘,事務局長,副委員長　　五　十　嵐　　　　　　　清　議員,null,null,null
230516_496,栃木県,平成２３年第３０６回（第２号）,01,23,5,16,臨時,平成２３年第３０６回（第２号）臨時会05月16日-01号,石川弘　事務局長,その他,石川弘,事務局長,副委員長　　佐　　　藤　　　　　　　栄　議員,null,null,null
230516_497,栃木県,平成２３年第３０６回（第２号）,01,23,5,16,臨時,平成２３年第３０６回（第２号）臨時会05月16日-01号,石川弘　事務局長,その他,石川弘,事務局長,予算特別委員会,null,null,null
230516_498,栃木県,平成２３年第３０６回（第２号）,01,23,5,16,臨時,平成２３年第３０６回（第２号）臨時会05月16日-01号,石川弘　事務局長,その他,石川弘,事務局長,委員長　　　〓〓　　　橋　　　文　　　吉　議員,null,null,null
230516_499,栃木県,平成２３年第３０６回（第２号）,01,23,5,16,臨時,平成２３年第３０６回（第２号）臨時会05月16日-01号,石川弘　事務局長,その他,石川弘,事務局長,副委員長　　花　　　塚　　　隆　　　志　議員,null,null,null
230516_500,栃木県,平成２３年第３０６回（第２号）,01,23,5,16,臨時,平成２３年第３０６回（第２号）臨時会05月16日-01号,石川弘　事務局長,その他,石川弘,事務局長,副委員長　　山　　　口　　　恒　　　夫　議員,null,null,null
230516_501,栃木県,平成２３年第３０６回（第２号）,01,23,5,16,臨時,平成２３年第３０６回（第２号）臨時会05月16日-01号,石川弘　事務局長,その他,石川弘,事務局長,災害対策特別委員会,null,null,null
230516_502,栃木県,平成２３年第３０６回（第２号）,01,23,5,16,臨時,平成２３年第３０６回（第２号）臨時会05月16日-01号,石川弘　事務局長,その他,石川弘,事務局長,委員長　　　渡　　　辺　　　　　　　渡　議員,null,null,null
230516_503,栃木県,平成２３年第３０６回（第２号）,01,23,5,16,臨時,平成２３年第３０６回（第２号）臨時会05月16日-01号,石川弘　事務局長,その他,石川弘,事務局長,副委員長　　阿　　　部　　　寿　　　一　議員,null,null,null
230516_504,栃木県,平成２３年第３０６回（第２号）,01,23,5,16,臨時,平成２３年第３０６回（第２号）臨時会05月16日-01号,石川弘　事務局長,その他,石川弘,事務局長,―――――――――――――――――――――――――――――,null,null,null
230516_505,栃木県,平成２３年第３０６回（第２号）,01,23,5,16,臨時,平成２３年第３０６回（第２号）臨時会05月16日-01号,神谷幸伸　議長,議長,神谷幸伸,議長,日程第六　知事から議案等が提出されております。,null,null,null
230516_506,栃木県,平成２３年第３０６回（第２号）,01,23,5,16,臨時,平成２３年第３０６回（第２号）臨時会05月16日-01号,神谷幸伸　議長,議長,神谷幸伸,議長,―――――――――――――――――――――――――――――,null,null,null
230516_507,栃木県,平成２３年第３０６回（第２号）,01,23,5,16,臨時,平成２３年第３０６回（第２号）臨時会05月16日-01号,神谷幸伸　議長,議長,神谷幸伸,議長,財第四十四号,null,null,null
230516_508,栃木県,平成２３年第３０６回（第２号）,01,23,5,16,臨時,平成２３年第３０６回（第２号）臨時会05月16日-01号,神谷幸伸　議長,議長,神谷幸伸,議長,平成二十三年五月十六日,null,null,null
230516_509,栃木県,平成２３年第３０６回（第２号）,01,23,5,16,臨時,平成２３年第３０６回（第２号）臨時会05月16日-01号,神谷幸伸　議長,議長,神谷幸伸,議長,栃木県知事　　福　　　田　　　富　　　一,null,null,null
230516_510,栃木県,平成２３年第３０６回（第２号）,01,23,5,16,臨時,平成２３年第３０６回（第２号）臨時会05月16日-01号,神谷幸伸　議長,議長,神谷幸伸,議長,栃木県議会議長　様,null,null,null
230516_511,栃木県,平成２３年第３０６回（第２号）,01,23,5,16,臨時,平成２３年第３０６回（第２号）臨時会05月16日-01号,神谷幸伸　議長,議長,神谷幸伸,議長,議案の提出について,null,null,null
230516_512,栃木県,平成２３年第３０６回（第２号）,01,23,5,16,臨時,平成２３年第３０６回（第２号）臨時会05月16日-01号,神谷幸伸　議長,議長,神谷幸伸,議長,第三百六回県議会臨時会議案を次のとおり提出いたします。,null,null,null
230516_513,栃木県,平成２３年第３０６回（第２号）,01,23,5,16,臨時,平成２３年第３０６回（第２号）臨時会05月16日-01号,神谷幸伸　議長,議長,神谷幸伸,議長,第　一　号議案　平成二十三年度栃木県一般会計補正予算（第二号）,null,null,null
230516_514,栃木県,平成２３年第３０６回（第２号）,01,23,5,16,臨時,平成２３年第３０６回（第２号）臨時会05月16日-01号,神谷幸伸　議長,議長,神谷幸伸,議長,第　二　号議案　知事の専決処分事項承認について,null,null,null
230516_515,栃木県,平成２３年第３０６回（第２号）,01,23,5,16,臨時,平成２３年第３０６回（第２号）臨時会05月16日-01号,神谷幸伸　議長,議長,神谷幸伸,議長,第　三　号議案　栃木県監査委員の選任同意について,null,null,null
230516_516,栃木県,平成２３年第３０６回（第２号）,01,23,5,16,臨時,平成２３年第３０６回（第２号）臨時会05月16日-01号,神谷幸伸　議長,議長,神谷幸伸,議長,報告第　一　号　知事の専決処分事項報告について,null,null,null
230516_517,栃木県,平成２３年第３０６回（第２号）,01,23,5,16,臨時,平成２３年第３０６回（第２号）臨時会05月16日-01号,神谷幸伸　議長,議長,神谷幸伸,議長,―――――――――――――――――――――――――――――,null,null,null
230516_518,栃木県,平成２３年第３０６回（第２号）,01,23,5,16,臨時,平成２３年第３０６回（第２号）臨時会05月16日-01号,神谷幸伸　議長,議長,神谷幸伸,議長,第一号議案から第三号議案まで及び報告第一号を一括して議題といたします。,null,null,null
230516_519,栃木県,平成２３年第３０６回（第２号）,01,23,5,16,臨時,平成２３年第３０６回（第２号）臨時会05月16日-01号,神谷幸伸　議長,議長,神谷幸伸,議長,上程議案等について知事の説明を求めます。,null,null,null
230516_520,栃木県,平成２３年第３０６回（第２号）,01,23,5,16,臨時,平成２３年第３０６回（第２号）臨時会05月16日-01号,神谷幸伸　議長,議長,神谷幸伸,議長,福田富一知事。,null,null,null
230516_521,栃木県,平成２３年第３０６回（第２号）,01,23,5,16,臨時,平成２３年第３０６回（第２号）臨時会05月16日-01号,神谷幸伸　議長,議長,神谷幸伸,議長,（福田富一知事登壇）,null,null,null
230516_522,栃木県,平成２３年第３０６回（第２号）,01,23,5,16,臨時,平成２３年第３０６回（第２号）臨時会05月16日-01号,福田富一　知事,知事,福田富一,知事,ただいま上程されました議案等のご説明を申し上げます前に、一言ごあいさつを申し上げます。,null,null,null
230516_523,栃木県,平成２３年第３０６回（第２号）,01,23,5,16,臨時,平成２３年第３０６回（第２号）臨時会05月16日-01号,福田富一　知事,知事,福田富一,知事,議員各位には、さきの選挙におきまして多くの県民から信託を受けられ、めでたく当選の栄誉を得られました。,null,null,null
230516_524,栃木県,平成２３年第３０６回（第２号）,01,23,5,16,臨時,平成２３年第３０６回（第２号）臨時会05月16日-01号,福田富一　知事,知事,福田富一,知事,ここに改めまして、深く敬意を表する次第であります。,null,null,null
230516_525,栃木県,平成２３年第３０６回（第２号）,01,23,5,16,臨時,平成２３年第３０６回（第２号）臨時会05月16日-01号,福田富一　知事,知事,福田富一,知事,さて、死者約一万五千人、行方不明者約九千人、さらに、現在も避難を続けている方が十一万人を超えるなど、未曾有の被害を引き起こしました東日本大震災から二カ月余が経過いたしました。,null,null,null
230516_526,栃木県,平成２３年第３０６回（第２号）,01,23,5,16,臨時,平成２３年第３０６回（第２号）臨時会05月16日-01号,福田富一　知事,知事,福田富一,知事,お亡くなりになられた方々のご冥福をお祈り申し上げますとともに、今なお困難な生活を強いられている被災者の皆様方に、お見舞いを申し上げます。,null,null,null
230516_527,栃木県,平成２３年第３０６回（第２号）,01,23,5,16,臨時,平成２３年第３０６回（第２号）臨時会05月16日-01号,福田富一　知事,知事,福田富一,知事,今般の震災は、県内におきましても亡くなられた方が四名、負傷された方が百三十名に上りました。,null,null,null
230516_528,栃木県,平成２３年第３０６回（第２号）,01,23,5,16,臨時,平成２３年第３０６回（第２号）臨時会05月16日-01号,福田富一　知事,知事,福田富一,知事,さらに、住家被害は五万戸弱に及び、国県道も二十八カ所で全面通行どめになるなど、多大な被害が生じました。,null,null,null
230516_529,栃木県,平成２３年第３０６回（第２号）,01,23,5,16,臨時,平成２３年第３０６回（第２号）臨時会05月16日-01号,福田富一　知事,知事,福田富一,知事,また、原子力発電所や火力発電所が被災したことによる電力の供給不足や製油所の被災、道路、鉄道などの交通網が麻痺したことによるガソリンなどの燃料供給不足、そして、上水道の断水など、日々の暮らしを脅かす事態が広範囲に及ぶとともに、生産設備の被災、観光業、農業等への風評被害など、経済産業活動にも深刻な影響をもたらしております。,null,null,null
230516_530,栃木県,平成２３年第３０６回（第２号）,01,23,5,16,臨時,平成２３年第３０６回（第２号）臨時会05月16日-01号,福田富一　知事,知事,福田富一,知事,県といたしましては、市町村を初め関係機関との密接な連携のもと、多くの方々のご協力をいただきながら、考え得るあらゆる手立てを講じて被災地の復旧対策や避難所の運営、放射線量監視体制の強化などに取り組んできたところであります。,null,null,null
230516_531,栃木県,平成２３年第３０６回（第２号）,01,23,5,16,臨時,平成２３年第３０６回（第２号）臨時会05月16日-01号,福田富一　知事,知事,福田富一,知事,また、私自身、県内の被災地や避難所をめぐり、直接現地の状況を確認するとともに、被災された方々の声をお聞きしてまいりました。,null,null,null
230516_532,栃木県,平成２３年第３０６回（第２号）,01,23,5,16,臨時,平成２３年第３０６回（第２号）臨時会05月16日-01号,福田富一　知事,知事,福田富一,知事,その結果なども踏まえまして、三月十八日には、避難所の設置や仮設住宅の供与などについて、四月八日には、被災住宅の再建資金及び原子力発電所事故により損失をこうむった農漁業者の経営資金に対する利子補給費等について、専決処分により一般会計予算の補正を行い、被災者等への支援に迅速に対処することといたしました。,null,null,null
230516_533,栃木県,平成２３年第３０６回（第２号）,01,23,5,16,臨時,平成２３年第３０６回（第２号）臨時会05月16日-01号,福田富一　知事,知事,福田富一,知事,加えて、国に対し要望活動を行い、早急な対応を要する政策や支援策を求めるとともに、観光業や農業の風評被害を払拭するために都内で行った各種のイベントに参加し、安全と安心を提供し続ける本県の姿勢を広く訴え続けております。,null,null,null
230516_534,栃木県,平成２３年第３０６回（第２号）,01,23,5,16,臨時,平成２３年第３０６回（第２号）臨時会05月16日-01号,福田富一　知事,知事,福田富一,知事,四月四日には、被害の大きな岩手県、宮城県及び福島県の東北三県を訪問いたしました。,null,null,null
230516_535,栃木県,平成２３年第３０６回（第２号）,01,23,5,16,臨時,平成２３年第３０６回（第２号）臨時会05月16日-01号,福田富一　知事,知事,福田富一,知事,三県の知事から甚大な被災状況について伺うとともに、避難者の受け入れや人的支援について用意がある旨を伝え、協力を約束してまいりました。,null,null,null
230516_536,栃木県,平成２３年第３０６回（第２号）,01,23,5,16,臨時,平成２３年第３０６回（第２号）臨時会05月16日-01号,福田富一　知事,知事,福田富一,知事,県内は、電気、水道、交通といったライフラインにつきまして、ほぼ三月十日以前の機能を回復し、幾分落ちつきを取り戻しつつあるものと感じておりますが、本格的な回復にはさらなる対策の実施が必要であります。,null,null,null
230516_537,栃木県,平成２３年第３０６回（第２号）,01,23,5,16,臨時,平成２３年第３０６回（第２号）臨時会05月16日-01号,福田富一　知事,知事,福田富一,知事,そこで、震災に対する応急的な復旧を迅速に行うとともに、県民生活の安定化、経済産業活動の再建、あるいは震災を踏まえた災害に強い地域づくりなど、復興に向かう段階に至ったものと考え、四月二十七日には、私を本部長とする栃木県震災復興推進本部を立ち上げ、「がんばろう日本！元気をとちぎから」を合言葉に、全庁を挙げて新たな一歩を踏み出しました。,null,null,null
230516_538,栃木県,平成２３年第３０６回（第２号）,01,23,5,16,臨時,平成２３年第３０６回（第２号）臨時会05月16日-01号,福田富一　知事,知事,福田富一,知事,さらに、本県はもとより、東北地方の復興なくして、東日本の、ひいては我が国の復興再生はなし得ないものと考えられますことから、県としてその一翼を担うべく、被害の甚大な県内市町村を初め東北三県に向けた職員派遣も開始いたしました。,null,null,null
230516_539,栃木県,平成２３年第３０６回（第２号）,01,23,5,16,臨時,平成２３年第３０６回（第２号）臨時会05月16日-01号,福田富一　知事,知事,福田富一,知事,今年度は、今後五年間の県政の羅針盤である栃木県重点戦略新とちぎ元気プランのスタートの年であります。,null,null,null
230516_540,栃木県,平成２３年第３０６回（第２号）,01,23,5,16,臨時,平成２３年第３０６回（第２号）臨時会05月16日-01号,福田富一　知事,知事,福田富一,知事,このプランに掲げる安心・成長・環境の三つの重点戦略は、いずれも震災から立ち直り、新たなとちぎづくりを進めていくために欠かすことのできない政策の軸であります。,null,null,null
230516_541,栃木県,平成２３年第３０６回（第２号）,01,23,5,16,臨時,平成２３年第３０６回（第２号）臨時会05月16日-01号,福田富一　知事,知事,福田富一,知事,私たちが未来へ向かって進むべき道のりは平坦なものではないかもしれませんが、「地域をともに創る」という考え方を県民の皆様と共有し、震災による諸課題も踏まえながら、新元気プランに掲げたプロジェクト等の着実な推進に努め、「『安心』『成長』『環境』をともにつくる、元気度　日本一　栃木県」の実現を目指してまいる考えであります。,null,null,null
230516_542,栃木県,平成２３年第３０６回（第２号）,01,23,5,16,臨時,平成２３年第３０６回（第２号）臨時会05月16日-01号,福田富一　知事,知事,福田富一,知事,改めまして、県議会議員各位のご理解とご支援を心からお願いいたします。,null,null,null
230516_543,栃木県,平成２３年第３０６回（第２号）,01,23,5,16,臨時,平成２３年第３０６回（第２号）臨時会05月16日-01号,福田富一　知事,知事,福田富一,知事,次に、議案等の概要についてご説明申し上げます。,null,null,null
230516_544,栃木県,平成２３年第３０６回（第２号）,01,23,5,16,臨時,平成２３年第３０６回（第２号）臨時会05月16日-01号,福田富一　知事,知事,福田富一,知事,今回提出いたしました議案は、予算一件、その他の議案二件、計三件であります。,null,null,null
230516_545,栃木県,平成２３年第３０６回（第２号）,01,23,5,16,臨時,平成２３年第３０６回（第２号）臨時会05月16日-01号,福田富一　知事,知事,福田富一,知事,このほか報告一件であります。,null,null,null
230516_546,栃木県,平成２３年第３０６回（第２号）,01,23,5,16,臨時,平成２３年第３０６回（第２号）臨時会05月16日-01号,福田富一　知事,知事,福田富一,知事,まず、第一号議案の一般会計補正予算について申し上げます。,null,null,null
230516_547,栃木県,平成２３年第３０６回（第２号）,01,23,5,16,臨時,平成２３年第３０６回（第２号）臨時会05月16日-01号,福田富一　知事,知事,福田富一,知事,今回の補正予算は、東日本大震災による被災者等の支援及び被災県有施設の復旧等を初め、震災により影響を受けた県内観光地の振興対策等に、迅速かつ適切に対処することとして編成したところであります。,null,null,null
230516_548,栃木県,平成２３年第３０６回（第２号）,01,23,5,16,臨時,平成２３年第３０６回（第２号）臨時会05月16日-01号,福田富一　知事,知事,福田富一,知事,主な事業といたしましては、旅館・ホテルを含む避難所の設置経費や半壊した住宅の応急修理など、引き続き県内外の被災者に対して支援を行うとともに、県立スポーツ施設等の県民利用施設や庁舎等の復旧工事、観光地振興に向けた県道路公社が管理する有料道路の無料化事業、東日本大震災復興関連宝くじの収益の活用、震災による直接的被害や風評被害等の間接的被害による離職者等の雇用機会の創出などに取り組むことといたしました。,null,null,null
230516_549,栃木県,平成２３年第３０６回（第２号）,01,23,5,16,臨時,平成２３年第３０６回（第２号）臨時会05月16日-01号,福田富一　知事,知事,福田富一,知事,また、あわせて河内庁舎の火災復旧工事を実施することといたしました。,null,null,null
230516_550,栃木県,平成２３年第３０６回（第２号）,01,23,5,16,臨時,平成２３年第３０６回（第２号）臨時会05月16日-01号,福田富一　知事,知事,福田富一,知事,この結果、歳入歳出補正予算の総額は十九億八千七百三十五万円となり、既計上予算と合わせた予算総額は七千六百七十四億五千七百八十七万円となります。,null,null,null
230516_551,栃木県,平成２３年第３０６回（第２号）,01,23,5,16,臨時,平成２３年第３０６回（第２号）臨時会05月16日-01号,福田富一　知事,知事,福田富一,知事,この財源といたしましては、国庫支出金、繰入金、地方交付税、県債等を充てることといたしました。,null,null,null
230516_552,栃木県,平成２３年第３０６回（第２号）,01,23,5,16,臨時,平成２３年第３０６回（第２号）臨時会05月16日-01号,福田富一　知事,知事,福田富一,知事,第二号議案は、地方自治法第百七十九条の規定による専決処分事項について、承認を求めるものであります。,null,null,null
230516_553,栃木県,平成２３年第３０６回（第２号）,01,23,5,16,臨時,平成２３年第３０６回（第２号）臨時会05月16日-01号,福田富一　知事,知事,福田富一,知事,第三号議案は、栃木県監査委員の選任同意についてであります。,null,null,null
230516_554,栃木県,平成２３年第３０６回（第２号）,01,23,5,16,臨時,平成２３年第３０６回（第２号）臨時会05月16日-01号,福田富一　知事,知事,福田富一,知事,監査委員のうち県議会議員から選任される委員二名が欠員となっておりますので、小林幹夫氏及び五月女裕久彦氏を最も適任と考え、その選任について同意を求めるものであります。,null,null,null
230516_555,栃木県,平成２３年第３０６回（第２号）,01,23,5,16,臨時,平成２３年第３０６回（第２号）臨時会05月16日-01号,福田富一　知事,知事,福田富一,知事,報告第一号は、地方自治法第百八十条の規定による専決処分事項の報告であります。,null,null,null
230516_556,栃木県,平成２３年第３０６回（第２号）,01,23,5,16,臨時,平成２３年第３０６回（第２号）臨時会05月16日-01号,福田富一　知事,知事,福田富一,知事,以上が今回提出いたしました議案等の概要であります。,null,null,null
230516_557,栃木県,平成２３年第３０６回（第２号）,01,23,5,16,臨時,平成２３年第３０６回（第２号）臨時会05月16日-01号,福田富一　知事,知事,福田富一,知事,何とぞ慎重ご審議の上、議決されますようお願い申し上げます。,null,null,null
230516_558,栃木県,平成２３年第３０６回（第２号）,01,23,5,16,臨時,平成２３年第３０６回（第２号）臨時会05月16日-01号,神谷幸伸　議長,議長,神谷幸伸,議長,この際、お諮りいたします。,null,null,null
230516_559,栃木県,平成２３年第３０６回（第２号）,01,23,5,16,臨時,平成２３年第３０６回（第２号）臨時会05月16日-01号,神谷幸伸　議長,議長,神谷幸伸,議長,ただいま上程中の第三号議案については、人事に関する案件でありますので、委員会の付託を省略して直ちに採決したいと思いますが、ご異議ありませんか。,null,null,null
230516_560,栃木県,平成２３年第３０６回（第２号）,01,23,5,16,臨時,平成２３年第３０６回（第２号）臨時会05月16日-01号,神谷幸伸　議長,議長,神谷幸伸,議長,（「異議なし」と呼ぶ者あり）,null,null,null
230516_561,栃木県,平成２３年第３０６回（第２号）,01,23,5,16,臨時,平成２３年第３０６回（第２号）臨時会05月16日-01号,神谷幸伸　議長,議長,神谷幸伸,議長,ご異議がないと認め、そのように決定いたしました。,null,null,null
230516_562,栃木県,平成２３年第３０６回（第２号）,01,23,5,16,臨時,平成２３年第３０６回（第２号）臨時会05月16日-01号,神谷幸伸　議長,議長,神谷幸伸,議長,最初に、第三号議案中、監査委員に小林幹夫議員を選任することについて審議に入ります。,null,null,null
230516_563,栃木県,平成２３年第３０６回（第２号）,01,23,5,16,臨時,平成２３年第３０６回（第２号）臨時会05月16日-01号,神谷幸伸　議長,議長,神谷幸伸,議長,この際、地方自治法第百十七条の規定により、小林幹夫議員の退席を求めます。,null,null,null
230516_564,栃木県,平成２３年第３０６回（第２号）,01,23,5,16,臨時,平成２３年第３０６回（第２号）臨時会05月16日-01号,神谷幸伸　議長,議長,神谷幸伸,議長,（小林幹夫議員　退席）,null,null,null
230516_565,栃木県,平成２３年第３０６回（第２号）,01,23,5,16,臨時,平成２３年第３０６回（第２号）臨時会05月16日-01号,神谷幸伸　議長,議長,神谷幸伸,議長,採決いたします。,null,null,null
230516_566,栃木県,平成２３年第３０６回（第２号）,01,23,5,16,臨時,平成２３年第３０６回（第２号）臨時会05月16日-01号,神谷幸伸　議長,議長,神谷幸伸,議長,監査委員に小林幹夫議員を選任することについて同意することにご賛成の議員の起立を求めます。,null,null,null
230516_567,栃木県,平成２３年第３０６回（第２号）,01,23,5,16,臨時,平成２３年第３０６回（第２号）臨時会05月16日-01号,神谷幸伸　議長,議長,神谷幸伸,議長,（賛成者　起立）,null,null,null
230516_568,栃木県,平成２３年第３０６回（第２号）,01,23,5,16,臨時,平成２３年第３０６回（第２号）臨時会05月16日-01号,神谷幸伸　議長,議長,神谷幸伸,議長,起立全員であります。,null,null,null
230516_569,栃木県,平成２３年第３０６回（第２号）,01,23,5,16,臨時,平成２３年第３０６回（第２号）臨時会05月16日-01号,神谷幸伸　議長,議長,神谷幸伸,議長,したがって、監査委員に小林幹夫議員を選任することについては、同意することに決定いたしました。,null,null,null
230516_570,栃木県,平成２３年第３０６回（第２号）,01,23,5,16,臨時,平成２３年第３０６回（第２号）臨時会05月16日-01号,神谷幸伸　議長,議長,神谷幸伸,議長,小林幹夫議員の出席を求めます。,null,null,null
230516_571,栃木県,平成２３年第３０６回（第２号）,01,23,5,16,臨時,平成２３年第３０６回（第２号）臨時会05月16日-01号,神谷幸伸　議長,議長,神谷幸伸,議長,（小林幹夫議員　出席）,null,null,null
230516_572,栃木県,平成２３年第３０６回（第２号）,01,23,5,16,臨時,平成２３年第３０６回（第２号）臨時会05月16日-01号,神谷幸伸　議長,議長,神谷幸伸,議長,次に、第三号議案中、監査委員に五月女裕久彦議員を選任することについて審議に入ります。,null,null,null
230516_573,栃木県,平成２３年第３０６回（第２号）,01,23,5,16,臨時,平成２３年第３０６回（第２号）臨時会05月16日-01号,神谷幸伸　議長,議長,神谷幸伸,議長,この際、地方自治法第百十七条の規定により、五月女裕久彦議員の退席を求めます。,null,null,null
230516_574,栃木県,平成２３年第３０６回（第２号）,01,23,5,16,臨時,平成２３年第３０６回（第２号）臨時会05月16日-01号,神谷幸伸　議長,議長,神谷幸伸,議長,（五月女裕久彦議員　退席）,null,null,null
230516_575,栃木県,平成２３年第３０６回（第２号）,01,23,5,16,臨時,平成２３年第３０６回（第２号）臨時会05月16日-01号,神谷幸伸　議長,議長,神谷幸伸,議長,採決いたします。,null,null,null
230516_576,栃木県,平成２３年第３０６回（第２号）,01,23,5,16,臨時,平成２３年第３０６回（第２号）臨時会05月16日-01号,神谷幸伸　議長,議長,神谷幸伸,議長,監査委員に五月女裕久彦議員を選任することについて同意することにご賛成の議員の起立を求めます。,null,null,null
230516_577,栃木県,平成２３年第３０６回（第２号）,01,23,5,16,臨時,平成２３年第３０６回（第２号）臨時会05月16日-01号,神谷幸伸　議長,議長,神谷幸伸,議長,（賛成者　起立）,null,null,null
230516_578,栃木県,平成２３年第３０６回（第２号）,01,23,5,16,臨時,平成２３年第３０６回（第２号）臨時会05月16日-01号,神谷幸伸　議長,議長,神谷幸伸,議長,起立全員であります。,null,null,null
230516_579,栃木県,平成２３年第３０６回（第２号）,01,23,5,16,臨時,平成２３年第３０６回（第２号）臨時会05月16日-01号,神谷幸伸　議長,議長,神谷幸伸,議長,したがって、監査委員に五月女裕久彦議員を選任することについては、同意することに決定いたしました。,null,null,null
230516_580,栃木県,平成２３年第３０６回（第２号）,01,23,5,16,臨時,平成２３年第３０６回（第２号）臨時会05月16日-01号,神谷幸伸　議長,議長,神谷幸伸,議長,五月女裕久彦議員の出席を求めます。,null,null,null
230516_581,栃木県,平成２３年第３０６回（第２号）,01,23,5,16,臨時,平成２３年第３０６回（第２号）臨時会05月16日-01号,神谷幸伸　議長,議長,神谷幸伸,議長,（五月女裕久彦議員　出席）,null,null,null
230516_582,栃木県,平成２３年第３０６回（第２号）,01,23,5,16,臨時,平成２３年第３０６回（第２号）臨時会05月16日-01号,神谷幸伸　議長,議長,神谷幸伸,議長,―――――――――――――――――――――――――――――,null,null,null
230516_583,栃木県,平成２３年第３０６回（第２号）,01,23,5,16,臨時,平成２３年第３０６回（第２号）臨時会05月16日-01号,神谷幸伸　議長,議長,神谷幸伸,議長,日程第七　会期決定についてを議題といたします。,null,null,null
230516_584,栃木県,平成２３年第３０６回（第２号）,01,23,5,16,臨時,平成２３年第３０６回（第２号）臨時会05月16日-01号,神谷幸伸　議長,議長,神谷幸伸,議長,お諮りいたします。,null,null,null
230516_585,栃木県,平成２３年第３０６回（第２号）,01,23,5,16,臨時,平成２３年第３０６回（第２号）臨時会05月16日-01号,神谷幸伸　議長,議長,神谷幸伸,議長,本臨時会の会期は、本日から五月十八日までの三日間としたいと思いますが、ご異議ありませんか。,null,null,null
230516_586,栃木県,平成２３年第３０６回（第２号）,01,23,5,16,臨時,平成２３年第３０６回（第２号）臨時会05月16日-01号,神谷幸伸　議長,議長,神谷幸伸,議長,（「異議なし」と呼ぶ者あり）,null,null,null
230516_587,栃木県,平成２３年第３０６回（第２号）,01,23,5,16,臨時,平成２３年第３０６回（第２号）臨時会05月16日-01号,神谷幸伸　議長,議長,神谷幸伸,議長,ご異議がないと認めます。,null,null,null
230516_588,栃木県,平成２３年第３０６回（第２号）,01,23,5,16,臨時,平成２３年第３０６回（第２号）臨時会05月16日-01号,神谷幸伸　議長,議長,神谷幸伸,議長,したがって、本臨時会の会期は、本日から三日間と決定いたしました。,null,null,null
230516_589,栃木県,平成２３年第３０６回（第２号）,01,23,5,16,臨時,平成２３年第３０６回（第２号）臨時会05月16日-01号,神谷幸伸　議長,議長,神谷幸伸,議長,―――――――――――――――――――――――――――――,null,null,null
230516_590,栃木県,平成２３年第３０６回（第２号）,01,23,5,16,臨時,平成２３年第３０６回（第２号）臨時会05月16日-01号,神谷幸伸　議長,議長,神谷幸伸,議長,日程第八　渡辺渡議員ほか五名の議員から議案が提出されております。,null,null,null
230516_591,栃木県,平成２３年第３０６回（第２号）,01,23,5,16,臨時,平成２３年第３０６回（第２号）臨時会05月16日-01号,神谷幸伸　議長,議長,神谷幸伸,議長,―――――――――――――――――――――――――――――,null,null,null
230516_592,栃木県,平成２３年第３０６回（第２号）,01,23,5,16,臨時,平成２３年第３０６回（第２号）臨時会05月16日-01号,神谷幸伸　議長,議長,神谷幸伸,議長,議第　一　号,null,null,null
230516_593,栃木県,平成２３年第３０６回（第２号）,01,23,5,16,臨時,平成２３年第３０６回（第２号）臨時会05月16日-01号,神谷幸伸　議長,議長,神谷幸伸,議長,栃木県議会会議規則の一部改正について,null,null,null
230516_594,栃木県,平成２３年第３０６回（第２号）,01,23,5,16,臨時,平成２３年第３０６回（第２号）臨時会05月16日-01号,神谷幸伸　議長,議長,神谷幸伸,議長,右の議案を別紙のとおり、栃木県議会会議規則第十五条第一項の規定により提出します。,null,null,null
230516_595,栃木県,平成２３年第３０６回（第２号）,01,23,5,16,臨時,平成２３年第３０６回（第２号）臨時会05月16日-01号,神谷幸伸　議長,議長,神谷幸伸,議長,平成二十三年五月十六日,null,null,null
230516_596,栃木県,平成２３年第３０６回（第２号）,01,23,5,16,臨時,平成２３年第３０６回（第２号）臨時会05月16日-01号,神谷幸伸　議長,議長,神谷幸伸,議長,提出者　　栃木県議会議員　渡　　　辺　　　　　　　渡,null,null,null
230516_597,栃木県,平成２３年第３０６回（第２号）,01,23,5,16,臨時,平成２３年第３０６回（第２号）臨時会05月16日-01号,神谷幸伸　議長,議長,神谷幸伸,議長,同　　　　　　　平　　　池　　　秀　　　光,null,null,null
230516_598,栃木県,平成２３年第３０６回（第２号）,01,23,5,16,臨時,平成２３年第３０６回（第２号）臨時会05月16日-01号,神谷幸伸　議長,議長,神谷幸伸,議長,同　　　　　　　阿　久　津　　　憲　　　二,null,null,null
230516_599,栃木県,平成２３年第３０６回（第２号）,01,23,5,16,臨時,平成２３年第３０６回（第２号）臨時会05月16日-01号,神谷幸伸　議長,議長,神谷幸伸,議長,同　　　　　　　一　　　木　　　弘　　　司,null,null,null
230516_600,栃木県,平成２３年第３０６回（第２号）,01,23,5,16,臨時,平成２３年第３０６回（第２号）臨時会05月16日-01号,神谷幸伸　議長,議長,神谷幸伸,議長,同　　　　　　　山　　　口　　　恒　　　夫,null,null,null
230516_601,栃木県,平成２３年第３０６回（第２号）,01,23,5,16,臨時,平成２３年第３０６回（第２号）臨時会05月16日-01号,神谷幸伸　議長,議長,神谷幸伸,議長,同　　　　　　　池　　　田　　　　　　　忠,null,null,null
230516_602,栃木県,平成２３年第３０６回（第２号）,01,23,5,16,臨時,平成２３年第３０６回（第２号）臨時会05月16日-01号,神谷幸伸　議長,議長,神谷幸伸,議長,栃木県議会議長　様,null,null,null
230516_603,栃木県,平成２３年第３０６回（第２号）,01,23,5,16,臨時,平成２３年第３０６回（第２号）臨時会05月16日-01号,神谷幸伸　議長,議長,神谷幸伸,議長,―――――――――――――――――――――――――――――,null,null,null
230516_604,栃木県,平成２３年第３０６回（第２号）,01,23,5,16,臨時,平成２３年第３０６回（第２号）臨時会05月16日-01号,神谷幸伸　議長,議長,神谷幸伸,議長,栃木県議会規則第　　　号,null,null,null
230516_605,栃木県,平成２３年第３０６回（第２号）,01,23,5,16,臨時,平成２３年第３０６回（第２号）臨時会05月16日-01号,神谷幸伸　議長,議長,神谷幸伸,議長,栃木県議会会議規則の一部を改正する規則,null,null,null
230516_606,栃木県,平成２３年第３０６回（第２号）,01,23,5,16,臨時,平成２３年第３０６回（第２号）臨時会05月16日-01号,神谷幸伸　議長,議長,神谷幸伸,議長,栃木県議会会議規則（昭和三十七年栃木県議会規則第一号）の一部を次のように改正する。,null,null,null
230516_607,栃木県,平成２３年第３０６回（第２号）,01,23,5,16,臨時,平成２３年第３０６回（第２号）臨時会05月16日-01号,神谷幸伸　議長,議長,神谷幸伸,議長,別表次期総合計画検討会の項を削る。,null,null,null
230516_608,栃木県,平成２３年第３０６回（第２号）,01,23,5,16,臨時,平成２３年第３０６回（第２号）臨時会05月16日-01号,神谷幸伸　議長,議長,神谷幸伸,議長,附　則,null,null,null
230516_609,栃木県,平成２３年第３０６回（第２号）,01,23,5,16,臨時,平成２３年第３０６回（第２号）臨時会05月16日-01号,神谷幸伸　議長,議長,神谷幸伸,議長,この規則は、公布の日から施行する。,null,null,null
230516_610,栃木県,平成２３年第３０６回（第２号）,01,23,5,16,臨時,平成２３年第３０６回（第２号）臨時会05月16日-01号,神谷幸伸　議長,議長,神谷幸伸,議長,―――――――――――――――――――――――――――――,null,null,null
230516_611,栃木県,平成２３年第３０６回（第２号）,01,23,5,16,臨時,平成２３年第３０６回（第２号）臨時会05月16日-01号,神谷幸伸　議長,議長,神谷幸伸,議長,議第一号を議題とし、審議に入ります。,null,null,null
230516_612,栃木県,平成２３年第３０６回（第２号）,01,23,5,16,臨時,平成２３年第３０６回（第２号）臨時会05月16日-01号,神谷幸伸　議長,議長,神谷幸伸,議長,この際、お諮りいたします。,null,null,null
230516_613,栃木県,平成２３年第３０６回（第２号）,01,23,5,16,臨時,平成２３年第３０６回（第２号）臨時会05月16日-01号,神谷幸伸　議長,議長,神谷幸伸,議長,議第一号は、提出者の説明及び委員会の付託を省略し直ちに採決したいと思いますが、ご異議ありませんか。,null,null,null
230516_614,栃木県,平成２３年第３０６回（第２号）,01,23,5,16,臨時,平成２３年第３０６回（第２号）臨時会05月16日-01号,神谷幸伸　議長,議長,神谷幸伸,議長,（「異議なし」と呼ぶ者あり）,null,null,null
230516_615,栃木県,平成２３年第３０６回（第２号）,01,23,5,16,臨時,平成２３年第３０６回（第２号）臨時会05月16日-01号,神谷幸伸　議長,議長,神谷幸伸,議長,ご異議がないと認め、そのように決定いたしました。,null,null,null
230516_616,栃木県,平成２３年第３０６回（第２号）,01,23,5,16,臨時,平成２３年第３０６回（第２号）臨時会05月16日-01号,神谷幸伸　議長,議長,神谷幸伸,議長,議第一号を採決いたします。,null,null,null
230516_617,栃木県,平成２３年第３０６回（第２号）,01,23,5,16,臨時,平成２３年第３０６回（第２号）臨時会05月16日-01号,神谷幸伸　議長,議長,神谷幸伸,議長,本案は原案のとおり決定することにご賛成の議員の起立を求めます。,null,null,null
230516_618,栃木県,平成２３年第３０６回（第２号）,01,23,5,16,臨時,平成２３年第３０６回（第２号）臨時会05月16日-01号,神谷幸伸　議長,議長,神谷幸伸,議長,（賛成者　起立）,null,null,null
230516_619,栃木県,平成２３年第３０６回（第２号）,01,23,5,16,臨時,平成２３年第３０６回（第２号）臨時会05月16日-01号,神谷幸伸　議長,議長,神谷幸伸,議長,起立全員であります。,null,null,null
230516_620,栃木県,平成２３年第３０６回（第２号）,01,23,5,16,臨時,平成２３年第３０６回（第２号）臨時会05月16日-01号,神谷幸伸　議長,議長,神谷幸伸,議長,したがって、議第一号は原案のとおり可決されました。,null,null,null
230516_621,栃木県,平成２３年第３０６回（第２号）,01,23,5,16,臨時,平成２３年第３０６回（第２号）臨時会05月16日-01号,神谷幸伸　議長,議長,神谷幸伸,議長,以上で本日の日程は終了いたしました。,null,null,null
230516_622,栃木県,平成２３年第３０６回（第２号）,01,23,5,16,臨時,平成２３年第３０６回（第２号）臨時会05月16日-01号,神谷幸伸　議長,議長,神谷幸伸,議長,あす十七日は定刻から本会議を開き、上程議案に対する質疑を行います。,null,null,null
230516_623,栃木県,平成２３年第３０６回（第２号）,01,23,5,16,臨時,平成２３年第３０６回（第２号）臨時会05月16日-01号,神谷幸伸　議長,議長,神谷幸伸,議長,本日はこれで散会いたします。,null,null,null
230516_624,栃木県,平成２３年第３０６回（第２号）,01,23,5,16,臨時,平成２３年第３０６回（第２号）臨時会05月16日-01号,神谷幸伸　議長,議長,神谷幸伸,議長,午後零時二十三分　散会,null,null,null
230516_625,栃木県,平成２３年第３０６回（第２号）,01,23,5,16,臨時,平成２３年第３０６回（第２号）臨時会05月16日-01号,神谷幸伸　議長,議長,神谷幸伸,議長,～～～～～～～～～～～～～～～～～～～～～～～～～～～～～,null,null,null
