H2300718_1,三重県,第２回,1,23,5,9,定例,平成２３年第２回定例会 - 05月09日－01号 ,答弁者,その他,林敏一,事務局長,出席議員が定足数に達しましたので、ここに平成23年第２回定例会は成立いたしました。,,https://www.kaigiroku.net/cgi-bin/WWWdocHatugen.exe?A=docHatugen&RA=frameNittei&USR=miekenk&N=716&H=2300718,null
H2300718_2,三重県,第２回,1,23,5,9,定例,平成２３年第２回定例会 - 05月09日－01号 ,答弁者,その他,林敏一,事務局長,□開会に当たり、鈴木英敬知事は、次のあいさつを述べた。,,https://www.kaigiroku.net/cgi-bin/WWWdocHatugen.exe?A=docHatugen&RA=frameNittei&USR=miekenk&N=716&H=2300718,null
H2300719_1,三重県,第２回,1,23,5,9,定例,平成２３年第２回定例会 - 05月09日－01号 ,答弁者,知事,鈴木英敬,知事,おはようございます。,,https://www.kaigiroku.net/cgi-bin/WWWdocHatugen.exe?A=docHatugen&RA=frameNittei&USR=miekenk&N=716&H=2300719,null
H2300719_2,三重県,第２回,1,23,5,9,定例,平成２３年第２回定例会 - 05月09日－01号 ,答弁者,知事,鈴木英敬,知事,開会に当たりまして、一言ごあいさつを申し上げます。,,https://www.kaigiroku.net/cgi-bin/WWWdocHatugen.exe?A=docHatugen&RA=frameNittei&USR=miekenk&N=716&H=2300719,null
H2300719_3,三重県,第２回,1,23,5,9,定例,平成２３年第２回定例会 - 05月09日－01号 ,答弁者,知事,鈴木英敬,知事,平成23年第２回の定例会を招集いたしましたところ、議員の皆様方にはお集まりをいただきまして、まことにありがとうございます。,,https://www.kaigiroku.net/cgi-bin/WWWdocHatugen.exe?A=docHatugen&RA=frameNittei&USR=miekenk&N=716&H=2300719,null
H2300719_4,三重県,第２回,1,23,5,9,定例,平成２３年第２回定例会 - 05月09日－01号 ,答弁者,知事,鈴木英敬,知事,この定例会は、私が知事就任以来、初めての県議会でもありますが、このたびの改選に伴い、新しい三重県議会の構成に必要な正副議長のほか、四日市港管理組合議会議員及び各種委員等を御決定いただくことになります。,,https://www.kaigiroku.net/cgi-bin/WWWdocHatugen.exe?A=docHatugen&RA=frameNittei&USR=miekenk&N=716&H=2300719,null
H2300719_5,三重県,第２回,1,23,5,9,定例,平成２３年第２回定例会 - 05月09日－01号 ,答弁者,知事,鈴木英敬,知事,御決定いただきました新体制のもと、県政推進に御尽力を賜りますようお願い申し上げます。,,https://www.kaigiroku.net/cgi-bin/WWWdocHatugen.exe?A=docHatugen&RA=frameNittei&USR=miekenk&N=716&H=2300719,null
H2300719_6,三重県,第２回,1,23,5,9,定例,平成２３年第２回定例会 - 05月09日－01号 ,答弁者,知事,鈴木英敬,知事,また、東日本大震災の被災者等の負担の軽減を図る等のための地方税法の一部改正に伴い、三重県県税条例の一部を改正する条例案について御審議をいただくほか、専決処分に係る御承認についてお願いすることとしておりますので、格別の御理解と御協力を賜り御審議いただきますよう、よろしくお願い申し上げます。,,https://www.kaigiroku.net/cgi-bin/WWWdocHatugen.exe?A=docHatugen&RA=frameNittei&USR=miekenk&N=716&H=2300719,null
H2300719_7,三重県,第２回,1,23,5,9,定例,平成２３年第２回定例会 - 05月09日－01号 ,答弁者,知事,鈴木英敬,知事,以上、甚だ簡単ではございますが、開会のごあいさつとさせていただきます。,,https://www.kaigiroku.net/cgi-bin/WWWdocHatugen.exe?A=docHatugen&RA=frameNittei&USR=miekenk&N=716&H=2300719,null
H2300719_8,三重県,第２回,1,23,5,9,定例,平成２３年第２回定例会 - 05月09日－01号 ,答弁者,知事,鈴木英敬,知事,どうぞよろしくお願いいたします。,,https://www.kaigiroku.net/cgi-bin/WWWdocHatugen.exe?A=docHatugen&RA=frameNittei&USR=miekenk&N=716&H=2300719,null
H2300721_1,三重県,第２回,1,23,5,9,定例,平成２３年第２回定例会 - 05月09日－01号 ,答弁者,その他,林敏一,事務局長,一般選挙後、最初の議会でありますので、これより議長選挙の行われますまでの間、地方自治法第107条の規定によりまして、年長議員の方に臨時議長の職務を行っていただくことにいたします。,,https://www.kaigiroku.net/cgi-bin/WWWdocHatugen.exe?A=docHatugen&RA=frameNittei&USR=miekenk&N=716&H=2300721,null
H2300721_2,三重県,第２回,1,23,5,9,定例,平成２３年第２回定例会 - 05月09日－01号 ,答弁者,その他,林敏一,事務局長,本日、出席議員のうち、年長議員は岩田隆嘉議員であります。,,https://www.kaigiroku.net/cgi-bin/WWWdocHatugen.exe?A=docHatugen&RA=frameNittei&USR=miekenk&N=716&H=2300721,null
H2300721_3,三重県,第２回,1,23,5,9,定例,平成２３年第２回定例会 - 05月09日－01号 ,答弁者,その他,林敏一,事務局長,岩田隆嘉議員、議長席へお願いいたします。,,https://www.kaigiroku.net/cgi-bin/WWWdocHatugen.exe?A=docHatugen&RA=frameNittei&USR=miekenk&N=716&H=2300721,null
H2300721_4,三重県,第２回,1,23,5,9,定例,平成２３年第２回定例会 - 05月09日－01号 ,答弁者,その他,林敏一,事務局長,〔岩田隆嘉臨時議長議長席に着く・拍手〕,,https://www.kaigiroku.net/cgi-bin/WWWdocHatugen.exe?A=docHatugen&RA=frameNittei&USR=miekenk&N=716&H=2300721,null
H2300722_1,三重県,第２回,1,23,5,9,定例,平成２３年第２回定例会 - 05月09日－01号 ,議長,議長,岩田隆嘉,臨時議長,ただいま紹介されました岩田隆嘉でございます。,,https://www.kaigiroku.net/cgi-bin/WWWdocHatugen.exe?A=docHatugen&RA=frameNittei&USR=miekenk&N=716&H=2300722,null
H2300722_2,三重県,第２回,1,23,5,9,定例,平成２３年第２回定例会 - 05月09日－01号 ,議長,議長,岩田隆嘉,臨時議長,地方自治法第107条の規定によりまして、しばらく臨時議長を務めさせていただきます。,,https://www.kaigiroku.net/cgi-bin/WWWdocHatugen.exe?A=docHatugen&RA=frameNittei&USR=miekenk&N=716&H=2300722,null
H2300722_3,三重県,第２回,1,23,5,9,定例,平成２３年第２回定例会 - 05月09日－01号 ,議長,議長,岩田隆嘉,臨時議長,何とぞよろしくお願い申し上げます。,,https://www.kaigiroku.net/cgi-bin/WWWdocHatugen.exe?A=docHatugen&RA=frameNittei&USR=miekenk&N=716&H=2300722,null
H2300722_4,三重県,第２回,1,23,5,9,定例,平成２３年第２回定例会 - 05月09日－01号 ,議長,議長,岩田隆嘉,臨時議長,──────────────────,,https://www.kaigiroku.net/cgi-bin/WWWdocHatugen.exe?A=docHatugen&RA=frameNittei&USR=miekenk&N=716&H=2300722,null
H2300724_1,三重県,第２回,1,23,5,9,定例,平成２３年第２回定例会 - 05月09日－01号 ,議長,議長,岩田隆嘉,臨時議長,開会に先立ち、去る４月１日に任命されました真伏秀樹教育委員会委員を御紹介いたします。,,https://www.kaigiroku.net/cgi-bin/WWWdocHatugen.exe?A=docHatugen&RA=frameNittei&USR=miekenk&N=716&H=2300724,null
H2300724_2,三重県,第２回,1,23,5,9,定例,平成２３年第２回定例会 - 05月09日－01号 ,議長,議長,岩田隆嘉,臨時議長,〔真伏委員入場〕,,https://www.kaigiroku.net/cgi-bin/WWWdocHatugen.exe?A=docHatugen&RA=frameNittei&USR=miekenk&N=716&H=2300724,null
H2300725_1,三重県,第２回,1,23,5,9,定例,平成２３年第２回定例会 - 05月09日－01号 ,議長,議長,岩田隆嘉,臨時議長,それでは、真伏秀樹教育委員会委員、ごあいさつ願います。,,https://www.kaigiroku.net/cgi-bin/WWWdocHatugen.exe?A=docHatugen&RA=frameNittei&USR=miekenk&N=716&H=2300725,null
H2300726_1,三重県,第２回,1,23,5,9,定例,平成２３年第２回定例会 - 05月09日－01号 ,答弁者,その他,真伏秀樹,教育委員会委員,教育委員会委員に選任をいただき、４月１日付で任命を受けました真伏秀樹でございます。,,https://www.kaigiroku.net/cgi-bin/WWWdocHatugen.exe?A=docHatugen&RA=frameNittei&USR=miekenk&N=716&H=2300726,null
H2300726_2,三重県,第２回,1,23,5,9,定例,平成２３年第２回定例会 - 05月09日－01号 ,答弁者,その他,真伏秀樹,教育委員会委員,どうぞよろしくお願い申し上げます。,,https://www.kaigiroku.net/cgi-bin/WWWdocHatugen.exe?A=docHatugen&RA=frameNittei&USR=miekenk&N=716&H=2300726,null
H2300726_3,三重県,第２回,1,23,5,9,定例,平成２３年第２回定例会 - 05月09日－01号 ,答弁者,その他,真伏秀樹,教育委員会委員,（拍手）,,https://www.kaigiroku.net/cgi-bin/WWWdocHatugen.exe?A=docHatugen&RA=frameNittei&USR=miekenk&N=716&H=2300726,null
H2300727_1,三重県,第２回,1,23,5,9,定例,平成２３年第２回定例会 - 05月09日－01号 ,議長,議長,岩田隆嘉,臨時議長,以上で紹介を終わります。,,https://www.kaigiroku.net/cgi-bin/WWWdocHatugen.exe?A=docHatugen&RA=frameNittei&USR=miekenk&N=716&H=2300727,null
H2300727_2,三重県,第２回,1,23,5,9,定例,平成２３年第２回定例会 - 05月09日－01号 ,議長,議長,岩田隆嘉,臨時議長,〔真伏委員退場〕,,https://www.kaigiroku.net/cgi-bin/WWWdocHatugen.exe?A=docHatugen&RA=frameNittei&USR=miekenk&N=716&H=2300727,null
H2300727_3,三重県,第２回,1,23,5,9,定例,平成２３年第２回定例会 - 05月09日－01号 ,議長,議長,岩田隆嘉,臨時議長,──────────────────,,https://www.kaigiroku.net/cgi-bin/WWWdocHatugen.exe?A=docHatugen&RA=frameNittei&USR=miekenk&N=716&H=2300727,null
H2300727_4,三重県,第２回,1,23,5,9,定例,平成２３年第２回定例会 - 05月09日－01号 ,議長,議長,岩田隆嘉,臨時議長,議事日程（第１号）,,https://www.kaigiroku.net/cgi-bin/WWWdocHatugen.exe?A=docHatugen&RA=frameNittei&USR=miekenk&N=716&H=2300727,null
H2300727_5,三重県,第２回,1,23,5,9,定例,平成２３年第２回定例会 - 05月09日－01号 ,議長,議長,岩田隆嘉,臨時議長,平成23年５月９日（月）午前10時開議,,https://www.kaigiroku.net/cgi-bin/WWWdocHatugen.exe?A=docHatugen&RA=frameNittei&USR=miekenk&N=716&H=2300727,null
H2300727_6,三重県,第２回,1,23,5,9,定例,平成２３年第２回定例会 - 05月09日－01号 ,議長,議長,岩田隆嘉,臨時議長,第１　　議席決定の件,,https://www.kaigiroku.net/cgi-bin/WWWdocHatugen.exe?A=docHatugen&RA=frameNittei&USR=miekenk&N=716&H=2300727,null
H2300727_7,三重県,第２回,1,23,5,9,定例,平成２３年第２回定例会 - 05月09日－01号 ,議長,議長,岩田隆嘉,臨時議長,第２　　会議録署名議員の指名,,https://www.kaigiroku.net/cgi-bin/WWWdocHatugen.exe?A=docHatugen&RA=frameNittei&USR=miekenk&N=716&H=2300727,null
H2300727_8,三重県,第２回,1,23,5,9,定例,平成２３年第２回定例会 - 05月09日－01号 ,議長,議長,岩田隆嘉,臨時議長,第３　　会期決定の件,,https://www.kaigiroku.net/cgi-bin/WWWdocHatugen.exe?A=docHatugen&RA=frameNittei&USR=miekenk&N=716&H=2300727,null
H2300727_9,三重県,第２回,1,23,5,9,定例,平成２３年第２回定例会 - 05月09日－01号 ,議長,議長,岩田隆嘉,臨時議長,──────────────────,,https://www.kaigiroku.net/cgi-bin/WWWdocHatugen.exe?A=docHatugen&RA=frameNittei&USR=miekenk&N=716&H=2300727,null
H2300727_10,三重県,第２回,1,23,5,9,定例,平成２３年第２回定例会 - 05月09日－01号 ,議長,議長,岩田隆嘉,臨時議長,会議に付した事件,,https://www.kaigiroku.net/cgi-bin/WWWdocHatugen.exe?A=docHatugen&RA=frameNittei&USR=miekenk&N=716&H=2300727,null
H2300727_11,三重県,第２回,1,23,5,9,定例,平成２３年第２回定例会 - 05月09日－01号 ,議長,議長,岩田隆嘉,臨時議長,日程第１　　議席決定の件,,https://www.kaigiroku.net/cgi-bin/WWWdocHatugen.exe?A=docHatugen&RA=frameNittei&USR=miekenk&N=716&H=2300727,null
H2300727_12,三重県,第２回,1,23,5,9,定例,平成２３年第２回定例会 - 05月09日－01号 ,議長,議長,岩田隆嘉,臨時議長,日程第２　　会議録署名議員の指名,,https://www.kaigiroku.net/cgi-bin/WWWdocHatugen.exe?A=docHatugen&RA=frameNittei&USR=miekenk&N=716&H=2300727,null
H2300727_13,三重県,第２回,1,23,5,9,定例,平成２３年第２回定例会 - 05月09日－01号 ,議長,議長,岩田隆嘉,臨時議長,日程第３　　会期決定の件,,https://www.kaigiroku.net/cgi-bin/WWWdocHatugen.exe?A=docHatugen&RA=frameNittei&USR=miekenk&N=716&H=2300727,null
H2300727_14,三重県,第２回,1,23,5,9,定例,平成２３年第２回定例会 - 05月09日－01号 ,議長,議長,岩田隆嘉,臨時議長,──────────────────,,https://www.kaigiroku.net/cgi-bin/WWWdocHatugen.exe?A=docHatugen&RA=frameNittei&USR=miekenk&N=716&H=2300727,null
H2300727_15,三重県,第２回,1,23,5,9,定例,平成２３年第２回定例会 - 05月09日－01号 ,議長,議長,岩田隆嘉,臨時議長,会議に出欠席の議員氏名,,https://www.kaigiroku.net/cgi-bin/WWWdocHatugen.exe?A=docHatugen&RA=frameNittei&USR=miekenk&N=716&H=2300727,null
H2300727_16,三重県,第２回,1,23,5,9,定例,平成２３年第２回定例会 - 05月09日－01号 ,議長,議長,岩田隆嘉,臨時議長,出席議員　　51名,,https://www.kaigiroku.net/cgi-bin/WWWdocHatugen.exe?A=docHatugen&RA=frameNittei&USR=miekenk&N=716&H=2300727,null
H2300727_17,三重県,第２回,1,23,5,9,定例,平成２３年第２回定例会 - 05月09日－01号 ,議長,議長,岩田隆嘉,臨時議長,１　　番　　　　　　　　　　　　　　下　野　　幸　助,,https://www.kaigiroku.net/cgi-bin/WWWdocHatugen.exe?A=docHatugen&RA=frameNittei&USR=miekenk&N=716&H=2300727,null
H2300727_18,三重県,第２回,1,23,5,9,定例,平成２３年第２回定例会 - 05月09日－01号 ,議長,議長,岩田隆嘉,臨時議長,２　　番　　　　　　　　　　　　　　田　中　　智　也,,https://www.kaigiroku.net/cgi-bin/WWWdocHatugen.exe?A=docHatugen&RA=frameNittei&USR=miekenk&N=716&H=2300727,null
H2300727_19,三重県,第２回,1,23,5,9,定例,平成２３年第２回定例会 - 05月09日－01号 ,議長,議長,岩田隆嘉,臨時議長,３　　番　　　　　　　　　　　　　　藤　根　　正　典,,https://www.kaigiroku.net/cgi-bin/WWWdocHatugen.exe?A=docHatugen&RA=frameNittei&USR=miekenk&N=716&H=2300727,null
H2300727_20,三重県,第２回,1,23,5,9,定例,平成２３年第２回定例会 - 05月09日－01号 ,議長,議長,岩田隆嘉,臨時議長,４　　番　　　　　　　　　　　　　　小　島　　智　子,,https://www.kaigiroku.net/cgi-bin/WWWdocHatugen.exe?A=docHatugen&RA=frameNittei&USR=miekenk&N=716&H=2300727,null
H2300727_21,三重県,第２回,1,23,5,9,定例,平成２３年第２回定例会 - 05月09日－01号 ,議長,議長,岩田隆嘉,臨時議長,５　　番　　　　　　　　　　　　　　彦　坂　　公　之,,https://www.kaigiroku.net/cgi-bin/WWWdocHatugen.exe?A=docHatugen&RA=frameNittei&USR=miekenk&N=716&H=2300727,null
H2300727_22,三重県,第２回,1,23,5,9,定例,平成２３年第２回定例会 - 05月09日－01号 ,議長,議長,岩田隆嘉,臨時議長,６　　番　　　　　　　　　　　　　　粟　野　　仁　博,,https://www.kaigiroku.net/cgi-bin/WWWdocHatugen.exe?A=docHatugen&RA=frameNittei&USR=miekenk&N=716&H=2300727,null
H2300727_23,三重県,第２回,1,23,5,9,定例,平成２３年第２回定例会 - 05月09日－01号 ,議長,議長,岩田隆嘉,臨時議長,７　　番　　　　　　　　　　　　　　石　田　　成　生,,https://www.kaigiroku.net/cgi-bin/WWWdocHatugen.exe?A=docHatugen&RA=frameNittei&USR=miekenk&N=716&H=2300727,null
H2300727_24,三重県,第２回,1,23,5,9,定例,平成２３年第２回定例会 - 05月09日－01号 ,議長,議長,岩田隆嘉,臨時議長,８　　番　　　　　　　　　　　　　　大久保　　孝　栄,,https://www.kaigiroku.net/cgi-bin/WWWdocHatugen.exe?A=docHatugen&RA=frameNittei&USR=miekenk&N=716&H=2300727,null
H2300727_25,三重県,第２回,1,23,5,9,定例,平成２３年第２回定例会 - 05月09日－01号 ,議長,議長,岩田隆嘉,臨時議長,９　　番　　　　　　　　　　　　　　東　　　　　　豊,,https://www.kaigiroku.net/cgi-bin/WWWdocHatugen.exe?A=docHatugen&RA=frameNittei&USR=miekenk&N=716&H=2300727,null
H2300727_26,三重県,第２回,1,23,5,9,定例,平成２３年第２回定例会 - 05月09日－01号 ,議長,議長,岩田隆嘉,臨時議長,10　　番　　　　　　　　　　　　　　中　西　　　　勇,,https://www.kaigiroku.net/cgi-bin/WWWdocHatugen.exe?A=docHatugen&RA=frameNittei&USR=miekenk&N=716&H=2300727,null
H2300727_27,三重県,第２回,1,23,5,9,定例,平成２３年第２回定例会 - 05月09日－01号 ,議長,議長,岩田隆嘉,臨時議長,11　　番　　　　　　　　　　　　　　濱　井　　初　男,,https://www.kaigiroku.net/cgi-bin/WWWdocHatugen.exe?A=docHatugen&RA=frameNittei&USR=miekenk&N=716&H=2300727,null
H2300727_28,三重県,第２回,1,23,5,9,定例,平成２３年第２回定例会 - 05月09日－01号 ,議長,議長,岩田隆嘉,臨時議長,12　　番　　　　　　　　　　　　　　吉　川　　　　新,,https://www.kaigiroku.net/cgi-bin/WWWdocHatugen.exe?A=docHatugen&RA=frameNittei&USR=miekenk&N=716&H=2300727,null
H2300727_29,三重県,第２回,1,23,5,9,定例,平成２３年第２回定例会 - 05月09日－01号 ,議長,議長,岩田隆嘉,臨時議長,13　　番　　　　　　　　　　　　　　長　田　　隆　尚,,https://www.kaigiroku.net/cgi-bin/WWWdocHatugen.exe?A=docHatugen&RA=frameNittei&USR=miekenk&N=716&H=2300727,null
H2300727_30,三重県,第２回,1,23,5,9,定例,平成２３年第２回定例会 - 05月09日－01号 ,議長,議長,岩田隆嘉,臨時議長,14　　番　　　　　　　　　　　　　　津　村　　　　衛,,https://www.kaigiroku.net/cgi-bin/WWWdocHatugen.exe?A=docHatugen&RA=frameNittei&USR=miekenk&N=716&H=2300727,null
H2300727_31,三重県,第２回,1,23,5,9,定例,平成２３年第２回定例会 - 05月09日－01号 ,議長,議長,岩田隆嘉,臨時議長,15　　番　　　　　　　　　　　　　　森　野　　真　治,,https://www.kaigiroku.net/cgi-bin/WWWdocHatugen.exe?A=docHatugen&RA=frameNittei&USR=miekenk&N=716&H=2300727,null
H2300727_32,三重県,第２回,1,23,5,9,定例,平成２３年第２回定例会 - 05月09日－01号 ,議長,議長,岩田隆嘉,臨時議長,16　　番　　　　　　　　　　　　　　水　谷　　正　美,,https://www.kaigiroku.net/cgi-bin/WWWdocHatugen.exe?A=docHatugen&RA=frameNittei&USR=miekenk&N=716&H=2300727,null
H2300727_33,三重県,第２回,1,23,5,9,定例,平成２３年第２回定例会 - 05月09日－01号 ,議長,議長,岩田隆嘉,臨時議長,17　　番　　　　　　　　　　　　　　杉　本　　熊　野,,https://www.kaigiroku.net/cgi-bin/WWWdocHatugen.exe?A=docHatugen&RA=frameNittei&USR=miekenk&N=716&H=2300727,null
H2300727_34,三重県,第２回,1,23,5,9,定例,平成２３年第２回定例会 - 05月09日－01号 ,議長,議長,岩田隆嘉,臨時議長,18　　番　　　　　　　　　　　　　　中　村　　欣一郎,,https://www.kaigiroku.net/cgi-bin/WWWdocHatugen.exe?A=docHatugen&RA=frameNittei&USR=miekenk&N=716&H=2300727,null
H2300727_35,三重県,第２回,1,23,5,9,定例,平成２３年第２回定例会 - 05月09日－01号 ,議長,議長,岩田隆嘉,臨時議長,19　　番　　　　　　　　　　　　　　小　野　　欽　市,,https://www.kaigiroku.net/cgi-bin/WWWdocHatugen.exe?A=docHatugen&RA=frameNittei&USR=miekenk&N=716&H=2300727,null
H2300727_36,三重県,第２回,1,23,5,9,定例,平成２３年第２回定例会 - 05月09日－01号 ,議長,議長,岩田隆嘉,臨時議長,20　　番　　　　　　　　　　　　　　村　林　　　　聡,,https://www.kaigiroku.net/cgi-bin/WWWdocHatugen.exe?A=docHatugen&RA=frameNittei&USR=miekenk&N=716&H=2300727,null
H2300727_37,三重県,第２回,1,23,5,9,定例,平成２３年第２回定例会 - 05月09日－01号 ,議長,議長,岩田隆嘉,臨時議長,21　　番　　　　　　　　　　　　　　小　林　　正　人,,https://www.kaigiroku.net/cgi-bin/WWWdocHatugen.exe?A=docHatugen&RA=frameNittei&USR=miekenk&N=716&H=2300727,null
H2300727_38,三重県,第２回,1,23,5,9,定例,平成２３年第２回定例会 - 05月09日－01号 ,議長,議長,岩田隆嘉,臨時議長,22　　番　　　　　　　　　　　　　　奥　野　　英　介,,https://www.kaigiroku.net/cgi-bin/WWWdocHatugen.exe?A=docHatugen&RA=frameNittei&USR=miekenk&N=716&H=2300727,null
H2300727_39,三重県,第２回,1,23,5,9,定例,平成２３年第２回定例会 - 05月09日－01号 ,議長,議長,岩田隆嘉,臨時議長,23　　番　　　　　　　　　　　　　　中　川　　康　洋,,https://www.kaigiroku.net/cgi-bin/WWWdocHatugen.exe?A=docHatugen&RA=frameNittei&USR=miekenk&N=716&H=2300727,null
H2300727_40,三重県,第２回,1,23,5,9,定例,平成２３年第２回定例会 - 05月09日－01号 ,議長,議長,岩田隆嘉,臨時議長,24　　番　　　　　　　　　　　　　　今　井　　智　広,,https://www.kaigiroku.net/cgi-bin/WWWdocHatugen.exe?A=docHatugen&RA=frameNittei&USR=miekenk&N=716&H=2300727,null
H2300727_41,三重県,第２回,1,23,5,9,定例,平成２３年第２回定例会 - 05月09日－01号 ,議長,議長,岩田隆嘉,臨時議長,25　　番　　　　　　　　　　　　　　藤　田　　宜　三,,https://www.kaigiroku.net/cgi-bin/WWWdocHatugen.exe?A=docHatugen&RA=frameNittei&USR=miekenk&N=716&H=2300727,null
H2300727_42,三重県,第２回,1,23,5,9,定例,平成２３年第２回定例会 - 05月09日－01号 ,議長,議長,岩田隆嘉,臨時議長,26　　番　　　　　　　　　　　　　　後　藤　　健　一,,https://www.kaigiroku.net/cgi-bin/WWWdocHatugen.exe?A=docHatugen&RA=frameNittei&USR=miekenk&N=716&H=2300727,null
H2300727_43,三重県,第２回,1,23,5,9,定例,平成２３年第２回定例会 - 05月09日－01号 ,議長,議長,岩田隆嘉,臨時議長,27　　番　　　　　　　　　　　　　　辻　　　　三千宣,,https://www.kaigiroku.net/cgi-bin/WWWdocHatugen.exe?A=docHatugen&RA=frameNittei&USR=miekenk&N=716&H=2300727,null
H2300727_44,三重県,第２回,1,23,5,9,定例,平成２３年第２回定例会 - 05月09日－01号 ,議長,議長,岩田隆嘉,臨時議長,28　　番　　　　　　　　　　　　　　笹　井　　健　司,,https://www.kaigiroku.net/cgi-bin/WWWdocHatugen.exe?A=docHatugen&RA=frameNittei&USR=miekenk&N=716&H=2300727,null
H2300727_45,三重県,第２回,1,23,5,9,定例,平成２３年第２回定例会 - 05月09日－01号 ,議長,議長,岩田隆嘉,臨時議長,29　　番　　　　　　　　　　　　　　稲　垣　　昭　義,,https://www.kaigiroku.net/cgi-bin/WWWdocHatugen.exe?A=docHatugen&RA=frameNittei&USR=miekenk&N=716&H=2300727,null
H2300727_46,三重県,第２回,1,23,5,9,定例,平成２３年第２回定例会 - 05月09日－01号 ,議長,議長,岩田隆嘉,臨時議長,30　　番　　　　　　　　　　　　　　北　川　　裕　之,,https://www.kaigiroku.net/cgi-bin/WWWdocHatugen.exe?A=docHatugen&RA=frameNittei&USR=miekenk&N=716&H=2300727,null
H2300727_47,三重県,第２回,1,23,5,9,定例,平成２３年第２回定例会 - 05月09日－01号 ,議長,議長,岩田隆嘉,臨時議長,31　　番　　　　　　　　　　　　　　舘　　　　直　人,,https://www.kaigiroku.net/cgi-bin/WWWdocHatugen.exe?A=docHatugen&RA=frameNittei&USR=miekenk&N=716&H=2300727,null
H2300727_48,三重県,第２回,1,23,5,9,定例,平成２３年第２回定例会 - 05月09日－01号 ,議長,議長,岩田隆嘉,臨時議長,32　　番　　　　　　　　　　　　　　服　部　　富　男,,https://www.kaigiroku.net/cgi-bin/WWWdocHatugen.exe?A=docHatugen&RA=frameNittei&USR=miekenk&N=716&H=2300727,null
H2300727_49,三重県,第２回,1,23,5,9,定例,平成２３年第２回定例会 - 05月09日－01号 ,議長,議長,岩田隆嘉,臨時議長,33　　番　　　　　　　　　　　　　　津　田　　健　児,,https://www.kaigiroku.net/cgi-bin/WWWdocHatugen.exe?A=docHatugen&RA=frameNittei&USR=miekenk&N=716&H=2300727,null
H2300727_50,三重県,第２回,1,23,5,9,定例,平成２３年第２回定例会 - 05月09日－01号 ,議長,議長,岩田隆嘉,臨時議長,34　　番　　　　　　　　　　　　　　中　嶋　　年　規,,https://www.kaigiroku.net/cgi-bin/WWWdocHatugen.exe?A=docHatugen&RA=frameNittei&USR=miekenk&N=716&H=2300727,null
H2300727_51,三重県,第２回,1,23,5,9,定例,平成２３年第２回定例会 - 05月09日－01号 ,議長,議長,岩田隆嘉,臨時議長,35　　番　　　　　　　　　　　　　　竹　上　　真　人,,https://www.kaigiroku.net/cgi-bin/WWWdocHatugen.exe?A=docHatugen&RA=frameNittei&USR=miekenk&N=716&H=2300727,null
H2300727_52,三重県,第２回,1,23,5,9,定例,平成２３年第２回定例会 - 05月09日－01号 ,議長,議長,岩田隆嘉,臨時議長,36　　番　　　　　　　　　　　　　　青　木　　謙　順,,https://www.kaigiroku.net/cgi-bin/WWWdocHatugen.exe?A=docHatugen&RA=frameNittei&USR=miekenk&N=716&H=2300727,null
H2300727_53,三重県,第２回,1,23,5,9,定例,平成２３年第２回定例会 - 05月09日－01号 ,議長,議長,岩田隆嘉,臨時議長,37　　番　　　　　　　　　　　　　　中　森　　博　文,,https://www.kaigiroku.net/cgi-bin/WWWdocHatugen.exe?A=docHatugen&RA=frameNittei&USR=miekenk&N=716&H=2300727,null
H2300727_54,三重県,第２回,1,23,5,9,定例,平成２３年第２回定例会 - 05月09日－01号 ,議長,議長,岩田隆嘉,臨時議長,38　　番　　　　　　　　　　　　　　前　野　　和　美,,https://www.kaigiroku.net/cgi-bin/WWWdocHatugen.exe?A=docHatugen&RA=frameNittei&USR=miekenk&N=716&H=2300727,null
H2300727_55,三重県,第２回,1,23,5,9,定例,平成２３年第２回定例会 - 05月09日－01号 ,議長,議長,岩田隆嘉,臨時議長,39　　番　　　　　　　　　　　　　　水　谷　　　　隆,,https://www.kaigiroku.net/cgi-bin/WWWdocHatugen.exe?A=docHatugen&RA=frameNittei&USR=miekenk&N=716&H=2300727,null
H2300727_56,三重県,第２回,1,23,5,9,定例,平成２３年第２回定例会 - 05月09日－01号 ,議長,議長,岩田隆嘉,臨時議長,40　　番　　　　　　　　　　　　　　日　沖　　正　信,,https://www.kaigiroku.net/cgi-bin/WWWdocHatugen.exe?A=docHatugen&RA=frameNittei&USR=miekenk&N=716&H=2300727,null
H2300727_57,三重県,第２回,1,23,5,9,定例,平成２３年第２回定例会 - 05月09日－01号 ,議長,議長,岩田隆嘉,臨時議長,41　　番　　　　　　　　　　　　　　前　田　　剛　志,,https://www.kaigiroku.net/cgi-bin/WWWdocHatugen.exe?A=docHatugen&RA=frameNittei&USR=miekenk&N=716&H=2300727,null
H2300727_58,三重県,第２回,1,23,5,9,定例,平成２３年第２回定例会 - 05月09日－01号 ,議長,議長,岩田隆嘉,臨時議長,43　　番　　　　　　　　　　　　　　舟　橋　　裕　幸,,https://www.kaigiroku.net/cgi-bin/WWWdocHatugen.exe?A=docHatugen&RA=frameNittei&USR=miekenk&N=716&H=2300727,null
H2300727_59,三重県,第２回,1,23,5,9,定例,平成２３年第２回定例会 - 05月09日－01号 ,議長,議長,岩田隆嘉,臨時議長,44　　番　　　　　　　　　　　　　　三　谷　　哲　央,,https://www.kaigiroku.net/cgi-bin/WWWdocHatugen.exe?A=docHatugen&RA=frameNittei&USR=miekenk&N=716&H=2300727,null
H2300727_60,三重県,第２回,1,23,5,9,定例,平成２３年第２回定例会 - 05月09日－01号 ,議長,議長,岩田隆嘉,臨時議長,45　　番　　　　　　　　　　　　　　中　村　　進　一,,https://www.kaigiroku.net/cgi-bin/WWWdocHatugen.exe?A=docHatugen&RA=frameNittei&USR=miekenk&N=716&H=2300727,null
H2300727_61,三重県,第２回,1,23,5,9,定例,平成２３年第２回定例会 - 05月09日－01号 ,議長,議長,岩田隆嘉,臨時議長,46　　番　　　　　　　　　　　　　　岩　田　　隆　嘉,,https://www.kaigiroku.net/cgi-bin/WWWdocHatugen.exe?A=docHatugen&RA=frameNittei&USR=miekenk&N=716&H=2300727,null
H2300727_62,三重県,第２回,1,23,5,9,定例,平成２３年第２回定例会 - 05月09日－01号 ,議長,議長,岩田隆嘉,臨時議長,47　　番　　　　　　　　　　　　　　貝　増　　吉　郎,,https://www.kaigiroku.net/cgi-bin/WWWdocHatugen.exe?A=docHatugen&RA=frameNittei&USR=miekenk&N=716&H=2300727,null
H2300727_63,三重県,第２回,1,23,5,9,定例,平成２３年第２回定例会 - 05月09日－01号 ,議長,議長,岩田隆嘉,臨時議長,48　　番　　　　　　　　　　　　　　山　本　　　　勝,,https://www.kaigiroku.net/cgi-bin/WWWdocHatugen.exe?A=docHatugen&RA=frameNittei&USR=miekenk&N=716&H=2300727,null
H2300727_64,三重県,第２回,1,23,5,9,定例,平成２３年第２回定例会 - 05月09日－01号 ,議長,議長,岩田隆嘉,臨時議長,49　　番　　　　　　　　　　　　　　永　田　　正　巳,,https://www.kaigiroku.net/cgi-bin/WWWdocHatugen.exe?A=docHatugen&RA=frameNittei&USR=miekenk&N=716&H=2300727,null
H2300727_65,三重県,第２回,1,23,5,9,定例,平成２３年第２回定例会 - 05月09日－01号 ,議長,議長,岩田隆嘉,臨時議長,50　　番　　　　　　　　　　　　　　山　本　　教　和,,https://www.kaigiroku.net/cgi-bin/WWWdocHatugen.exe?A=docHatugen&RA=frameNittei&USR=miekenk&N=716&H=2300727,null
H2300727_66,三重県,第２回,1,23,5,9,定例,平成２３年第２回定例会 - 05月09日－01号 ,議長,議長,岩田隆嘉,臨時議長,51　　番　　　　　　　　　　　　　　西　場　　信　行,,https://www.kaigiroku.net/cgi-bin/WWWdocHatugen.exe?A=docHatugen&RA=frameNittei&USR=miekenk&N=716&H=2300727,null
H2300727_67,三重県,第２回,1,23,5,9,定例,平成２３年第２回定例会 - 05月09日－01号 ,議長,議長,岩田隆嘉,臨時議長,52　　番　　　　　　　　　　　　　　中　川　　正　美,,https://www.kaigiroku.net/cgi-bin/WWWdocHatugen.exe?A=docHatugen&RA=frameNittei&USR=miekenk&N=716&H=2300727,null
H2300727_68,三重県,第２回,1,23,5,9,定例,平成２３年第２回定例会 - 05月09日－01号 ,議長,議長,岩田隆嘉,臨時議長,（42　　番　　　　　　　　　　　　　　欠　　　　　　番）,,https://www.kaigiroku.net/cgi-bin/WWWdocHatugen.exe?A=docHatugen&RA=frameNittei&USR=miekenk&N=716&H=2300727,null
H2300727_69,三重県,第２回,1,23,5,9,定例,平成２３年第２回定例会 - 05月09日－01号 ,議長,議長,岩田隆嘉,臨時議長,──────────────────,,https://www.kaigiroku.net/cgi-bin/WWWdocHatugen.exe?A=docHatugen&RA=frameNittei&USR=miekenk&N=716&H=2300727,null
H2300727_70,三重県,第２回,1,23,5,9,定例,平成２３年第２回定例会 - 05月09日－01号 ,議長,議長,岩田隆嘉,臨時議長,職務のため出席した事務局職員の職氏名,,https://www.kaigiroku.net/cgi-bin/WWWdocHatugen.exe?A=docHatugen&RA=frameNittei&USR=miekenk&N=716&H=2300727,null
H2300727_71,三重県,第２回,1,23,5,9,定例,平成２３年第２回定例会 - 05月09日－01号 ,議長,議長,岩田隆嘉,臨時議長,事務局長　　　　　　　　　　　　　　　　　林　　　　敏　一,,https://www.kaigiroku.net/cgi-bin/WWWdocHatugen.exe?A=docHatugen&RA=frameNittei&USR=miekenk&N=716&H=2300727,null
H2300727_72,三重県,第２回,1,23,5,9,定例,平成２３年第２回定例会 - 05月09日－01号 ,議長,議長,岩田隆嘉,臨時議長,書記（事務局次長）　　　　　　　　　　　　神　戸　　保　幸,,https://www.kaigiroku.net/cgi-bin/WWWdocHatugen.exe?A=docHatugen&RA=frameNittei&USR=miekenk&N=716&H=2300727,null
H2300727_73,三重県,第２回,1,23,5,9,定例,平成２３年第２回定例会 - 05月09日－01号 ,議長,議長,岩田隆嘉,臨時議長,書記（議事課長）　　　　　　　　　　　　　原　田　　孝　夫,,https://www.kaigiroku.net/cgi-bin/WWWdocHatugen.exe?A=docHatugen&RA=frameNittei&USR=miekenk&N=716&H=2300727,null
H2300727_74,三重県,第２回,1,23,5,9,定例,平成２３年第２回定例会 - 05月09日－01号 ,議長,議長,岩田隆嘉,臨時議長,書記（企画法務課長）　　　　　　　　　　　野　口　　幸　彦,,https://www.kaigiroku.net/cgi-bin/WWWdocHatugen.exe?A=docHatugen&RA=frameNittei&USR=miekenk&N=716&H=2300727,null
H2300727_75,三重県,第２回,1,23,5,9,定例,平成２３年第２回定例会 - 05月09日－01号 ,議長,議長,岩田隆嘉,臨時議長,書記（議事課副課長）　　　　　　　　　　　山　本　　秀　典,,https://www.kaigiroku.net/cgi-bin/WWWdocHatugen.exe?A=docHatugen&RA=frameNittei&USR=miekenk&N=716&H=2300727,null
H2300727_76,三重県,第２回,1,23,5,9,定例,平成２３年第２回定例会 - 05月09日－01号 ,議長,議長,岩田隆嘉,臨時議長,書記（議事課主幹）　　　　　　　　　　　　加　藤　　　　元,,https://www.kaigiroku.net/cgi-bin/WWWdocHatugen.exe?A=docHatugen&RA=frameNittei&USR=miekenk&N=716&H=2300727,null
H2300727_77,三重県,第２回,1,23,5,9,定例,平成２３年第２回定例会 - 05月09日－01号 ,議長,議長,岩田隆嘉,臨時議長,書記（議事課主査）　　　　　　　　　　　　藤　堂　　恵　生,,https://www.kaigiroku.net/cgi-bin/WWWdocHatugen.exe?A=docHatugen&RA=frameNittei&USR=miekenk&N=716&H=2300727,null
H2300727_78,三重県,第２回,1,23,5,9,定例,平成２３年第２回定例会 - 05月09日－01号 ,議長,議長,岩田隆嘉,臨時議長,──────────────────,,https://www.kaigiroku.net/cgi-bin/WWWdocHatugen.exe?A=docHatugen&RA=frameNittei&USR=miekenk&N=716&H=2300727,null
H2300727_79,三重県,第２回,1,23,5,9,定例,平成２３年第２回定例会 - 05月09日－01号 ,議長,議長,岩田隆嘉,臨時議長,会議に出席した説明員の職氏名,,https://www.kaigiroku.net/cgi-bin/WWWdocHatugen.exe?A=docHatugen&RA=frameNittei&USR=miekenk&N=716&H=2300727,null
H2300727_80,三重県,第２回,1,23,5,9,定例,平成２３年第２回定例会 - 05月09日－01号 ,議長,議長,岩田隆嘉,臨時議長,知事　　　　　　　　　　　　　　　　　　　鈴　木　　英　敬,,https://www.kaigiroku.net/cgi-bin/WWWdocHatugen.exe?A=docHatugen&RA=frameNittei&USR=miekenk&N=716&H=2300727,null
H2300727_81,三重県,第２回,1,23,5,9,定例,平成２３年第２回定例会 - 05月09日－01号 ,議長,議長,岩田隆嘉,臨時議長,副知事　　　　　　　　　　　　　　　　　　安　田　　敏　春,,https://www.kaigiroku.net/cgi-bin/WWWdocHatugen.exe?A=docHatugen&RA=frameNittei&USR=miekenk&N=716&H=2300727,null
H2300727_82,三重県,第２回,1,23,5,9,定例,平成２３年第２回定例会 - 05月09日－01号 ,議長,議長,岩田隆嘉,臨時議長,副知事　　　　　　　　　　　　　　　　　　江　畑　　賢　治,,https://www.kaigiroku.net/cgi-bin/WWWdocHatugen.exe?A=docHatugen&RA=frameNittei&USR=miekenk&N=716&H=2300727,null
H2300727_83,三重県,第２回,1,23,5,9,定例,平成２３年第２回定例会 - 05月09日－01号 ,議長,議長,岩田隆嘉,臨時議長,総務部長　　　　　　　　　　　　　　　　　植　田　　　　隆,,https://www.kaigiroku.net/cgi-bin/WWWdocHatugen.exe?A=docHatugen&RA=frameNittei&USR=miekenk&N=716&H=2300727,null
H2300727_84,三重県,第２回,1,23,5,9,定例,平成２３年第２回定例会 - 05月09日－01号 ,議長,議長,岩田隆嘉,臨時議長,──────────────────,,https://www.kaigiroku.net/cgi-bin/WWWdocHatugen.exe?A=docHatugen&RA=frameNittei&USR=miekenk&N=716&H=2300727,null
H2300727_85,三重県,第２回,1,23,5,9,定例,平成２３年第２回定例会 - 05月09日－01号 ,議長,議長,岩田隆嘉,臨時議長,午前10時40分開会・開議,,https://www.kaigiroku.net/cgi-bin/WWWdocHatugen.exe?A=docHatugen&RA=frameNittei&USR=miekenk&N=716&H=2300727,null
H2300729_1,三重県,第２回,1,23,5,9,定例,平成２３年第２回定例会 - 05月09日－01号 ,議長,議長,岩田隆嘉,臨時議長,ただいまから、平成23年第２回定例会を開会いたします。,,https://www.kaigiroku.net/cgi-bin/WWWdocHatugen.exe?A=docHatugen&RA=frameNittei&USR=miekenk&N=716&H=2300729,null
H2300729_2,三重県,第２回,1,23,5,9,定例,平成２３年第２回定例会 - 05月09日－01号 ,議長,議長,岩田隆嘉,臨時議長,直ちに本日の会議を開きます。,,https://www.kaigiroku.net/cgi-bin/WWWdocHatugen.exe?A=docHatugen&RA=frameNittei&USR=miekenk&N=716&H=2300729,null
H2300731_1,三重県,第２回,1,23,5,9,定例,平成２３年第２回定例会 - 05月09日－01号 ,議長,議長,岩田隆嘉,臨時議長,日程第１、議席決定の件を議題といたします。,,https://www.kaigiroku.net/cgi-bin/WWWdocHatugen.exe?A=docHatugen&RA=frameNittei&USR=miekenk&N=716&H=2300731,null
H2300731_2,三重県,第２回,1,23,5,9,定例,平成２３年第２回定例会 - 05月09日－01号 ,議長,議長,岩田隆嘉,臨時議長,お諮りいたします。,,https://www.kaigiroku.net/cgi-bin/WWWdocHatugen.exe?A=docHatugen&RA=frameNittei&USR=miekenk&N=716&H=2300731,null
H2300731_3,三重県,第２回,1,23,5,9,定例,平成２３年第２回定例会 - 05月09日－01号 ,議長,議長,岩田隆嘉,臨時議長,会議規則第２条第１項の規定により、議席は、ただいま御着席のとおりといたしたいと存じますが、御異議ありませんか。,,https://www.kaigiroku.net/cgi-bin/WWWdocHatugen.exe?A=docHatugen&RA=frameNittei&USR=miekenk&N=716&H=2300731,null
H2300731_4,三重県,第２回,1,23,5,9,定例,平成２３年第２回定例会 - 05月09日－01号 ,議長,議長,岩田隆嘉,臨時議長,〔「異議なし」と呼ぶ者あり〕,,https://www.kaigiroku.net/cgi-bin/WWWdocHatugen.exe?A=docHatugen&RA=frameNittei&USR=miekenk&N=716&H=2300731,null
H2300732_1,三重県,第２回,1,23,5,9,定例,平成２３年第２回定例会 - 05月09日－01号 ,議長,議長,岩田隆嘉,臨時議長,御異議なしと認め、そのように決定いたしました。,,https://www.kaigiroku.net/cgi-bin/WWWdocHatugen.exe?A=docHatugen&RA=frameNittei&USR=miekenk&N=716&H=2300732,null
H2300734_1,三重県,第２回,1,23,5,9,定例,平成２３年第２回定例会 - 05月09日－01号 ,議長,議長,岩田隆嘉,臨時議長,この際、報告いたします。,,https://www.kaigiroku.net/cgi-bin/WWWdocHatugen.exe?A=docHatugen&RA=frameNittei&USR=miekenk&N=716&H=2300734,null
H2300734_2,三重県,第２回,1,23,5,9,定例,平成２３年第２回定例会 - 05月09日－01号 ,議長,議長,岩田隆嘉,臨時議長,議案第１号から議案第５号まで並びに報告第１号から報告第21号までは、さきに配付いたしました。,,https://www.kaigiroku.net/cgi-bin/WWWdocHatugen.exe?A=docHatugen&RA=frameNittei&USR=miekenk&N=716&H=2300734,null
H2300734_3,三重県,第２回,1,23,5,9,定例,平成２３年第２回定例会 - 05月09日－01号 ,議長,議長,岩田隆嘉,臨時議長,次に、例月出納検査報告２件が提出されましたので、お手元に配付いたしました。,,https://www.kaigiroku.net/cgi-bin/WWWdocHatugen.exe?A=docHatugen&RA=frameNittei&USR=miekenk&N=716&H=2300734,null
H2300734_4,三重県,第２回,1,23,5,9,定例,平成２３年第２回定例会 - 05月09日－01号 ,議長,議長,岩田隆嘉,臨時議長,次に、説明のための出席要求につきましては、お手元に配付の名簿のとおり出席を求めました。,,https://www.kaigiroku.net/cgi-bin/WWWdocHatugen.exe?A=docHatugen&RA=frameNittei&USR=miekenk&N=716&H=2300734,null
H2300734_5,三重県,第２回,1,23,5,9,定例,平成２３年第２回定例会 - 05月09日－01号 ,議長,議長,岩田隆嘉,臨時議長,以上で報告を終わります。,,https://www.kaigiroku.net/cgi-bin/WWWdocHatugen.exe?A=docHatugen&RA=frameNittei&USR=miekenk&N=716&H=2300734,null
H2300734_6,三重県,第２回,1,23,5,9,定例,平成２３年第２回定例会 - 05月09日－01号 ,議長,議長,岩田隆嘉,臨時議長,──────────────────,,https://www.kaigiroku.net/cgi-bin/WWWdocHatugen.exe?A=docHatugen&RA=frameNittei&USR=miekenk&N=716&H=2300734,null
H2300737_1,三重県,第２回,1,23,5,9,定例,平成２３年第２回定例会 - 05月09日－01号 ,議長,議長,岩田隆嘉,臨時議長,日程第２、会議録署名議員の指名を行います。,,https://www.kaigiroku.net/cgi-bin/WWWdocHatugen.exe?A=docHatugen&RA=frameNittei&USR=miekenk&N=716&H=2300737,null
H2300737_2,三重県,第２回,1,23,5,9,定例,平成２３年第２回定例会 - 05月09日－01号 ,議長,議長,岩田隆嘉,臨時議長,会議録署名議員として、,,https://www.kaigiroku.net/cgi-bin/WWWdocHatugen.exe?A=docHatugen&RA=frameNittei&USR=miekenk&N=716&H=2300737,null
H2300737_3,三重県,第２回,1,23,5,9,定例,平成２３年第２回定例会 - 05月09日－01号 ,議長,議長,岩田隆嘉,臨時議長,13番　長　田　隆　尚　議員,,https://www.kaigiroku.net/cgi-bin/WWWdocHatugen.exe?A=docHatugen&RA=frameNittei&USR=miekenk&N=716&H=2300737,null
H2300737_4,三重県,第２回,1,23,5,9,定例,平成２３年第２回定例会 - 05月09日－01号 ,議長,議長,岩田隆嘉,臨時議長,14番　津　村　　　衛　議員,,https://www.kaigiroku.net/cgi-bin/WWWdocHatugen.exe?A=docHatugen&RA=frameNittei&USR=miekenk&N=716&H=2300737,null
H2300737_5,三重県,第２回,1,23,5,9,定例,平成２３年第２回定例会 - 05月09日－01号 ,議長,議長,岩田隆嘉,臨時議長,20番　村　林　　　聡　議員,,https://www.kaigiroku.net/cgi-bin/WWWdocHatugen.exe?A=docHatugen&RA=frameNittei&USR=miekenk&N=716&H=2300737,null
H2300737_6,三重県,第２回,1,23,5,9,定例,平成２３年第２回定例会 - 05月09日－01号 ,議長,議長,岩田隆嘉,臨時議長,以上、３名の方を指名いたします。,,https://www.kaigiroku.net/cgi-bin/WWWdocHatugen.exe?A=docHatugen&RA=frameNittei&USR=miekenk&N=716&H=2300737,null
H2300739_1,三重県,第２回,1,23,5,9,定例,平成２３年第２回定例会 - 05月09日－01号 ,議長,議長,岩田隆嘉,臨時議長,日程第３、会期決定の件を議題といたします。,,https://www.kaigiroku.net/cgi-bin/WWWdocHatugen.exe?A=docHatugen&RA=frameNittei&USR=miekenk&N=716&H=2300739,null
H2300739_2,三重県,第２回,1,23,5,9,定例,平成２３年第２回定例会 - 05月09日－01号 ,議長,議長,岩田隆嘉,臨時議長,お諮りいたします。,,https://www.kaigiroku.net/cgi-bin/WWWdocHatugen.exe?A=docHatugen&RA=frameNittei&USR=miekenk&N=716&H=2300739,null
H2300739_3,三重県,第２回,1,23,5,9,定例,平成２３年第２回定例会 - 05月09日－01号 ,議長,議長,岩田隆嘉,臨時議長,今期定例会の会期は、本日から６月28日までの51日間といたしたいと存じますが、御異議ありませんか。,,https://www.kaigiroku.net/cgi-bin/WWWdocHatugen.exe?A=docHatugen&RA=frameNittei&USR=miekenk&N=716&H=2300739,null
H2300739_4,三重県,第２回,1,23,5,9,定例,平成２３年第２回定例会 - 05月09日－01号 ,議長,議長,岩田隆嘉,臨時議長,〔「異議なし」と呼ぶ者あり〕,,https://www.kaigiroku.net/cgi-bin/WWWdocHatugen.exe?A=docHatugen&RA=frameNittei&USR=miekenk&N=716&H=2300739,null
H2300740_1,三重県,第２回,1,23,5,9,定例,平成２３年第２回定例会 - 05月09日－01号 ,議長,議長,岩田隆嘉,臨時議長,御異議なしと認め、会期は51日間と決定いたしました。,,https://www.kaigiroku.net/cgi-bin/WWWdocHatugen.exe?A=docHatugen&RA=frameNittei&USR=miekenk&N=716&H=2300740,null
H2300740_2,三重県,第２回,1,23,5,9,定例,平成２３年第２回定例会 - 05月09日－01号 ,議長,議長,岩田隆嘉,臨時議長,以上をもって、本日の日程は終了いたしました。,,https://www.kaigiroku.net/cgi-bin/WWWdocHatugen.exe?A=docHatugen&RA=frameNittei&USR=miekenk&N=716&H=2300740,null
H2300742_1,三重県,第２回,1,23,5,9,定例,平成２３年第２回定例会 - 05月09日－01号 ,議長,議長,岩田隆嘉,臨時議長,お諮りいたします。,,https://www.kaigiroku.net/cgi-bin/WWWdocHatugen.exe?A=docHatugen&RA=frameNittei&USR=miekenk&N=716&H=2300742,null
H2300742_2,三重県,第２回,1,23,5,9,定例,平成２３年第２回定例会 - 05月09日－01号 ,議長,議長,岩田隆嘉,臨時議長,明10日及び11日は休会といたしたいと存じますが、御異議ありませんか。,,https://www.kaigiroku.net/cgi-bin/WWWdocHatugen.exe?A=docHatugen&RA=frameNittei&USR=miekenk&N=716&H=2300742,null
H2300742_3,三重県,第２回,1,23,5,9,定例,平成２３年第２回定例会 - 05月09日－01号 ,議長,議長,岩田隆嘉,臨時議長,〔「異議なし」と呼ぶ者あり〕,,https://www.kaigiroku.net/cgi-bin/WWWdocHatugen.exe?A=docHatugen&RA=frameNittei&USR=miekenk&N=716&H=2300742,null
H2300743_1,三重県,第２回,1,23,5,9,定例,平成２３年第２回定例会 - 05月09日－01号 ,議長,議長,岩田隆嘉,臨時議長,御異議なしと認め、明10日及び11日は休会とすることに決定いたしました。,,https://www.kaigiroku.net/cgi-bin/WWWdocHatugen.exe?A=docHatugen&RA=frameNittei&USR=miekenk&N=716&H=2300743,null
H2300743_2,三重県,第２回,1,23,5,9,定例,平成２３年第２回定例会 - 05月09日－01号 ,議長,議長,岩田隆嘉,臨時議長,５月12日は、定刻より本会議を開きます。,,https://www.kaigiroku.net/cgi-bin/WWWdocHatugen.exe?A=docHatugen&RA=frameNittei&USR=miekenk&N=716&H=2300743,null
H2300745_1,三重県,第２回,1,23,5,9,定例,平成２３年第２回定例会 - 05月09日－01号 ,議長,議長,岩田隆嘉,臨時議長,本日はこれをもって散会いたします。,,https://www.kaigiroku.net/cgi-bin/WWWdocHatugen.exe?A=docHatugen&RA=frameNittei&USR=miekenk&N=716&H=2300745,null
H2300745_2,三重県,第２回,1,23,5,9,定例,平成２３年第２回定例会 - 05月09日－01号 ,議長,議長,岩田隆嘉,臨時議長,午前10時42分散会,,https://www.kaigiroku.net/cgi-bin/WWWdocHatugen.exe?A=docHatugen&RA=frameNittei&USR=miekenk&N=716&H=2300745,null
