H3400409_1,岐阜県,第２回,1,23,5,10,臨時,平成２３年　　５月　臨時会（第２回） - 05月10日－01号 ,答弁者,その他,島田清,事務局長,ただいまから開会式を行います。,,https://www.kaigiroku.net/cgi-bin/WWWdocHatugen.exe?A=docHatugen&RA=frameNittei&USR=gifgifk&N=634&H=3400409,null
H3400409_2,岐阜県,第２回,1,23,5,10,臨時,平成２３年　　５月　臨時会（第２回） - 05月10日－01号 ,答弁者,その他,島田清,事務局長,一般選挙後、最初の議会でありますので、議長が選挙されるまでの間は、地方自治法第百七条の規定によりまして、年長議員の方に臨時に議長の職務を行っていただくことになっております。,,https://www.kaigiroku.net/cgi-bin/WWWdocHatugen.exe?A=docHatugen&RA=frameNittei&USR=gifgifk&N=634&H=3400409,null
H3400409_3,岐阜県,第２回,1,23,5,10,臨時,平成２３年　　５月　臨時会（第２回） - 05月10日－01号 ,答弁者,その他,島田清,事務局長,出席議員中、平野恭弘議員が年長者でございますので、臨時に議長の職務をお願いいたします。,,https://www.kaigiroku.net/cgi-bin/WWWdocHatugen.exe?A=docHatugen&RA=frameNittei&USR=gifgifk&N=634&H=3400409,null
H3400409_4,岐阜県,第２回,1,23,5,10,臨時,平成２３年　　５月　臨時会（第２回） - 05月10日－01号 ,答弁者,その他,島田清,事務局長,臨時議長からあいさつをいただきます。,,https://www.kaigiroku.net/cgi-bin/WWWdocHatugen.exe?A=docHatugen&RA=frameNittei&USR=gifgifk&N=634&H=3400409,null
H3400409_5,岐阜県,第２回,1,23,5,10,臨時,平成２３年　　５月　臨時会（第２回） - 05月10日－01号 ,答弁者,その他,島田清,事務局長,〔臨時議長　平野恭弘君登壇〕,,https://www.kaigiroku.net/cgi-bin/WWWdocHatugen.exe?A=docHatugen&RA=frameNittei&USR=gifgifk&N=634&H=3400409,null
H3400410_1,岐阜県,第２回,1,23,5,10,臨時,平成２３年　　５月　臨時会（第２回） - 05月10日－01号 ,議長,議長,平野恭弘,臨時議長,一言ごあいさつ申し上げます。,,https://www.kaigiroku.net/cgi-bin/WWWdocHatugen.exe?A=docHatugen&RA=frameNittei&USR=gifgifk&N=634&H=3400410,null
H3400410_2,岐阜県,第２回,1,23,5,10,臨時,平成２３年　　５月　臨時会（第２回） - 05月10日－01号 ,議長,議長,平野恭弘,臨時議長,議員各位には、このたびの選挙において、めでたく当選されましたことは、まことに御同慶にたえないところでございます。,,https://www.kaigiroku.net/cgi-bin/WWWdocHatugen.exe?A=docHatugen&RA=frameNittei&USR=gifgifk&N=634&H=3400410,null
H3400410_3,岐阜県,第２回,1,23,5,10,臨時,平成２３年　　５月　臨時会（第２回） - 05月10日－01号 ,議長,議長,平野恭弘,臨時議長,本臨時議会は、新議会の組織等を決める極めて重要な議会でございます。,,https://www.kaigiroku.net/cgi-bin/WWWdocHatugen.exe?A=docHatugen&RA=frameNittei&USR=gifgifk&N=634&H=3400410,null
H3400410_4,岐阜県,第２回,1,23,5,10,臨時,平成２３年　　５月　臨時会（第２回） - 05月10日－01号 ,議長,議長,平野恭弘,臨時議長,私が年長議員のゆえをもちまして、地方自治法の規定により、議長選挙までの間、臨時に議長の職務を行いますので、格別の御協力をお願い申し上げまして、ごあいさつとさせていただきます。,,https://www.kaigiroku.net/cgi-bin/WWWdocHatugen.exe?A=docHatugen&RA=frameNittei&USR=gifgifk&N=634&H=3400410,null
H3400411_1,岐阜県,第２回,1,23,5,10,臨時,平成２３年　　５月　臨時会（第２回） - 05月10日－01号 ,答弁者,その他,島田清,事務局長,知事からあいさつをいただきます。,,https://www.kaigiroku.net/cgi-bin/WWWdocHatugen.exe?A=docHatugen&RA=frameNittei&USR=gifgifk&N=634&H=3400411,null
H3400411_2,岐阜県,第２回,1,23,5,10,臨時,平成２３年　　５月　臨時会（第２回） - 05月10日－01号 ,答弁者,その他,島田清,事務局長,〔知事　古田　肇君登壇〕,,https://www.kaigiroku.net/cgi-bin/WWWdocHatugen.exe?A=docHatugen&RA=frameNittei&USR=gifgifk&N=634&H=3400411,null
H3400412_1,岐阜県,第２回,1,23,5,10,臨時,平成２３年　　５月　臨時会（第２回） - 05月10日－01号 ,答弁者,知事,古田肇,知事,おはようございます。,,https://www.kaigiroku.net/cgi-bin/WWWdocHatugen.exe?A=docHatugen&RA=frameNittei&USR=gifgifk&N=634&H=3400412,null
H3400412_2,岐阜県,第２回,1,23,5,10,臨時,平成２３年　　５月　臨時会（第２回） - 05月10日－01号 ,答弁者,知事,古田肇,知事,開会に当たりまして一言ごあいさつ申し上げます。,,https://www.kaigiroku.net/cgi-bin/WWWdocHatugen.exe?A=docHatugen&RA=frameNittei&USR=gifgifk&N=634&H=3400412,null
H3400412_3,岐阜県,第２回,1,23,5,10,臨時,平成２３年　　５月　臨時会（第２回） - 05月10日－01号 ,答弁者,知事,古田肇,知事,東日本大震災の発生から、二カ月が経過しようとしております。,,https://www.kaigiroku.net/cgi-bin/WWWdocHatugen.exe?A=docHatugen&RA=frameNittei&USR=gifgifk&N=634&H=3400412,null
H3400412_4,岐阜県,第２回,1,23,5,10,臨時,平成２３年　　５月　臨時会（第２回） - 05月10日－01号 ,答弁者,知事,古田肇,知事,改めまして、お亡くなりになられました方々と御遺族に対し、深く哀悼の意を表しますとともに、被災された方々に心からお見舞い申し上げ、一日も早い復興、そして再生を願うところでございます。,,https://www.kaigiroku.net/cgi-bin/WWWdocHatugen.exe?A=docHatugen&RA=frameNittei&USR=gifgifk&N=634&H=3400412,null
H3400412_5,岐阜県,第２回,1,23,5,10,臨時,平成２３年　　５月　臨時会（第２回） - 05月10日－01号 ,答弁者,知事,古田肇,知事,さて、皆様方におかれましては、去る四月十日に執行されました県議会議員選挙におきまして、見事に当選をかち取られ、晴れて県民の代表者として、本日この臨時県議会に御参集いただきました。,,https://www.kaigiroku.net/cgi-bin/WWWdocHatugen.exe?A=docHatugen&RA=frameNittei&USR=gifgifk&N=634&H=3400412,null
H3400412_6,岐阜県,第２回,1,23,5,10,臨時,平成２３年　　５月　臨時会（第２回） - 05月10日－01号 ,答弁者,知事,古田肇,知事,申し上げるまでもなく、このことは議員各位の卓越した御見識と、常日ごろの県政に対する御情熱が多数の県民によって理解され、その強い支持を受けられたことにほかなりません。,,https://www.kaigiroku.net/cgi-bin/WWWdocHatugen.exe?A=docHatugen&RA=frameNittei&USR=gifgifk&N=634&H=3400412,null
H3400412_7,岐阜県,第２回,1,23,5,10,臨時,平成２３年　　５月　臨時会（第２回） - 05月10日－01号 ,答弁者,知事,古田肇,知事,ここに謹んで敬意を表し、心からお祝いを申し上げますとともに、県政発展のために御尽力いただきますことを御期待申し上げる次第でございます。,,https://www.kaigiroku.net/cgi-bin/WWWdocHatugen.exe?A=docHatugen&RA=frameNittei&USR=gifgifk&N=634&H=3400412,null
H3400412_8,岐阜県,第２回,1,23,5,10,臨時,平成２３年　　５月　臨時会（第２回） - 05月10日－01号 ,答弁者,知事,古田肇,知事,平成二十三年度の県政の課題は、来年の「ぎふ清流国体・ぎふ清流大会」開催を念頭に置いた「清流の国ぎふ」づくりに向けた政策展開と行財政改革アクションプランの着実な推進であります。,,https://www.kaigiroku.net/cgi-bin/WWWdocHatugen.exe?A=docHatugen&RA=frameNittei&USR=gifgifk&N=634&H=3400412,null
H3400412_9,岐阜県,第２回,1,23,5,10,臨時,平成２３年　　５月　臨時会（第２回） - 05月10日－01号 ,答弁者,知事,古田肇,知事,これに加え、喫緊の課題として、被災地支援、県地域防災計画などの見直し、経済、雇用、観光の再活性化など、このたびの大震災への対応があります。,,https://www.kaigiroku.net/cgi-bin/WWWdocHatugen.exe?A=docHatugen&RA=frameNittei&USR=gifgifk&N=634&H=3400412,null
H3400412_10,岐阜県,第２回,1,23,5,10,臨時,平成２３年　　５月　臨時会（第２回） - 05月10日－01号 ,答弁者,知事,古田肇,知事,このような課題に対して、今後とも職員と一丸となって取り組んでまいる所存でございます。,,https://www.kaigiroku.net/cgi-bin/WWWdocHatugen.exe?A=docHatugen&RA=frameNittei&USR=gifgifk&N=634&H=3400412,null
H3400412_11,岐阜県,第２回,1,23,5,10,臨時,平成２３年　　５月　臨時会（第２回） - 05月10日－01号 ,答弁者,知事,古田肇,知事,議員の皆様方の御理解と御協力を改めてお願い申し上げまして、開会のごあいさつとさせていただきます。,,https://www.kaigiroku.net/cgi-bin/WWWdocHatugen.exe?A=docHatugen&RA=frameNittei&USR=gifgifk&N=634&H=3400412,null
H3400413_1,岐阜県,第２回,1,23,5,10,臨時,平成２３年　　５月　臨時会（第２回） - 05月10日－01号 ,答弁者,その他,島田清,事務局長,これをもちまして開会式を終わります。,,https://www.kaigiroku.net/cgi-bin/WWWdocHatugen.exe?A=docHatugen&RA=frameNittei&USR=gifgifk&N=634&H=3400413,null
H3400413_2,岐阜県,第２回,1,23,5,10,臨時,平成２３年　　５月　臨時会（第２回） - 05月10日－01号 ,答弁者,その他,島田清,事務局長,〔一同着席〕,,https://www.kaigiroku.net/cgi-bin/WWWdocHatugen.exe?A=docHatugen&RA=frameNittei&USR=gifgifk&N=634&H=3400413,null
H3400413_3,岐阜県,第２回,1,23,5,10,臨時,平成２３年　　５月　臨時会（第２回） - 05月10日－01号 ,答弁者,その他,島田清,事務局長,……………………………………………………………………………………………,,https://www.kaigiroku.net/cgi-bin/WWWdocHatugen.exe?A=docHatugen&RA=frameNittei&USR=gifgifk&N=634&H=3400413,null
H3400414_1,岐阜県,第２回,1,23,5,10,臨時,平成２３年　　５月　臨時会（第２回） - 05月10日－01号 ,議長,議長,平野恭弘,臨時議長,開会に先立ち、新任の副知事及び代表監査委員にごあいさつをいただきます。,,https://www.kaigiroku.net/cgi-bin/WWWdocHatugen.exe?A=docHatugen&RA=frameNittei&USR=gifgifk&N=634&H=3400414,null
H3400414_2,岐阜県,第２回,1,23,5,10,臨時,平成２３年　　５月　臨時会（第２回） - 05月10日－01号 ,議長,議長,平野恭弘,臨時議長,副知事　渕上俊則君。,,https://www.kaigiroku.net/cgi-bin/WWWdocHatugen.exe?A=docHatugen&RA=frameNittei&USR=gifgifk&N=634&H=3400414,null
H3400414_3,岐阜県,第２回,1,23,5,10,臨時,平成２３年　　５月　臨時会（第２回） - 05月10日－01号 ,議長,議長,平野恭弘,臨時議長,〔副知事　渕上俊則君登壇〕,,https://www.kaigiroku.net/cgi-bin/WWWdocHatugen.exe?A=docHatugen&RA=frameNittei&USR=gifgifk&N=634&H=3400414,null
H3400415_1,岐阜県,第２回,1,23,5,10,臨時,平成２３年　　５月　臨時会（第２回） - 05月10日－01号 ,答弁者,副知事,渕上俊則,副知事,去る三月の県議会におきまして副知事選任の同意を賜り、まことにありがとうございます。,,https://www.kaigiroku.net/cgi-bin/WWWdocHatugen.exe?A=docHatugen&RA=frameNittei&USR=gifgifk&N=634&H=3400415,null
H3400415_2,岐阜県,第２回,1,23,5,10,臨時,平成２３年　　５月　臨時会（第２回） - 05月10日－01号 ,答弁者,副知事,渕上俊則,副知事,四月一日に副知事を拝命し、その職責の重さに身の引き締まる思いでございます。,,https://www.kaigiroku.net/cgi-bin/WWWdocHatugen.exe?A=docHatugen&RA=frameNittei&USR=gifgifk&N=634&H=3400415,null
H3400415_3,岐阜県,第２回,1,23,5,10,臨時,平成２３年　　５月　臨時会（第２回） - 05月10日－01号 ,答弁者,副知事,渕上俊則,副知事,県政発展のため、副知事として知事を支え、粉骨砕身努力する覚悟でございますので、県議会の先生方には格別の御指導、御鞭撻を賜りますようお願い申し上げ、就任のごあいさつといたします。,,https://www.kaigiroku.net/cgi-bin/WWWdocHatugen.exe?A=docHatugen&RA=frameNittei&USR=gifgifk&N=634&H=3400415,null
H3400415_4,岐阜県,第２回,1,23,5,10,臨時,平成２３年　　５月　臨時会（第２回） - 05月10日－01号 ,答弁者,副知事,渕上俊則,副知事,どうぞよろしくお願いいたします。,,https://www.kaigiroku.net/cgi-bin/WWWdocHatugen.exe?A=docHatugen&RA=frameNittei&USR=gifgifk&N=634&H=3400415,null
H3400415_5,岐阜県,第２回,1,23,5,10,臨時,平成２３年　　５月　臨時会（第２回） - 05月10日－01号 ,答弁者,副知事,渕上俊則,副知事,（拍手）,,https://www.kaigiroku.net/cgi-bin/WWWdocHatugen.exe?A=docHatugen&RA=frameNittei&USR=gifgifk&N=634&H=3400415,null
H3400416_1,岐阜県,第２回,1,23,5,10,臨時,平成２３年　　５月　臨時会（第２回） - 05月10日－01号 ,議長,議長,平野恭弘,臨時議長,代表監査委員　鵜飼　誠君。,,https://www.kaigiroku.net/cgi-bin/WWWdocHatugen.exe?A=docHatugen&RA=frameNittei&USR=gifgifk&N=634&H=3400416,null
H3400416_2,岐阜県,第２回,1,23,5,10,臨時,平成２３年　　５月　臨時会（第２回） - 05月10日－01号 ,議長,議長,平野恭弘,臨時議長,〔代表監査委員　鵜飼　誠君登壇〕,,https://www.kaigiroku.net/cgi-bin/WWWdocHatugen.exe?A=docHatugen&RA=frameNittei&USR=gifgifk&N=634&H=3400416,null
H3400417_1,岐阜県,第２回,1,23,5,10,臨時,平成２３年　　５月　臨時会（第２回） - 05月10日－01号 ,答弁者,その他,鵜飼誠,代表監査委員,三月の県議会におきまして、監査委員の選任同意をいただきました鵜飼　誠でございます。,,https://www.kaigiroku.net/cgi-bin/WWWdocHatugen.exe?A=docHatugen&RA=frameNittei&USR=gifgifk&N=634&H=3400417,null
H3400417_2,岐阜県,第２回,1,23,5,10,臨時,平成２３年　　５月　臨時会（第２回） - 05月10日－01号 ,答弁者,その他,鵜飼誠,代表監査委員,四月一日に古田知事より常勤の監査委員に任命するという辞令をいただきまして、代表監査委員として岐阜県に勤務させていただくこととなりました。,,https://www.kaigiroku.net/cgi-bin/WWWdocHatugen.exe?A=docHatugen&RA=frameNittei&USR=gifgifk&N=634&H=3400417,null
H3400417_3,岐阜県,第２回,1,23,5,10,臨時,平成２３年　　５月　臨時会（第２回） - 05月10日－01号 ,答弁者,その他,鵜飼誠,代表監査委員,地方自治法におけます監査制度、監査委員制度の重要性を強く認識しまして、微力ではございますが、誠心誠意、公平・公正かつ厳正な監査を通じまして、県民から信頼される県政の発展に貢献できるよう尽力する所存でございます。,,https://www.kaigiroku.net/cgi-bin/WWWdocHatugen.exe?A=docHatugen&RA=frameNittei&USR=gifgifk&N=634&H=3400417,null
H3400417_4,岐阜県,第２回,1,23,5,10,臨時,平成２３年　　５月　臨時会（第２回） - 05月10日－01号 ,答弁者,その他,鵜飼誠,代表監査委員,議会の諸先生方からもよろしく御指導、御鞭撻をお願い申し上げて私のごあいさつとさせていただきます。,,https://www.kaigiroku.net/cgi-bin/WWWdocHatugen.exe?A=docHatugen&RA=frameNittei&USR=gifgifk&N=634&H=3400417,null
H3400417_5,岐阜県,第２回,1,23,5,10,臨時,平成２３年　　５月　臨時会（第２回） - 05月10日－01号 ,答弁者,その他,鵜飼誠,代表監査委員,ありがとうございます。,,https://www.kaigiroku.net/cgi-bin/WWWdocHatugen.exe?A=docHatugen&RA=frameNittei&USR=gifgifk&N=634&H=3400417,null
H3400417_6,岐阜県,第２回,1,23,5,10,臨時,平成２３年　　５月　臨時会（第２回） - 05月10日－01号 ,答弁者,その他,鵜飼誠,代表監査委員,（拍手）,,https://www.kaigiroku.net/cgi-bin/WWWdocHatugen.exe?A=docHatugen&RA=frameNittei&USR=gifgifk&N=634&H=3400417,null
H3400418_1,岐阜県,第２回,1,23,5,10,臨時,平成２３年　　５月　臨時会（第２回） - 05月10日－01号 ,議長,議長,平野恭弘,臨時議長,続きまして、執行部の新任幹部の紹介をいたします。,,https://www.kaigiroku.net/cgi-bin/WWWdocHatugen.exe?A=docHatugen&RA=frameNittei&USR=gifgifk&N=634&H=3400418,null
H3400418_2,岐阜県,第２回,1,23,5,10,臨時,平成２３年　　５月　臨時会（第２回） - 05月10日－01号 ,議長,議長,平野恭弘,臨時議長,自席で御起立願います。,,https://www.kaigiroku.net/cgi-bin/WWWdocHatugen.exe?A=docHatugen&RA=frameNittei&USR=gifgifk&N=634&H=3400418,null
H3400418_3,岐阜県,第２回,1,23,5,10,臨時,平成２３年　　５月　臨時会（第２回） - 05月10日－01号 ,議長,議長,平野恭弘,臨時議長,会計管理者　渡辺　厚君。,,https://www.kaigiroku.net/cgi-bin/WWWdocHatugen.exe?A=docHatugen&RA=frameNittei&USR=gifgifk&N=634&H=3400418,null
H3400418_4,岐阜県,第２回,1,23,5,10,臨時,平成２３年　　５月　臨時会（第２回） - 05月10日－01号 ,議長,議長,平野恭弘,臨時議長,〔会計管理者　渡辺　厚君起立〕,,https://www.kaigiroku.net/cgi-bin/WWWdocHatugen.exe?A=docHatugen&RA=frameNittei&USR=gifgifk&N=634&H=3400418,null
H3400418_5,岐阜県,第２回,1,23,5,10,臨時,平成２３年　　５月　臨時会（第２回） - 05月10日－01号 ,議長,議長,平野恭弘,臨時議長,総合企画部長　安福正寿君。,,https://www.kaigiroku.net/cgi-bin/WWWdocHatugen.exe?A=docHatugen&RA=frameNittei&USR=gifgifk&N=634&H=3400418,null
H3400418_6,岐阜県,第２回,1,23,5,10,臨時,平成２３年　　５月　臨時会（第２回） - 05月10日－01号 ,議長,議長,平野恭弘,臨時議長,〔総合企画部長　安福正寿君起立〕,,https://www.kaigiroku.net/cgi-bin/WWWdocHatugen.exe?A=docHatugen&RA=frameNittei&USR=gifgifk&N=634&H=3400418,null
H3400418_7,岐阜県,第２回,1,23,5,10,臨時,平成２３年　　５月　臨時会（第２回） - 05月10日－01号 ,議長,議長,平野恭弘,臨時議長,農政部長　平工孝義君。,,https://www.kaigiroku.net/cgi-bin/WWWdocHatugen.exe?A=docHatugen&RA=frameNittei&USR=gifgifk&N=634&H=3400418,null
H3400418_8,岐阜県,第２回,1,23,5,10,臨時,平成２３年　　５月　臨時会（第２回） - 05月10日－01号 ,議長,議長,平野恭弘,臨時議長,〔農政部長　平工孝義君起立〕,,https://www.kaigiroku.net/cgi-bin/WWWdocHatugen.exe?A=docHatugen&RA=frameNittei&USR=gifgifk&N=634&H=3400418,null
H3400418_9,岐阜県,第２回,1,23,5,10,臨時,平成２３年　　５月　臨時会（第２回） - 05月10日－01号 ,議長,議長,平野恭弘,臨時議長,労働委員会事務局長　洞田厚男君。,,https://www.kaigiroku.net/cgi-bin/WWWdocHatugen.exe?A=docHatugen&RA=frameNittei&USR=gifgifk&N=634&H=3400418,null
H3400418_10,岐阜県,第２回,1,23,5,10,臨時,平成２３年　　５月　臨時会（第２回） - 05月10日－01号 ,議長,議長,平野恭弘,臨時議長,〔労働委員会事務局長　洞田厚男君起立〕,,https://www.kaigiroku.net/cgi-bin/WWWdocHatugen.exe?A=docHatugen&RA=frameNittei&USR=gifgifk&N=634&H=3400418,null
H3400418_11,岐阜県,第２回,1,23,5,10,臨時,平成２３年　　５月　臨時会（第２回） - 05月10日－01号 ,議長,議長,平野恭弘,臨時議長,……………………………………………………………………………………………,,https://www.kaigiroku.net/cgi-bin/WWWdocHatugen.exe?A=docHatugen&RA=frameNittei&USR=gifgifk&N=634&H=3400418,null
H3400425_1,岐阜県,第２回,1,23,5,10,臨時,平成２３年　　５月　臨時会（第２回） - 05月10日－01号 ,議長,議長,平野恭弘,臨時議長,ただいまから平成二十三年第二回岐阜県議会臨時会を開会し、本日の会議を開きます。,,https://www.kaigiroku.net/cgi-bin/WWWdocHatugen.exe?A=docHatugen&RA=frameNittei&USR=gifgifk&N=634&H=3400425,null
H3400425_2,岐阜県,第２回,1,23,5,10,臨時,平成２３年　　５月　臨時会（第２回） - 05月10日－01号 ,議長,議長,平野恭弘,臨時議長,……………………………………………………………………………………………,,https://www.kaigiroku.net/cgi-bin/WWWdocHatugen.exe?A=docHatugen&RA=frameNittei&USR=gifgifk&N=634&H=3400425,null
H3400426_1,岐阜県,第２回,1,23,5,10,臨時,平成２３年　　５月　臨時会（第２回） - 05月10日－01号 ,議長,議長,平野恭弘,臨時議長,この際、議事の進行上、仮議席を指定いたします。,,https://www.kaigiroku.net/cgi-bin/WWWdocHatugen.exe?A=docHatugen&RA=frameNittei&USR=gifgifk&N=634&H=3400426,null
H3400426_2,岐阜県,第２回,1,23,5,10,臨時,平成２３年　　５月　臨時会（第２回） - 05月10日－01号 ,議長,議長,平野恭弘,臨時議長,仮議席は、ただいま御着席の議席といたします。,,https://www.kaigiroku.net/cgi-bin/WWWdocHatugen.exe?A=docHatugen&RA=frameNittei&USR=gifgifk&N=634&H=3400426,null
H3400426_3,岐阜県,第２回,1,23,5,10,臨時,平成２３年　　５月　臨時会（第２回） - 05月10日－01号 ,議長,議長,平野恭弘,臨時議長,……………………………………………………………………………………………,,https://www.kaigiroku.net/cgi-bin/WWWdocHatugen.exe?A=docHatugen&RA=frameNittei&USR=gifgifk&N=634&H=3400426,null
H3400427_1,岐阜県,第２回,1,23,5,10,臨時,平成２３年　　５月　臨時会（第２回） - 05月10日－01号 ,議長,議長,平野恭弘,臨時議長,日程第一　議長の選挙を行います。,,https://www.kaigiroku.net/cgi-bin/WWWdocHatugen.exe?A=docHatugen&RA=frameNittei&USR=gifgifk&N=634&H=3400427,null
H3400427_2,岐阜県,第２回,1,23,5,10,臨時,平成２３年　　５月　臨時会（第２回） - 05月10日－01号 ,議長,議長,平野恭弘,臨時議長,選挙は投票により行います。,,https://www.kaigiroku.net/cgi-bin/WWWdocHatugen.exe?A=docHatugen&RA=frameNittei&USR=gifgifk&N=634&H=3400427,null
H3400427_3,岐阜県,第２回,1,23,5,10,臨時,平成２３年　　５月　臨時会（第２回） - 05月10日－01号 ,議長,議長,平野恭弘,臨時議長,議場の閉鎖を命じます。,,https://www.kaigiroku.net/cgi-bin/WWWdocHatugen.exe?A=docHatugen&RA=frameNittei&USR=gifgifk&N=634&H=3400427,null
H3400427_4,岐阜県,第２回,1,23,5,10,臨時,平成２３年　　５月　臨時会（第２回） - 05月10日－01号 ,議長,議長,平野恭弘,臨時議長,（議場閉鎖）,,https://www.kaigiroku.net/cgi-bin/WWWdocHatugen.exe?A=docHatugen&RA=frameNittei&USR=gifgifk&N=634&H=3400427,null
H3400428_1,岐阜県,第２回,1,23,5,10,臨時,平成２３年　　５月　臨時会（第２回） - 05月10日－01号 ,議長,議長,平野恭弘,臨時議長,ただいまの出席議員は四十六人であります。,,https://www.kaigiroku.net/cgi-bin/WWWdocHatugen.exe?A=docHatugen&RA=frameNittei&USR=gifgifk&N=634&H=3400428,null
H3400428_2,岐阜県,第２回,1,23,5,10,臨時,平成２３年　　５月　臨時会（第２回） - 05月10日－01号 ,議長,議長,平野恭弘,臨時議長,投票用紙を配布いたします。,,https://www.kaigiroku.net/cgi-bin/WWWdocHatugen.exe?A=docHatugen&RA=frameNittei&USR=gifgifk&N=634&H=3400428,null
H3400428_3,岐阜県,第２回,1,23,5,10,臨時,平成２３年　　５月　臨時会（第２回） - 05月10日－01号 ,議長,議長,平野恭弘,臨時議長,念のため申し上げます。,,https://www.kaigiroku.net/cgi-bin/WWWdocHatugen.exe?A=docHatugen&RA=frameNittei&USR=gifgifk&N=634&H=3400428,null
H3400428_4,岐阜県,第２回,1,23,5,10,臨時,平成２３年　　５月　臨時会（第２回） - 05月10日－01号 ,議長,議長,平野恭弘,臨時議長,投票は単記無記名であります。,,https://www.kaigiroku.net/cgi-bin/WWWdocHatugen.exe?A=docHatugen&RA=frameNittei&USR=gifgifk&N=634&H=3400428,null
H3400428_5,岐阜県,第２回,1,23,5,10,臨時,平成２３年　　５月　臨時会（第２回） - 05月10日－01号 ,議長,議長,平野恭弘,臨時議長,（投票用紙配布）,,https://www.kaigiroku.net/cgi-bin/WWWdocHatugen.exe?A=docHatugen&RA=frameNittei&USR=gifgifk&N=634&H=3400428,null
H3400429_1,岐阜県,第２回,1,23,5,10,臨時,平成２３年　　５月　臨時会（第２回） - 05月10日－01号 ,議長,議長,平野恭弘,臨時議長,投票用紙の配布漏れはありませんか。,,https://www.kaigiroku.net/cgi-bin/WWWdocHatugen.exe?A=docHatugen&RA=frameNittei&USR=gifgifk&N=634&H=3400429,null
H3400429_2,岐阜県,第２回,1,23,5,10,臨時,平成２３年　　５月　臨時会（第２回） - 05月10日－01号 ,議長,議長,平野恭弘,臨時議長,〔「なし」と呼ぶ者あり〕,,https://www.kaigiroku.net/cgi-bin/WWWdocHatugen.exe?A=docHatugen&RA=frameNittei&USR=gifgifk&N=634&H=3400429,null
H3400430_1,岐阜県,第２回,1,23,5,10,臨時,平成２３年　　５月　臨時会（第２回） - 05月10日－01号 ,議長,議長,平野恭弘,臨時議長,配布漏れなしと認めます。,,https://www.kaigiroku.net/cgi-bin/WWWdocHatugen.exe?A=docHatugen&RA=frameNittei&USR=gifgifk&N=634&H=3400430,null
H3400430_2,岐阜県,第２回,1,23,5,10,臨時,平成２３年　　５月　臨時会（第２回） - 05月10日－01号 ,議長,議長,平野恭弘,臨時議長,岐阜県議会会議規則第二十二条の規定により、立会人に十三番　太田維久君、二十五番　野島征夫君、二十九番　森　正弘君の三人を指名いたします。,,https://www.kaigiroku.net/cgi-bin/WWWdocHatugen.exe?A=docHatugen&RA=frameNittei&USR=gifgifk&N=634&H=3400430,null
H3400430_3,岐阜県,第２回,1,23,5,10,臨時,平成２３年　　５月　臨時会（第２回） - 05月10日－01号 ,議長,議長,平野恭弘,臨時議長,立会人の立ち会いを願います。,,https://www.kaigiroku.net/cgi-bin/WWWdocHatugen.exe?A=docHatugen&RA=frameNittei&USR=gifgifk&N=634&H=3400430,null
H3400430_4,岐阜県,第２回,1,23,5,10,臨時,平成２３年　　５月　臨時会（第２回） - 05月10日－01号 ,議長,議長,平野恭弘,臨時議長,（立会人登壇）,,https://www.kaigiroku.net/cgi-bin/WWWdocHatugen.exe?A=docHatugen&RA=frameNittei&USR=gifgifk&N=634&H=3400430,null
H3400431_1,岐阜県,第２回,1,23,5,10,臨時,平成２３年　　５月　臨時会（第２回） - 05月10日－01号 ,議長,議長,平野恭弘,臨時議長,投票箱を点検いたします。,,https://www.kaigiroku.net/cgi-bin/WWWdocHatugen.exe?A=docHatugen&RA=frameNittei&USR=gifgifk&N=634&H=3400431,null
H3400431_2,岐阜県,第２回,1,23,5,10,臨時,平成２３年　　５月　臨時会（第２回） - 05月10日－01号 ,議長,議長,平野恭弘,臨時議長,（投票箱点検）,,https://www.kaigiroku.net/cgi-bin/WWWdocHatugen.exe?A=docHatugen&RA=frameNittei&USR=gifgifk&N=634&H=3400431,null
H3400432_1,岐阜県,第２回,1,23,5,10,臨時,平成２３年　　５月　臨時会（第２回） - 05月10日－01号 ,議長,議長,平野恭弘,臨時議長,異状なしと認めます。,,https://www.kaigiroku.net/cgi-bin/WWWdocHatugen.exe?A=docHatugen&RA=frameNittei&USR=gifgifk&N=634&H=3400432,null
H3400432_2,岐阜県,第２回,1,23,5,10,臨時,平成２３年　　５月　臨時会（第２回） - 05月10日－01号 ,議長,議長,平野恭弘,臨時議長,これより投票に移ります。,,https://www.kaigiroku.net/cgi-bin/WWWdocHatugen.exe?A=docHatugen&RA=frameNittei&USR=gifgifk&N=634&H=3400432,null
H3400432_3,岐阜県,第２回,1,23,5,10,臨時,平成２３年　　５月　臨時会（第２回） - 05月10日－01号 ,議長,議長,平野恭弘,臨時議長,議席の番号の順序により、一番から順次投票願います。,,https://www.kaigiroku.net/cgi-bin/WWWdocHatugen.exe?A=docHatugen&RA=frameNittei&USR=gifgifk&N=634&H=3400432,null
H3400432_4,岐阜県,第２回,1,23,5,10,臨時,平成２３年　　５月　臨時会（第２回） - 05月10日－01号 ,議長,議長,平野恭弘,臨時議長,議長は最後にこの席から投票します。,,https://www.kaigiroku.net/cgi-bin/WWWdocHatugen.exe?A=docHatugen&RA=frameNittei&USR=gifgifk&N=634&H=3400432,null
H3400432_5,岐阜県,第２回,1,23,5,10,臨時,平成２３年　　５月　臨時会（第２回） - 05月10日－01号 ,議長,議長,平野恭弘,臨時議長,（投票）,,https://www.kaigiroku.net/cgi-bin/WWWdocHatugen.exe?A=docHatugen&RA=frameNittei&USR=gifgifk&N=634&H=3400432,null
H3400433_1,岐阜県,第２回,1,23,5,10,臨時,平成２３年　　５月　臨時会（第２回） - 05月10日－01号 ,議長,議長,平野恭弘,臨時議長,投票漏れはありませんか。,,https://www.kaigiroku.net/cgi-bin/WWWdocHatugen.exe?A=docHatugen&RA=frameNittei&USR=gifgifk&N=634&H=3400433,null
H3400433_2,岐阜県,第２回,1,23,5,10,臨時,平成２３年　　５月　臨時会（第２回） - 05月10日－01号 ,議長,議長,平野恭弘,臨時議長,〔「なし」と呼ぶ者あり〕,,https://www.kaigiroku.net/cgi-bin/WWWdocHatugen.exe?A=docHatugen&RA=frameNittei&USR=gifgifk&N=634&H=3400433,null
H3400434_1,岐阜県,第２回,1,23,5,10,臨時,平成２３年　　５月　臨時会（第２回） - 05月10日－01号 ,議長,議長,平野恭弘,臨時議長,投票漏れなしと認めます。,,https://www.kaigiroku.net/cgi-bin/WWWdocHatugen.exe?A=docHatugen&RA=frameNittei&USR=gifgifk&N=634&H=3400434,null
H3400434_2,岐阜県,第２回,1,23,5,10,臨時,平成２３年　　５月　臨時会（第２回） - 05月10日－01号 ,議長,議長,平野恭弘,臨時議長,投票を終了いたします。,,https://www.kaigiroku.net/cgi-bin/WWWdocHatugen.exe?A=docHatugen&RA=frameNittei&USR=gifgifk&N=634&H=3400434,null
H3400434_3,岐阜県,第２回,1,23,5,10,臨時,平成２３年　　５月　臨時会（第２回） - 05月10日－01号 ,議長,議長,平野恭弘,臨時議長,ただいまから開票を行います。,,https://www.kaigiroku.net/cgi-bin/WWWdocHatugen.exe?A=docHatugen&RA=frameNittei&USR=gifgifk&N=634&H=3400434,null
H3400434_4,岐阜県,第２回,1,23,5,10,臨時,平成２３年　　５月　臨時会（第２回） - 05月10日－01号 ,議長,議長,平野恭弘,臨時議長,（開票）,,https://www.kaigiroku.net/cgi-bin/WWWdocHatugen.exe?A=docHatugen&RA=frameNittei&USR=gifgifk&N=634&H=3400434,null
H3400435_1,岐阜県,第２回,1,23,5,10,臨時,平成２３年　　５月　臨時会（第２回） - 05月10日－01号 ,議長,議長,平野恭弘,臨時議長,選挙の結果を報告いたします。,,https://www.kaigiroku.net/cgi-bin/WWWdocHatugen.exe?A=docHatugen&RA=frameNittei&USR=gifgifk&N=634&H=3400435,null
H3400435_2,岐阜県,第２回,1,23,5,10,臨時,平成２３年　　５月　臨時会（第２回） - 05月10日－01号 ,議長,議長,平野恭弘,臨時議長,投票総数四十六票。,,https://www.kaigiroku.net/cgi-bin/WWWdocHatugen.exe?A=docHatugen&RA=frameNittei&USR=gifgifk&N=634&H=3400435,null
H3400435_3,岐阜県,第２回,1,23,5,10,臨時,平成２３年　　５月　臨時会（第２回） - 05月10日－01号 ,議長,議長,平野恭弘,臨時議長,投票総数と出席者数は符合いたしております。,,https://www.kaigiroku.net/cgi-bin/WWWdocHatugen.exe?A=docHatugen&RA=frameNittei&USR=gifgifk&N=634&H=3400435,null
H3400435_4,岐阜県,第２回,1,23,5,10,臨時,平成２３年　　５月　臨時会（第２回） - 05月10日－01号 ,議長,議長,平野恭弘,臨時議長,うち、有効投票四十六票、無効投票ゼロ票。,,https://www.kaigiroku.net/cgi-bin/WWWdocHatugen.exe?A=docHatugen&RA=frameNittei&USR=gifgifk&N=634&H=3400435,null
H3400435_5,岐阜県,第２回,1,23,5,10,臨時,平成２３年　　５月　臨時会（第２回） - 05月10日－01号 ,議長,議長,平野恭弘,臨時議長,有効投票中、藤墳　守君四十五票、大須賀志津香君一票、以上のとおりであります。,,https://www.kaigiroku.net/cgi-bin/WWWdocHatugen.exe?A=docHatugen&RA=frameNittei&USR=gifgifk&N=634&H=3400435,null
H3400435_6,岐阜県,第２回,1,23,5,10,臨時,平成２３年　　５月　臨時会（第２回） - 05月10日－01号 ,議長,議長,平野恭弘,臨時議長,よって、法定得票数を得、かつ最多得票を得られました藤墳　守君が議長に当選されました。,,https://www.kaigiroku.net/cgi-bin/WWWdocHatugen.exe?A=docHatugen&RA=frameNittei&USR=gifgifk&N=634&H=3400435,null
H3400435_7,岐阜県,第２回,1,23,5,10,臨時,平成２３年　　５月　臨時会（第２回） - 05月10日－01号 ,議長,議長,平野恭弘,臨時議長,議場の閉鎖を解きます。,,https://www.kaigiroku.net/cgi-bin/WWWdocHatugen.exe?A=docHatugen&RA=frameNittei&USR=gifgifk&N=634&H=3400435,null
H3400435_8,岐阜県,第２回,1,23,5,10,臨時,平成２３年　　５月　臨時会（第２回） - 05月10日－01号 ,議長,議長,平野恭弘,臨時議長,（議場開鎖）,,https://www.kaigiroku.net/cgi-bin/WWWdocHatugen.exe?A=docHatugen&RA=frameNittei&USR=gifgifk&N=634&H=3400435,null
H3400436_1,岐阜県,第２回,1,23,5,10,臨時,平成２３年　　５月　臨時会（第２回） - 05月10日－01号 ,議長,議長,平野恭弘,臨時議長,岐阜県議会会議規則第二十六条第二項の規定により、議長に当選されたことを藤墳　守君に告知いたします。,,https://www.kaigiroku.net/cgi-bin/WWWdocHatugen.exe?A=docHatugen&RA=frameNittei&USR=gifgifk&N=634&H=3400436,null
H3400436_2,岐阜県,第２回,1,23,5,10,臨時,平成２３年　　５月　臨時会（第２回） - 05月10日－01号 ,議長,議長,平野恭弘,臨時議長,ただいま議長に当選されました藤墳　守君のあいさつがあります。,,https://www.kaigiroku.net/cgi-bin/WWWdocHatugen.exe?A=docHatugen&RA=frameNittei&USR=gifgifk&N=634&H=3400436,null
H3400436_3,岐阜県,第２回,1,23,5,10,臨時,平成２３年　　５月　臨時会（第２回） - 05月10日－01号 ,議長,議長,平野恭弘,臨時議長,〔議長　藤墳　守君登壇〕,,https://www.kaigiroku.net/cgi-bin/WWWdocHatugen.exe?A=docHatugen&RA=frameNittei&USR=gifgifk&N=634&H=3400436,null
H3400437_1,岐阜県,第２回,1,23,5,10,臨時,平成２３年　　５月　臨時会（第２回） - 05月10日－01号 ,議長,議長,藤墳守,議長,一言ごあいさつ申し上げます。,,https://www.kaigiroku.net/cgi-bin/WWWdocHatugen.exe?A=docHatugen&RA=frameNittei&USR=gifgifk&N=634&H=3400437,null
H3400437_2,岐阜県,第２回,1,23,5,10,臨時,平成２３年　　５月　臨時会（第２回） - 05月10日－01号 ,議長,議長,藤墳守,議長,ただいまは多数の議員各位の御支援をいただきまして、県議会議長という要職を担うことになりました。,,https://www.kaigiroku.net/cgi-bin/WWWdocHatugen.exe?A=docHatugen&RA=frameNittei&USR=gifgifk&N=634&H=3400437,null
H3400437_3,岐阜県,第２回,1,23,5,10,臨時,平成２３年　　５月　臨時会（第２回） - 05月10日－01号 ,議長,議長,藤墳守,議長,もとより浅学非才なものでございますけれども、議会に与えられました職務をしっかり果たしていくために、全力を傾注する所存でございます。,,https://www.kaigiroku.net/cgi-bin/WWWdocHatugen.exe?A=docHatugen&RA=frameNittei&USR=gifgifk&N=634&H=3400437,null
H3400437_4,岐阜県,第２回,1,23,5,10,臨時,平成２３年　　５月　臨時会（第２回） - 05月10日－01号 ,議長,議長,藤墳守,議長,議員各位並びに執行機関の皆さん方の格別の御協力、御指導をいただきますようにお願いを申し上げ、一言ごあいさつとさせていただきます。,,https://www.kaigiroku.net/cgi-bin/WWWdocHatugen.exe?A=docHatugen&RA=frameNittei&USR=gifgifk&N=634&H=3400437,null
H3400437_5,岐阜県,第２回,1,23,5,10,臨時,平成２３年　　５月　臨時会（第２回） - 05月10日－01号 ,議長,議長,藤墳守,議長,ありがとうございました。,,https://www.kaigiroku.net/cgi-bin/WWWdocHatugen.exe?A=docHatugen&RA=frameNittei&USR=gifgifk&N=634&H=3400437,null
H3400437_6,岐阜県,第２回,1,23,5,10,臨時,平成２３年　　５月　臨時会（第２回） - 05月10日－01号 ,議長,議長,藤墳守,議長,（拍手）,,https://www.kaigiroku.net/cgi-bin/WWWdocHatugen.exe?A=docHatugen&RA=frameNittei&USR=gifgifk&N=634&H=3400437,null
H3400438_1,岐阜県,第２回,1,23,5,10,臨時,平成２３年　　５月　臨時会（第２回） - 05月10日－01号 ,議長,議長,平野恭弘,臨時議長,議長を交代いたします。,,https://www.kaigiroku.net/cgi-bin/WWWdocHatugen.exe?A=docHatugen&RA=frameNittei&USR=gifgifk&N=634&H=3400438,null
H3400438_2,岐阜県,第２回,1,23,5,10,臨時,平成２３年　　５月　臨時会（第２回） - 05月10日－01号 ,議長,議長,平野恭弘,臨時議長,〔臨時議長退席、議長着席〕,,https://www.kaigiroku.net/cgi-bin/WWWdocHatugen.exe?A=docHatugen&RA=frameNittei&USR=gifgifk&N=634&H=3400438,null
H3400438_3,岐阜県,第２回,1,23,5,10,臨時,平成２３年　　５月　臨時会（第２回） - 05月10日－01号 ,議長,議長,平野恭弘,臨時議長,……………………………………………………………………………………………,,https://www.kaigiroku.net/cgi-bin/WWWdocHatugen.exe?A=docHatugen&RA=frameNittei&USR=gifgifk&N=634&H=3400438,null
H3400439_1,岐阜県,第２回,1,23,5,10,臨時,平成２３年　　５月　臨時会（第２回） - 05月10日－01号 ,議長,議長,藤墳守,議長,日程第二　議席の決定についてを議題といたします。,,https://www.kaigiroku.net/cgi-bin/WWWdocHatugen.exe?A=docHatugen&RA=frameNittei&USR=gifgifk&N=634&H=3400439,null
H3400439_2,岐阜県,第２回,1,23,5,10,臨時,平成２３年　　５月　臨時会（第２回） - 05月10日－01号 ,議長,議長,藤墳守,議長,お諮りいたします。,,https://www.kaigiroku.net/cgi-bin/WWWdocHatugen.exe?A=docHatugen&RA=frameNittei&USR=gifgifk&N=634&H=3400439,null
H3400439_3,岐阜県,第２回,1,23,5,10,臨時,平成２３年　　５月　臨時会（第２回） - 05月10日－01号 ,議長,議長,藤墳守,議長,議席は、お手元に配布してあります議席図のとおり決定いたしたいと思います。,,https://www.kaigiroku.net/cgi-bin/WWWdocHatugen.exe?A=docHatugen&RA=frameNittei&USR=gifgifk&N=634&H=3400439,null
H3400439_4,岐阜県,第２回,1,23,5,10,臨時,平成２３年　　５月　臨時会（第２回） - 05月10日－01号 ,議長,議長,藤墳守,議長,これに御異議ありませんか。,,https://www.kaigiroku.net/cgi-bin/WWWdocHatugen.exe?A=docHatugen&RA=frameNittei&USR=gifgifk&N=634&H=3400439,null
H3400439_5,岐阜県,第２回,1,23,5,10,臨時,平成２３年　　５月　臨時会（第２回） - 05月10日－01号 ,議長,議長,藤墳守,議長,〔「異議なし」と呼ぶ者あり〕,,https://www.kaigiroku.net/cgi-bin/WWWdocHatugen.exe?A=docHatugen&RA=frameNittei&USR=gifgifk&N=634&H=3400439,null
H3400440_1,岐阜県,第２回,1,23,5,10,臨時,平成２３年　　５月　臨時会（第２回） - 05月10日－01号 ,議長,議長,藤墳守,議長,御異議なしと認めます。,,https://www.kaigiroku.net/cgi-bin/WWWdocHatugen.exe?A=docHatugen&RA=frameNittei&USR=gifgifk&N=634&H=3400440,null
H3400440_2,岐阜県,第２回,1,23,5,10,臨時,平成２３年　　５月　臨時会（第２回） - 05月10日－01号 ,議長,議長,藤墳守,議長,よって、議席はお手元に配布してあります議席図のとおり決定いたしました。,,https://www.kaigiroku.net/cgi-bin/WWWdocHatugen.exe?A=docHatugen&RA=frameNittei&USR=gifgifk&N=634&H=3400440,null
H3400442_1,岐阜県,第２回,1,23,5,10,臨時,平成２３年　　５月　臨時会（第２回） - 05月10日－01号 ,議長,議長,藤墳守,議長,日程第三　会議録署名議員の指名についてを議題といたします。,,https://www.kaigiroku.net/cgi-bin/WWWdocHatugen.exe?A=docHatugen&RA=frameNittei&USR=gifgifk&N=634&H=3400442,null
H3400442_2,岐阜県,第２回,1,23,5,10,臨時,平成２３年　　５月　臨時会（第２回） - 05月10日－01号 ,議長,議長,藤墳守,議長,お諮りいたします。,,https://www.kaigiroku.net/cgi-bin/WWWdocHatugen.exe?A=docHatugen&RA=frameNittei&USR=gifgifk&N=634&H=3400442,null
H3400442_3,岐阜県,第２回,1,23,5,10,臨時,平成２３年　　５月　臨時会（第２回） - 05月10日－01号 ,議長,議長,藤墳守,議長,この臨時会の会議録署名議員に、十四番　村上孝志君、十八番　篠田　徹君、二十六番　松村多美夫君、三十五番　矢島成剛君、三十八番　渡辺　真君を指名いたしたいと思います。,,https://www.kaigiroku.net/cgi-bin/WWWdocHatugen.exe?A=docHatugen&RA=frameNittei&USR=gifgifk&N=634&H=3400442,null
H3400442_4,岐阜県,第２回,1,23,5,10,臨時,平成２３年　　５月　臨時会（第２回） - 05月10日－01号 ,議長,議長,藤墳守,議長,これに御異議ありませんか。,,https://www.kaigiroku.net/cgi-bin/WWWdocHatugen.exe?A=docHatugen&RA=frameNittei&USR=gifgifk&N=634&H=3400442,null
H3400442_5,岐阜県,第２回,1,23,5,10,臨時,平成２３年　　５月　臨時会（第２回） - 05月10日－01号 ,議長,議長,藤墳守,議長,〔「異議なし」と呼ぶ者あり〕,,https://www.kaigiroku.net/cgi-bin/WWWdocHatugen.exe?A=docHatugen&RA=frameNittei&USR=gifgifk&N=634&H=3400442,null
H3400443_1,岐阜県,第２回,1,23,5,10,臨時,平成２３年　　５月　臨時会（第２回） - 05月10日－01号 ,議長,議長,藤墳守,議長,御異議なしと認めます。,,https://www.kaigiroku.net/cgi-bin/WWWdocHatugen.exe?A=docHatugen&RA=frameNittei&USR=gifgifk&N=634&H=3400443,null
H3400443_2,岐阜県,第２回,1,23,5,10,臨時,平成２３年　　５月　臨時会（第２回） - 05月10日－01号 ,議長,議長,藤墳守,議長,よって、それぞれ指名のとおり決定いたしました。,,https://www.kaigiroku.net/cgi-bin/WWWdocHatugen.exe?A=docHatugen&RA=frameNittei&USR=gifgifk&N=634&H=3400443,null
H3400443_3,岐阜県,第２回,1,23,5,10,臨時,平成２３年　　５月　臨時会（第２回） - 05月10日－01号 ,議長,議長,藤墳守,議長,……………………………………………………………………………………………,,https://www.kaigiroku.net/cgi-bin/WWWdocHatugen.exe?A=docHatugen&RA=frameNittei&USR=gifgifk&N=634&H=3400443,null
H3400444_1,岐阜県,第２回,1,23,5,10,臨時,平成２３年　　５月　臨時会（第２回） - 05月10日－01号 ,議長,議長,藤墳守,議長,諸般の報告をいたします。,,https://www.kaigiroku.net/cgi-bin/WWWdocHatugen.exe?A=docHatugen&RA=frameNittei&USR=gifgifk&N=634&H=3400444,null
H3400444_2,岐阜県,第２回,1,23,5,10,臨時,平成２３年　　５月　臨時会（第２回） - 05月10日－01号 ,議長,議長,藤墳守,議長,書記に朗読させます。,,https://www.kaigiroku.net/cgi-bin/WWWdocHatugen.exe?A=docHatugen&RA=frameNittei&USR=gifgifk&N=634&H=3400444,null
H3400444_3,岐阜県,第２回,1,23,5,10,臨時,平成２３年　　５月　臨時会（第２回） - 05月10日－01号 ,議長,議長,藤墳守,議長,（書記朗読）,,https://www.kaigiroku.net/cgi-bin/WWWdocHatugen.exe?A=docHatugen&RA=frameNittei&USR=gifgifk&N=634&H=3400444,null
H3400444_4,岐阜県,第２回,1,23,5,10,臨時,平成２３年　　５月　臨時会（第２回） - 05月10日－01号 ,議長,議長,藤墳守,議長,議案の提出について,,https://www.kaigiroku.net/cgi-bin/WWWdocHatugen.exe?A=docHatugen&RA=frameNittei&USR=gifgifk&N=634&H=3400444,null
H3400444_5,岐阜県,第２回,1,23,5,10,臨時,平成２３年　　５月　臨時会（第２回） - 05月10日－01号 ,議長,議長,藤墳守,議長,知事から、本日付をもって、お手元に配布のとおり、議第七十六号　監査委員の選任同意についてほか五件の議案の提出がありました。,,https://www.kaigiroku.net/cgi-bin/WWWdocHatugen.exe?A=docHatugen&RA=frameNittei&USR=gifgifk&N=634&H=3400444,null
H3400444_6,岐阜県,第２回,1,23,5,10,臨時,平成２３年　　５月　臨時会（第２回） - 05月10日－01号 ,議長,議長,藤墳守,議長,専決処分の報告について,,https://www.kaigiroku.net/cgi-bin/WWWdocHatugen.exe?A=docHatugen&RA=frameNittei&USR=gifgifk&N=634&H=3400444,null
H3400444_7,岐阜県,第２回,1,23,5,10,臨時,平成２３年　　５月　臨時会（第２回） - 05月10日－01号 ,議長,議長,藤墳守,議長,知事から、本日付をもって、お手元に配布のとおり、地方自治法第百八十条第二項の規定により、報第二十一号　損害賠償の額を定めることについてほか六件の専決処分の報告がありました。,,https://www.kaigiroku.net/cgi-bin/WWWdocHatugen.exe?A=docHatugen&RA=frameNittei&USR=gifgifk&N=634&H=3400444,null
H3400444_8,岐阜県,第２回,1,23,5,10,臨時,平成２３年　　５月　臨時会（第２回） - 05月10日－01号 ,議長,議長,藤墳守,議長,発案書の提出について,,https://www.kaigiroku.net/cgi-bin/WWWdocHatugen.exe?A=docHatugen&RA=frameNittei&USR=gifgifk&N=634&H=3400444,null
H3400444_9,岐阜県,第２回,1,23,5,10,臨時,平成２３年　　５月　臨時会（第２回） - 05月10日－01号 ,議長,議長,藤墳守,議長,議員から、本日付をもって、お手元に配布のとおり、県議第四号　地方分権・行財政改革対策特別委員会の設置についてほか五件の発案書の提出がありました。,,https://www.kaigiroku.net/cgi-bin/WWWdocHatugen.exe?A=docHatugen&RA=frameNittei&USR=gifgifk&N=634&H=3400444,null
H3400444_10,岐阜県,第２回,1,23,5,10,臨時,平成２３年　　５月　臨時会（第２回） - 05月10日－01号 ,議長,議長,藤墳守,議長,監査結果等の報告について,,https://www.kaigiroku.net/cgi-bin/WWWdocHatugen.exe?A=docHatugen&RA=frameNittei&USR=gifgifk&N=634&H=3400444,null
H3400444_11,岐阜県,第２回,1,23,5,10,臨時,平成２３年　　５月　臨時会（第２回） - 05月10日－01号 ,議長,議長,藤墳守,議長,監査委員から、お手元に配布のとおり、平成二十三年三月二十八日付及び平成二十三年四月二十八日付をもって、地方自治法第二百三十五条の二第三項の規定により、出納検査の結果について報告がありました。,,https://www.kaigiroku.net/cgi-bin/WWWdocHatugen.exe?A=docHatugen&RA=frameNittei&USR=gifgifk&N=634&H=3400444,null
H3400444_12,岐阜県,第２回,1,23,5,10,臨時,平成２３年　　５月　臨時会（第２回） - 05月10日－01号 ,議長,議長,藤墳守,議長,……………………………………………………………………………………………,,https://www.kaigiroku.net/cgi-bin/WWWdocHatugen.exe?A=docHatugen&RA=frameNittei&USR=gifgifk&N=634&H=3400444,null
H3400445_1,岐阜県,第２回,1,23,5,10,臨時,平成２３年　　５月　臨時会（第２回） - 05月10日－01号 ,議長,議長,藤墳守,議長,お諮りいたします。,,https://www.kaigiroku.net/cgi-bin/WWWdocHatugen.exe?A=docHatugen&RA=frameNittei&USR=gifgifk&N=634&H=3400445,null
H3400445_2,岐阜県,第２回,1,23,5,10,臨時,平成２３年　　５月　臨時会（第２回） - 05月10日－01号 ,議長,議長,藤墳守,議長,ただいま発案書の提出があった旨報告いたしました、県議第八号　東日本大震災からの復興対策について国民共有のビジョンを早期に示すこと等を求める意見書について及び県議第九号　地方における社会資本整備を着実に推進するための措置を求める意見書についての各案件は、これを緊急事件と認め、本日の日程の最後に追加いたしたいと思います。,,https://www.kaigiroku.net/cgi-bin/WWWdocHatugen.exe?A=docHatugen&RA=frameNittei&USR=gifgifk&N=634&H=3400445,null
H3400445_3,岐阜県,第２回,1,23,5,10,臨時,平成２３年　　５月　臨時会（第２回） - 05月10日－01号 ,議長,議長,藤墳守,議長,これに御異議ありませんか。,,https://www.kaigiroku.net/cgi-bin/WWWdocHatugen.exe?A=docHatugen&RA=frameNittei&USR=gifgifk&N=634&H=3400445,null
H3400445_4,岐阜県,第２回,1,23,5,10,臨時,平成２３年　　５月　臨時会（第２回） - 05月10日－01号 ,議長,議長,藤墳守,議長,〔「異議なし」と呼ぶ者あり〕,,https://www.kaigiroku.net/cgi-bin/WWWdocHatugen.exe?A=docHatugen&RA=frameNittei&USR=gifgifk&N=634&H=3400445,null
H3400446_1,岐阜県,第２回,1,23,5,10,臨時,平成２３年　　５月　臨時会（第２回） - 05月10日－01号 ,議長,議長,藤墳守,議長,御異議なしと認めます。,,https://www.kaigiroku.net/cgi-bin/WWWdocHatugen.exe?A=docHatugen&RA=frameNittei&USR=gifgifk&N=634&H=3400446,null
H3400446_2,岐阜県,第２回,1,23,5,10,臨時,平成２３年　　５月　臨時会（第２回） - 05月10日－01号 ,議長,議長,藤墳守,議長,よって、各案件は緊急事件と認め、本日の日程の最後に追加することに決定いたしました。,,https://www.kaigiroku.net/cgi-bin/WWWdocHatugen.exe?A=docHatugen&RA=frameNittei&USR=gifgifk&N=634&H=3400446,null
H3400446_3,岐阜県,第２回,1,23,5,10,臨時,平成２３年　　５月　臨時会（第２回） - 05月10日－01号 ,議長,議長,藤墳守,議長,……………………………………………………………………………………………,,https://www.kaigiroku.net/cgi-bin/WWWdocHatugen.exe?A=docHatugen&RA=frameNittei&USR=gifgifk&N=634&H=3400446,null
H3400447_1,岐阜県,第２回,1,23,5,10,臨時,平成２３年　　５月　臨時会（第２回） - 05月10日－01号 ,議長,議長,藤墳守,議長,日程第四　会期の決定についてを議題といたします。,,https://www.kaigiroku.net/cgi-bin/WWWdocHatugen.exe?A=docHatugen&RA=frameNittei&USR=gifgifk&N=634&H=3400447,null
H3400447_2,岐阜県,第２回,1,23,5,10,臨時,平成２３年　　５月　臨時会（第２回） - 05月10日－01号 ,議長,議長,藤墳守,議長,お諮りいたします。,,https://www.kaigiroku.net/cgi-bin/WWWdocHatugen.exe?A=docHatugen&RA=frameNittei&USR=gifgifk&N=634&H=3400447,null
H3400447_3,岐阜県,第２回,1,23,5,10,臨時,平成２３年　　５月　臨時会（第２回） - 05月10日－01号 ,議長,議長,藤墳守,議長,この臨時会の会期は、本日一日といたしたいと思います。,,https://www.kaigiroku.net/cgi-bin/WWWdocHatugen.exe?A=docHatugen&RA=frameNittei&USR=gifgifk&N=634&H=3400447,null
H3400447_4,岐阜県,第２回,1,23,5,10,臨時,平成２３年　　５月　臨時会（第２回） - 05月10日－01号 ,議長,議長,藤墳守,議長,これに御異議ありませんか。,,https://www.kaigiroku.net/cgi-bin/WWWdocHatugen.exe?A=docHatugen&RA=frameNittei&USR=gifgifk&N=634&H=3400447,null
H3400447_5,岐阜県,第２回,1,23,5,10,臨時,平成２３年　　５月　臨時会（第２回） - 05月10日－01号 ,議長,議長,藤墳守,議長,〔「異議なし」と呼ぶ者あり〕,,https://www.kaigiroku.net/cgi-bin/WWWdocHatugen.exe?A=docHatugen&RA=frameNittei&USR=gifgifk&N=634&H=3400447,null
H3400448_1,岐阜県,第２回,1,23,5,10,臨時,平成２３年　　５月　臨時会（第２回） - 05月10日－01号 ,議長,議長,藤墳守,議長,御異議なしと認めます。,,https://www.kaigiroku.net/cgi-bin/WWWdocHatugen.exe?A=docHatugen&RA=frameNittei&USR=gifgifk&N=634&H=3400448,null
H3400448_2,岐阜県,第２回,1,23,5,10,臨時,平成２３年　　５月　臨時会（第２回） - 05月10日－01号 ,議長,議長,藤墳守,議長,よって、会期は本日一日と決定いたしました。,,https://www.kaigiroku.net/cgi-bin/WWWdocHatugen.exe?A=docHatugen&RA=frameNittei&USR=gifgifk&N=634&H=3400448,null
H3400448_3,岐阜県,第２回,1,23,5,10,臨時,平成２３年　　５月　臨時会（第２回） - 05月10日－01号 ,議長,議長,藤墳守,議長,……………………………………………………………………………………………,,https://www.kaigiroku.net/cgi-bin/WWWdocHatugen.exe?A=docHatugen&RA=frameNittei&USR=gifgifk&N=634&H=3400448,null
H3400449_1,岐阜県,第２回,1,23,5,10,臨時,平成２３年　　５月　臨時会（第２回） - 05月10日－01号 ,議長,議長,藤墳守,議長,日程第五　副議長の選挙を行います。,,https://www.kaigiroku.net/cgi-bin/WWWdocHatugen.exe?A=docHatugen&RA=frameNittei&USR=gifgifk&N=634&H=3400449,null
H3400449_2,岐阜県,第２回,1,23,5,10,臨時,平成２３年　　５月　臨時会（第２回） - 05月10日－01号 ,議長,議長,藤墳守,議長,選挙は投票により行います。,,https://www.kaigiroku.net/cgi-bin/WWWdocHatugen.exe?A=docHatugen&RA=frameNittei&USR=gifgifk&N=634&H=3400449,null
H3400449_3,岐阜県,第２回,1,23,5,10,臨時,平成２３年　　５月　臨時会（第２回） - 05月10日－01号 ,議長,議長,藤墳守,議長,議場の閉鎖を命じます。,,https://www.kaigiroku.net/cgi-bin/WWWdocHatugen.exe?A=docHatugen&RA=frameNittei&USR=gifgifk&N=634&H=3400449,null
H3400449_4,岐阜県,第２回,1,23,5,10,臨時,平成２３年　　５月　臨時会（第２回） - 05月10日－01号 ,議長,議長,藤墳守,議長,（議場閉鎖）,,https://www.kaigiroku.net/cgi-bin/WWWdocHatugen.exe?A=docHatugen&RA=frameNittei&USR=gifgifk&N=634&H=3400449,null
H3400450_1,岐阜県,第２回,1,23,5,10,臨時,平成２３年　　５月　臨時会（第２回） - 05月10日－01号 ,議長,議長,藤墳守,議長,ただいまの出席議員は四十六人であります。,,https://www.kaigiroku.net/cgi-bin/WWWdocHatugen.exe?A=docHatugen&RA=frameNittei&USR=gifgifk&N=634&H=3400450,null
H3400450_2,岐阜県,第２回,1,23,5,10,臨時,平成２３年　　５月　臨時会（第２回） - 05月10日－01号 ,議長,議長,藤墳守,議長,投票用紙を配布いたします。,,https://www.kaigiroku.net/cgi-bin/WWWdocHatugen.exe?A=docHatugen&RA=frameNittei&USR=gifgifk&N=634&H=3400450,null
H3400450_3,岐阜県,第２回,1,23,5,10,臨時,平成２３年　　５月　臨時会（第２回） - 05月10日－01号 ,議長,議長,藤墳守,議長,念のため申し上げます。,,https://www.kaigiroku.net/cgi-bin/WWWdocHatugen.exe?A=docHatugen&RA=frameNittei&USR=gifgifk&N=634&H=3400450,null
H3400450_4,岐阜県,第２回,1,23,5,10,臨時,平成２３年　　５月　臨時会（第２回） - 05月10日－01号 ,議長,議長,藤墳守,議長,投票は単記無記名であります。,,https://www.kaigiroku.net/cgi-bin/WWWdocHatugen.exe?A=docHatugen&RA=frameNittei&USR=gifgifk&N=634&H=3400450,null
H3400450_5,岐阜県,第２回,1,23,5,10,臨時,平成２３年　　５月　臨時会（第２回） - 05月10日－01号 ,議長,議長,藤墳守,議長,（投票用紙配布）,,https://www.kaigiroku.net/cgi-bin/WWWdocHatugen.exe?A=docHatugen&RA=frameNittei&USR=gifgifk&N=634&H=3400450,null
H3400451_1,岐阜県,第２回,1,23,5,10,臨時,平成２３年　　５月　臨時会（第２回） - 05月10日－01号 ,議長,議長,藤墳守,議長,投票用紙の配布漏れはありませんか。,,https://www.kaigiroku.net/cgi-bin/WWWdocHatugen.exe?A=docHatugen&RA=frameNittei&USR=gifgifk&N=634&H=3400451,null
H3400451_2,岐阜県,第２回,1,23,5,10,臨時,平成２３年　　５月　臨時会（第２回） - 05月10日－01号 ,議長,議長,藤墳守,議長,〔「なし」と呼ぶ者あり〕,,https://www.kaigiroku.net/cgi-bin/WWWdocHatugen.exe?A=docHatugen&RA=frameNittei&USR=gifgifk&N=634&H=3400451,null
H3400452_1,岐阜県,第２回,1,23,5,10,臨時,平成２３年　　５月　臨時会（第２回） - 05月10日－01号 ,議長,議長,藤墳守,議長,配布漏れなしと認めます。,,https://www.kaigiroku.net/cgi-bin/WWWdocHatugen.exe?A=docHatugen&RA=frameNittei&USR=gifgifk&N=634&H=3400452,null
H3400452_2,岐阜県,第２回,1,23,5,10,臨時,平成２３年　　５月　臨時会（第２回） - 05月10日－01号 ,議長,議長,藤墳守,議長,岐阜県議会会議規則第二十二条の規定により、立会人に十三番　太田維久君、二十五番　野島征夫君、二十九番　森　正弘君の三人を指名いたします。,,https://www.kaigiroku.net/cgi-bin/WWWdocHatugen.exe?A=docHatugen&RA=frameNittei&USR=gifgifk&N=634&H=3400452,null
H3400452_3,岐阜県,第２回,1,23,5,10,臨時,平成２３年　　５月　臨時会（第２回） - 05月10日－01号 ,議長,議長,藤墳守,議長,立会人の立ち会いを願います。,,https://www.kaigiroku.net/cgi-bin/WWWdocHatugen.exe?A=docHatugen&RA=frameNittei&USR=gifgifk&N=634&H=3400452,null
H3400452_4,岐阜県,第２回,1,23,5,10,臨時,平成２３年　　５月　臨時会（第２回） - 05月10日－01号 ,議長,議長,藤墳守,議長,（立会人登壇）,,https://www.kaigiroku.net/cgi-bin/WWWdocHatugen.exe?A=docHatugen&RA=frameNittei&USR=gifgifk&N=634&H=3400452,null
H3400453_1,岐阜県,第２回,1,23,5,10,臨時,平成２３年　　５月　臨時会（第２回） - 05月10日－01号 ,議長,議長,藤墳守,議長,投票箱を点検いたします。,,https://www.kaigiroku.net/cgi-bin/WWWdocHatugen.exe?A=docHatugen&RA=frameNittei&USR=gifgifk&N=634&H=3400453,null
H3400453_2,岐阜県,第２回,1,23,5,10,臨時,平成２３年　　５月　臨時会（第２回） - 05月10日－01号 ,議長,議長,藤墳守,議長,（投票箱点検）,,https://www.kaigiroku.net/cgi-bin/WWWdocHatugen.exe?A=docHatugen&RA=frameNittei&USR=gifgifk&N=634&H=3400453,null
H3400454_1,岐阜県,第２回,1,23,5,10,臨時,平成２３年　　５月　臨時会（第２回） - 05月10日－01号 ,議長,議長,藤墳守,議長,異状なしと認めます。,,https://www.kaigiroku.net/cgi-bin/WWWdocHatugen.exe?A=docHatugen&RA=frameNittei&USR=gifgifk&N=634&H=3400454,null
H3400454_2,岐阜県,第２回,1,23,5,10,臨時,平成２３年　　５月　臨時会（第２回） - 05月10日－01号 ,議長,議長,藤墳守,議長,これより投票に移ります。,,https://www.kaigiroku.net/cgi-bin/WWWdocHatugen.exe?A=docHatugen&RA=frameNittei&USR=gifgifk&N=634&H=3400454,null
H3400454_3,岐阜県,第２回,1,23,5,10,臨時,平成２３年　　５月　臨時会（第２回） - 05月10日－01号 ,議長,議長,藤墳守,議長,議席の番号の順序により、一番から順次投票願います。,,https://www.kaigiroku.net/cgi-bin/WWWdocHatugen.exe?A=docHatugen&RA=frameNittei&USR=gifgifk&N=634&H=3400454,null
H3400454_4,岐阜県,第２回,1,23,5,10,臨時,平成２３年　　５月　臨時会（第２回） - 05月10日－01号 ,議長,議長,藤墳守,議長,議長は最後にこの席から投票します。,,https://www.kaigiroku.net/cgi-bin/WWWdocHatugen.exe?A=docHatugen&RA=frameNittei&USR=gifgifk&N=634&H=3400454,null
H3400454_5,岐阜県,第２回,1,23,5,10,臨時,平成２３年　　５月　臨時会（第２回） - 05月10日－01号 ,議長,議長,藤墳守,議長,（投票）,,https://www.kaigiroku.net/cgi-bin/WWWdocHatugen.exe?A=docHatugen&RA=frameNittei&USR=gifgifk&N=634&H=3400454,null
H3400455_1,岐阜県,第２回,1,23,5,10,臨時,平成２３年　　５月　臨時会（第２回） - 05月10日－01号 ,議長,議長,藤墳守,議長,投票漏れはありませんか。,,https://www.kaigiroku.net/cgi-bin/WWWdocHatugen.exe?A=docHatugen&RA=frameNittei&USR=gifgifk&N=634&H=3400455,null
H3400455_2,岐阜県,第２回,1,23,5,10,臨時,平成２３年　　５月　臨時会（第２回） - 05月10日－01号 ,議長,議長,藤墳守,議長,〔「なし」と呼ぶ者あり〕,,https://www.kaigiroku.net/cgi-bin/WWWdocHatugen.exe?A=docHatugen&RA=frameNittei&USR=gifgifk&N=634&H=3400455,null
H3400456_1,岐阜県,第２回,1,23,5,10,臨時,平成２３年　　５月　臨時会（第２回） - 05月10日－01号 ,議長,議長,藤墳守,議長,投票漏れなしと認めます。,,https://www.kaigiroku.net/cgi-bin/WWWdocHatugen.exe?A=docHatugen&RA=frameNittei&USR=gifgifk&N=634&H=3400456,null
H3400456_2,岐阜県,第２回,1,23,5,10,臨時,平成２３年　　５月　臨時会（第２回） - 05月10日－01号 ,議長,議長,藤墳守,議長,投票を終了いたします。,,https://www.kaigiroku.net/cgi-bin/WWWdocHatugen.exe?A=docHatugen&RA=frameNittei&USR=gifgifk&N=634&H=3400456,null
H3400456_3,岐阜県,第２回,1,23,5,10,臨時,平成２３年　　５月　臨時会（第２回） - 05月10日－01号 ,議長,議長,藤墳守,議長,ただいまから開票を行います。,,https://www.kaigiroku.net/cgi-bin/WWWdocHatugen.exe?A=docHatugen&RA=frameNittei&USR=gifgifk&N=634&H=3400456,null
H3400456_4,岐阜県,第２回,1,23,5,10,臨時,平成２３年　　５月　臨時会（第２回） - 05月10日－01号 ,議長,議長,藤墳守,議長,（開票）,,https://www.kaigiroku.net/cgi-bin/WWWdocHatugen.exe?A=docHatugen&RA=frameNittei&USR=gifgifk&N=634&H=3400456,null
H3400457_1,岐阜県,第２回,1,23,5,10,臨時,平成２３年　　５月　臨時会（第２回） - 05月10日－01号 ,議長,議長,藤墳守,議長,選挙の結果を報告いたします。,,https://www.kaigiroku.net/cgi-bin/WWWdocHatugen.exe?A=docHatugen&RA=frameNittei&USR=gifgifk&N=634&H=3400457,null
H3400457_2,岐阜県,第２回,1,23,5,10,臨時,平成２３年　　５月　臨時会（第２回） - 05月10日－01号 ,議長,議長,藤墳守,議長,投票総数四十六票。,,https://www.kaigiroku.net/cgi-bin/WWWdocHatugen.exe?A=docHatugen&RA=frameNittei&USR=gifgifk&N=634&H=3400457,null
H3400457_3,岐阜県,第２回,1,23,5,10,臨時,平成２３年　　５月　臨時会（第２回） - 05月10日－01号 ,議長,議長,藤墳守,議長,投票総数と出席者数は符合いたしております。,,https://www.kaigiroku.net/cgi-bin/WWWdocHatugen.exe?A=docHatugen&RA=frameNittei&USR=gifgifk&N=634&H=3400457,null
H3400457_4,岐阜県,第２回,1,23,5,10,臨時,平成２３年　　５月　臨時会（第２回） - 05月10日－01号 ,議長,議長,藤墳守,議長,うち、有効投票四十五票、無効投票一票。,,https://www.kaigiroku.net/cgi-bin/WWWdocHatugen.exe?A=docHatugen&RA=frameNittei&USR=gifgifk&N=634&H=3400457,null
H3400457_5,岐阜県,第２回,1,23,5,10,臨時,平成２３年　　５月　臨時会（第２回） - 05月10日－01号 ,議長,議長,藤墳守,議長,有効投票中、足立勝利君三十五票、伊藤正博君十票、以上のとおりであります。,,https://www.kaigiroku.net/cgi-bin/WWWdocHatugen.exe?A=docHatugen&RA=frameNittei&USR=gifgifk&N=634&H=3400457,null
H3400457_6,岐阜県,第２回,1,23,5,10,臨時,平成２３年　　５月　臨時会（第２回） - 05月10日－01号 ,議長,議長,藤墳守,議長,よって、法定得票数を得、かつ最多得票を得られました足立勝利君が副議長に当選されました。,,https://www.kaigiroku.net/cgi-bin/WWWdocHatugen.exe?A=docHatugen&RA=frameNittei&USR=gifgifk&N=634&H=3400457,null
H3400457_7,岐阜県,第２回,1,23,5,10,臨時,平成２３年　　５月　臨時会（第２回） - 05月10日－01号 ,議長,議長,藤墳守,議長,議場の閉鎖を解きます。,,https://www.kaigiroku.net/cgi-bin/WWWdocHatugen.exe?A=docHatugen&RA=frameNittei&USR=gifgifk&N=634&H=3400457,null
H3400457_8,岐阜県,第２回,1,23,5,10,臨時,平成２３年　　５月　臨時会（第２回） - 05月10日－01号 ,議長,議長,藤墳守,議長,（議場開鎖）,,https://www.kaigiroku.net/cgi-bin/WWWdocHatugen.exe?A=docHatugen&RA=frameNittei&USR=gifgifk&N=634&H=3400457,null
H3400458_1,岐阜県,第２回,1,23,5,10,臨時,平成２３年　　５月　臨時会（第２回） - 05月10日－01号 ,議長,議長,藤墳守,議長,岐阜県議会会議規則第二十六条第二項の規定により、副議長に当選されたことを足立勝利君に告知いたします。,,https://www.kaigiroku.net/cgi-bin/WWWdocHatugen.exe?A=docHatugen&RA=frameNittei&USR=gifgifk&N=634&H=3400458,null
H3400458_2,岐阜県,第２回,1,23,5,10,臨時,平成２３年　　５月　臨時会（第２回） - 05月10日－01号 ,議長,議長,藤墳守,議長,ただいま副議長に当選されました足立勝利君のあいさつがあります。,,https://www.kaigiroku.net/cgi-bin/WWWdocHatugen.exe?A=docHatugen&RA=frameNittei&USR=gifgifk&N=634&H=3400458,null
H3400458_3,岐阜県,第２回,1,23,5,10,臨時,平成２３年　　５月　臨時会（第２回） - 05月10日－01号 ,議長,議長,藤墳守,議長,〔副議長　足立勝利君登壇〕,,https://www.kaigiroku.net/cgi-bin/WWWdocHatugen.exe?A=docHatugen&RA=frameNittei&USR=gifgifk&N=634&H=3400458,null
H3400459_1,岐阜県,第２回,1,23,5,10,臨時,平成２３年　　５月　臨時会（第２回） - 05月10日－01号 ,質問者,議長,足立勝利,副議長,ただいま岐阜県議会副議長に御選任賜りまして、まことに光栄に存じますとともに、身の引き締まる思いでございます。,,https://www.kaigiroku.net/cgi-bin/WWWdocHatugen.exe?A=docHatugen&RA=frameNittei&USR=gifgifk&N=634&H=3400459,null
H3400459_2,岐阜県,第２回,1,23,5,10,臨時,平成２３年　　５月　臨時会（第２回） - 05月10日－01号 ,質問者,議長,足立勝利,副議長,微力ではございますが、岐阜県議会の円滑な運営と県勢発展のために、議長の補佐役として懸命の努力をいたしてまいりたいと存じます。,,https://www.kaigiroku.net/cgi-bin/WWWdocHatugen.exe?A=docHatugen&RA=frameNittei&USR=gifgifk&N=634&H=3400459,null
H3400459_3,岐阜県,第２回,1,23,5,10,臨時,平成２３年　　５月　臨時会（第２回） - 05月10日－01号 ,質問者,議長,足立勝利,副議長,議会の皆様方、そしてまた執行部の皆様方の格別なる御指導と御鞭撻をお願い申し上げまして、就任のあいさつとさせていただきます。,,https://www.kaigiroku.net/cgi-bin/WWWdocHatugen.exe?A=docHatugen&RA=frameNittei&USR=gifgifk&N=634&H=3400459,null
H3400459_4,岐阜県,第２回,1,23,5,10,臨時,平成２３年　　５月　臨時会（第２回） - 05月10日－01号 ,質問者,議長,足立勝利,副議長,まことにありがとうございました。,,https://www.kaigiroku.net/cgi-bin/WWWdocHatugen.exe?A=docHatugen&RA=frameNittei&USR=gifgifk&N=634&H=3400459,null
H3400459_5,岐阜県,第２回,1,23,5,10,臨時,平成２３年　　５月　臨時会（第２回） - 05月10日－01号 ,質問者,議長,足立勝利,副議長,（拍手）,,https://www.kaigiroku.net/cgi-bin/WWWdocHatugen.exe?A=docHatugen&RA=frameNittei&USR=gifgifk&N=634&H=3400459,null
H3400459_6,岐阜県,第２回,1,23,5,10,臨時,平成２３年　　５月　臨時会（第２回） - 05月10日－01号 ,質問者,議長,足立勝利,副議長,……………………………………………………………………………………………,,https://www.kaigiroku.net/cgi-bin/WWWdocHatugen.exe?A=docHatugen&RA=frameNittei&USR=gifgifk&N=634&H=3400459,null
H3400460_1,岐阜県,第２回,1,23,5,10,臨時,平成２３年　　５月　臨時会（第２回） - 05月10日－01号 ,議長,議長,藤墳守,議長,日程第六　常任委員及び議会運営委員の選任を行います。,,https://www.kaigiroku.net/cgi-bin/WWWdocHatugen.exe?A=docHatugen&RA=frameNittei&USR=gifgifk&N=634&H=3400460,null
H3400460_2,岐阜県,第２回,1,23,5,10,臨時,平成２３年　　５月　臨時会（第２回） - 05月10日－01号 ,議長,議長,藤墳守,議長,お諮りいたします。,,https://www.kaigiroku.net/cgi-bin/WWWdocHatugen.exe?A=docHatugen&RA=frameNittei&USR=gifgifk&N=634&H=3400460,null
H3400460_3,岐阜県,第２回,1,23,5,10,臨時,平成２３年　　５月　臨時会（第２回） - 05月10日－01号 ,議長,議長,藤墳守,議長,常任委員及び議会運営委員の選任については、岐阜県議会委員会条例第六条第一項の規定により、お手元に配布の名簿のとおり指名いたしたいと思います。,,https://www.kaigiroku.net/cgi-bin/WWWdocHatugen.exe?A=docHatugen&RA=frameNittei&USR=gifgifk&N=634&H=3400460,null
H3400460_4,岐阜県,第２回,1,23,5,10,臨時,平成２３年　　５月　臨時会（第２回） - 05月10日－01号 ,議長,議長,藤墳守,議長,これに御異議ありませんか。,,https://www.kaigiroku.net/cgi-bin/WWWdocHatugen.exe?A=docHatugen&RA=frameNittei&USR=gifgifk&N=634&H=3400460,null
H3400460_5,岐阜県,第２回,1,23,5,10,臨時,平成２３年　　５月　臨時会（第２回） - 05月10日－01号 ,議長,議長,藤墳守,議長,〔「異議なし」と呼ぶ者あり〕,,https://www.kaigiroku.net/cgi-bin/WWWdocHatugen.exe?A=docHatugen&RA=frameNittei&USR=gifgifk&N=634&H=3400460,null
H3400461_1,岐阜県,第２回,1,23,5,10,臨時,平成２３年　　５月　臨時会（第２回） - 05月10日－01号 ,議長,議長,藤墳守,議長,御異議なしと認めます。,,https://www.kaigiroku.net/cgi-bin/WWWdocHatugen.exe?A=docHatugen&RA=frameNittei&USR=gifgifk&N=634&H=3400461,null
H3400461_2,岐阜県,第２回,1,23,5,10,臨時,平成２３年　　５月　臨時会（第２回） - 05月10日－01号 ,議長,議長,藤墳守,議長,よって、常任委員及び議会運営委員はお手元に配布の名簿のとおり選任することに決定いたしました。,,https://www.kaigiroku.net/cgi-bin/WWWdocHatugen.exe?A=docHatugen&RA=frameNittei&USR=gifgifk&N=634&H=3400461,null
H3400463_1,岐阜県,第２回,1,23,5,10,臨時,平成２３年　　５月　臨時会（第２回） - 05月10日－01号 ,議長,議長,藤墳守,議長,お諮りいたします。,,https://www.kaigiroku.net/cgi-bin/WWWdocHatugen.exe?A=docHatugen&RA=frameNittei&USR=gifgifk&N=634&H=3400463,null
H3400463_2,岐阜県,第２回,1,23,5,10,臨時,平成２３年　　５月　臨時会（第２回） - 05月10日－01号 ,議長,議長,藤墳守,議長,ただいま選任されました常任委員及び議会運営委員の任期は、平成二十四年四月一日以後において開かれる最初の議会の招集日の前日までといたしたいと思います。,,https://www.kaigiroku.net/cgi-bin/WWWdocHatugen.exe?A=docHatugen&RA=frameNittei&USR=gifgifk&N=634&H=3400463,null
H3400463_3,岐阜県,第２回,1,23,5,10,臨時,平成２３年　　５月　臨時会（第２回） - 05月10日－01号 ,議長,議長,藤墳守,議長,これに御異議ありませんか。,,https://www.kaigiroku.net/cgi-bin/WWWdocHatugen.exe?A=docHatugen&RA=frameNittei&USR=gifgifk&N=634&H=3400463,null
H3400463_4,岐阜県,第２回,1,23,5,10,臨時,平成２３年　　５月　臨時会（第２回） - 05月10日－01号 ,議長,議長,藤墳守,議長,〔「異議なし」と呼ぶ者あり〕,,https://www.kaigiroku.net/cgi-bin/WWWdocHatugen.exe?A=docHatugen&RA=frameNittei&USR=gifgifk&N=634&H=3400463,null
H3400464_1,岐阜県,第２回,1,23,5,10,臨時,平成２３年　　５月　臨時会（第２回） - 05月10日－01号 ,議長,議長,藤墳守,議長,御異議なしと認めます。,,https://www.kaigiroku.net/cgi-bin/WWWdocHatugen.exe?A=docHatugen&RA=frameNittei&USR=gifgifk&N=634&H=3400464,null
H3400464_2,岐阜県,第２回,1,23,5,10,臨時,平成２３年　　５月　臨時会（第２回） - 05月10日－01号 ,議長,議長,藤墳守,議長,よって、常任委員及び議会運営委員の任期は、平成二十四年四月一日以後において開かれる最初の議会の招集日の前日までとすることに決定いたしました。,,https://www.kaigiroku.net/cgi-bin/WWWdocHatugen.exe?A=docHatugen&RA=frameNittei&USR=gifgifk&N=634&H=3400464,null
H3400464_3,岐阜県,第２回,1,23,5,10,臨時,平成２３年　　５月　臨時会（第２回） - 05月10日－01号 ,議長,議長,藤墳守,議長,……………………………………………………………………………………………,,https://www.kaigiroku.net/cgi-bin/WWWdocHatugen.exe?A=docHatugen&RA=frameNittei&USR=gifgifk&N=634&H=3400464,null
H3400465_1,岐阜県,第２回,1,23,5,10,臨時,平成２３年　　５月　臨時会（第２回） - 05月10日－01号 ,議長,議長,藤墳守,議長,日程第七を議題といたします。,,https://www.kaigiroku.net/cgi-bin/WWWdocHatugen.exe?A=docHatugen&RA=frameNittei&USR=gifgifk&N=634&H=3400465,null
H3400465_2,岐阜県,第２回,1,23,5,10,臨時,平成２３年　　５月　臨時会（第２回） - 05月10日－01号 ,議長,議長,藤墳守,議長,お諮りいたします。,,https://www.kaigiroku.net/cgi-bin/WWWdocHatugen.exe?A=docHatugen&RA=frameNittei&USR=gifgifk&N=634&H=3400465,null
H3400465_3,岐阜県,第２回,1,23,5,10,臨時,平成２３年　　５月　臨時会（第２回） - 05月10日－01号 ,議長,議長,藤墳守,議長,ただいま議題といたしました県議第四号から県議第七号までを直ちに一括して採決いたしたいと思います。,,https://www.kaigiroku.net/cgi-bin/WWWdocHatugen.exe?A=docHatugen&RA=frameNittei&USR=gifgifk&N=634&H=3400465,null
H3400465_4,岐阜県,第２回,1,23,5,10,臨時,平成２３年　　５月　臨時会（第２回） - 05月10日－01号 ,議長,議長,藤墳守,議長,これに御異議ありませんか。,,https://www.kaigiroku.net/cgi-bin/WWWdocHatugen.exe?A=docHatugen&RA=frameNittei&USR=gifgifk&N=634&H=3400465,null
H3400465_5,岐阜県,第２回,1,23,5,10,臨時,平成２３年　　５月　臨時会（第２回） - 05月10日－01号 ,議長,議長,藤墳守,議長,〔「異議なし」と呼ぶ者あり〕,,https://www.kaigiroku.net/cgi-bin/WWWdocHatugen.exe?A=docHatugen&RA=frameNittei&USR=gifgifk&N=634&H=3400465,null
H3400466_1,岐阜県,第２回,1,23,5,10,臨時,平成２３年　　５月　臨時会（第２回） - 05月10日－01号 ,議長,議長,藤墳守,議長,御異議なしと認めます。,,https://www.kaigiroku.net/cgi-bin/WWWdocHatugen.exe?A=docHatugen&RA=frameNittei&USR=gifgifk&N=634&H=3400466,null
H3400466_2,岐阜県,第２回,1,23,5,10,臨時,平成２３年　　５月　臨時会（第２回） - 05月10日－01号 ,議長,議長,藤墳守,議長,よって、各案件を直ちに一括して採決することに決定いたしました。,,https://www.kaigiroku.net/cgi-bin/WWWdocHatugen.exe?A=docHatugen&RA=frameNittei&USR=gifgifk&N=634&H=3400466,null
H3400466_3,岐阜県,第２回,1,23,5,10,臨時,平成２３年　　５月　臨時会（第２回） - 05月10日－01号 ,議長,議長,藤墳守,議長,ただいまから県議第四号から県議第七号までを一括して採決いたします。,,https://www.kaigiroku.net/cgi-bin/WWWdocHatugen.exe?A=docHatugen&RA=frameNittei&USR=gifgifk&N=634&H=3400466,null
H3400466_4,岐阜県,第２回,1,23,5,10,臨時,平成２３年　　５月　臨時会（第２回） - 05月10日－01号 ,議長,議長,藤墳守,議長,お諮りいたします。,,https://www.kaigiroku.net/cgi-bin/WWWdocHatugen.exe?A=docHatugen&RA=frameNittei&USR=gifgifk&N=634&H=3400466,null
H3400466_5,岐阜県,第２回,1,23,5,10,臨時,平成２３年　　５月　臨時会（第２回） - 05月10日－01号 ,議長,議長,藤墳守,議長,各案件を原案のとおり決することに御異議ありませんか。,,https://www.kaigiroku.net/cgi-bin/WWWdocHatugen.exe?A=docHatugen&RA=frameNittei&USR=gifgifk&N=634&H=3400466,null
H3400466_6,岐阜県,第２回,1,23,5,10,臨時,平成２３年　　５月　臨時会（第２回） - 05月10日－01号 ,議長,議長,藤墳守,議長,〔「異議なし」と呼ぶ者あり〕,,https://www.kaigiroku.net/cgi-bin/WWWdocHatugen.exe?A=docHatugen&RA=frameNittei&USR=gifgifk&N=634&H=3400466,null
H3400467_1,岐阜県,第２回,1,23,5,10,臨時,平成２３年　　５月　臨時会（第２回） - 05月10日－01号 ,議長,議長,藤墳守,議長,御異議なしと認めます。,,https://www.kaigiroku.net/cgi-bin/WWWdocHatugen.exe?A=docHatugen&RA=frameNittei&USR=gifgifk&N=634&H=3400467,null
H3400467_2,岐阜県,第２回,1,23,5,10,臨時,平成２３年　　５月　臨時会（第２回） - 05月10日－01号 ,議長,議長,藤墳守,議長,よって、各案件はいずれも原案のとおり可決されました。,,https://www.kaigiroku.net/cgi-bin/WWWdocHatugen.exe?A=docHatugen&RA=frameNittei&USR=gifgifk&N=634&H=3400467,null
H3400467_3,岐阜県,第２回,1,23,5,10,臨時,平成２３年　　５月　臨時会（第２回） - 05月10日－01号 ,議長,議長,藤墳守,議長,お諮りいたします。,,https://www.kaigiroku.net/cgi-bin/WWWdocHatugen.exe?A=docHatugen&RA=frameNittei&USR=gifgifk&N=634&H=3400467,null
H3400467_4,岐阜県,第２回,1,23,5,10,臨時,平成２３年　　５月　臨時会（第２回） - 05月10日－01号 ,議長,議長,藤墳守,議長,ただいま設置されました特別委員会の委員の選任については、岐阜県議会委員会条例第六条第一項の規定により、お手元に配布の名簿のとおり指名いたしたいと思います。,,https://www.kaigiroku.net/cgi-bin/WWWdocHatugen.exe?A=docHatugen&RA=frameNittei&USR=gifgifk&N=634&H=3400467,null
H3400467_5,岐阜県,第２回,1,23,5,10,臨時,平成２３年　　５月　臨時会（第２回） - 05月10日－01号 ,議長,議長,藤墳守,議長,これに御異議ありませんか。,,https://www.kaigiroku.net/cgi-bin/WWWdocHatugen.exe?A=docHatugen&RA=frameNittei&USR=gifgifk&N=634&H=3400467,null
H3400467_6,岐阜県,第２回,1,23,5,10,臨時,平成２３年　　５月　臨時会（第２回） - 05月10日－01号 ,議長,議長,藤墳守,議長,〔「異議なし」と呼ぶ者あり〕,,https://www.kaigiroku.net/cgi-bin/WWWdocHatugen.exe?A=docHatugen&RA=frameNittei&USR=gifgifk&N=634&H=3400467,null
H3400468_1,岐阜県,第２回,1,23,5,10,臨時,平成２３年　　５月　臨時会（第２回） - 05月10日－01号 ,議長,議長,藤墳守,議長,御異議なしと認めます。,,https://www.kaigiroku.net/cgi-bin/WWWdocHatugen.exe?A=docHatugen&RA=frameNittei&USR=gifgifk&N=634&H=3400468,null
H3400468_2,岐阜県,第２回,1,23,5,10,臨時,平成２３年　　５月　臨時会（第２回） - 05月10日－01号 ,議長,議長,藤墳守,議長,よって、特別委員はお手元に配布の名簿のとおり選任することに決定いたしました。,,https://www.kaigiroku.net/cgi-bin/WWWdocHatugen.exe?A=docHatugen&RA=frameNittei&USR=gifgifk&N=634&H=3400468,null
H3400470_1,岐阜県,第２回,1,23,5,10,臨時,平成２３年　　５月　臨時会（第２回） - 05月10日－01号 ,議長,議長,藤墳守,議長,日程第八　岐阜県地方競馬組合議会議員八人の選挙を行います。,,https://www.kaigiroku.net/cgi-bin/WWWdocHatugen.exe?A=docHatugen&RA=frameNittei&USR=gifgifk&N=634&H=3400470,null
H3400470_2,岐阜県,第２回,1,23,5,10,臨時,平成２３年　　５月　臨時会（第２回） - 05月10日－01号 ,議長,議長,藤墳守,議長,お諮りいたします。,,https://www.kaigiroku.net/cgi-bin/WWWdocHatugen.exe?A=docHatugen&RA=frameNittei&USR=gifgifk&N=634&H=3400470,null
H3400470_3,岐阜県,第２回,1,23,5,10,臨時,平成２３年　　５月　臨時会（第２回） - 05月10日－01号 ,議長,議長,藤墳守,議長,選挙の方法につきましては、地方自治法第百十八条第二項の規定により、指名推選の方法によりたいと思います。,,https://www.kaigiroku.net/cgi-bin/WWWdocHatugen.exe?A=docHatugen&RA=frameNittei&USR=gifgifk&N=634&H=3400470,null
H3400470_4,岐阜県,第２回,1,23,5,10,臨時,平成２３年　　５月　臨時会（第２回） - 05月10日－01号 ,議長,議長,藤墳守,議長,これに御異議ありませんか。,,https://www.kaigiroku.net/cgi-bin/WWWdocHatugen.exe?A=docHatugen&RA=frameNittei&USR=gifgifk&N=634&H=3400470,null
H3400470_5,岐阜県,第２回,1,23,5,10,臨時,平成２３年　　５月　臨時会（第２回） - 05月10日－01号 ,議長,議長,藤墳守,議長,〔「異議なし」と呼ぶ者あり〕,,https://www.kaigiroku.net/cgi-bin/WWWdocHatugen.exe?A=docHatugen&RA=frameNittei&USR=gifgifk&N=634&H=3400470,null
H3400471_1,岐阜県,第２回,1,23,5,10,臨時,平成２３年　　５月　臨時会（第２回） - 05月10日－01号 ,議長,議長,藤墳守,議長,御異議なしと認めます。,,https://www.kaigiroku.net/cgi-bin/WWWdocHatugen.exe?A=docHatugen&RA=frameNittei&USR=gifgifk&N=634&H=3400471,null
H3400471_2,岐阜県,第２回,1,23,5,10,臨時,平成２３年　　５月　臨時会（第２回） - 05月10日－01号 ,議長,議長,藤墳守,議長,よって、選挙の方法は指名推選によることに決定いたしました。,,https://www.kaigiroku.net/cgi-bin/WWWdocHatugen.exe?A=docHatugen&RA=frameNittei&USR=gifgifk&N=634&H=3400471,null
H3400471_3,岐阜県,第２回,1,23,5,10,臨時,平成２３年　　５月　臨時会（第２回） - 05月10日－01号 ,議長,議長,藤墳守,議長,お諮りいたします。,,https://www.kaigiroku.net/cgi-bin/WWWdocHatugen.exe?A=docHatugen&RA=frameNittei&USR=gifgifk&N=634&H=3400471,null
H3400471_4,岐阜県,第２回,1,23,5,10,臨時,平成２３年　　５月　臨時会（第２回） - 05月10日－01号 ,議長,議長,藤墳守,議長,指名の方法につきましては、議長において指名することにいたしたいと思います。,,https://www.kaigiroku.net/cgi-bin/WWWdocHatugen.exe?A=docHatugen&RA=frameNittei&USR=gifgifk&N=634&H=3400471,null
H3400471_5,岐阜県,第２回,1,23,5,10,臨時,平成２３年　　５月　臨時会（第２回） - 05月10日－01号 ,議長,議長,藤墳守,議長,これに御異議ありませんか。,,https://www.kaigiroku.net/cgi-bin/WWWdocHatugen.exe?A=docHatugen&RA=frameNittei&USR=gifgifk&N=634&H=3400471,null
H3400471_6,岐阜県,第２回,1,23,5,10,臨時,平成２３年　　５月　臨時会（第２回） - 05月10日－01号 ,議長,議長,藤墳守,議長,〔「異議なし」と呼ぶ者あり〕,,https://www.kaigiroku.net/cgi-bin/WWWdocHatugen.exe?A=docHatugen&RA=frameNittei&USR=gifgifk&N=634&H=3400471,null
H3400472_1,岐阜県,第２回,1,23,5,10,臨時,平成２３年　　５月　臨時会（第２回） - 05月10日－01号 ,議長,議長,藤墳守,議長,御異議なしと認めます。,,https://www.kaigiroku.net/cgi-bin/WWWdocHatugen.exe?A=docHatugen&RA=frameNittei&USR=gifgifk&N=634&H=3400472,null
H3400472_2,岐阜県,第２回,1,23,5,10,臨時,平成２３年　　５月　臨時会（第２回） - 05月10日－01号 ,議長,議長,藤墳守,議長,よって、議長において指名することに決定いたしました。,,https://www.kaigiroku.net/cgi-bin/WWWdocHatugen.exe?A=docHatugen&RA=frameNittei&USR=gifgifk&N=634&H=3400472,null
H3400472_3,岐阜県,第２回,1,23,5,10,臨時,平成２３年　　５月　臨時会（第２回） - 05月10日－01号 ,議長,議長,藤墳守,議長,岐阜県地方競馬組合議会議員に、猫田　孝君、渡辺信行君、岩井豊太郎君、玉田和浩君、駒田　誠君、渡辺　真君、渡辺嘉山君、田中勝士君、以上の諸君を指名いたします。,,https://www.kaigiroku.net/cgi-bin/WWWdocHatugen.exe?A=docHatugen&RA=frameNittei&USR=gifgifk&N=634&H=3400472,null
H3400472_4,岐阜県,第２回,1,23,5,10,臨時,平成２３年　　５月　臨時会（第２回） - 05月10日－01号 ,議長,議長,藤墳守,議長,お諮りいたします。,,https://www.kaigiroku.net/cgi-bin/WWWdocHatugen.exe?A=docHatugen&RA=frameNittei&USR=gifgifk&N=634&H=3400472,null
H3400472_5,岐阜県,第２回,1,23,5,10,臨時,平成２３年　　５月　臨時会（第２回） - 05月10日－01号 ,議長,議長,藤墳守,議長,ただいま議長において指名いたしました諸君を、岐阜県地方競馬組合議会議員の当選人と定めることに御異議ありませんか。,,https://www.kaigiroku.net/cgi-bin/WWWdocHatugen.exe?A=docHatugen&RA=frameNittei&USR=gifgifk&N=634&H=3400472,null
H3400472_6,岐阜県,第２回,1,23,5,10,臨時,平成２３年　　５月　臨時会（第２回） - 05月10日－01号 ,議長,議長,藤墳守,議長,〔「異議なし」と呼ぶ者あり〕,,https://www.kaigiroku.net/cgi-bin/WWWdocHatugen.exe?A=docHatugen&RA=frameNittei&USR=gifgifk&N=634&H=3400472,null
H3400473_1,岐阜県,第２回,1,23,5,10,臨時,平成２３年　　５月　臨時会（第２回） - 05月10日－01号 ,議長,議長,藤墳守,議長,御異議なしと認めます。,,https://www.kaigiroku.net/cgi-bin/WWWdocHatugen.exe?A=docHatugen&RA=frameNittei&USR=gifgifk&N=634&H=3400473,null
H3400473_2,岐阜県,第２回,1,23,5,10,臨時,平成２３年　　５月　臨時会（第２回） - 05月10日－01号 ,議長,議長,藤墳守,議長,よって、ただいま指名いたしました諸君が岐阜県地方競馬組合議会議員に当選されました。,,https://www.kaigiroku.net/cgi-bin/WWWdocHatugen.exe?A=docHatugen&RA=frameNittei&USR=gifgifk&N=634&H=3400473,null
H3400473_3,岐阜県,第２回,1,23,5,10,臨時,平成２３年　　５月　臨時会（第２回） - 05月10日－01号 ,議長,議長,藤墳守,議長,岐阜県議会会議規則第二十六条第二項の規定により、岐阜県地方競馬組合議会議員に当選されたことを猫田　孝君、渡辺信行君、岩井豊太郎君、玉田和浩君、駒田　誠君、渡辺　真君、渡辺嘉山君、田中勝士君、以上の諸君に告知をいたします。,,https://www.kaigiroku.net/cgi-bin/WWWdocHatugen.exe?A=docHatugen&RA=frameNittei&USR=gifgifk&N=634&H=3400473,null
H3400473_4,岐阜県,第２回,1,23,5,10,臨時,平成２３年　　５月　臨時会（第２回） - 05月10日－01号 ,議長,議長,藤墳守,議長,……………………………………………………………………………………………,,https://www.kaigiroku.net/cgi-bin/WWWdocHatugen.exe?A=docHatugen&RA=frameNittei&USR=gifgifk&N=634&H=3400473,null
H3400474_1,岐阜県,第２回,1,23,5,10,臨時,平成２３年　　５月　臨時会（第２回） - 05月10日－01号 ,議長,議長,藤墳守,議長,日程第九を議題といたします。,,https://www.kaigiroku.net/cgi-bin/WWWdocHatugen.exe?A=docHatugen&RA=frameNittei&USR=gifgifk&N=634&H=3400474,null
H3400474_2,岐阜県,第２回,1,23,5,10,臨時,平成２３年　　５月　臨時会（第２回） - 05月10日－01号 ,議長,議長,藤墳守,議長,提出議案に対する知事の説明を求めます。,,https://www.kaigiroku.net/cgi-bin/WWWdocHatugen.exe?A=docHatugen&RA=frameNittei&USR=gifgifk&N=634&H=3400474,null
H3400474_3,岐阜県,第２回,1,23,5,10,臨時,平成２３年　　５月　臨時会（第２回） - 05月10日－01号 ,議長,議長,藤墳守,議長,知事　古田　肇君。,,https://www.kaigiroku.net/cgi-bin/WWWdocHatugen.exe?A=docHatugen&RA=frameNittei&USR=gifgifk&N=634&H=3400474,null
H3400474_4,岐阜県,第２回,1,23,5,10,臨時,平成２３年　　５月　臨時会（第２回） - 05月10日－01号 ,議長,議長,藤墳守,議長,〔知事　古田　肇君登壇〕,,https://www.kaigiroku.net/cgi-bin/WWWdocHatugen.exe?A=docHatugen&RA=frameNittei&USR=gifgifk&N=634&H=3400474,null
H3400475_1,岐阜県,第２回,1,23,5,10,臨時,平成２３年　　５月　臨時会（第２回） - 05月10日－01号 ,答弁者,知事,古田肇,知事,本日提出いたしました議案の説明に先立ちまして、東日本大震災への対応につきまして御報告申し上げます。,,https://www.kaigiroku.net/cgi-bin/WWWdocHatugen.exe?A=docHatugen&RA=frameNittei&USR=gifgifk&N=634&H=3400475,null
H3400475_2,岐阜県,第２回,1,23,5,10,臨時,平成２３年　　５月　臨時会（第２回） - 05月10日－01号 ,答弁者,知事,古田肇,知事,このたびの東北地方太平洋沖地震による未曾有の大震災に対しまして、本県といたしましても地震発生後直ちに災害支援対策本部を設置し、救助や捜索、医療活動を初めとする人的支援や、食料、水、毛布、簡易トイレ、衣類などの物的支援、被災された方々の受け入れなど、できる限りの支援に取り組んでまいりました。,,https://www.kaigiroku.net/cgi-bin/WWWdocHatugen.exe?A=docHatugen&RA=frameNittei&USR=gifgifk&N=634&H=3400475,null
H3400475_3,岐阜県,第２回,1,23,5,10,臨時,平成２３年　　５月　臨時会（第２回） - 05月10日－01号 ,答弁者,知事,古田肇,知事,中でも被災された方々の受け入れにあたっては、総合窓口を設置して、住居、生活資金、医療、就学、就労などの相談をお受けし、速やかに本県での生活を始めることができるよう世帯ごとの要請に応じた支援を行っているところであります。,,https://www.kaigiroku.net/cgi-bin/WWWdocHatugen.exe?A=docHatugen&RA=frameNittei&USR=gifgifk&N=634&H=3400475,null
H3400475_4,岐阜県,第２回,1,23,5,10,臨時,平成２３年　　５月　臨時会（第２回） - 05月10日－01号 ,答弁者,知事,古田肇,知事,私自身も、先月二十日に大垣市に出向きまして、福島県から避難されている五名の方々に直接お話をお伺いいたしました。,,https://www.kaigiroku.net/cgi-bin/WWWdocHatugen.exe?A=docHatugen&RA=frameNittei&USR=gifgifk&N=634&H=3400475,null
H3400475_5,岐阜県,第２回,1,23,5,10,臨時,平成２３年　　５月　臨時会（第２回） - 05月10日－01号 ,答弁者,知事,古田肇,知事,また、二十九日には宮城県庁と、避難所運営支援のため本県職員を派遣している多賀城市を訪問し、被災地を視察いたしました。,,https://www.kaigiroku.net/cgi-bin/WWWdocHatugen.exe?A=docHatugen&RA=frameNittei&USR=gifgifk&N=634&H=3400475,null
H3400475_6,岐阜県,第２回,1,23,5,10,臨時,平成２３年　　５月　臨時会（第２回） - 05月10日－01号 ,答弁者,知事,古田肇,知事,その際、村井知事や菊地市長とお会いするとともに、避難生活を送る方々をお見舞い申し上げ、東北応援メッセージ入りの飲料水やアームチェア、生活用品などをお贈りしてまいりました。,,https://www.kaigiroku.net/cgi-bin/WWWdocHatugen.exe?A=docHatugen&RA=frameNittei&USR=gifgifk&N=634&H=3400475,null
H3400475_7,岐阜県,第２回,1,23,5,10,臨時,平成２３年　　５月　臨時会（第２回） - 05月10日－01号 ,答弁者,知事,古田肇,知事,そこでは、本県からの物的支援が被災地で喜ばれていることや、本県職員の避難所での活動など人的支援が、まさに被災地と岐阜県をつなぐきずなとなりつつあることを再認識したところであります。,,https://www.kaigiroku.net/cgi-bin/WWWdocHatugen.exe?A=docHatugen&RA=frameNittei&USR=gifgifk&N=634&H=3400475,null
H3400475_8,岐阜県,第２回,1,23,5,10,臨時,平成２３年　　５月　臨時会（第２回） - 05月10日－01号 ,答弁者,知事,古田肇,知事,今後、被災地で活動している本県職員からの情報などを踏まえ、これまで以上にきめ細やかな支援に取り組んでまいります。,,https://www.kaigiroku.net/cgi-bin/WWWdocHatugen.exe?A=docHatugen&RA=frameNittei&USR=gifgifk&N=634&H=3400475,null
H3400475_9,岐阜県,第２回,1,23,5,10,臨時,平成２３年　　５月　臨時会（第２回） - 05月10日－01号 ,答弁者,知事,古田肇,知事,加えて、中部電力浜岡原子力発電所の発電停止決定をも踏まえ、省エネルギー・省電力の積極的実施、新エネルギー導入対策の推進も本県として不可欠の課題であります。,,https://www.kaigiroku.net/cgi-bin/WWWdocHatugen.exe?A=docHatugen&RA=frameNittei&USR=gifgifk&N=634&H=3400475,null
H3400475_10,岐阜県,第２回,1,23,5,10,臨時,平成２３年　　５月　臨時会（第２回） - 05月10日－01号 ,答弁者,知事,古田肇,知事,一方で、こうした災害はあすは我が身であります。,,https://www.kaigiroku.net/cgi-bin/WWWdocHatugen.exe?A=docHatugen&RA=frameNittei&USR=gifgifk&N=634&H=3400475,null
H3400475_11,岐阜県,第２回,1,23,5,10,臨時,平成２３年　　５月　臨時会（第２回） - 05月10日－01号 ,答弁者,知事,古田肇,知事,このため、大震災を受けまして震災対策検証委員会を設置したところであります。,,https://www.kaigiroku.net/cgi-bin/WWWdocHatugen.exe?A=docHatugen&RA=frameNittei&USR=gifgifk&N=634&H=3400475,null
H3400475_12,岐阜県,第２回,1,23,5,10,臨時,平成２３年　　５月　臨時会（第２回） - 05月10日－01号 ,答弁者,知事,古田肇,知事,これにより、防災体制の基本たる県地域防災計画を初めとして、県地震防災行動計画、さらには医療、広域支援、耐震化などに係る防災関連計画を点検・検証をすることといたしました。,,https://www.kaigiroku.net/cgi-bin/WWWdocHatugen.exe?A=docHatugen&RA=frameNittei&USR=gifgifk&N=634&H=3400475,null
H3400475_13,岐阜県,第２回,1,23,5,10,臨時,平成２３年　　５月　臨時会（第２回） - 05月10日－01号 ,答弁者,知事,古田肇,知事,また、近隣の原子力発電所の安全確保に対する体制の強化も図ってまいります。,,https://www.kaigiroku.net/cgi-bin/WWWdocHatugen.exe?A=docHatugen&RA=frameNittei&USR=gifgifk&N=634&H=3400475,null
H3400475_14,岐阜県,第２回,1,23,5,10,臨時,平成２３年　　５月　臨時会（第２回） - 05月10日－01号 ,答弁者,知事,古田肇,知事,その一環として、今月十八日に岐阜市内で地震防災フォーラムを開催し、あわせて第一回検証委員会を開催いたします。,,https://www.kaigiroku.net/cgi-bin/WWWdocHatugen.exe?A=docHatugen&RA=frameNittei&USR=gifgifk&N=634&H=3400475,null
H3400475_15,岐阜県,第２回,1,23,5,10,臨時,平成２３年　　５月　臨時会（第２回） - 05月10日－01号 ,答弁者,知事,古田肇,知事,これを皮切りに議論を進めていただき、国における検証作業を注視しながら、秋ごろまでには県の各防災関連計画の見直しを終えるよう取り組んでまいりたいと考えております。,,https://www.kaigiroku.net/cgi-bin/WWWdocHatugen.exe?A=docHatugen&RA=frameNittei&USR=gifgifk&N=634&H=3400475,null
H3400475_16,岐阜県,第２回,1,23,5,10,臨時,平成２３年　　５月　臨時会（第２回） - 05月10日－01号 ,答弁者,知事,古田肇,知事,さらに、大震災による全国的な自粛ムードの中、旅行、イベントなどが控えられており、本県の観光地においても内外からの宿泊客が縮小するなど、観光産業を取り巻く状況は非常に厳しいものとなってきております。,,https://www.kaigiroku.net/cgi-bin/WWWdocHatugen.exe?A=docHatugen&RA=frameNittei&USR=gifgifk&N=634&H=3400475,null
H3400475_17,岐阜県,第２回,1,23,5,10,臨時,平成２３年　　５月　臨時会（第２回） - 05月10日－01号 ,答弁者,知事,古田肇,知事,被災された方々や、福島第一原子力発電所の状況を思いますと、一定の自粛も理解できるところではありますが、大きな被害を受けた東日本を応援し、さらには日本経済を盛り上げていくことは、私どものように幸いにも被害がほとんどなかった地域が担うべき役割であると考えております。,,https://www.kaigiroku.net/cgi-bin/WWWdocHatugen.exe?A=docHatugen&RA=frameNittei&USR=gifgifk&N=634&H=3400475,null
H3400475_18,岐阜県,第２回,1,23,5,10,臨時,平成２３年　　５月　臨時会（第２回） - 05月10日－01号 ,答弁者,知事,古田肇,知事,そこで、まずは観光地に活気を取り戻すため、「ぎふを旅して日本を元気に！」をテーマに「東日本応援・県内観光地宿泊促進緊急キャンペーン」を実施しております。,,https://www.kaigiroku.net/cgi-bin/WWWdocHatugen.exe?A=docHatugen&RA=frameNittei&USR=gifgifk&N=634&H=3400475,null
H3400475_19,岐阜県,第２回,1,23,5,10,臨時,平成２３年　　５月　臨時会（第２回） - 05月10日－01号 ,答弁者,知事,古田肇,知事,これは、県内の宿泊施設の参加を募り、宿泊料の一部を被災地の復興に充てる、あるいは被災地の産品を積極的に宿泊客に提供するなど、支援のための旅行商品を開発しＰＲしていくというものであります。,,https://www.kaigiroku.net/cgi-bin/WWWdocHatugen.exe?A=docHatugen&RA=frameNittei&USR=gifgifk&N=634&H=3400475,null
H3400475_20,岐阜県,第２回,1,23,5,10,臨時,平成２３年　　５月　臨時会（第２回） - 05月10日－01号 ,答弁者,知事,古田肇,知事,さらに、大手スーパーと連携した東北物産展や東北観光ＰＲなども積極的に進めております。,,https://www.kaigiroku.net/cgi-bin/WWWdocHatugen.exe?A=docHatugen&RA=frameNittei&USR=gifgifk&N=634&H=3400475,null
H3400475_21,岐阜県,第２回,1,23,5,10,臨時,平成２３年　　５月　臨時会（第２回） - 05月10日－01号 ,答弁者,知事,古田肇,知事,また、今月十五日には、一万人を超える市民ランナーや一流アスリートが参加し、岐阜の風物を満喫していただく「第一回高橋尚子杯ぎふ清流マラソン」を開催いたします。,,https://www.kaigiroku.net/cgi-bin/WWWdocHatugen.exe?A=docHatugen&RA=frameNittei&USR=gifgifk&N=634&H=3400475,null
H3400475_22,岐阜県,第２回,1,23,5,10,臨時,平成２３年　　５月　臨時会（第２回） - 05月10日－01号 ,答弁者,知事,古田肇,知事,大会長である高橋さんは、被災地の状況に衝撃を受け、「心と心をつなぐのは今」というメッセージを発信して、本大会をチャリティーマラソンとして被災地を支援しようとされております。,,https://www.kaigiroku.net/cgi-bin/WWWdocHatugen.exe?A=docHatugen&RA=frameNittei&USR=gifgifk&N=634&H=3400475,null
H3400475_23,岐阜県,第２回,1,23,5,10,臨時,平成２３年　　５月　臨時会（第２回） - 05月10日－01号 ,答弁者,知事,古田肇,知事,このため、当日に東北三県の物産販売ブースなどを設けるとともに、参加料や協賛金、大会当日の募金活動などから、義援金を被災地へお送りしたいと考えております。,,https://www.kaigiroku.net/cgi-bin/WWWdocHatugen.exe?A=docHatugen&RA=frameNittei&USR=gifgifk&N=634&H=3400475,null
H3400475_24,岐阜県,第２回,1,23,5,10,臨時,平成２３年　　５月　臨時会（第２回） - 05月10日－01号 ,答弁者,知事,古田肇,知事,今後とも、被災された方々の支援と東日本地域の復興、再生に向け、議員各位を初め県民の皆様の御支援と御協力をお願い申し上げます。,,https://www.kaigiroku.net/cgi-bin/WWWdocHatugen.exe?A=docHatugen&RA=frameNittei&USR=gifgifk&N=634&H=3400475,null
H3400475_25,岐阜県,第２回,1,23,5,10,臨時,平成２３年　　５月　臨時会（第２回） - 05月10日－01号 ,答弁者,知事,古田肇,知事,それでは、本日提出いたしました議案につきまして御説明申し上げます。,,https://www.kaigiroku.net/cgi-bin/WWWdocHatugen.exe?A=docHatugen&RA=frameNittei&USR=gifgifk&N=634&H=3400475,null
H3400475_26,岐阜県,第２回,1,23,5,10,臨時,平成２３年　　５月　臨時会（第２回） - 05月10日－01号 ,答弁者,知事,古田肇,知事,初めに、議第七十六号は、議員のうちから選任されました監査委員の任期満了に伴い、村下貴夫議員及び大野泰正議員を監査委員に選任するため同意を求めるものであります。,,https://www.kaigiroku.net/cgi-bin/WWWdocHatugen.exe?A=docHatugen&RA=frameNittei&USR=gifgifk&N=634&H=3400475,null
H3400475_27,岐阜県,第２回,1,23,5,10,臨時,平成２３年　　５月　臨時会（第２回） - 05月10日－01号 ,答弁者,知事,古田肇,知事,次に、議第七十七号から議第八十一号までは、いずれも専決処分の承認を求めるものであります。,,https://www.kaigiroku.net/cgi-bin/WWWdocHatugen.exe?A=docHatugen&RA=frameNittei&USR=gifgifk&N=634&H=3400475,null
H3400475_28,岐阜県,第２回,1,23,5,10,臨時,平成２３年　　５月　臨時会（第２回） - 05月10日－01号 ,答弁者,知事,古田肇,知事,まず、議第七十七号は、平成二十二年度一般会計予算につきまして、地方交付税及び県債等の確定のほか、予算を上回る寄附金をぎふ清流国体・ぎふ清流大会運営基金に積み立てるため、所要の補正を行ったものであります。,,https://www.kaigiroku.net/cgi-bin/WWWdocHatugen.exe?A=docHatugen&RA=frameNittei&USR=gifgifk&N=634&H=3400475,null
H3400475_29,岐阜県,第２回,1,23,5,10,臨時,平成２３年　　５月　臨時会（第２回） - 05月10日－01号 ,答弁者,知事,古田肇,知事,また、議第七十八号及び議第七十九号は、いずれも平成二十三年度一般会計補正予算でありまして、東日本大震災に対応し、放射線測定機器の整備や被災地支援に係る経費など、所要の補正を行ったものであります。,,https://www.kaigiroku.net/cgi-bin/WWWdocHatugen.exe?A=docHatugen&RA=frameNittei&USR=gifgifk&N=634&H=3400475,null
H3400475_30,岐阜県,第２回,1,23,5,10,臨時,平成２３年　　５月　臨時会（第２回） - 05月10日－01号 ,答弁者,知事,古田肇,知事,続きまして、議第八十号及び議第八十一号は、いずれも地方税法改正に伴う岐阜県税条例の一部改正であります。,,https://www.kaigiroku.net/cgi-bin/WWWdocHatugen.exe?A=docHatugen&RA=frameNittei&USR=gifgifk&N=634&H=3400475,null
H3400475_31,岐阜県,第２回,1,23,5,10,臨時,平成２３年　　５月　臨時会（第２回） - 05月10日－01号 ,答弁者,知事,古田肇,知事,議第八十号は、この三月末日に期限が到来した不動産取得税の軽減措置について、その期限を暫定的に三カ月間延長するものであります。,,https://www.kaigiroku.net/cgi-bin/WWWdocHatugen.exe?A=docHatugen&RA=frameNittei&USR=gifgifk&N=634&H=3400475,null
H3400475_32,岐阜県,第２回,1,23,5,10,臨時,平成２３年　　５月　臨時会（第２回） - 05月10日－01号 ,答弁者,知事,古田肇,知事,また、議第八十一号は、東日本大震災で被災された方が、県内で代替家屋、敷地を取得した場合に、不動産取得税を軽減するとともに、原油価格の異常な高騰が続いた場合における軽油引取税の税率の特例停止措置について、その適用を停止するものであります。,,https://www.kaigiroku.net/cgi-bin/WWWdocHatugen.exe?A=docHatugen&RA=frameNittei&USR=gifgifk&N=634&H=3400475,null
H3400475_33,岐阜県,第２回,1,23,5,10,臨時,平成２３年　　５月　臨時会（第２回） - 05月10日－01号 ,答弁者,知事,古田肇,知事,いずれも早期の処理を必要としたため、地方自治法第百七十九条第一項の規定により専決処分を行ったものであります。,,https://www.kaigiroku.net/cgi-bin/WWWdocHatugen.exe?A=docHatugen&RA=frameNittei&USR=gifgifk&N=634&H=3400475,null
H3400475_34,岐阜県,第２回,1,23,5,10,臨時,平成２３年　　５月　臨時会（第２回） - 05月10日－01号 ,答弁者,知事,古田肇,知事,以上をもちまして提出案件の説明を終わります。,,https://www.kaigiroku.net/cgi-bin/WWWdocHatugen.exe?A=docHatugen&RA=frameNittei&USR=gifgifk&N=634&H=3400475,null
H3400475_35,岐阜県,第２回,1,23,5,10,臨時,平成２３年　　５月　臨時会（第２回） - 05月10日－01号 ,答弁者,知事,古田肇,知事,よろしく御審議を賜りますようお願い申し上げます。,,https://www.kaigiroku.net/cgi-bin/WWWdocHatugen.exe?A=docHatugen&RA=frameNittei&USR=gifgifk&N=634&H=3400475,null
H3400475_36,岐阜県,第２回,1,23,5,10,臨時,平成２３年　　５月　臨時会（第２回） - 05月10日－01号 ,答弁者,知事,古田肇,知事,……………………………………………………………………………………………,,https://www.kaigiroku.net/cgi-bin/WWWdocHatugen.exe?A=docHatugen&RA=frameNittei&USR=gifgifk&N=634&H=3400475,null
H3400476_1,岐阜県,第２回,1,23,5,10,臨時,平成２３年　　５月　臨時会（第２回） - 05月10日－01号 ,議長,議長,藤墳守,議長,委員会開催等のため、しばらく休憩いたします。,,https://www.kaigiroku.net/cgi-bin/WWWdocHatugen.exe?A=docHatugen&RA=frameNittei&USR=gifgifk&N=634&H=3400476,null
H3400479_1,岐阜県,第２回,1,23,5,10,臨時,平成２３年　　５月　臨時会（第２回） - 05月10日－01号 ,議長,議長,藤墳守,議長,休憩前に引き続き会議を開きます。,,https://www.kaigiroku.net/cgi-bin/WWWdocHatugen.exe?A=docHatugen&RA=frameNittei&USR=gifgifk&N=634&H=3400479,null
H3400479_2,岐阜県,第２回,1,23,5,10,臨時,平成２３年　　５月　臨時会（第２回） - 05月10日－01号 ,議長,議長,藤墳守,議長,……………………………………………………………………………………………,,https://www.kaigiroku.net/cgi-bin/WWWdocHatugen.exe?A=docHatugen&RA=frameNittei&USR=gifgifk&N=634&H=3400479,null
H3400480_1,岐阜県,第２回,1,23,5,10,臨時,平成２３年　　５月　臨時会（第２回） - 05月10日－01号 ,議長,議長,藤墳守,議長,諸般の報告をいたします。,,https://www.kaigiroku.net/cgi-bin/WWWdocHatugen.exe?A=docHatugen&RA=frameNittei&USR=gifgifk&N=634&H=3400480,null
H3400480_2,岐阜県,第２回,1,23,5,10,臨時,平成２３年　　５月　臨時会（第２回） - 05月10日－01号 ,議長,議長,藤墳守,議長,各常任委員会、議会運営委員会及び各特別委員会の委員長、副委員長の互選の結果につきましては、お手元に配布の委員長・副委員長名簿のとおり選任された旨の報告がありました。,,https://www.kaigiroku.net/cgi-bin/WWWdocHatugen.exe?A=docHatugen&RA=frameNittei&USR=gifgifk&N=634&H=3400480,null
H3400482_1,岐阜県,第２回,1,23,5,10,臨時,平成２３年　　５月　臨時会（第２回） - 05月10日－01号 ,議長,議長,藤墳守,議長,引き続き、日程第九を議題といたします。,,https://www.kaigiroku.net/cgi-bin/WWWdocHatugen.exe?A=docHatugen&RA=frameNittei&USR=gifgifk&N=634&H=3400482,null
H3400482_2,岐阜県,第２回,1,23,5,10,臨時,平成２３年　　５月　臨時会（第２回） - 05月10日－01号 ,議長,議長,藤墳守,議長,お諮りいたします。,,https://www.kaigiroku.net/cgi-bin/WWWdocHatugen.exe?A=docHatugen&RA=frameNittei&USR=gifgifk&N=634&H=3400482,null
H3400482_3,岐阜県,第２回,1,23,5,10,臨時,平成２３年　　５月　臨時会（第２回） - 05月10日－01号 ,議長,議長,藤墳守,議長,ただいま議題とした各案件のうち、議第七十六号から議第七十九号まで及び議第八十一号を直ちに採決いたしたいと思います。,,https://www.kaigiroku.net/cgi-bin/WWWdocHatugen.exe?A=docHatugen&RA=frameNittei&USR=gifgifk&N=634&H=3400482,null
H3400482_4,岐阜県,第２回,1,23,5,10,臨時,平成２３年　　５月　臨時会（第２回） - 05月10日－01号 ,議長,議長,藤墳守,議長,これに御異議ありませんか。,,https://www.kaigiroku.net/cgi-bin/WWWdocHatugen.exe?A=docHatugen&RA=frameNittei&USR=gifgifk&N=634&H=3400482,null
H3400482_5,岐阜県,第２回,1,23,5,10,臨時,平成２３年　　５月　臨時会（第２回） - 05月10日－01号 ,議長,議長,藤墳守,議長,〔「異議なし」と呼ぶ者あり〕,,https://www.kaigiroku.net/cgi-bin/WWWdocHatugen.exe?A=docHatugen&RA=frameNittei&USR=gifgifk&N=634&H=3400482,null
H3400483_1,岐阜県,第２回,1,23,5,10,臨時,平成２３年　　５月　臨時会（第２回） - 05月10日－01号 ,議長,議長,藤墳守,議長,御異議なしと認めます。,,https://www.kaigiroku.net/cgi-bin/WWWdocHatugen.exe?A=docHatugen&RA=frameNittei&USR=gifgifk&N=634&H=3400483,null
H3400483_2,岐阜県,第２回,1,23,5,10,臨時,平成２３年　　５月　臨時会（第２回） - 05月10日－01号 ,議長,議長,藤墳守,議長,よって、ただいま議題とした各案件のうち、議第七十六号から議第七十九号まで及び議第八十一号を直ちに採決することに決定いたしました。,,https://www.kaigiroku.net/cgi-bin/WWWdocHatugen.exe?A=docHatugen&RA=frameNittei&USR=gifgifk&N=634&H=3400483,null
H3400483_3,岐阜県,第２回,1,23,5,10,臨時,平成２３年　　５月　臨時会（第２回） - 05月10日－01号 ,議長,議長,藤墳守,議長,ただいまから、議第七十六号のうち村下貴夫君の選任同意についてを採決いたします。,,https://www.kaigiroku.net/cgi-bin/WWWdocHatugen.exe?A=docHatugen&RA=frameNittei&USR=gifgifk&N=634&H=3400483,null
H3400483_4,岐阜県,第２回,1,23,5,10,臨時,平成２３年　　５月　臨時会（第２回） - 05月10日－01号 ,議長,議長,藤墳守,議長,地方自治法第百十七条の規定により村下貴夫君の退席を求めます。,,https://www.kaigiroku.net/cgi-bin/WWWdocHatugen.exe?A=docHatugen&RA=frameNittei&USR=gifgifk&N=634&H=3400483,null
H3400483_5,岐阜県,第２回,1,23,5,10,臨時,平成２３年　　５月　臨時会（第２回） - 05月10日－01号 ,議長,議長,藤墳守,議長,〔三十三番　村下貴夫君退席〕,,https://www.kaigiroku.net/cgi-bin/WWWdocHatugen.exe?A=docHatugen&RA=frameNittei&USR=gifgifk&N=634&H=3400483,null
H3400484_1,岐阜県,第２回,1,23,5,10,臨時,平成２３年　　５月　臨時会（第２回） - 05月10日－01号 ,議長,議長,藤墳守,議長,お諮りいたします。,,https://www.kaigiroku.net/cgi-bin/WWWdocHatugen.exe?A=docHatugen&RA=frameNittei&USR=gifgifk&N=634&H=3400484,null
H3400484_2,岐阜県,第２回,1,23,5,10,臨時,平成２３年　　５月　臨時会（第２回） - 05月10日－01号 ,議長,議長,藤墳守,議長,本件は、これに同意することに御異議ありませんか。,,https://www.kaigiroku.net/cgi-bin/WWWdocHatugen.exe?A=docHatugen&RA=frameNittei&USR=gifgifk&N=634&H=3400484,null
H3400484_3,岐阜県,第２回,1,23,5,10,臨時,平成２３年　　５月　臨時会（第２回） - 05月10日－01号 ,議長,議長,藤墳守,議長,〔「異議なし」と呼ぶ者あり〕,,https://www.kaigiroku.net/cgi-bin/WWWdocHatugen.exe?A=docHatugen&RA=frameNittei&USR=gifgifk&N=634&H=3400484,null
H3400485_1,岐阜県,第２回,1,23,5,10,臨時,平成２３年　　５月　臨時会（第２回） - 05月10日－01号 ,議長,議長,藤墳守,議長,御異議なしと認めます。,,https://www.kaigiroku.net/cgi-bin/WWWdocHatugen.exe?A=docHatugen&RA=frameNittei&USR=gifgifk&N=634&H=3400485,null
H3400485_2,岐阜県,第２回,1,23,5,10,臨時,平成２３年　　５月　臨時会（第２回） - 05月10日－01号 ,議長,議長,藤墳守,議長,よって、議第七十六号のうち村下貴夫君の選任同意については、これに同意することに決定いたしました。,,https://www.kaigiroku.net/cgi-bin/WWWdocHatugen.exe?A=docHatugen&RA=frameNittei&USR=gifgifk&N=634&H=3400485,null
H3400485_3,岐阜県,第２回,1,23,5,10,臨時,平成２３年　　５月　臨時会（第２回） - 05月10日－01号 ,議長,議長,藤墳守,議長,〔三十三番　村下貴夫君着席〕,,https://www.kaigiroku.net/cgi-bin/WWWdocHatugen.exe?A=docHatugen&RA=frameNittei&USR=gifgifk&N=634&H=3400485,null
H3400486_1,岐阜県,第２回,1,23,5,10,臨時,平成２３年　　５月　臨時会（第２回） - 05月10日－01号 ,議長,議長,藤墳守,議長,次に、議第七十六号のうち大野泰正君の選任同意についてを採決いたします。,,https://www.kaigiroku.net/cgi-bin/WWWdocHatugen.exe?A=docHatugen&RA=frameNittei&USR=gifgifk&N=634&H=3400486,null
H3400486_2,岐阜県,第２回,1,23,5,10,臨時,平成２３年　　５月　臨時会（第２回） - 05月10日－01号 ,議長,議長,藤墳守,議長,地方自治法第百十七条の規定により大野泰正君の退席を求めます。,,https://www.kaigiroku.net/cgi-bin/WWWdocHatugen.exe?A=docHatugen&RA=frameNittei&USR=gifgifk&N=634&H=3400486,null
H3400486_3,岐阜県,第２回,1,23,5,10,臨時,平成２３年　　５月　臨時会（第２回） - 05月10日－01号 ,議長,議長,藤墳守,議長,〔三十四番　大野泰正君退席〕,,https://www.kaigiroku.net/cgi-bin/WWWdocHatugen.exe?A=docHatugen&RA=frameNittei&USR=gifgifk&N=634&H=3400486,null
H3400487_1,岐阜県,第２回,1,23,5,10,臨時,平成２３年　　５月　臨時会（第２回） - 05月10日－01号 ,議長,議長,藤墳守,議長,お諮りいたします。,,https://www.kaigiroku.net/cgi-bin/WWWdocHatugen.exe?A=docHatugen&RA=frameNittei&USR=gifgifk&N=634&H=3400487,null
H3400487_2,岐阜県,第２回,1,23,5,10,臨時,平成２３年　　５月　臨時会（第２回） - 05月10日－01号 ,議長,議長,藤墳守,議長,本件は、これに同意することに御異議ありませんか。,,https://www.kaigiroku.net/cgi-bin/WWWdocHatugen.exe?A=docHatugen&RA=frameNittei&USR=gifgifk&N=634&H=3400487,null
H3400487_3,岐阜県,第２回,1,23,5,10,臨時,平成２３年　　５月　臨時会（第２回） - 05月10日－01号 ,議長,議長,藤墳守,議長,〔「異議なし」と呼ぶ者あり〕,,https://www.kaigiroku.net/cgi-bin/WWWdocHatugen.exe?A=docHatugen&RA=frameNittei&USR=gifgifk&N=634&H=3400487,null
H3400488_1,岐阜県,第２回,1,23,5,10,臨時,平成２３年　　５月　臨時会（第２回） - 05月10日－01号 ,議長,議長,藤墳守,議長,御異議なしと認めます。,,https://www.kaigiroku.net/cgi-bin/WWWdocHatugen.exe?A=docHatugen&RA=frameNittei&USR=gifgifk&N=634&H=3400488,null
H3400488_2,岐阜県,第２回,1,23,5,10,臨時,平成２３年　　５月　臨時会（第２回） - 05月10日－01号 ,議長,議長,藤墳守,議長,よって、議第七十六号のうち大野泰正君の選任同意については、これに同意することに決定いたしました。,,https://www.kaigiroku.net/cgi-bin/WWWdocHatugen.exe?A=docHatugen&RA=frameNittei&USR=gifgifk&N=634&H=3400488,null
H3400488_3,岐阜県,第２回,1,23,5,10,臨時,平成２３年　　５月　臨時会（第２回） - 05月10日－01号 ,議長,議長,藤墳守,議長,〔三十四番　大野泰正君着席〕,,https://www.kaigiroku.net/cgi-bin/WWWdocHatugen.exe?A=docHatugen&RA=frameNittei&USR=gifgifk&N=634&H=3400488,null
H3400489_1,岐阜県,第２回,1,23,5,10,臨時,平成２３年　　５月　臨時会（第２回） - 05月10日－01号 ,議長,議長,藤墳守,議長,次に、議第七十七号から議第七十九号まで及び議第八十一号を一括して採決いたします。,,https://www.kaigiroku.net/cgi-bin/WWWdocHatugen.exe?A=docHatugen&RA=frameNittei&USR=gifgifk&N=634&H=3400489,null
H3400489_2,岐阜県,第２回,1,23,5,10,臨時,平成２３年　　５月　臨時会（第２回） - 05月10日－01号 ,議長,議長,藤墳守,議長,お諮りいたします。,,https://www.kaigiroku.net/cgi-bin/WWWdocHatugen.exe?A=docHatugen&RA=frameNittei&USR=gifgifk&N=634&H=3400489,null
H3400489_3,岐阜県,第２回,1,23,5,10,臨時,平成２３年　　５月　臨時会（第２回） - 05月10日－01号 ,議長,議長,藤墳守,議長,各案件を承認することに御異議ありませんか。,,https://www.kaigiroku.net/cgi-bin/WWWdocHatugen.exe?A=docHatugen&RA=frameNittei&USR=gifgifk&N=634&H=3400489,null
H3400489_4,岐阜県,第２回,1,23,5,10,臨時,平成２３年　　５月　臨時会（第２回） - 05月10日－01号 ,議長,議長,藤墳守,議長,〔「異議なし」と呼ぶ者あり〕,,https://www.kaigiroku.net/cgi-bin/WWWdocHatugen.exe?A=docHatugen&RA=frameNittei&USR=gifgifk&N=634&H=3400489,null
H3400490_1,岐阜県,第２回,1,23,5,10,臨時,平成２３年　　５月　臨時会（第２回） - 05月10日－01号 ,議長,議長,藤墳守,議長,御異議なしと認めます。,,https://www.kaigiroku.net/cgi-bin/WWWdocHatugen.exe?A=docHatugen&RA=frameNittei&USR=gifgifk&N=634&H=3400490,null
H3400490_2,岐阜県,第２回,1,23,5,10,臨時,平成２３年　　５月　臨時会（第２回） - 05月10日－01号 ,議長,議長,藤墳守,議長,よって、各案件は承認することに決定いたしました。,,https://www.kaigiroku.net/cgi-bin/WWWdocHatugen.exe?A=docHatugen&RA=frameNittei&USR=gifgifk&N=634&H=3400490,null
H3400490_3,岐阜県,第２回,1,23,5,10,臨時,平成２３年　　５月　臨時会（第２回） - 05月10日－01号 ,議長,議長,藤墳守,議長,ただいまから議第八十号について討論を行います。,,https://www.kaigiroku.net/cgi-bin/WWWdocHatugen.exe?A=docHatugen&RA=frameNittei&USR=gifgifk&N=634&H=3400490,null
H3400490_4,岐阜県,第２回,1,23,5,10,臨時,平成２３年　　５月　臨時会（第２回） - 05月10日－01号 ,議長,議長,藤墳守,議長,討論の通告がありますので発言を許します。,,https://www.kaigiroku.net/cgi-bin/WWWdocHatugen.exe?A=docHatugen&RA=frameNittei&USR=gifgifk&N=634&H=3400490,null
H3400490_5,岐阜県,第２回,1,23,5,10,臨時,平成２３年　　５月　臨時会（第２回） - 05月10日－01号 ,議長,議長,藤墳守,議長,十二番　大須賀志津香君。,,https://www.kaigiroku.net/cgi-bin/WWWdocHatugen.exe?A=docHatugen&RA=frameNittei&USR=gifgifk&N=634&H=3400490,null
H3400490_6,岐阜県,第２回,1,23,5,10,臨時,平成２３年　　５月　臨時会（第２回） - 05月10日－01号 ,議長,議長,藤墳守,議長,〔十二番　大須賀志津香君登壇〕,,https://www.kaigiroku.net/cgi-bin/WWWdocHatugen.exe?A=docHatugen&RA=frameNittei&USR=gifgifk&N=634&H=3400490,null
H3400491_1,岐阜県,第２回,1,23,5,10,臨時,平成２３年　　５月　臨時会（第２回） - 05月10日－01号 ,質問者,2100050000008,大須賀志津香,議員,それでは、本日の臨時議会に追加上程されております議第八十号　岐阜県税条例の一部を改正する条例の専決処分の承認についての反対討論を行います。,,https://www.kaigiroku.net/cgi-bin/WWWdocHatugen.exe?A=docHatugen&RA=frameNittei&USR=gifgifk&N=634&H=3400491,null
H3400491_2,岐阜県,第２回,1,23,5,10,臨時,平成２３年　　５月　臨時会（第２回） - 05月10日－01号 ,質問者,2100050000008,大須賀志津香,議員,本条例改正は、上位法であります地方税法の特別措置が、今年三月いっぱいで期限切れになるため、継続してつなぐための専決処分でありました。,,https://www.kaigiroku.net/cgi-bin/WWWdocHatugen.exe?A=docHatugen&RA=frameNittei&USR=gifgifk&N=634&H=3400491,null
H3400491_3,岐阜県,第２回,1,23,5,10,臨時,平成２３年　　５月　臨時会（第２回） - 05月10日－01号 ,質問者,2100050000008,大須賀志津香,議員,承認できない理由は、議案の中で幾つかある不動産取得税の軽減措置の中に、都市再生特別措置法に規定する認定事業者、あるいは同法に規定する整備区域の不動産に係る減税措置が含まれていることであります。,,https://www.kaigiroku.net/cgi-bin/WWWdocHatugen.exe?A=docHatugen&RA=frameNittei&USR=gifgifk&N=634&H=3400491,null
H3400491_4,岐阜県,第２回,1,23,5,10,臨時,平成２３年　　５月　臨時会（第２回） - 05月10日－01号 ,質問者,2100050000008,大須賀志津香,議員,本法は、資産流動化の促進を目的にしていると言われます。,,https://www.kaigiroku.net/cgi-bin/WWWdocHatugen.exe?A=docHatugen&RA=frameNittei&USR=gifgifk&N=634&H=3400491,null
H3400491_5,岐阜県,第２回,1,23,5,10,臨時,平成２３年　　５月　臨時会（第２回） - 05月10日－01号 ,質問者,2100050000008,大須賀志津香,議員,岐阜県下には、適用対象はありませんけれども、全国的に適用されている例を見ますと、中心は担税能力のある国内屈指の大企業や、その不動産部が対象となっております。,,https://www.kaigiroku.net/cgi-bin/WWWdocHatugen.exe?A=docHatugen&RA=frameNittei&USR=gifgifk&N=634&H=3400491,null
H3400491_6,岐阜県,第２回,1,23,5,10,臨時,平成２３年　　５月　臨時会（第２回） - 05月10日－01号 ,質問者,2100050000008,大須賀志津香,議員,こうした大企業減税は、暫定延長ではなく、即時中止をして、東日本大震災の被災者支援の財源とすべきであります。,,https://www.kaigiroku.net/cgi-bin/WWWdocHatugen.exe?A=docHatugen&RA=frameNittei&USR=gifgifk&N=634&H=3400491,null
H3400491_7,岐阜県,第２回,1,23,5,10,臨時,平成２３年　　５月　臨時会（第２回） - 05月10日－01号 ,質問者,2100050000008,大須賀志津香,議員,なお、もう既に行われてしまった専決処分に反対しても、事は変わらないから言っても仕方がないんじゃないかという御意見もあるようですが、幾ら国で決めたこととはいえ、地方から不適切であるということはしっかり意見を述べ、また次の施策につなげていくことも大切であろうという思いで発言をさせていただきました。,,https://www.kaigiroku.net/cgi-bin/WWWdocHatugen.exe?A=docHatugen&RA=frameNittei&USR=gifgifk&N=634&H=3400491,null
H3400491_8,岐阜県,第２回,1,23,5,10,臨時,平成２３年　　５月　臨時会（第２回） - 05月10日－01号 ,質問者,2100050000008,大須賀志津香,議員,以上で討論を終わります。,,https://www.kaigiroku.net/cgi-bin/WWWdocHatugen.exe?A=docHatugen&RA=frameNittei&USR=gifgifk&N=634&H=3400491,null
H3400492_1,岐阜県,第２回,1,23,5,10,臨時,平成２３年　　５月　臨時会（第２回） - 05月10日－01号 ,議長,議長,藤墳守,議長,以上で、通告による討論は終わりました。,,https://www.kaigiroku.net/cgi-bin/WWWdocHatugen.exe?A=docHatugen&RA=frameNittei&USR=gifgifk&N=634&H=3400492,null
H3400492_2,岐阜県,第２回,1,23,5,10,臨時,平成２３年　　５月　臨時会（第２回） - 05月10日－01号 ,議長,議長,藤墳守,議長,これをもって討論を終結いたします。,,https://www.kaigiroku.net/cgi-bin/WWWdocHatugen.exe?A=docHatugen&RA=frameNittei&USR=gifgifk&N=634&H=3400492,null
H3400492_3,岐阜県,第２回,1,23,5,10,臨時,平成２３年　　５月　臨時会（第２回） - 05月10日－01号 ,議長,議長,藤墳守,議長,ただいまから議第八十号を起立により採決いたします。,,https://www.kaigiroku.net/cgi-bin/WWWdocHatugen.exe?A=docHatugen&RA=frameNittei&USR=gifgifk&N=634&H=3400492,null
H3400492_4,岐阜県,第２回,1,23,5,10,臨時,平成２３年　　５月　臨時会（第２回） - 05月10日－01号 ,議長,議長,藤墳守,議長,お諮りいたします。,,https://www.kaigiroku.net/cgi-bin/WWWdocHatugen.exe?A=docHatugen&RA=frameNittei&USR=gifgifk&N=634&H=3400492,null
H3400492_5,岐阜県,第２回,1,23,5,10,臨時,平成２３年　　５月　臨時会（第２回） - 05月10日－01号 ,議長,議長,藤墳守,議長,本案を承認することに賛成の諸君の起立を求めます。,,https://www.kaigiroku.net/cgi-bin/WWWdocHatugen.exe?A=docHatugen&RA=frameNittei&USR=gifgifk&N=634&H=3400492,null
H3400492_6,岐阜県,第２回,1,23,5,10,臨時,平成２３年　　５月　臨時会（第２回） - 05月10日－01号 ,議長,議長,藤墳守,議長,（賛成者起立）,,https://www.kaigiroku.net/cgi-bin/WWWdocHatugen.exe?A=docHatugen&RA=frameNittei&USR=gifgifk&N=634&H=3400492,null
H3400493_1,岐阜県,第２回,1,23,5,10,臨時,平成２３年　　５月　臨時会（第２回） - 05月10日－01号 ,議長,議長,藤墳守,議長,起立多数であります。,,https://www.kaigiroku.net/cgi-bin/WWWdocHatugen.exe?A=docHatugen&RA=frameNittei&USR=gifgifk&N=634&H=3400493,null
H3400493_2,岐阜県,第２回,1,23,5,10,臨時,平成２３年　　５月　臨時会（第２回） - 05月10日－01号 ,議長,議長,藤墳守,議長,よって、本案は承認することに決定いたしました。,,https://www.kaigiroku.net/cgi-bin/WWWdocHatugen.exe?A=docHatugen&RA=frameNittei&USR=gifgifk&N=634&H=3400493,null
H3400493_3,岐阜県,第２回,1,23,5,10,臨時,平成２３年　　５月　臨時会（第２回） - 05月10日－01号 ,議長,議長,藤墳守,議長,……………………………………………………………………………………………,,https://www.kaigiroku.net/cgi-bin/WWWdocHatugen.exe?A=docHatugen&RA=frameNittei&USR=gifgifk&N=634&H=3400493,null
H3400494_1,岐阜県,第２回,1,23,5,10,臨時,平成２３年　　５月　臨時会（第２回） - 05月10日－01号 ,議長,議長,藤墳守,議長,本日の日程に追加されております県議第八号　東日本大震災からの復興対策について国民共有のビジョンを早期に示すこと等を求める意見書について及び県議第九号　地方における社会資本整備を着実に推進するための措置を求める意見書についての各案件を一括して議題といたします。,,https://www.kaigiroku.net/cgi-bin/WWWdocHatugen.exe?A=docHatugen&RA=frameNittei&USR=gifgifk&N=634&H=3400494,null
H3400494_2,岐阜県,第２回,1,23,5,10,臨時,平成２３年　　５月　臨時会（第２回） - 05月10日－01号 ,議長,議長,藤墳守,議長,ただいまから県議第八号　東日本大震災からの復興対策について国民共有のビジョンを早期に示すこと等を求める意見書についての案件について、提出者に説明を求めます。,,https://www.kaigiroku.net/cgi-bin/WWWdocHatugen.exe?A=docHatugen&RA=frameNittei&USR=gifgifk&N=634&H=3400494,null
H3400494_3,岐阜県,第２回,1,23,5,10,臨時,平成２３年　　５月　臨時会（第２回） - 05月10日－01号 ,議長,議長,藤墳守,議長,三十六番　足立勝利君。,,https://www.kaigiroku.net/cgi-bin/WWWdocHatugen.exe?A=docHatugen&RA=frameNittei&USR=gifgifk&N=634&H=3400494,null
H3400494_4,岐阜県,第２回,1,23,5,10,臨時,平成２３年　　５月　臨時会（第２回） - 05月10日－01号 ,議長,議長,藤墳守,議長,〔三十六番　足立勝利君登壇〕,,https://www.kaigiroku.net/cgi-bin/WWWdocHatugen.exe?A=docHatugen&RA=frameNittei&USR=gifgifk&N=634&H=3400494,null
H3400495_1,岐阜県,第２回,1,23,5,10,臨時,平成２３年　　５月　臨時会（第２回） - 05月10日－01号 ,質問者,2100050000030,足立勝利,議員,説明申し上げます。,,https://www.kaigiroku.net/cgi-bin/WWWdocHatugen.exe?A=docHatugen&RA=frameNittei&USR=gifgifk&N=634&H=3400495,null
H3400495_2,岐阜県,第２回,1,23,5,10,臨時,平成２３年　　５月　臨時会（第２回） - 05月10日－01号 ,質問者,2100050000030,足立勝利,議員,東日本大震災からの復興対策について国民共有のビジョンを早期に示すこと等を求める意見書でございますが、去る三月十一日、我が国観測史上最大規模となるマグニチュード九・〇、最大震度七を記録した巨大地震が発生し、地震及びその発生に伴う巨大な津波、大規模な火災などで多くの人が被災し、多くのとうとい人命が失われました。,,https://www.kaigiroku.net/cgi-bin/WWWdocHatugen.exe?A=docHatugen&RA=frameNittei&USR=gifgifk&N=634&H=3400495,null
H3400495_3,岐阜県,第２回,1,23,5,10,臨時,平成２３年　　５月　臨時会（第２回） - 05月10日－01号 ,質問者,2100050000030,足立勝利,議員,被災地の復興への歩みは進みつつありますが、震災に伴う東京電力福島第一原子力発電所事故による放射性物質の汚染問題は、被災地復興の最大の障壁となっております。,,https://www.kaigiroku.net/cgi-bin/WWWdocHatugen.exe?A=docHatugen&RA=frameNittei&USR=gifgifk&N=634&H=3400495,null
H3400495_4,岐阜県,第２回,1,23,5,10,臨時,平成２３年　　５月　臨時会（第２回） - 05月10日－01号 ,質問者,2100050000030,足立勝利,議員,この問題は、飲料水や農作物への直接的な被害をもたらすとともに、日本全体を不安に陥れています。,,https://www.kaigiroku.net/cgi-bin/WWWdocHatugen.exe?A=docHatugen&RA=frameNittei&USR=gifgifk&N=634&H=3400495,null
H3400495_5,岐阜県,第２回,1,23,5,10,臨時,平成２３年　　５月　臨時会（第２回） - 05月10日－01号 ,質問者,2100050000030,足立勝利,議員,また、日本製品に対する放射能汚染の風評被害は、県内農畜産物の海外プロモーションや、中小企業による海外販路開拓に影響を与えつつあります。,,https://www.kaigiroku.net/cgi-bin/WWWdocHatugen.exe?A=docHatugen&RA=frameNittei&USR=gifgifk&N=634&H=3400495,null
H3400495_6,岐阜県,第２回,1,23,5,10,臨時,平成２３年　　５月　臨時会（第２回） - 05月10日－01号 ,質問者,2100050000030,足立勝利,議員,したがって、国において震災からの復興、日本経済の活性化に向けて、安易に増税によることなく財源を確保し、原発事故の収束に向けた道筋を着実に推し進めるとともに、復興に向けた国民共有のビジョンを早期に明確にするよう、お手元に配布の内容で整理をさせていただきました。,,https://www.kaigiroku.net/cgi-bin/WWWdocHatugen.exe?A=docHatugen&RA=frameNittei&USR=gifgifk&N=634&H=3400495,null
H3400495_7,岐阜県,第２回,1,23,5,10,臨時,平成２３年　　５月　臨時会（第２回） - 05月10日－01号 ,質問者,2100050000030,足立勝利,議員,どうか議員各位におかれましては、十分に意見書の趣旨を御理解いただきまして、御賛同を賜りますようお願い申し上げ、意見書発案の趣旨説明とさせていただきます。,,https://www.kaigiroku.net/cgi-bin/WWWdocHatugen.exe?A=docHatugen&RA=frameNittei&USR=gifgifk&N=634&H=3400495,null
H3400495_8,岐阜県,第２回,1,23,5,10,臨時,平成２３年　　５月　臨時会（第２回） - 05月10日－01号 ,質問者,2100050000030,足立勝利,議員,どうかよろしくお願いいたします。,,https://www.kaigiroku.net/cgi-bin/WWWdocHatugen.exe?A=docHatugen&RA=frameNittei&USR=gifgifk&N=634&H=3400495,null
H3400496_1,岐阜県,第２回,1,23,5,10,臨時,平成２３年　　５月　臨時会（第２回） - 05月10日－01号 ,議長,議長,藤墳守,議長,お諮りいたします。,,https://www.kaigiroku.net/cgi-bin/WWWdocHatugen.exe?A=docHatugen&RA=frameNittei&USR=gifgifk&N=634&H=3400496,null
H3400496_2,岐阜県,第２回,1,23,5,10,臨時,平成２３年　　５月　臨時会（第２回） - 05月10日－01号 ,議長,議長,藤墳守,議長,県議第八号を直ちに採決いたしたいと思います。,,https://www.kaigiroku.net/cgi-bin/WWWdocHatugen.exe?A=docHatugen&RA=frameNittei&USR=gifgifk&N=634&H=3400496,null
H3400496_3,岐阜県,第２回,1,23,5,10,臨時,平成２３年　　５月　臨時会（第２回） - 05月10日－01号 ,議長,議長,藤墳守,議長,これに御異議ありませんか。,,https://www.kaigiroku.net/cgi-bin/WWWdocHatugen.exe?A=docHatugen&RA=frameNittei&USR=gifgifk&N=634&H=3400496,null
H3400496_4,岐阜県,第２回,1,23,5,10,臨時,平成２３年　　５月　臨時会（第２回） - 05月10日－01号 ,議長,議長,藤墳守,議長,〔「異議なし」と呼ぶ者あり〕,,https://www.kaigiroku.net/cgi-bin/WWWdocHatugen.exe?A=docHatugen&RA=frameNittei&USR=gifgifk&N=634&H=3400496,null
H3400497_1,岐阜県,第２回,1,23,5,10,臨時,平成２３年　　５月　臨時会（第２回） - 05月10日－01号 ,議長,議長,藤墳守,議長,御異議なしと認めます。,,https://www.kaigiroku.net/cgi-bin/WWWdocHatugen.exe?A=docHatugen&RA=frameNittei&USR=gifgifk&N=634&H=3400497,null
H3400497_2,岐阜県,第２回,1,23,5,10,臨時,平成２３年　　５月　臨時会（第２回） - 05月10日－01号 ,議長,議長,藤墳守,議長,よって、本案は直ちに採決することに決定いたしました。,,https://www.kaigiroku.net/cgi-bin/WWWdocHatugen.exe?A=docHatugen&RA=frameNittei&USR=gifgifk&N=634&H=3400497,null
H3400497_3,岐阜県,第２回,1,23,5,10,臨時,平成２３年　　５月　臨時会（第２回） - 05月10日－01号 ,議長,議長,藤墳守,議長,ただいまから県議第八号を採決いたします。,,https://www.kaigiroku.net/cgi-bin/WWWdocHatugen.exe?A=docHatugen&RA=frameNittei&USR=gifgifk&N=634&H=3400497,null
H3400497_4,岐阜県,第２回,1,23,5,10,臨時,平成２３年　　５月　臨時会（第２回） - 05月10日－01号 ,議長,議長,藤墳守,議長,お諮りいたします。,,https://www.kaigiroku.net/cgi-bin/WWWdocHatugen.exe?A=docHatugen&RA=frameNittei&USR=gifgifk&N=634&H=3400497,null
H3400497_5,岐阜県,第２回,1,23,5,10,臨時,平成２３年　　５月　臨時会（第２回） - 05月10日－01号 ,議長,議長,藤墳守,議長,本案を原案のとおり決することに御異議ありませんか。,,https://www.kaigiroku.net/cgi-bin/WWWdocHatugen.exe?A=docHatugen&RA=frameNittei&USR=gifgifk&N=634&H=3400497,null
H3400497_6,岐阜県,第２回,1,23,5,10,臨時,平成２３年　　５月　臨時会（第２回） - 05月10日－01号 ,議長,議長,藤墳守,議長,〔「異議なし」と呼ぶ者あり〕,,https://www.kaigiroku.net/cgi-bin/WWWdocHatugen.exe?A=docHatugen&RA=frameNittei&USR=gifgifk&N=634&H=3400497,null
H3400498_1,岐阜県,第２回,1,23,5,10,臨時,平成２３年　　５月　臨時会（第２回） - 05月10日－01号 ,議長,議長,藤墳守,議長,御異議なしと認めます。,,https://www.kaigiroku.net/cgi-bin/WWWdocHatugen.exe?A=docHatugen&RA=frameNittei&USR=gifgifk&N=634&H=3400498,null
H3400498_2,岐阜県,第２回,1,23,5,10,臨時,平成２３年　　５月　臨時会（第２回） - 05月10日－01号 ,議長,議長,藤墳守,議長,よって、本案は原案のとおり可決されました。,,https://www.kaigiroku.net/cgi-bin/WWWdocHatugen.exe?A=docHatugen&RA=frameNittei&USR=gifgifk&N=634&H=3400498,null
H3400498_3,岐阜県,第２回,1,23,5,10,臨時,平成２３年　　５月　臨時会（第２回） - 05月10日－01号 ,議長,議長,藤墳守,議長,ただいまから県議第九号　地方における社会資本整備を着実に推進するための措置を求める意見書についての案件について、提出者に説明を求めます。,,https://www.kaigiroku.net/cgi-bin/WWWdocHatugen.exe?A=docHatugen&RA=frameNittei&USR=gifgifk&N=634&H=3400498,null
H3400498_4,岐阜県,第２回,1,23,5,10,臨時,平成２３年　　５月　臨時会（第２回） - 05月10日－01号 ,議長,議長,藤墳守,議長,三十三番　村下貴夫君。,,https://www.kaigiroku.net/cgi-bin/WWWdocHatugen.exe?A=docHatugen&RA=frameNittei&USR=gifgifk&N=634&H=3400498,null
H3400498_5,岐阜県,第２回,1,23,5,10,臨時,平成２３年　　５月　臨時会（第２回） - 05月10日－01号 ,議長,議長,藤墳守,議長,〔三十三番　村下貴夫君登壇〕,,https://www.kaigiroku.net/cgi-bin/WWWdocHatugen.exe?A=docHatugen&RA=frameNittei&USR=gifgifk&N=634&H=3400498,null
H3400499_1,岐阜県,第２回,1,23,5,10,臨時,平成２３年　　５月　臨時会（第２回） - 05月10日－01号 ,質問者,2100050000041,村下貴夫,議員,県議第九号　地方における社会資本整備を着実に推進するための措置を求める意見書について、発案者を代表して意見書発案の趣旨を説明いたします。,,https://www.kaigiroku.net/cgi-bin/WWWdocHatugen.exe?A=docHatugen&RA=frameNittei&USR=gifgifk&N=634&H=3400499,null
H3400499_2,岐阜県,第２回,1,23,5,10,臨時,平成２３年　　５月　臨時会（第２回） - 05月10日－01号 ,質問者,2100050000041,村下貴夫,議員,このたびの東日本大震災では、地震発生直後から東日本全体に張りめぐらされたネットワーク・インフラが物資輸送等の命綱として機能しました。,,https://www.kaigiroku.net/cgi-bin/WWWdocHatugen.exe?A=docHatugen&RA=frameNittei&USR=gifgifk&N=634&H=3400499,null
H3400499_3,岐阜県,第２回,1,23,5,10,臨時,平成２３年　　５月　臨時会（第２回） - 05月10日－01号 ,質問者,2100050000041,村下貴夫,議員,すなわち、地方における社会資本整備の重要性が改めて証明されたところであります。,,https://www.kaigiroku.net/cgi-bin/WWWdocHatugen.exe?A=docHatugen&RA=frameNittei&USR=gifgifk&N=634&H=3400499,null
H3400499_4,岐阜県,第２回,1,23,5,10,臨時,平成２３年　　５月　臨時会（第２回） - 05月10日－01号 ,質問者,2100050000041,村下貴夫,議員,しかし、昨今の政府予算における公共事業関係費は、削減の一途をたどっており、先ごろの地域自主戦略交付金、いわゆる一括交付金の第一次配分においても、要望に対する充足率が八割を下回るという大変厳しい内容のものでありました。,,https://www.kaigiroku.net/cgi-bin/WWWdocHatugen.exe?A=docHatugen&RA=frameNittei&USR=gifgifk&N=634&H=3400499,null
H3400499_5,岐阜県,第２回,1,23,5,10,臨時,平成２３年　　５月　臨時会（第２回） - 05月10日－01号 ,質問者,2100050000041,村下貴夫,議員,しかしながら、震災発生以来、国民全体の安全・安心に対する意識は確実に高まっております。,,https://www.kaigiroku.net/cgi-bin/WWWdocHatugen.exe?A=docHatugen&RA=frameNittei&USR=gifgifk&N=634&H=3400499,null
H3400499_6,岐阜県,第２回,1,23,5,10,臨時,平成２３年　　５月　臨時会（第２回） - 05月10日－01号 ,質問者,2100050000041,村下貴夫,議員,時を待たずして、国において累次の震災復興対策が講じられてまいりますが、復興を果たしていくためには日本経済全体の活力向上が不可欠であります。,,https://www.kaigiroku.net/cgi-bin/WWWdocHatugen.exe?A=docHatugen&RA=frameNittei&USR=gifgifk&N=634&H=3400499,null
H3400499_7,岐阜県,第２回,1,23,5,10,臨時,平成２３年　　５月　臨時会（第２回） - 05月10日－01号 ,質問者,2100050000041,村下貴夫,議員,このためには、地域産業への資金を提供し、雇用創出を図ることで地域経済の好循環を生み出していくことが極めて重要であります。,,https://www.kaigiroku.net/cgi-bin/WWWdocHatugen.exe?A=docHatugen&RA=frameNittei&USR=gifgifk&N=634&H=3400499,null
H3400499_8,岐阜県,第２回,1,23,5,10,臨時,平成２３年　　５月　臨時会（第２回） - 05月10日－01号 ,質問者,2100050000041,村下貴夫,議員,よって、かかる観点から、地方における社会資本整備を着実に推進するための措置を強く望むものであり、本意見書を提出しようとするものであります。,,https://www.kaigiroku.net/cgi-bin/WWWdocHatugen.exe?A=docHatugen&RA=frameNittei&USR=gifgifk&N=634&H=3400499,null
H3400499_9,岐阜県,第２回,1,23,5,10,臨時,平成２３年　　５月　臨時会（第２回） - 05月10日－01号 ,質問者,2100050000041,村下貴夫,議員,どうか議員各位の御賛同を賜りますようお願い申し上げまして、意見書発案の趣旨説明といたします。,,https://www.kaigiroku.net/cgi-bin/WWWdocHatugen.exe?A=docHatugen&RA=frameNittei&USR=gifgifk&N=634&H=3400499,null
H3400499_10,岐阜県,第２回,1,23,5,10,臨時,平成２３年　　５月　臨時会（第２回） - 05月10日－01号 ,質問者,2100050000041,村下貴夫,議員,よろしくお願いいたします。,,https://www.kaigiroku.net/cgi-bin/WWWdocHatugen.exe?A=docHatugen&RA=frameNittei&USR=gifgifk&N=634&H=3400499,null
H3400500_1,岐阜県,第２回,1,23,5,10,臨時,平成２３年　　５月　臨時会（第２回） - 05月10日－01号 ,議長,議長,藤墳守,議長,お諮りいたします。,,https://www.kaigiroku.net/cgi-bin/WWWdocHatugen.exe?A=docHatugen&RA=frameNittei&USR=gifgifk&N=634&H=3400500,null
H3400500_2,岐阜県,第２回,1,23,5,10,臨時,平成２３年　　５月　臨時会（第２回） - 05月10日－01号 ,議長,議長,藤墳守,議長,県議第九号を直ちに採決いたしたいと思います。,,https://www.kaigiroku.net/cgi-bin/WWWdocHatugen.exe?A=docHatugen&RA=frameNittei&USR=gifgifk&N=634&H=3400500,null
H3400500_3,岐阜県,第２回,1,23,5,10,臨時,平成２３年　　５月　臨時会（第２回） - 05月10日－01号 ,議長,議長,藤墳守,議長,これに御異議ありませんか。,,https://www.kaigiroku.net/cgi-bin/WWWdocHatugen.exe?A=docHatugen&RA=frameNittei&USR=gifgifk&N=634&H=3400500,null
H3400500_4,岐阜県,第２回,1,23,5,10,臨時,平成２３年　　５月　臨時会（第２回） - 05月10日－01号 ,議長,議長,藤墳守,議長,〔「異議なし」と呼ぶ者あり〕,,https://www.kaigiroku.net/cgi-bin/WWWdocHatugen.exe?A=docHatugen&RA=frameNittei&USR=gifgifk&N=634&H=3400500,null
H3400501_1,岐阜県,第２回,1,23,5,10,臨時,平成２３年　　５月　臨時会（第２回） - 05月10日－01号 ,議長,議長,藤墳守,議長,御異議なしと認めます。,,https://www.kaigiroku.net/cgi-bin/WWWdocHatugen.exe?A=docHatugen&RA=frameNittei&USR=gifgifk&N=634&H=3400501,null
H3400501_2,岐阜県,第２回,1,23,5,10,臨時,平成２３年　　５月　臨時会（第２回） - 05月10日－01号 ,議長,議長,藤墳守,議長,よって、本案は直ちに採決することに決定いたしました。,,https://www.kaigiroku.net/cgi-bin/WWWdocHatugen.exe?A=docHatugen&RA=frameNittei&USR=gifgifk&N=634&H=3400501,null
H3400501_3,岐阜県,第２回,1,23,5,10,臨時,平成２３年　　５月　臨時会（第２回） - 05月10日－01号 ,議長,議長,藤墳守,議長,ただいまから県議第九号を採決いたします。,,https://www.kaigiroku.net/cgi-bin/WWWdocHatugen.exe?A=docHatugen&RA=frameNittei&USR=gifgifk&N=634&H=3400501,null
H3400501_4,岐阜県,第２回,1,23,5,10,臨時,平成２３年　　５月　臨時会（第２回） - 05月10日－01号 ,議長,議長,藤墳守,議長,お諮りいたします。,,https://www.kaigiroku.net/cgi-bin/WWWdocHatugen.exe?A=docHatugen&RA=frameNittei&USR=gifgifk&N=634&H=3400501,null
H3400501_5,岐阜県,第２回,1,23,5,10,臨時,平成２３年　　５月　臨時会（第２回） - 05月10日－01号 ,議長,議長,藤墳守,議長,本案を原案のとおり決することに御異議ありませんか。,,https://www.kaigiroku.net/cgi-bin/WWWdocHatugen.exe?A=docHatugen&RA=frameNittei&USR=gifgifk&N=634&H=3400501,null
H3400501_6,岐阜県,第２回,1,23,5,10,臨時,平成２３年　　５月　臨時会（第２回） - 05月10日－01号 ,議長,議長,藤墳守,議長,〔「異議なし」と呼ぶ者あり〕,,https://www.kaigiroku.net/cgi-bin/WWWdocHatugen.exe?A=docHatugen&RA=frameNittei&USR=gifgifk&N=634&H=3400501,null
H3400502_1,岐阜県,第２回,1,23,5,10,臨時,平成２３年　　５月　臨時会（第２回） - 05月10日－01号 ,議長,議長,藤墳守,議長,御異議なしと認めます。,,https://www.kaigiroku.net/cgi-bin/WWWdocHatugen.exe?A=docHatugen&RA=frameNittei&USR=gifgifk&N=634&H=3400502,null
H3400502_2,岐阜県,第２回,1,23,5,10,臨時,平成２３年　　５月　臨時会（第２回） - 05月10日－01号 ,議長,議長,藤墳守,議長,よって、本案は原案のとおり可決されました。,,https://www.kaigiroku.net/cgi-bin/WWWdocHatugen.exe?A=docHatugen&RA=frameNittei&USR=gifgifk&N=634&H=3400502,null
H3400502_3,岐阜県,第２回,1,23,5,10,臨時,平成２３年　　５月　臨時会（第２回） - 05月10日－01号 ,議長,議長,藤墳守,議長,……………………………………………………………………………………………,,https://www.kaigiroku.net/cgi-bin/WWWdocHatugen.exe?A=docHatugen&RA=frameNittei&USR=gifgifk&N=634&H=3400502,null
H3400503_1,岐阜県,第２回,1,23,5,10,臨時,平成２３年　　５月　臨時会（第２回） - 05月10日－01号 ,議長,議長,藤墳守,議長,御報告いたします。,,https://www.kaigiroku.net/cgi-bin/WWWdocHatugen.exe?A=docHatugen&RA=frameNittei&USR=gifgifk&N=634&H=3400503,null
H3400503_2,岐阜県,第２回,1,23,5,10,臨時,平成２３年　　５月　臨時会（第２回） - 05月10日－01号 ,議長,議長,藤墳守,議長,各常任委員会委員長及び議会運営委員会委員長から、岐阜県議会会議規則第七十四条の規定により、お手元に配布の閉会中継続調査申出事件一覧表の各事項について、現委員の任期中、閉会中も継続して調査したい旨の申し出がありました。,,https://www.kaigiroku.net/cgi-bin/WWWdocHatugen.exe?A=docHatugen&RA=frameNittei&USR=gifgifk&N=634&H=3400503,null
H3400503_3,岐阜県,第２回,1,23,5,10,臨時,平成２３年　　５月　臨時会（第２回） - 05月10日－01号 ,議長,議長,藤墳守,議長,お諮りいたします。,,https://www.kaigiroku.net/cgi-bin/WWWdocHatugen.exe?A=docHatugen&RA=frameNittei&USR=gifgifk&N=634&H=3400503,null
H3400503_4,岐阜県,第２回,1,23,5,10,臨時,平成２３年　　５月　臨時会（第２回） - 05月10日－01号 ,議長,議長,藤墳守,議長,ただいま御報告いたしました閉会中の継続調査の件は、これを緊急事件と認め、この際日程に追加し、直ちに議題といたしたいと思います。,,https://www.kaigiroku.net/cgi-bin/WWWdocHatugen.exe?A=docHatugen&RA=frameNittei&USR=gifgifk&N=634&H=3400503,null
H3400503_5,岐阜県,第２回,1,23,5,10,臨時,平成２３年　　５月　臨時会（第２回） - 05月10日－01号 ,議長,議長,藤墳守,議長,これに御異議ありませんか。,,https://www.kaigiroku.net/cgi-bin/WWWdocHatugen.exe?A=docHatugen&RA=frameNittei&USR=gifgifk&N=634&H=3400503,null
H3400503_6,岐阜県,第２回,1,23,5,10,臨時,平成２３年　　５月　臨時会（第２回） - 05月10日－01号 ,議長,議長,藤墳守,議長,〔「異議なし」と呼ぶ者あり〕,,https://www.kaigiroku.net/cgi-bin/WWWdocHatugen.exe?A=docHatugen&RA=frameNittei&USR=gifgifk&N=634&H=3400503,null
H3400504_1,岐阜県,第２回,1,23,5,10,臨時,平成２３年　　５月　臨時会（第２回） - 05月10日－01号 ,議長,議長,藤墳守,議長,御異議なしと認めます。,,https://www.kaigiroku.net/cgi-bin/WWWdocHatugen.exe?A=docHatugen&RA=frameNittei&USR=gifgifk&N=634&H=3400504,null
H3400504_2,岐阜県,第２回,1,23,5,10,臨時,平成２３年　　５月　臨時会（第２回） - 05月10日－01号 ,議長,議長,藤墳守,議長,よって、本件は緊急事件と認め、日程に追加し、直ちに議題とすることに決定いたしました。,,https://www.kaigiroku.net/cgi-bin/WWWdocHatugen.exe?A=docHatugen&RA=frameNittei&USR=gifgifk&N=634&H=3400504,null
H3400504_3,岐阜県,第２回,1,23,5,10,臨時,平成２３年　　５月　臨時会（第２回） - 05月10日－01号 ,議長,議長,藤墳守,議長,お諮りいたします。,,https://www.kaigiroku.net/cgi-bin/WWWdocHatugen.exe?A=docHatugen&RA=frameNittei&USR=gifgifk&N=634&H=3400504,null
H3400504_4,岐阜県,第２回,1,23,5,10,臨時,平成２３年　　５月　臨時会（第２回） - 05月10日－01号 ,議長,議長,藤墳守,議長,各委員長から申し出のとおり、それぞれ閉会中も継続して調査に付することに御異議ありませんか。,,https://www.kaigiroku.net/cgi-bin/WWWdocHatugen.exe?A=docHatugen&RA=frameNittei&USR=gifgifk&N=634&H=3400504,null
H3400504_5,岐阜県,第２回,1,23,5,10,臨時,平成２３年　　５月　臨時会（第２回） - 05月10日－01号 ,議長,議長,藤墳守,議長,〔「異議なし」と呼ぶ者あり〕,,https://www.kaigiroku.net/cgi-bin/WWWdocHatugen.exe?A=docHatugen&RA=frameNittei&USR=gifgifk&N=634&H=3400504,null
H3400505_1,岐阜県,第２回,1,23,5,10,臨時,平成２３年　　５月　臨時会（第２回） - 05月10日－01号 ,議長,議長,藤墳守,議長,御異議なしと認めます。,,https://www.kaigiroku.net/cgi-bin/WWWdocHatugen.exe?A=docHatugen&RA=frameNittei&USR=gifgifk&N=634&H=3400505,null
H3400505_2,岐阜県,第２回,1,23,5,10,臨時,平成２３年　　５月　臨時会（第２回） - 05月10日－01号 ,議長,議長,藤墳守,議長,よって、各委員長から申し出のとおり、それぞれ閉会中も継続して調査に付することに決定をいたしました。,,https://www.kaigiroku.net/cgi-bin/WWWdocHatugen.exe?A=docHatugen&RA=frameNittei&USR=gifgifk&N=634&H=3400505,null
H3400507_1,岐阜県,第２回,1,23,5,10,臨時,平成２３年　　５月　臨時会（第２回） - 05月10日－01号 ,議長,議長,藤墳守,議長,これをもって提出されました案件はすべて議了いたしました。,,https://www.kaigiroku.net/cgi-bin/WWWdocHatugen.exe?A=docHatugen&RA=frameNittei&USR=gifgifk&N=634&H=3400507,null
H3400507_2,岐阜県,第２回,1,23,5,10,臨時,平成２３年　　５月　臨時会（第２回） - 05月10日－01号 ,議長,議長,藤墳守,議長,よって、平成二十三年第二回岐阜県議会臨時会を閉会いたします。,,https://www.kaigiroku.net/cgi-bin/WWWdocHatugen.exe?A=docHatugen&RA=frameNittei&USR=gifgifk&N=634&H=3400507,null
H3400510_1,岐阜県,第２回,1,23,5,10,臨時,平成２３年　　５月　臨時会（第２回） - 05月10日－01号 ,答弁者,その他,島田清,事務局長,ただいまから閉会式を行います。,,https://www.kaigiroku.net/cgi-bin/WWWdocHatugen.exe?A=docHatugen&RA=frameNittei&USR=gifgifk&N=634&H=3400510,null
H3400510_2,岐阜県,第２回,1,23,5,10,臨時,平成２３年　　５月　臨時会（第２回） - 05月10日－01号 ,答弁者,その他,島田清,事務局長,議長からあいさつをいただきます。,,https://www.kaigiroku.net/cgi-bin/WWWdocHatugen.exe?A=docHatugen&RA=frameNittei&USR=gifgifk&N=634&H=3400510,null
H3400510_3,岐阜県,第２回,1,23,5,10,臨時,平成２３年　　５月　臨時会（第２回） - 05月10日－01号 ,答弁者,その他,島田清,事務局長,〔議長　藤墳　守君登壇〕,,https://www.kaigiroku.net/cgi-bin/WWWdocHatugen.exe?A=docHatugen&RA=frameNittei&USR=gifgifk&N=634&H=3400510,null
H3400511_1,岐阜県,第２回,1,23,5,10,臨時,平成２３年　　５月　臨時会（第２回） - 05月10日－01号 ,議長,議長,藤墳守,議長,一言ごあいさつ申し上げます。,,https://www.kaigiroku.net/cgi-bin/WWWdocHatugen.exe?A=docHatugen&RA=frameNittei&USR=gifgifk&N=634&H=3400511,null
H3400511_2,岐阜県,第２回,1,23,5,10,臨時,平成２３年　　５月　臨時会（第２回） - 05月10日－01号 ,議長,議長,藤墳守,議長,本日、一般選挙後、最初の議会でございますが、新しいメンバーも加わりまして議会の構成がすべてできたわけでございます。,,https://www.kaigiroku.net/cgi-bin/WWWdocHatugen.exe?A=docHatugen&RA=frameNittei&USR=gifgifk&N=634&H=3400511,null
H3400511_3,岐阜県,第２回,1,23,5,10,臨時,平成２３年　　５月　臨時会（第２回） - 05月10日－01号 ,議長,議長,藤墳守,議長,どうぞそれぞれの立場で県議会の活性化のために、そしてまた県勢の発展のために、ともどもに御尽力いただきますようにお願いいたしまして、ごあいさつとさせていただきます。,,https://www.kaigiroku.net/cgi-bin/WWWdocHatugen.exe?A=docHatugen&RA=frameNittei&USR=gifgifk&N=634&H=3400511,null
H3400511_4,岐阜県,第２回,1,23,5,10,臨時,平成２３年　　５月　臨時会（第２回） - 05月10日－01号 ,議長,議長,藤墳守,議長,どうも御苦労さまでございます。,,https://www.kaigiroku.net/cgi-bin/WWWdocHatugen.exe?A=docHatugen&RA=frameNittei&USR=gifgifk&N=634&H=3400511,null
H3400511_5,岐阜県,第２回,1,23,5,10,臨時,平成２３年　　５月　臨時会（第２回） - 05月10日－01号 ,議長,議長,藤墳守,議長,（拍手）,,https://www.kaigiroku.net/cgi-bin/WWWdocHatugen.exe?A=docHatugen&RA=frameNittei&USR=gifgifk&N=634&H=3400511,null
H3400512_1,岐阜県,第２回,1,23,5,10,臨時,平成２３年　　５月　臨時会（第２回） - 05月10日－01号 ,答弁者,その他,島田清,事務局長,知事からあいさつをいただきます。,,https://www.kaigiroku.net/cgi-bin/WWWdocHatugen.exe?A=docHatugen&RA=frameNittei&USR=gifgifk&N=634&H=3400512,null
H3400512_2,岐阜県,第２回,1,23,5,10,臨時,平成２３年　　５月　臨時会（第２回） - 05月10日－01号 ,答弁者,その他,島田清,事務局長,〔知事　古田　肇君登壇〕,,https://www.kaigiroku.net/cgi-bin/WWWdocHatugen.exe?A=docHatugen&RA=frameNittei&USR=gifgifk&N=634&H=3400512,null
H3400513_1,岐阜県,第２回,1,23,5,10,臨時,平成２３年　　５月　臨時会（第２回） - 05月10日－01号 ,答弁者,知事,古田肇,知事,閉会に当たりまして、一言ごあいさつを申し上げます。,,https://www.kaigiroku.net/cgi-bin/WWWdocHatugen.exe?A=docHatugen&RA=frameNittei&USR=gifgifk&N=634&H=3400513,null
H3400513_2,岐阜県,第２回,1,23,5,10,臨時,平成２３年　　５月　臨時会（第２回） - 05月10日－01号 ,答弁者,知事,古田肇,知事,議員の皆様方におかれましては、提出案件につきまして御審議を賜り、まことにありがとうございました。,,https://www.kaigiroku.net/cgi-bin/WWWdocHatugen.exe?A=docHatugen&RA=frameNittei&USR=gifgifk&N=634&H=3400513,null
H3400513_3,岐阜県,第２回,1,23,5,10,臨時,平成２３年　　５月　臨時会（第２回） - 05月10日－01号 ,答弁者,知事,古田肇,知事,また、安田謙三前議長、渡辺真前副議長におかれましては、この一年間、県政をめぐる課題が山積する状況のもとで、そして「第三十回全国豊かな海づくり大会～ぎふ長良川大会～」、「二〇一〇年日本ＡＰＥＣ岐阜中小企業大臣会合」、上海国際博覧会の「岐阜県の日」など、岐阜県を内外にアピールする大きな行事が続く中で格別の御尽力をいただき、心より御礼申し上げます。,,https://www.kaigiroku.net/cgi-bin/WWWdocHatugen.exe?A=docHatugen&RA=frameNittei&USR=gifgifk&N=634&H=3400513,null
H3400513_4,岐阜県,第２回,1,23,5,10,臨時,平成２３年　　５月　臨時会（第２回） - 05月10日－01号 ,答弁者,知事,古田肇,知事,御後任として、新たに藤墳　守議員、足立勝利議員がそれぞれ議長、副議長に御就任されました。,,https://www.kaigiroku.net/cgi-bin/WWWdocHatugen.exe?A=docHatugen&RA=frameNittei&USR=gifgifk&N=634&H=3400513,null
H3400513_5,岐阜県,第２回,1,23,5,10,臨時,平成２３年　　５月　臨時会（第２回） - 05月10日－01号 ,答弁者,知事,古田肇,知事,まことにおめでとうございます。,,https://www.kaigiroku.net/cgi-bin/WWWdocHatugen.exe?A=docHatugen&RA=frameNittei&USR=gifgifk&N=634&H=3400513,null
H3400513_6,岐阜県,第２回,1,23,5,10,臨時,平成２３年　　５月　臨時会（第２回） - 05月10日－01号 ,答弁者,知事,古田肇,知事,新議長、新副議長におかれましても、「ぎふ清流国体・ぎふ清流大会」の準備を含めた「清流の国ぎふ」づくり、行財政改革アクションプランの着実な推進、さらにはこのたびの大震災への対応など課題が数多くある中で、円滑な議会運営に大いに御尽力賜りますよう、よろしくお願い申し上げる次第でございます。,,https://www.kaigiroku.net/cgi-bin/WWWdocHatugen.exe?A=docHatugen&RA=frameNittei&USR=gifgifk&N=634&H=3400513,null
H3400513_7,岐阜県,第２回,1,23,5,10,臨時,平成２３年　　５月　臨時会（第２回） - 05月10日－01号 ,答弁者,知事,古田肇,知事,さらに、各所属委員会委員への御就任が決まりました議員の皆様方におかれましても、今後とも県政発展のために一層の御協力をいただきますようお願い申し上げます。,,https://www.kaigiroku.net/cgi-bin/WWWdocHatugen.exe?A=docHatugen&RA=frameNittei&USR=gifgifk&N=634&H=3400513,null
H3400513_8,岐阜県,第２回,1,23,5,10,臨時,平成２３年　　５月　臨時会（第２回） - 05月10日－01号 ,答弁者,知事,古田肇,知事,以上をもちまして、閉会のごあいさつとさせていただきます。,,https://www.kaigiroku.net/cgi-bin/WWWdocHatugen.exe?A=docHatugen&RA=frameNittei&USR=gifgifk&N=634&H=3400513,null
H3400513_9,岐阜県,第２回,1,23,5,10,臨時,平成２３年　　５月　臨時会（第２回） - 05月10日－01号 ,答弁者,知事,古田肇,知事,ありがとうございました。,,https://www.kaigiroku.net/cgi-bin/WWWdocHatugen.exe?A=docHatugen&RA=frameNittei&USR=gifgifk&N=634&H=3400513,null
H3400513_10,岐阜県,第２回,1,23,5,10,臨時,平成２３年　　５月　臨時会（第２回） - 05月10日－01号 ,答弁者,知事,古田肇,知事,（拍手）,,https://www.kaigiroku.net/cgi-bin/WWWdocHatugen.exe?A=docHatugen&RA=frameNittei&USR=gifgifk&N=634&H=3400513,null
H3400514_1,岐阜県,第２回,1,23,5,10,臨時,平成２３年　　５月　臨時会（第２回） - 05月10日－01号 ,答弁者,その他,島田清,事務局長,これをもちまして閉会式を終わります。,,https://www.kaigiroku.net/cgi-bin/WWWdocHatugen.exe?A=docHatugen&RA=frameNittei&USR=gifgifk&N=634&H=3400514,null
H3400514_2,岐阜県,第２回,1,23,5,10,臨時,平成２３年　　５月　臨時会（第２回） - 05月10日－01号 ,答弁者,その他,島田清,事務局長,……………………………………………………………………………………………,,https://www.kaigiroku.net/cgi-bin/WWWdocHatugen.exe?A=docHatugen&RA=frameNittei&USR=gifgifk&N=634&H=3400514,null
H3400514_3,岐阜県,第２回,1,23,5,10,臨時,平成２３年　　５月　臨時会（第２回） - 05月10日－01号 ,答弁者,その他,島田清,事務局長,臨時議長　　　　平野恭弘,,https://www.kaigiroku.net/cgi-bin/WWWdocHatugen.exe?A=docHatugen&RA=frameNittei&USR=gifgifk&N=634&H=3400514,null
H3400514_4,岐阜県,第２回,1,23,5,10,臨時,平成２３年　　５月　臨時会（第２回） - 05月10日－01号 ,答弁者,その他,島田清,事務局長,議長　　　　藤墳　守,,https://www.kaigiroku.net/cgi-bin/WWWdocHatugen.exe?A=docHatugen&RA=frameNittei&USR=gifgifk&N=634&H=3400514,null
H3400514_5,岐阜県,第２回,1,23,5,10,臨時,平成２３年　　５月　臨時会（第２回） - 05月10日－01号 ,答弁者,その他,島田清,事務局長,十四番　　　　村上孝志,,https://www.kaigiroku.net/cgi-bin/WWWdocHatugen.exe?A=docHatugen&RA=frameNittei&USR=gifgifk&N=634&H=3400514,null
H3400514_6,岐阜県,第２回,1,23,5,10,臨時,平成２３年　　５月　臨時会（第２回） - 05月10日－01号 ,答弁者,その他,島田清,事務局長,十八番　　　　篠田　徹,,https://www.kaigiroku.net/cgi-bin/WWWdocHatugen.exe?A=docHatugen&RA=frameNittei&USR=gifgifk&N=634&H=3400514,null
H3400514_7,岐阜県,第２回,1,23,5,10,臨時,平成２３年　　５月　臨時会（第２回） - 05月10日－01号 ,答弁者,その他,島田清,事務局長,二十六番　　　　松村多美夫,,https://www.kaigiroku.net/cgi-bin/WWWdocHatugen.exe?A=docHatugen&RA=frameNittei&USR=gifgifk&N=634&H=3400514,null
H3400514_8,岐阜県,第２回,1,23,5,10,臨時,平成２３年　　５月　臨時会（第２回） - 05月10日－01号 ,答弁者,その他,島田清,事務局長,三十五番　　　　矢島成剛,,https://www.kaigiroku.net/cgi-bin/WWWdocHatugen.exe?A=docHatugen&RA=frameNittei&USR=gifgifk&N=634&H=3400514,null
H3400514_9,岐阜県,第２回,1,23,5,10,臨時,平成２３年　　５月　臨時会（第２回） - 05月10日－01号 ,答弁者,その他,島田清,事務局長,三十八番　　　　渡辺　真,,https://www.kaigiroku.net/cgi-bin/WWWdocHatugen.exe?A=docHatugen&RA=frameNittei&USR=gifgifk&N=634&H=3400514,null
