H2100463_1,岡山県,５月,1,23,5,16,臨時,DiscussNetPremium 平成２３年　５月臨時会 - 05月16日－01号 ,答弁者,その他,山田賢一,事務局長,おはようございます。,,http://giji.pref.okayama.jp/discuss/cgi-bin/WWWdocHatugen.exe?A=docHatugen&RA=frameNittei&USR=webusr53&N=479&H=2100463,null
H2100463_2,岡山県,５月,1,23,5,16,臨時,DiscussNetPremium 平成２３年　５月臨時会 - 05月16日－01号 ,答弁者,その他,山田賢一,事務局長,一般選挙後最初の議会でありますので，議長が選挙されるまでの間，地方自治法第107条の規定によりまして，年長議員が臨時に議長の職務を行うことになっております。,,http://giji.pref.okayama.jp/discuss/cgi-bin/WWWdocHatugen.exe?A=docHatugen&RA=frameNittei&USR=webusr53&N=479&H=2100463,null
H2100463_3,岡山県,５月,1,23,5,16,臨時,DiscussNetPremium 平成２３年　５月臨時会 - 05月16日－01号 ,答弁者,その他,山田賢一,事務局長,出席議員中，岡崎豊議員が年長者でありますので，御紹介申し上げます。,,http://giji.pref.okayama.jp/discuss/cgi-bin/WWWdocHatugen.exe?A=docHatugen&RA=frameNittei&USR=webusr53&N=479&H=2100463,null
H2100463_4,岡山県,５月,1,23,5,16,臨時,DiscussNetPremium 平成２３年　５月臨時会 - 05月16日－01号 ,答弁者,その他,山田賢一,事務局長,〔　年長議員　岡崎　豊君　議長席に着く　〕,,http://giji.pref.okayama.jp/discuss/cgi-bin/WWWdocHatugen.exe?A=docHatugen&RA=frameNittei&USR=webusr53&N=479&H=2100463,null
H2100464_1,岡山県,５月,1,23,5,16,臨時,DiscussNetPremium 平成２３年　５月臨時会 - 05月16日－01号 ,議長,議長,岡崎豊,臨時議長,皆さんおはようございます。,,http://giji.pref.okayama.jp/discuss/cgi-bin/WWWdocHatugen.exe?A=docHatugen&RA=frameNittei&USR=webusr53&N=479&H=2100464,null
H2100464_2,岡山県,５月,1,23,5,16,臨時,DiscussNetPremium 平成２３年　５月臨時会 - 05月16日－01号 ,議長,議長,岡崎豊,臨時議長,ただいま御紹介いただきました岡崎豊でございます。,,http://giji.pref.okayama.jp/discuss/cgi-bin/WWWdocHatugen.exe?A=docHatugen&RA=frameNittei&USR=webusr53&N=479&H=2100464,null
H2100464_3,岡山県,５月,1,23,5,16,臨時,DiscussNetPremium 平成２３年　５月臨時会 - 05月16日－01号 ,議長,議長,岡崎豊,臨時議長,地方自治法第107条の規定によりまして，臨時に議長の職務を行います。,,http://giji.pref.okayama.jp/discuss/cgi-bin/WWWdocHatugen.exe?A=docHatugen&RA=frameNittei&USR=webusr53&N=479&H=2100464,null
H2100464_4,岡山県,５月,1,23,5,16,臨時,DiscussNetPremium 平成２３年　５月臨時会 - 05月16日－01号 ,議長,議長,岡崎豊,臨時議長,何とぞよろしくお願い申し上げます。,,http://giji.pref.okayama.jp/discuss/cgi-bin/WWWdocHatugen.exe?A=docHatugen&RA=frameNittei&USR=webusr53&N=479&H=2100464,null
H2100464_5,岡山県,５月,1,23,5,16,臨時,DiscussNetPremium 平成２３年　５月臨時会 - 05月16日－01号 ,議長,議長,岡崎豊,臨時議長,～～～～～～～～～～～～～～～,,http://giji.pref.okayama.jp/discuss/cgi-bin/WWWdocHatugen.exe?A=docHatugen&RA=frameNittei&USR=webusr53&N=479&H=2100464,null
H2100464_6,岡山県,５月,1,23,5,16,臨時,DiscussNetPremium 平成２３年　５月臨時会 - 05月16日－01号 ,議長,議長,岡崎豊,臨時議長,午前10時２分開会,,http://giji.pref.okayama.jp/discuss/cgi-bin/WWWdocHatugen.exe?A=docHatugen&RA=frameNittei&USR=webusr53&N=479&H=2100464,null
H2100465_1,岡山県,５月,1,23,5,16,臨時,DiscussNetPremium 平成２３年　５月臨時会 - 05月16日－01号 ,議長,議長,岡崎豊,臨時議長,ただいまより平成23年５月岡山県議会臨時会を開会いたします。,,http://giji.pref.okayama.jp/discuss/cgi-bin/WWWdocHatugen.exe?A=docHatugen&RA=frameNittei&USR=webusr53&N=479&H=2100465,null
H2100465_2,岡山県,５月,1,23,5,16,臨時,DiscussNetPremium 平成２３年　５月臨時会 - 05月16日－01号 ,議長,議長,岡崎豊,臨時議長,～～～～～～～～～～～～～～～,,http://giji.pref.okayama.jp/discuss/cgi-bin/WWWdocHatugen.exe?A=docHatugen&RA=frameNittei&USR=webusr53&N=479&H=2100465,null
H2100466_1,岡山県,５月,1,23,5,16,臨時,DiscussNetPremium 平成２３年　５月臨時会 - 05月16日－01号 ,議長,議長,岡崎豊,臨時議長,本日の会議を開きます。,,http://giji.pref.okayama.jp/discuss/cgi-bin/WWWdocHatugen.exe?A=docHatugen&RA=frameNittei&USR=webusr53&N=479&H=2100466,null
H2100466_2,岡山県,５月,1,23,5,16,臨時,DiscussNetPremium 平成２３年　５月臨時会 - 05月16日－01号 ,議長,議長,岡崎豊,臨時議長,～～～～～～～～～～～～～～～,,http://giji.pref.okayama.jp/discuss/cgi-bin/WWWdocHatugen.exe?A=docHatugen&RA=frameNittei&USR=webusr53&N=479&H=2100466,null
H2100468_1,岡山県,５月,1,23,5,16,臨時,DiscussNetPremium 平成２３年　５月臨時会 - 05月16日－01号 ,議長,議長,岡崎豊,臨時議長,日程に入ります。,,http://giji.pref.okayama.jp/discuss/cgi-bin/WWWdocHatugen.exe?A=docHatugen&RA=frameNittei&USR=webusr53&N=479&H=2100468,null
H2100468_2,岡山県,５月,1,23,5,16,臨時,DiscussNetPremium 平成２３年　５月臨時会 - 05月16日－01号 ,議長,議長,岡崎豊,臨時議長,まず，議席の指定を行います。,,http://giji.pref.okayama.jp/discuss/cgi-bin/WWWdocHatugen.exe?A=docHatugen&RA=frameNittei&USR=webusr53&N=479&H=2100468,null
H2100468_3,岡山県,５月,1,23,5,16,臨時,DiscussNetPremium 平成２３年　５月臨時会 - 05月16日－01号 ,議長,議長,岡崎豊,臨時議長,議席は，会議規則第５条第１項の規定により，ただいま御着席のとおり指定いたします。,,http://giji.pref.okayama.jp/discuss/cgi-bin/WWWdocHatugen.exe?A=docHatugen&RA=frameNittei&USR=webusr53&N=479&H=2100468,null
H2100468_4,岡山県,５月,1,23,5,16,臨時,DiscussNetPremium 平成２３年　５月臨時会 - 05月16日－01号 ,議長,議長,岡崎豊,臨時議長,～～～～～～～～～～～～～～～,,http://giji.pref.okayama.jp/discuss/cgi-bin/WWWdocHatugen.exe?A=docHatugen&RA=frameNittei&USR=webusr53&N=479&H=2100468,null
H2100470_1,岡山県,５月,1,23,5,16,臨時,DiscussNetPremium 平成２３年　５月臨時会 - 05月16日－01号 ,議長,議長,岡崎豊,臨時議長,次に，会議録署名議員の指名を行います。,,http://giji.pref.okayama.jp/discuss/cgi-bin/WWWdocHatugen.exe?A=docHatugen&RA=frameNittei&USR=webusr53&N=479&H=2100470,null
H2100470_2,岡山県,５月,1,23,5,16,臨時,DiscussNetPremium 平成２３年　５月臨時会 - 05月16日－01号 ,議長,議長,岡崎豊,臨時議長,会議録署名議員は，会議規則第122条の規定により中川雅子君，小林孝一郎君，戸室敦雄君を指名いたします。,,http://giji.pref.okayama.jp/discuss/cgi-bin/WWWdocHatugen.exe?A=docHatugen&RA=frameNittei&USR=webusr53&N=479&H=2100470,null
H2100470_3,岡山県,５月,1,23,5,16,臨時,DiscussNetPremium 平成２３年　５月臨時会 - 05月16日－01号 ,議長,議長,岡崎豊,臨時議長,～～～～～～～～～～～～～～～,,http://giji.pref.okayama.jp/discuss/cgi-bin/WWWdocHatugen.exe?A=docHatugen&RA=frameNittei&USR=webusr53&N=479&H=2100470,null
H2100472_1,岡山県,５月,1,23,5,16,臨時,DiscussNetPremium 平成２３年　５月臨時会 - 05月16日－01号 ,議長,議長,岡崎豊,臨時議長,次に，会期決定の件を議題といたします。,,http://giji.pref.okayama.jp/discuss/cgi-bin/WWWdocHatugen.exe?A=docHatugen&RA=frameNittei&USR=webusr53&N=479&H=2100472,null
H2100472_2,岡山県,５月,1,23,5,16,臨時,DiscussNetPremium 平成２３年　５月臨時会 - 05月16日－01号 ,議長,議長,岡崎豊,臨時議長,お諮りいたします。,,http://giji.pref.okayama.jp/discuss/cgi-bin/WWWdocHatugen.exe?A=docHatugen&RA=frameNittei&USR=webusr53&N=479&H=2100472,null
H2100472_3,岡山県,５月,1,23,5,16,臨時,DiscussNetPremium 平成２３年　５月臨時会 - 05月16日－01号 ,議長,議長,岡崎豊,臨時議長,今期臨時会の会期は，本日１日間といたしたいと思います。,,http://giji.pref.okayama.jp/discuss/cgi-bin/WWWdocHatugen.exe?A=docHatugen&RA=frameNittei&USR=webusr53&N=479&H=2100472,null
H2100472_4,岡山県,５月,1,23,5,16,臨時,DiscussNetPremium 平成２３年　５月臨時会 - 05月16日－01号 ,議長,議長,岡崎豊,臨時議長,これに御異議ありませんか。,,http://giji.pref.okayama.jp/discuss/cgi-bin/WWWdocHatugen.exe?A=docHatugen&RA=frameNittei&USR=webusr53&N=479&H=2100472,null
H2100472_5,岡山県,５月,1,23,5,16,臨時,DiscussNetPremium 平成２３年　５月臨時会 - 05月16日－01号 ,議長,議長,岡崎豊,臨時議長,〔　「異議なし」と呼ぶ者あり　〕,,http://giji.pref.okayama.jp/discuss/cgi-bin/WWWdocHatugen.exe?A=docHatugen&RA=frameNittei&USR=webusr53&N=479&H=2100472,null
H2100473_1,岡山県,５月,1,23,5,16,臨時,DiscussNetPremium 平成２３年　５月臨時会 - 05月16日－01号 ,議長,議長,岡崎豊,臨時議長,御異議なしと認めます。,,http://giji.pref.okayama.jp/discuss/cgi-bin/WWWdocHatugen.exe?A=docHatugen&RA=frameNittei&USR=webusr53&N=479&H=2100473,null
H2100473_2,岡山県,５月,1,23,5,16,臨時,DiscussNetPremium 平成２３年　５月臨時会 - 05月16日－01号 ,議長,議長,岡崎豊,臨時議長,よって，会期は１日間と決定いたしました。,,http://giji.pref.okayama.jp/discuss/cgi-bin/WWWdocHatugen.exe?A=docHatugen&RA=frameNittei&USR=webusr53&N=479&H=2100473,null
H2100473_3,岡山県,５月,1,23,5,16,臨時,DiscussNetPremium 平成２３年　５月臨時会 - 05月16日－01号 ,議長,議長,岡崎豊,臨時議長,～～～～～～～～～～～～～～～,,http://giji.pref.okayama.jp/discuss/cgi-bin/WWWdocHatugen.exe?A=docHatugen&RA=frameNittei&USR=webusr53&N=479&H=2100473,null
H2100475_1,岡山県,５月,1,23,5,16,臨時,DiscussNetPremium 平成２３年　５月臨時会 - 05月16日－01号 ,議長,議長,岡崎豊,臨時議長,これより議長の選挙を行います。,,http://giji.pref.okayama.jp/discuss/cgi-bin/WWWdocHatugen.exe?A=docHatugen&RA=frameNittei&USR=webusr53&N=479&H=2100475,null
H2100475_2,岡山県,５月,1,23,5,16,臨時,DiscussNetPremium 平成２３年　５月臨時会 - 05月16日－01号 ,議長,議長,岡崎豊,臨時議長,選挙は投票により行います。,,http://giji.pref.okayama.jp/discuss/cgi-bin/WWWdocHatugen.exe?A=docHatugen&RA=frameNittei&USR=webusr53&N=479&H=2100475,null
H2100475_3,岡山県,５月,1,23,5,16,臨時,DiscussNetPremium 平成２３年　５月臨時会 - 05月16日－01号 ,議長,議長,岡崎豊,臨時議長,議場を閉鎖いたします。,,http://giji.pref.okayama.jp/discuss/cgi-bin/WWWdocHatugen.exe?A=docHatugen&RA=frameNittei&USR=webusr53&N=479&H=2100475,null
H2100475_4,岡山県,５月,1,23,5,16,臨時,DiscussNetPremium 平成２３年　５月臨時会 - 05月16日－01号 ,議長,議長,岡崎豊,臨時議長,〔　議場閉鎖　〕,,http://giji.pref.okayama.jp/discuss/cgi-bin/WWWdocHatugen.exe?A=docHatugen&RA=frameNittei&USR=webusr53&N=479&H=2100475,null
H2100476_1,岡山県,５月,1,23,5,16,臨時,DiscussNetPremium 平成２３年　５月臨時会 - 05月16日－01号 ,議長,議長,岡崎豊,臨時議長,ただいまの出席議員数は56人であります。,,http://giji.pref.okayama.jp/discuss/cgi-bin/WWWdocHatugen.exe?A=docHatugen&RA=frameNittei&USR=webusr53&N=479&H=2100476,null
H2100476_2,岡山県,５月,1,23,5,16,臨時,DiscussNetPremium 平成２３年　５月臨時会 - 05月16日－01号 ,議長,議長,岡崎豊,臨時議長,会議規則第33条第２項の規定により，立会人に浅野實君，住吉良久君，山田総一郎君，佐古信五君を指名いたします。,,http://giji.pref.okayama.jp/discuss/cgi-bin/WWWdocHatugen.exe?A=docHatugen&RA=frameNittei&USR=webusr53&N=479&H=2100476,null
H2100476_3,岡山県,５月,1,23,5,16,臨時,DiscussNetPremium 平成２３年　５月臨時会 - 05月16日－01号 ,議長,議長,岡崎豊,臨時議長,投票用紙を配付いたします。,,http://giji.pref.okayama.jp/discuss/cgi-bin/WWWdocHatugen.exe?A=docHatugen&RA=frameNittei&USR=webusr53&N=479&H=2100476,null
H2100476_4,岡山県,５月,1,23,5,16,臨時,DiscussNetPremium 平成２３年　５月臨時会 - 05月16日－01号 ,議長,議長,岡崎豊,臨時議長,念のため申し上げます。,,http://giji.pref.okayama.jp/discuss/cgi-bin/WWWdocHatugen.exe?A=docHatugen&RA=frameNittei&USR=webusr53&N=479&H=2100476,null
H2100476_5,岡山県,５月,1,23,5,16,臨時,DiscussNetPremium 平成２３年　５月臨時会 - 05月16日－01号 ,議長,議長,岡崎豊,臨時議長,投票は単記無記名であります。,,http://giji.pref.okayama.jp/discuss/cgi-bin/WWWdocHatugen.exe?A=docHatugen&RA=frameNittei&USR=webusr53&N=479&H=2100476,null
H2100476_6,岡山県,５月,1,23,5,16,臨時,DiscussNetPremium 平成２３年　５月臨時会 - 05月16日－01号 ,議長,議長,岡崎豊,臨時議長,〔　投票用紙配付　〕,,http://giji.pref.okayama.jp/discuss/cgi-bin/WWWdocHatugen.exe?A=docHatugen&RA=frameNittei&USR=webusr53&N=479&H=2100476,null
H2100477_1,岡山県,５月,1,23,5,16,臨時,DiscussNetPremium 平成２３年　５月臨時会 - 05月16日－01号 ,議長,議長,岡崎豊,臨時議長,投票用紙の配付漏れはありませんか。,,http://giji.pref.okayama.jp/discuss/cgi-bin/WWWdocHatugen.exe?A=docHatugen&RA=frameNittei&USR=webusr53&N=479&H=2100477,null
H2100477_2,岡山県,５月,1,23,5,16,臨時,DiscussNetPremium 平成２３年　５月臨時会 - 05月16日－01号 ,議長,議長,岡崎豊,臨時議長,〔　「なし」と呼ぶ者あり　〕,,http://giji.pref.okayama.jp/discuss/cgi-bin/WWWdocHatugen.exe?A=docHatugen&RA=frameNittei&USR=webusr53&N=479&H=2100477,null
H2100478_1,岡山県,５月,1,23,5,16,臨時,DiscussNetPremium 平成２３年　５月臨時会 - 05月16日－01号 ,議長,議長,岡崎豊,臨時議長,配付漏れなしと認めます。,,http://giji.pref.okayama.jp/discuss/cgi-bin/WWWdocHatugen.exe?A=docHatugen&RA=frameNittei&USR=webusr53&N=479&H=2100478,null
H2100478_2,岡山県,５月,1,23,5,16,臨時,DiscussNetPremium 平成２３年　５月臨時会 - 05月16日－01号 ,議長,議長,岡崎豊,臨時議長,投票箱を改めます。,,http://giji.pref.okayama.jp/discuss/cgi-bin/WWWdocHatugen.exe?A=docHatugen&RA=frameNittei&USR=webusr53&N=479&H=2100478,null
H2100478_3,岡山県,５月,1,23,5,16,臨時,DiscussNetPremium 平成２３年　５月臨時会 - 05月16日－01号 ,議長,議長,岡崎豊,臨時議長,〔　投票箱点検　〕,,http://giji.pref.okayama.jp/discuss/cgi-bin/WWWdocHatugen.exe?A=docHatugen&RA=frameNittei&USR=webusr53&N=479&H=2100478,null
H2100479_1,岡山県,５月,1,23,5,16,臨時,DiscussNetPremium 平成２３年　５月臨時会 - 05月16日－01号 ,議長,議長,岡崎豊,臨時議長,異状なしと認めます。,,http://giji.pref.okayama.jp/discuss/cgi-bin/WWWdocHatugen.exe?A=docHatugen&RA=frameNittei&USR=webusr53&N=479&H=2100479,null
H2100479_2,岡山県,５月,1,23,5,16,臨時,DiscussNetPremium 平成２３年　５月臨時会 - 05月16日－01号 ,議長,議長,岡崎豊,臨時議長,これより投票に移ります。,,http://giji.pref.okayama.jp/discuss/cgi-bin/WWWdocHatugen.exe?A=docHatugen&RA=frameNittei&USR=webusr53&N=479&H=2100479,null
H2100479_3,岡山県,５月,1,23,5,16,臨時,DiscussNetPremium 平成２３年　５月臨時会 - 05月16日－01号 ,議長,議長,岡崎豊,臨時議長,１番席の方から順次投票願います。,,http://giji.pref.okayama.jp/discuss/cgi-bin/WWWdocHatugen.exe?A=docHatugen&RA=frameNittei&USR=webusr53&N=479&H=2100479,null
H2100479_4,岡山県,５月,1,23,5,16,臨時,DiscussNetPremium 平成２３年　５月臨時会 - 05月16日－01号 ,議長,議長,岡崎豊,臨時議長,〔　投　票　〕,,http://giji.pref.okayama.jp/discuss/cgi-bin/WWWdocHatugen.exe?A=docHatugen&RA=frameNittei&USR=webusr53&N=479&H=2100479,null
H2100480_1,岡山県,５月,1,23,5,16,臨時,DiscussNetPremium 平成２３年　５月臨時会 - 05月16日－01号 ,議長,議長,岡崎豊,臨時議長,投票漏れはございませんか。,,http://giji.pref.okayama.jp/discuss/cgi-bin/WWWdocHatugen.exe?A=docHatugen&RA=frameNittei&USR=webusr53&N=479&H=2100480,null
H2100480_2,岡山県,５月,1,23,5,16,臨時,DiscussNetPremium 平成２３年　５月臨時会 - 05月16日－01号 ,議長,議長,岡崎豊,臨時議長,〔　「なし」と呼ぶ者あり　〕,,http://giji.pref.okayama.jp/discuss/cgi-bin/WWWdocHatugen.exe?A=docHatugen&RA=frameNittei&USR=webusr53&N=479&H=2100480,null
H2100481_1,岡山県,５月,1,23,5,16,臨時,DiscussNetPremium 平成２３年　５月臨時会 - 05月16日－01号 ,議長,議長,岡崎豊,臨時議長,投票漏れなしと認めます。,,http://giji.pref.okayama.jp/discuss/cgi-bin/WWWdocHatugen.exe?A=docHatugen&RA=frameNittei&USR=webusr53&N=479&H=2100481,null
H2100481_2,岡山県,５月,1,23,5,16,臨時,DiscussNetPremium 平成２３年　５月臨時会 - 05月16日－01号 ,議長,議長,岡崎豊,臨時議長,投票を終了いたします。,,http://giji.pref.okayama.jp/discuss/cgi-bin/WWWdocHatugen.exe?A=docHatugen&RA=frameNittei&USR=webusr53&N=479&H=2100481,null
H2100481_3,岡山県,５月,1,23,5,16,臨時,DiscussNetPremium 平成２３年　５月臨時会 - 05月16日－01号 ,議長,議長,岡崎豊,臨時議長,開票を行います。,,http://giji.pref.okayama.jp/discuss/cgi-bin/WWWdocHatugen.exe?A=docHatugen&RA=frameNittei&USR=webusr53&N=479&H=2100481,null
H2100481_4,岡山県,５月,1,23,5,16,臨時,DiscussNetPremium 平成２３年　５月臨時会 - 05月16日－01号 ,議長,議長,岡崎豊,臨時議長,立会人の方は立ち会いをお願いいたします。,,http://giji.pref.okayama.jp/discuss/cgi-bin/WWWdocHatugen.exe?A=docHatugen&RA=frameNittei&USR=webusr53&N=479&H=2100481,null
H2100481_5,岡山県,５月,1,23,5,16,臨時,DiscussNetPremium 平成２３年　５月臨時会 - 05月16日－01号 ,議長,議長,岡崎豊,臨時議長,〔　開　票　〕,,http://giji.pref.okayama.jp/discuss/cgi-bin/WWWdocHatugen.exe?A=docHatugen&RA=frameNittei&USR=webusr53&N=479&H=2100481,null
H2100482_1,岡山県,５月,1,23,5,16,臨時,DiscussNetPremium 平成２３年　５月臨時会 - 05月16日－01号 ,議長,議長,岡崎豊,臨時議長,それでは，選挙の結果を報告いたします。,,http://giji.pref.okayama.jp/discuss/cgi-bin/WWWdocHatugen.exe?A=docHatugen&RA=frameNittei&USR=webusr53&N=479&H=2100482,null
H2100482_2,岡山県,５月,1,23,5,16,臨時,DiscussNetPremium 平成２３年　５月臨時会 - 05月16日－01号 ,議長,議長,岡崎豊,臨時議長,投　票　総　数　　　　　　　　56票,,http://giji.pref.okayama.jp/discuss/cgi-bin/WWWdocHatugen.exe?A=docHatugen&RA=frameNittei&USR=webusr53&N=479&H=2100482,null
H2100482_3,岡山県,５月,1,23,5,16,臨時,DiscussNetPremium 平成２３年　５月臨時会 - 05月16日－01号 ,議長,議長,岡崎豊,臨時議長,有　効　投　票　　　　　　　56票,,http://giji.pref.okayama.jp/discuss/cgi-bin/WWWdocHatugen.exe?A=docHatugen&RA=frameNittei&USR=webusr53&N=479&H=2100482,null
H2100482_4,岡山県,５月,1,23,5,16,臨時,DiscussNetPremium 平成２３年　５月臨時会 - 05月16日－01号 ,議長,議長,岡崎豊,臨時議長,有　効　投　票　中,,http://giji.pref.okayama.jp/discuss/cgi-bin/WWWdocHatugen.exe?A=docHatugen&RA=frameNittei&USR=webusr53&N=479&H=2100482,null
H2100482_5,岡山県,５月,1,23,5,16,臨時,DiscussNetPremium 平成２３年　５月臨時会 - 05月16日－01号 ,議長,議長,岡崎豊,臨時議長,河　本　　　勉　君　　　　　39票,,http://giji.pref.okayama.jp/discuss/cgi-bin/WWWdocHatugen.exe?A=docHatugen&RA=frameNittei&USR=webusr53&N=479&H=2100482,null
H2100482_6,岡山県,５月,1,23,5,16,臨時,DiscussNetPremium 平成２３年　５月臨時会 - 05月16日－01号 ,議長,議長,岡崎豊,臨時議長,三　原　誠　介　君　　　　　10票,,http://giji.pref.okayama.jp/discuss/cgi-bin/WWWdocHatugen.exe?A=docHatugen&RA=frameNittei&USR=webusr53&N=479&H=2100482,null
H2100482_7,岡山県,５月,1,23,5,16,臨時,DiscussNetPremium 平成２３年　５月臨時会 - 05月16日－01号 ,議長,議長,岡崎豊,臨時議長,景　山　貢　明　君　　　　　５票,,http://giji.pref.okayama.jp/discuss/cgi-bin/WWWdocHatugen.exe?A=docHatugen&RA=frameNittei&USR=webusr53&N=479&H=2100482,null
H2100482_8,岡山県,５月,1,23,5,16,臨時,DiscussNetPremium 平成２３年　５月臨時会 - 05月16日－01号 ,議長,議長,岡崎豊,臨時議長,森　脇　久　紀　君　　　　　２票,,http://giji.pref.okayama.jp/discuss/cgi-bin/WWWdocHatugen.exe?A=docHatugen&RA=frameNittei&USR=webusr53&N=479&H=2100482,null
H2100482_9,岡山県,５月,1,23,5,16,臨時,DiscussNetPremium 平成２３年　５月臨時会 - 05月16日－01号 ,議長,議長,岡崎豊,臨時議長,以上のとおりであります。,,http://giji.pref.okayama.jp/discuss/cgi-bin/WWWdocHatugen.exe?A=docHatugen&RA=frameNittei&USR=webusr53&N=479&H=2100482,null
H2100482_10,岡山県,５月,1,23,5,16,臨時,DiscussNetPremium 平成２３年　５月臨時会 - 05月16日－01号 ,議長,議長,岡崎豊,臨時議長,この選挙の法定得票数は14票であります。,,http://giji.pref.okayama.jp/discuss/cgi-bin/WWWdocHatugen.exe?A=docHatugen&RA=frameNittei&USR=webusr53&N=479&H=2100482,null
H2100482_11,岡山県,５月,1,23,5,16,臨時,DiscussNetPremium 平成２３年　５月臨時会 - 05月16日－01号 ,議長,議長,岡崎豊,臨時議長,よって，河本勉君が議長に当選されました。,,http://giji.pref.okayama.jp/discuss/cgi-bin/WWWdocHatugen.exe?A=docHatugen&RA=frameNittei&USR=webusr53&N=479&H=2100482,null
H2100482_12,岡山県,５月,1,23,5,16,臨時,DiscussNetPremium 平成２３年　５月臨時会 - 05月16日－01号 ,議長,議長,岡崎豊,臨時議長,議場の閉鎖を解きます。,,http://giji.pref.okayama.jp/discuss/cgi-bin/WWWdocHatugen.exe?A=docHatugen&RA=frameNittei&USR=webusr53&N=479&H=2100482,null
H2100482_13,岡山県,５月,1,23,5,16,臨時,DiscussNetPremium 平成２３年　５月臨時会 - 05月16日－01号 ,議長,議長,岡崎豊,臨時議長,〔　議場開鎖　〕,,http://giji.pref.okayama.jp/discuss/cgi-bin/WWWdocHatugen.exe?A=docHatugen&RA=frameNittei&USR=webusr53&N=479&H=2100482,null
H2100483_1,岡山県,５月,1,23,5,16,臨時,DiscussNetPremium 平成２３年　５月臨時会 - 05月16日－01号 ,議長,議長,岡崎豊,臨時議長,ただいま議長に当選されました河本勉君が議場におられますので，本席から会議規則第34条第２項の規定による告知をいたします。,,http://giji.pref.okayama.jp/discuss/cgi-bin/WWWdocHatugen.exe?A=docHatugen&RA=frameNittei&USR=webusr53&N=479&H=2100483,null
H2100484_1,岡山県,５月,1,23,5,16,臨時,DiscussNetPremium 平成２３年　５月臨時会 - 05月16日－01号 ,質問者,3300010000004,河本勉,議員,議長，53番。,,http://giji.pref.okayama.jp/discuss/cgi-bin/WWWdocHatugen.exe?A=docHatugen&RA=frameNittei&USR=webusr53&N=479&H=2100484,null
H2100485_1,岡山県,５月,1,23,5,16,臨時,DiscussNetPremium 平成２３年　５月臨時会 - 05月16日－01号 ,議長,議長,岡崎豊,臨時議長,河本勉君。,,http://giji.pref.okayama.jp/discuss/cgi-bin/WWWdocHatugen.exe?A=docHatugen&RA=frameNittei&USR=webusr53&N=479&H=2100485,null
H2100485_2,岡山県,５月,1,23,5,16,臨時,DiscussNetPremium 平成２３年　５月臨時会 - 05月16日－01号 ,議長,議長,岡崎豊,臨時議長,〔　53番　河本　勉君　登壇　〕,,http://giji.pref.okayama.jp/discuss/cgi-bin/WWWdocHatugen.exe?A=docHatugen&RA=frameNittei&USR=webusr53&N=479&H=2100485,null
H2100486_1,岡山県,５月,1,23,5,16,臨時,DiscussNetPremium 平成２３年　５月臨時会 - 05月16日－01号 ,質問者,3300010000004,河本勉,議員,皆さん，おはようございます。,,http://giji.pref.okayama.jp/discuss/cgi-bin/WWWdocHatugen.exe?A=docHatugen&RA=frameNittei&USR=webusr53&N=479&H=2100486,null
H2100486_2,岡山県,５月,1,23,5,16,臨時,DiscussNetPremium 平成２３年　５月臨時会 - 05月16日－01号 ,質問者,3300010000004,河本勉,議員,ただいま行われました岡山県議会議長選挙におきまして当選の告知をいただきました。,,http://giji.pref.okayama.jp/discuss/cgi-bin/WWWdocHatugen.exe?A=docHatugen&RA=frameNittei&USR=webusr53&N=479&H=2100486,null
H2100486_3,岡山県,５月,1,23,5,16,臨時,DiscussNetPremium 平成２３年　５月臨時会 - 05月16日－01号 ,質問者,3300010000004,河本勉,議員,まことに身に余る光栄であり，謹んでお受けいたします。,,http://giji.pref.okayama.jp/discuss/cgi-bin/WWWdocHatugen.exe?A=docHatugen&RA=frameNittei&USR=webusr53&N=479&H=2100486,null
H2100486_4,岡山県,５月,1,23,5,16,臨時,DiscussNetPremium 平成２３年　５月臨時会 - 05月16日－01号 ,質問者,3300010000004,河本勉,議員,もとより浅学非才の者でございます。,,http://giji.pref.okayama.jp/discuss/cgi-bin/WWWdocHatugen.exe?A=docHatugen&RA=frameNittei&USR=webusr53&N=479&H=2100486,null
H2100486_5,岡山県,５月,1,23,5,16,臨時,DiscussNetPremium 平成２３年　５月臨時会 - 05月16日－01号 ,質問者,3300010000004,河本勉,議員,皆様の御指導を心よりお願い申し上げます。,,http://giji.pref.okayama.jp/discuss/cgi-bin/WWWdocHatugen.exe?A=docHatugen&RA=frameNittei&USR=webusr53&N=479&H=2100486,null
H2100486_6,岡山県,５月,1,23,5,16,臨時,DiscussNetPremium 平成２３年　５月臨時会 - 05月16日－01号 ,質問者,3300010000004,河本勉,議員,去る３月11日の東日本大震災では，東北，関東を中心に極めて広い範囲で地震及び津波が発生し，我が国がこれまで経験したことのない未曾有の大災害となりました。,,http://giji.pref.okayama.jp/discuss/cgi-bin/WWWdocHatugen.exe?A=docHatugen&RA=frameNittei&USR=webusr53&N=479&H=2100486,null
H2100486_7,岡山県,５月,1,23,5,16,臨時,DiscussNetPremium 平成２３年　５月臨時会 - 05月16日－01号 ,質問者,3300010000004,河本勉,議員,このたびの震災で犠牲になられました方々に謹んで哀悼の意を表しますとともに，被災された方々には心よりお見舞いを申し上げます。,,http://giji.pref.okayama.jp/discuss/cgi-bin/WWWdocHatugen.exe?A=docHatugen&RA=frameNittei&USR=webusr53&N=479&H=2100486,null
H2100486_8,岡山県,５月,1,23,5,16,臨時,DiscussNetPremium 平成２３年　５月臨時会 - 05月16日－01号 ,質問者,3300010000004,河本勉,議員,本県では，平成21年，美作市を中心とした台風９号による災害，また平成10年，県中北部を襲った台風10号の災害も記憶に新しいところでございます。,,http://giji.pref.okayama.jp/discuss/cgi-bin/WWWdocHatugen.exe?A=docHatugen&RA=frameNittei&USR=webusr53&N=479&H=2100486,null
H2100486_9,岡山県,５月,1,23,5,16,臨時,DiscussNetPremium 平成２３年　５月臨時会 - 05月16日－01号 ,質問者,3300010000004,河本勉,議員,県民が安全安心に暮らせる災害に強い県土づくりは，すべての県民の強い要望であります。,,http://giji.pref.okayama.jp/discuss/cgi-bin/WWWdocHatugen.exe?A=docHatugen&RA=frameNittei&USR=webusr53&N=479&H=2100486,null
H2100486_10,岡山県,５月,1,23,5,16,臨時,DiscussNetPremium 平成２３年　５月臨時会 - 05月16日－01号 ,質問者,3300010000004,河本勉,議員,このたびの震災を受けて，改めて防災対策の重要性がクローズアップされており，県防災計画の見直しや学校等の公共施設の耐震化，河川改修，高潮対策などハードの対策に加え，地震，津波に関する災害の備えなどソフト面の対策の充実を図りながら県民の防災意識の向上にしっかりと取り組むなど，本県防災対策の一層の強化を進める必要があります。,,http://giji.pref.okayama.jp/discuss/cgi-bin/WWWdocHatugen.exe?A=docHatugen&RA=frameNittei&USR=webusr53&N=479&H=2100486,null
H2100486_11,岡山県,５月,1,23,5,16,臨時,DiscussNetPremium 平成２３年　５月臨時会 - 05月16日－01号 ,質問者,3300010000004,河本勉,議員,私は，中山間地に生まれ育ち，現在も住んでおります。,,http://giji.pref.okayama.jp/discuss/cgi-bin/WWWdocHatugen.exe?A=docHatugen&RA=frameNittei&USR=webusr53&N=479&H=2100486,null
H2100486_12,岡山県,５月,1,23,5,16,臨時,DiscussNetPremium 平成２３年　５月臨時会 - 05月16日－01号 ,質問者,3300010000004,河本勉,議員,平成７年に初当選し，本会議での最初の質問は中山間地域振興についてでありました。,,http://giji.pref.okayama.jp/discuss/cgi-bin/WWWdocHatugen.exe?A=docHatugen&RA=frameNittei&USR=webusr53&N=479&H=2100486,null
H2100486_13,岡山県,５月,1,23,5,16,臨時,DiscussNetPremium 平成２３年　５月臨時会 - 05月16日－01号 ,質問者,3300010000004,河本勉,議員,平成15年，議員発議による政策条例として岡山県中山間地域の振興に関する基本条例が制定，今，岡山県中山間地域活性化基本方針に基づき事業が進められておりますが，今なお小規模高齢化集落を中心にさまざまな課題が生じており，地域社会を維持することが難しくなっている集落も存在します。,,http://giji.pref.okayama.jp/discuss/cgi-bin/WWWdocHatugen.exe?A=docHatugen&RA=frameNittei&USR=webusr53&N=479&H=2100486,null
H2100486_14,岡山県,５月,1,23,5,16,臨時,DiscussNetPremium 平成２３年　５月臨時会 - 05月16日－01号 ,質問者,3300010000004,河本勉,議員,県土の75％を占める中山間地域の発展が，夢・元気な岡山づくりに欠かせないという思いでございます。,,http://giji.pref.okayama.jp/discuss/cgi-bin/WWWdocHatugen.exe?A=docHatugen&RA=frameNittei&USR=webusr53&N=479&H=2100486,null
H2100486_15,岡山県,５月,1,23,5,16,臨時,DiscussNetPremium 平成２３年　５月臨時会 - 05月16日－01号 ,質問者,3300010000004,河本勉,議員,私の好きな言葉は，「宿命に生まれ，運命に挑み，使命に燃える」であります。,,http://giji.pref.okayama.jp/discuss/cgi-bin/WWWdocHatugen.exe?A=docHatugen&RA=frameNittei&USR=webusr53&N=479&H=2100486,null
H2100486_16,岡山県,５月,1,23,5,16,臨時,DiscussNetPremium 平成２３年　５月臨時会 - 05月16日－01号 ,質問者,3300010000004,河本勉,議員,公明正大な議会運営に努め，議長としての使命に全身全霊を尽くしてまいります。,,http://giji.pref.okayama.jp/discuss/cgi-bin/WWWdocHatugen.exe?A=docHatugen&RA=frameNittei&USR=webusr53&N=479&H=2100486,null
H2100486_17,岡山県,５月,1,23,5,16,臨時,DiscussNetPremium 平成２３年　５月臨時会 - 05月16日－01号 ,質問者,3300010000004,河本勉,議員,どうぞ先輩，同僚の議員の皆さんはもとより，石井知事を初め執行部の皆様方，報道関係の皆様方，そして何よりも県民の皆様方の御支援，御協力をいただきますようお願い申し上げまして，簡単ではございますが，議長就任のごあいさつとさせていただきます。,,http://giji.pref.okayama.jp/discuss/cgi-bin/WWWdocHatugen.exe?A=docHatugen&RA=frameNittei&USR=webusr53&N=479&H=2100486,null
H2100486_18,岡山県,５月,1,23,5,16,臨時,DiscussNetPremium 平成２３年　５月臨時会 - 05月16日－01号 ,質問者,3300010000004,河本勉,議員,まことにありがとうございました。,,http://giji.pref.okayama.jp/discuss/cgi-bin/WWWdocHatugen.exe?A=docHatugen&RA=frameNittei&USR=webusr53&N=479&H=2100486,null
H2100487_1,岡山県,５月,1,23,5,16,臨時,DiscussNetPremium 平成２３年　５月臨時会 - 05月16日－01号 ,議長,議長,岡崎豊,臨時議長,それでは，河本議長，議長席にお着き願います。,,http://giji.pref.okayama.jp/discuss/cgi-bin/WWWdocHatugen.exe?A=docHatugen&RA=frameNittei&USR=webusr53&N=479&H=2100487,null
H2100487_2,岡山県,５月,1,23,5,16,臨時,DiscussNetPremium 平成２３年　５月臨時会 - 05月16日－01号 ,議長,議長,岡崎豊,臨時議長,〔　臨時議長　岡崎　豊君退席，議長　河本　勉君議長席に着く　〕,,http://giji.pref.okayama.jp/discuss/cgi-bin/WWWdocHatugen.exe?A=docHatugen&RA=frameNittei&USR=webusr53&N=479&H=2100487,null
H2100487_3,岡山県,５月,1,23,5,16,臨時,DiscussNetPremium 平成２３年　５月臨時会 - 05月16日－01号 ,議長,議長,岡崎豊,臨時議長,～～～～～～～～～～～～～～～,,http://giji.pref.okayama.jp/discuss/cgi-bin/WWWdocHatugen.exe?A=docHatugen&RA=frameNittei&USR=webusr53&N=479&H=2100487,null
H2100489_1,岡山県,５月,1,23,5,16,臨時,DiscussNetPremium 平成２３年　５月臨時会 - 05月16日－01号 ,議長,議長,河本勉,議長,これより副議長の選挙を行います。,,http://giji.pref.okayama.jp/discuss/cgi-bin/WWWdocHatugen.exe?A=docHatugen&RA=frameNittei&USR=webusr53&N=479&H=2100489,null
H2100489_2,岡山県,５月,1,23,5,16,臨時,DiscussNetPremium 平成２３年　５月臨時会 - 05月16日－01号 ,議長,議長,河本勉,議長,選挙は投票により行います。,,http://giji.pref.okayama.jp/discuss/cgi-bin/WWWdocHatugen.exe?A=docHatugen&RA=frameNittei&USR=webusr53&N=479&H=2100489,null
H2100489_3,岡山県,５月,1,23,5,16,臨時,DiscussNetPremium 平成２３年　５月臨時会 - 05月16日－01号 ,議長,議長,河本勉,議長,議場を閉鎖いたします。,,http://giji.pref.okayama.jp/discuss/cgi-bin/WWWdocHatugen.exe?A=docHatugen&RA=frameNittei&USR=webusr53&N=479&H=2100489,null
H2100489_4,岡山県,５月,1,23,5,16,臨時,DiscussNetPremium 平成２３年　５月臨時会 - 05月16日－01号 ,議長,議長,河本勉,議長,〔　議場閉鎖　〕,,http://giji.pref.okayama.jp/discuss/cgi-bin/WWWdocHatugen.exe?A=docHatugen&RA=frameNittei&USR=webusr53&N=479&H=2100489,null
H2100490_1,岡山県,５月,1,23,5,16,臨時,DiscussNetPremium 平成２３年　５月臨時会 - 05月16日－01号 ,議長,議長,河本勉,議長,ただいまの出席議員数は56名であります。,,http://giji.pref.okayama.jp/discuss/cgi-bin/WWWdocHatugen.exe?A=docHatugen&RA=frameNittei&USR=webusr53&N=479&H=2100490,null
H2100490_2,岡山県,５月,1,23,5,16,臨時,DiscussNetPremium 平成２３年　５月臨時会 - 05月16日－01号 ,議長,議長,河本勉,議長,立会人には，議長の選挙の際の４人の方を指名いたします。,,http://giji.pref.okayama.jp/discuss/cgi-bin/WWWdocHatugen.exe?A=docHatugen&RA=frameNittei&USR=webusr53&N=479&H=2100490,null
H2100490_3,岡山県,５月,1,23,5,16,臨時,DiscussNetPremium 平成２３年　５月臨時会 - 05月16日－01号 ,議長,議長,河本勉,議長,投票用紙を配付いたします。,,http://giji.pref.okayama.jp/discuss/cgi-bin/WWWdocHatugen.exe?A=docHatugen&RA=frameNittei&USR=webusr53&N=479&H=2100490,null
H2100490_4,岡山県,５月,1,23,5,16,臨時,DiscussNetPremium 平成２３年　５月臨時会 - 05月16日－01号 ,議長,議長,河本勉,議長,念のため申し上げます。,,http://giji.pref.okayama.jp/discuss/cgi-bin/WWWdocHatugen.exe?A=docHatugen&RA=frameNittei&USR=webusr53&N=479&H=2100490,null
H2100490_5,岡山県,５月,1,23,5,16,臨時,DiscussNetPremium 平成２３年　５月臨時会 - 05月16日－01号 ,議長,議長,河本勉,議長,投票は単記無記名であります。,,http://giji.pref.okayama.jp/discuss/cgi-bin/WWWdocHatugen.exe?A=docHatugen&RA=frameNittei&USR=webusr53&N=479&H=2100490,null
H2100490_6,岡山県,５月,1,23,5,16,臨時,DiscussNetPremium 平成２３年　５月臨時会 - 05月16日－01号 ,議長,議長,河本勉,議長,〔　投票用紙配付　〕,,http://giji.pref.okayama.jp/discuss/cgi-bin/WWWdocHatugen.exe?A=docHatugen&RA=frameNittei&USR=webusr53&N=479&H=2100490,null
H2100491_1,岡山県,５月,1,23,5,16,臨時,DiscussNetPremium 平成２３年　５月臨時会 - 05月16日－01号 ,議長,議長,河本勉,議長,投票用紙の配付漏れはありませんか。,,http://giji.pref.okayama.jp/discuss/cgi-bin/WWWdocHatugen.exe?A=docHatugen&RA=frameNittei&USR=webusr53&N=479&H=2100491,null
H2100491_2,岡山県,５月,1,23,5,16,臨時,DiscussNetPremium 平成２３年　５月臨時会 - 05月16日－01号 ,議長,議長,河本勉,議長,〔　「なし」と呼ぶ者あり　〕,,http://giji.pref.okayama.jp/discuss/cgi-bin/WWWdocHatugen.exe?A=docHatugen&RA=frameNittei&USR=webusr53&N=479&H=2100491,null
H2100492_1,岡山県,５月,1,23,5,16,臨時,DiscussNetPremium 平成２３年　５月臨時会 - 05月16日－01号 ,議長,議長,河本勉,議長,配付漏れなしと認めます。,,http://giji.pref.okayama.jp/discuss/cgi-bin/WWWdocHatugen.exe?A=docHatugen&RA=frameNittei&USR=webusr53&N=479&H=2100492,null
H2100492_2,岡山県,５月,1,23,5,16,臨時,DiscussNetPremium 平成２３年　５月臨時会 - 05月16日－01号 ,議長,議長,河本勉,議長,投票箱を改めます。,,http://giji.pref.okayama.jp/discuss/cgi-bin/WWWdocHatugen.exe?A=docHatugen&RA=frameNittei&USR=webusr53&N=479&H=2100492,null
H2100492_3,岡山県,５月,1,23,5,16,臨時,DiscussNetPremium 平成２３年　５月臨時会 - 05月16日－01号 ,議長,議長,河本勉,議長,〔　投票箱点検　〕,,http://giji.pref.okayama.jp/discuss/cgi-bin/WWWdocHatugen.exe?A=docHatugen&RA=frameNittei&USR=webusr53&N=479&H=2100492,null
H2100493_1,岡山県,５月,1,23,5,16,臨時,DiscussNetPremium 平成２３年　５月臨時会 - 05月16日－01号 ,議長,議長,河本勉,議長,異状なしと認めます。,,http://giji.pref.okayama.jp/discuss/cgi-bin/WWWdocHatugen.exe?A=docHatugen&RA=frameNittei&USR=webusr53&N=479&H=2100493,null
H2100493_2,岡山県,５月,1,23,5,16,臨時,DiscussNetPremium 平成２３年　５月臨時会 - 05月16日－01号 ,議長,議長,河本勉,議長,これより投票に移ります。,,http://giji.pref.okayama.jp/discuss/cgi-bin/WWWdocHatugen.exe?A=docHatugen&RA=frameNittei&USR=webusr53&N=479&H=2100493,null
H2100493_3,岡山県,５月,1,23,5,16,臨時,DiscussNetPremium 平成２３年　５月臨時会 - 05月16日－01号 ,議長,議長,河本勉,議長,１番席の方から順次投票願います。,,http://giji.pref.okayama.jp/discuss/cgi-bin/WWWdocHatugen.exe?A=docHatugen&RA=frameNittei&USR=webusr53&N=479&H=2100493,null
H2100493_4,岡山県,５月,1,23,5,16,臨時,DiscussNetPremium 平成２３年　５月臨時会 - 05月16日－01号 ,議長,議長,河本勉,議長,〔　投　票　〕,,http://giji.pref.okayama.jp/discuss/cgi-bin/WWWdocHatugen.exe?A=docHatugen&RA=frameNittei&USR=webusr53&N=479&H=2100493,null
H2100494_1,岡山県,５月,1,23,5,16,臨時,DiscussNetPremium 平成２３年　５月臨時会 - 05月16日－01号 ,議長,議長,河本勉,議長,投票漏れはありませんか。,,http://giji.pref.okayama.jp/discuss/cgi-bin/WWWdocHatugen.exe?A=docHatugen&RA=frameNittei&USR=webusr53&N=479&H=2100494,null
H2100494_2,岡山県,５月,1,23,5,16,臨時,DiscussNetPremium 平成２３年　５月臨時会 - 05月16日－01号 ,議長,議長,河本勉,議長,〔　「なし」と呼ぶ者あり　〕,,http://giji.pref.okayama.jp/discuss/cgi-bin/WWWdocHatugen.exe?A=docHatugen&RA=frameNittei&USR=webusr53&N=479&H=2100494,null
H2100495_1,岡山県,５月,1,23,5,16,臨時,DiscussNetPremium 平成２３年　５月臨時会 - 05月16日－01号 ,議長,議長,河本勉,議長,投票漏れなしと認めます。,,http://giji.pref.okayama.jp/discuss/cgi-bin/WWWdocHatugen.exe?A=docHatugen&RA=frameNittei&USR=webusr53&N=479&H=2100495,null
H2100495_2,岡山県,５月,1,23,5,16,臨時,DiscussNetPremium 平成２３年　５月臨時会 - 05月16日－01号 ,議長,議長,河本勉,議長,投票を終了いたします。,,http://giji.pref.okayama.jp/discuss/cgi-bin/WWWdocHatugen.exe?A=docHatugen&RA=frameNittei&USR=webusr53&N=479&H=2100495,null
H2100495_3,岡山県,５月,1,23,5,16,臨時,DiscussNetPremium 平成２３年　５月臨時会 - 05月16日－01号 ,議長,議長,河本勉,議長,開票を行います。,,http://giji.pref.okayama.jp/discuss/cgi-bin/WWWdocHatugen.exe?A=docHatugen&RA=frameNittei&USR=webusr53&N=479&H=2100495,null
H2100495_4,岡山県,５月,1,23,5,16,臨時,DiscussNetPremium 平成２３年　５月臨時会 - 05月16日－01号 ,議長,議長,河本勉,議長,立会人の方は立ち会いをお願いします。,,http://giji.pref.okayama.jp/discuss/cgi-bin/WWWdocHatugen.exe?A=docHatugen&RA=frameNittei&USR=webusr53&N=479&H=2100495,null
H2100495_5,岡山県,５月,1,23,5,16,臨時,DiscussNetPremium 平成２３年　５月臨時会 - 05月16日－01号 ,議長,議長,河本勉,議長,〔　開　票　〕,,http://giji.pref.okayama.jp/discuss/cgi-bin/WWWdocHatugen.exe?A=docHatugen&RA=frameNittei&USR=webusr53&N=479&H=2100495,null
H2100496_1,岡山県,５月,1,23,5,16,臨時,DiscussNetPremium 平成２３年　５月臨時会 - 05月16日－01号 ,議長,議長,河本勉,議長,選挙の結果を報告いたします。,,http://giji.pref.okayama.jp/discuss/cgi-bin/WWWdocHatugen.exe?A=docHatugen&RA=frameNittei&USR=webusr53&N=479&H=2100496,null
H2100496_2,岡山県,５月,1,23,5,16,臨時,DiscussNetPremium 平成２３年　５月臨時会 - 05月16日－01号 ,議長,議長,河本勉,議長,投　票　総　数　　　　　　　　56票,,http://giji.pref.okayama.jp/discuss/cgi-bin/WWWdocHatugen.exe?A=docHatugen&RA=frameNittei&USR=webusr53&N=479&H=2100496,null
H2100496_3,岡山県,５月,1,23,5,16,臨時,DiscussNetPremium 平成２３年　５月臨時会 - 05月16日－01号 ,議長,議長,河本勉,議長,有　効　投　票　　　　　　　56票,,http://giji.pref.okayama.jp/discuss/cgi-bin/WWWdocHatugen.exe?A=docHatugen&RA=frameNittei&USR=webusr53&N=479&H=2100496,null
H2100496_4,岡山県,５月,1,23,5,16,臨時,DiscussNetPremium 平成２３年　５月臨時会 - 05月16日－01号 ,議長,議長,河本勉,議長,有　効　投　票　中,,http://giji.pref.okayama.jp/discuss/cgi-bin/WWWdocHatugen.exe?A=docHatugen&RA=frameNittei&USR=webusr53&N=479&H=2100496,null
H2100496_5,岡山県,５月,1,23,5,16,臨時,DiscussNetPremium 平成２３年　５月臨時会 - 05月16日－01号 ,議長,議長,河本勉,議長,小　野　泰　弘　君　　　　　39票,,http://giji.pref.okayama.jp/discuss/cgi-bin/WWWdocHatugen.exe?A=docHatugen&RA=frameNittei&USR=webusr53&N=479&H=2100496,null
H2100496_6,岡山県,５月,1,23,5,16,臨時,DiscussNetPremium 平成２３年　５月臨時会 - 05月16日－01号 ,議長,議長,河本勉,議長,一　井　暁　子　君　　　　　10票,,http://giji.pref.okayama.jp/discuss/cgi-bin/WWWdocHatugen.exe?A=docHatugen&RA=frameNittei&USR=webusr53&N=479&H=2100496,null
H2100496_7,岡山県,５月,1,23,5,16,臨時,DiscussNetPremium 平成２３年　５月臨時会 - 05月16日－01号 ,議長,議長,河本勉,議長,高　橋　英　士　君　　　　　５票,,http://giji.pref.okayama.jp/discuss/cgi-bin/WWWdocHatugen.exe?A=docHatugen&RA=frameNittei&USR=webusr53&N=479&H=2100496,null
H2100496_8,岡山県,５月,1,23,5,16,臨時,DiscussNetPremium 平成２３年　５月臨時会 - 05月16日－01号 ,議長,議長,河本勉,議長,氏　平　三穂子　君　　　　　２票,,http://giji.pref.okayama.jp/discuss/cgi-bin/WWWdocHatugen.exe?A=docHatugen&RA=frameNittei&USR=webusr53&N=479&H=2100496,null
H2100496_9,岡山県,５月,1,23,5,16,臨時,DiscussNetPremium 平成２３年　５月臨時会 - 05月16日－01号 ,議長,議長,河本勉,議長,以上のとおりであります。,,http://giji.pref.okayama.jp/discuss/cgi-bin/WWWdocHatugen.exe?A=docHatugen&RA=frameNittei&USR=webusr53&N=479&H=2100496,null
H2100496_10,岡山県,５月,1,23,5,16,臨時,DiscussNetPremium 平成２３年　５月臨時会 - 05月16日－01号 ,議長,議長,河本勉,議長,この選挙の法定得票数は14票であります。,,http://giji.pref.okayama.jp/discuss/cgi-bin/WWWdocHatugen.exe?A=docHatugen&RA=frameNittei&USR=webusr53&N=479&H=2100496,null
H2100496_11,岡山県,５月,1,23,5,16,臨時,DiscussNetPremium 平成２３年　５月臨時会 - 05月16日－01号 ,議長,議長,河本勉,議長,よって，小野泰弘君が副議長に当選されました。,,http://giji.pref.okayama.jp/discuss/cgi-bin/WWWdocHatugen.exe?A=docHatugen&RA=frameNittei&USR=webusr53&N=479&H=2100496,null
H2100496_12,岡山県,５月,1,23,5,16,臨時,DiscussNetPremium 平成２３年　５月臨時会 - 05月16日－01号 ,議長,議長,河本勉,議長,議場の閉鎖を解きます。,,http://giji.pref.okayama.jp/discuss/cgi-bin/WWWdocHatugen.exe?A=docHatugen&RA=frameNittei&USR=webusr53&N=479&H=2100496,null
H2100496_13,岡山県,５月,1,23,5,16,臨時,DiscussNetPremium 平成２３年　５月臨時会 - 05月16日－01号 ,議長,議長,河本勉,議長,〔　議場開鎖　〕,,http://giji.pref.okayama.jp/discuss/cgi-bin/WWWdocHatugen.exe?A=docHatugen&RA=frameNittei&USR=webusr53&N=479&H=2100496,null
H2100497_1,岡山県,５月,1,23,5,16,臨時,DiscussNetPremium 平成２３年　５月臨時会 - 05月16日－01号 ,議長,議長,河本勉,議長,ただいま副議長に当選されました小野泰弘君が議場におられますので，本席から会議規則第34条第２項の規定による告知をいたします。,,http://giji.pref.okayama.jp/discuss/cgi-bin/WWWdocHatugen.exe?A=docHatugen&RA=frameNittei&USR=webusr53&N=479&H=2100497,null
H2100498_1,岡山県,５月,1,23,5,16,臨時,DiscussNetPremium 平成２３年　５月臨時会 - 05月16日－01号 ,質問者,3300010000044,小野泰弘,議員,議長，50番。,,http://giji.pref.okayama.jp/discuss/cgi-bin/WWWdocHatugen.exe?A=docHatugen&RA=frameNittei&USR=webusr53&N=479&H=2100498,null
H2100499_1,岡山県,５月,1,23,5,16,臨時,DiscussNetPremium 平成２３年　５月臨時会 - 05月16日－01号 ,議長,議長,河本勉,議長,小野泰弘君。,,http://giji.pref.okayama.jp/discuss/cgi-bin/WWWdocHatugen.exe?A=docHatugen&RA=frameNittei&USR=webusr53&N=479&H=2100499,null
H2100499_2,岡山県,５月,1,23,5,16,臨時,DiscussNetPremium 平成２３年　５月臨時会 - 05月16日－01号 ,議長,議長,河本勉,議長,〔　50番　小野泰弘君　登壇　〕,,http://giji.pref.okayama.jp/discuss/cgi-bin/WWWdocHatugen.exe?A=docHatugen&RA=frameNittei&USR=webusr53&N=479&H=2100499,null
H2100500_1,岡山県,５月,1,23,5,16,臨時,DiscussNetPremium 平成２３年　５月臨時会 - 05月16日－01号 ,質問者,3300010000044,小野泰弘,議員,ただいま議長から，名誉ある第62代岡山県議会副議長に当選の告知をいただきました。,,http://giji.pref.okayama.jp/discuss/cgi-bin/WWWdocHatugen.exe?A=docHatugen&RA=frameNittei&USR=webusr53&N=479&H=2100500,null
H2100500_2,岡山県,５月,1,23,5,16,臨時,DiscussNetPremium 平成２３年　５月臨時会 - 05月16日－01号 ,質問者,3300010000044,小野泰弘,議員,身に余る光栄でございますが，謹んでお受けをいたし，皆様に心からの御礼を申し上げたいと存じます。,,http://giji.pref.okayama.jp/discuss/cgi-bin/WWWdocHatugen.exe?A=docHatugen&RA=frameNittei&USR=webusr53&N=479&H=2100500,null
H2100500_3,岡山県,５月,1,23,5,16,臨時,DiscussNetPremium 平成２３年　５月臨時会 - 05月16日－01号 ,質問者,3300010000044,小野泰弘,議員,このたびの大震災，亡くなった多くの方に心からの哀悼の意を表し，さらには被災をされました多数の皆様方に心からのお見舞いを申し上げたいと思います。,,http://giji.pref.okayama.jp/discuss/cgi-bin/WWWdocHatugen.exe?A=docHatugen&RA=frameNittei&USR=webusr53&N=479&H=2100500,null
H2100500_4,岡山県,５月,1,23,5,16,臨時,DiscussNetPremium 平成２３年　５月臨時会 - 05月16日－01号 ,質問者,3300010000044,小野泰弘,議員,幸い，本県は自然災害が本当に少ない県でございますし，また気候も温暖な地域でございます。,,http://giji.pref.okayama.jp/discuss/cgi-bin/WWWdocHatugen.exe?A=docHatugen&RA=frameNittei&USR=webusr53&N=479&H=2100500,null
H2100500_5,岡山県,５月,1,23,5,16,臨時,DiscussNetPremium 平成２３年　５月臨時会 - 05月16日－01号 ,質問者,3300010000044,小野泰弘,議員,岡山県のさらなる躍進のためや日本の再生のために，今こそ195万県民が力を結集するときであろうかと思います。,,http://giji.pref.okayama.jp/discuss/cgi-bin/WWWdocHatugen.exe?A=docHatugen&RA=frameNittei&USR=webusr53&N=479&H=2100500,null
H2100500_6,岡山県,５月,1,23,5,16,臨時,DiscussNetPremium 平成２３年　５月臨時会 - 05月16日－01号 ,質問者,3300010000044,小野泰弘,議員,頑張った人が報われる社会，そして頑張る人が恵まれない人を助けることが称賛される社会の実現を目指していかなくてはならないと思います。,,http://giji.pref.okayama.jp/discuss/cgi-bin/WWWdocHatugen.exe?A=docHatugen&RA=frameNittei&USR=webusr53&N=479&H=2100500,null
H2100500_7,岡山県,５月,1,23,5,16,臨時,DiscussNetPremium 平成２３年　５月臨時会 - 05月16日－01号 ,質問者,3300010000044,小野泰弘,議員,この際，私は，河本議長の補佐をいたし，円滑な議会運営に努め，議会でのすべての議論が県勢発展のため，さらには県民福祉の向上のために役立つようなそういった議論になるように全力を傾注したいと思います。,,http://giji.pref.okayama.jp/discuss/cgi-bin/WWWdocHatugen.exe?A=docHatugen&RA=frameNittei&USR=webusr53&N=479&H=2100500,null
H2100500_8,岡山県,５月,1,23,5,16,臨時,DiscussNetPremium 平成２３年　５月臨時会 - 05月16日－01号 ,質問者,3300010000044,小野泰弘,議員,議会の議員の皆様はもちろんのこと，石井知事を初めとする執行部の皆様方，さらにはマスコミの方々，そして広く県民の方々にさらなる御支援をいただきますように心よりお願いを申し上げまして，甚だ簡単でございますが，就任のあいさつとさせていただきます。,,http://giji.pref.okayama.jp/discuss/cgi-bin/WWWdocHatugen.exe?A=docHatugen&RA=frameNittei&USR=webusr53&N=479&H=2100500,null
H2100500_9,岡山県,５月,1,23,5,16,臨時,DiscussNetPremium 平成２３年　５月臨時会 - 05月16日－01号 ,質問者,3300010000044,小野泰弘,議員,どうもありがとうございました。,,http://giji.pref.okayama.jp/discuss/cgi-bin/WWWdocHatugen.exe?A=docHatugen&RA=frameNittei&USR=webusr53&N=479&H=2100500,null
H2100500_10,岡山県,５月,1,23,5,16,臨時,DiscussNetPremium 平成２３年　５月臨時会 - 05月16日－01号 ,質問者,3300010000044,小野泰弘,議員,～～～～～～～～～～～～～～～,,http://giji.pref.okayama.jp/discuss/cgi-bin/WWWdocHatugen.exe?A=docHatugen&RA=frameNittei&USR=webusr53&N=479&H=2100500,null
H2100502_1,岡山県,５月,1,23,5,16,臨時,DiscussNetPremium 平成２３年　５月臨時会 - 05月16日－01号 ,議長,議長,河本勉,議長,次に，常任委員の選任を行います。,,http://giji.pref.okayama.jp/discuss/cgi-bin/WWWdocHatugen.exe?A=docHatugen&RA=frameNittei&USR=webusr53&N=479&H=2100502,null
H2100502_2,岡山県,５月,1,23,5,16,臨時,DiscussNetPremium 平成２３年　５月臨時会 - 05月16日－01号 ,議長,議長,河本勉,議長,お諮りいたします。,,http://giji.pref.okayama.jp/discuss/cgi-bin/WWWdocHatugen.exe?A=docHatugen&RA=frameNittei&USR=webusr53&N=479&H=2100502,null
H2100502_3,岡山県,５月,1,23,5,16,臨時,DiscussNetPremium 平成２３年　５月臨時会 - 05月16日－01号 ,議長,議長,河本勉,議長,常任委員の選任については，委員会条例第５条第１項の規定により，お手元に配付の名簿のとおり指名いたしたいと思います。,,http://giji.pref.okayama.jp/discuss/cgi-bin/WWWdocHatugen.exe?A=docHatugen&RA=frameNittei&USR=webusr53&N=479&H=2100502,null
H2100502_4,岡山県,５月,1,23,5,16,臨時,DiscussNetPremium 平成２３年　５月臨時会 - 05月16日－01号 ,議長,議長,河本勉,議長,これに御異議ありませんか。,,http://giji.pref.okayama.jp/discuss/cgi-bin/WWWdocHatugen.exe?A=docHatugen&RA=frameNittei&USR=webusr53&N=479&H=2100502,null
H2100502_5,岡山県,５月,1,23,5,16,臨時,DiscussNetPremium 平成２３年　５月臨時会 - 05月16日－01号 ,議長,議長,河本勉,議長,〔　「異議なし」と呼ぶ者あり　〕,,http://giji.pref.okayama.jp/discuss/cgi-bin/WWWdocHatugen.exe?A=docHatugen&RA=frameNittei&USR=webusr53&N=479&H=2100502,null
H2100503_1,岡山県,５月,1,23,5,16,臨時,DiscussNetPremium 平成２３年　５月臨時会 - 05月16日－01号 ,議長,議長,河本勉,議長,御異議なしと認めます。,,http://giji.pref.okayama.jp/discuss/cgi-bin/WWWdocHatugen.exe?A=docHatugen&RA=frameNittei&USR=webusr53&N=479&H=2100503,null
H2100503_2,岡山県,５月,1,23,5,16,臨時,DiscussNetPremium 平成２３年　５月臨時会 - 05月16日－01号 ,議長,議長,河本勉,議長,よって，常任委員はお手元に配付の名簿のとおり選任することに決定いたしました。,,http://giji.pref.okayama.jp/discuss/cgi-bin/WWWdocHatugen.exe?A=docHatugen&RA=frameNittei&USR=webusr53&N=479&H=2100503,null
H2100503_3,岡山県,５月,1,23,5,16,臨時,DiscussNetPremium 平成２３年　５月臨時会 - 05月16日－01号 ,議長,議長,河本勉,議長,～～～～～～～～～～～～～～～,,http://giji.pref.okayama.jp/discuss/cgi-bin/WWWdocHatugen.exe?A=docHatugen&RA=frameNittei&USR=webusr53&N=479&H=2100503,null
H2100505_1,岡山県,５月,1,23,5,16,臨時,DiscussNetPremium 平成２３年　５月臨時会 - 05月16日－01号 ,議長,議長,河本勉,議長,次に，常任委員会の委員長及び副委員長の選任を行います。,,http://giji.pref.okayama.jp/discuss/cgi-bin/WWWdocHatugen.exe?A=docHatugen&RA=frameNittei&USR=webusr53&N=479&H=2100505,null
H2100505_2,岡山県,５月,1,23,5,16,臨時,DiscussNetPremium 平成２３年　５月臨時会 - 05月16日－01号 ,議長,議長,河本勉,議長,お諮りいたします。,,http://giji.pref.okayama.jp/discuss/cgi-bin/WWWdocHatugen.exe?A=docHatugen&RA=frameNittei&USR=webusr53&N=479&H=2100505,null
H2100505_3,岡山県,５月,1,23,5,16,臨時,DiscussNetPremium 平成２３年　５月臨時会 - 05月16日－01号 ,議長,議長,河本勉,議長,本件については，議長において指名することにいたしたいと思います。,,http://giji.pref.okayama.jp/discuss/cgi-bin/WWWdocHatugen.exe?A=docHatugen&RA=frameNittei&USR=webusr53&N=479&H=2100505,null
H2100505_4,岡山県,５月,1,23,5,16,臨時,DiscussNetPremium 平成２３年　５月臨時会 - 05月16日－01号 ,議長,議長,河本勉,議長,これに御異議ありませんか。,,http://giji.pref.okayama.jp/discuss/cgi-bin/WWWdocHatugen.exe?A=docHatugen&RA=frameNittei&USR=webusr53&N=479&H=2100505,null
H2100505_5,岡山県,５月,1,23,5,16,臨時,DiscussNetPremium 平成２３年　５月臨時会 - 05月16日－01号 ,議長,議長,河本勉,議長,〔　「異議なし」と呼ぶ者あり　〕,,http://giji.pref.okayama.jp/discuss/cgi-bin/WWWdocHatugen.exe?A=docHatugen&RA=frameNittei&USR=webusr53&N=479&H=2100505,null
H2100506_1,岡山県,５月,1,23,5,16,臨時,DiscussNetPremium 平成２３年　５月臨時会 - 05月16日－01号 ,議長,議長,河本勉,議長,御異議なしと認めます。,,http://giji.pref.okayama.jp/discuss/cgi-bin/WWWdocHatugen.exe?A=docHatugen&RA=frameNittei&USR=webusr53&N=479&H=2100506,null
H2100506_2,岡山県,５月,1,23,5,16,臨時,DiscussNetPremium 平成２３年　５月臨時会 - 05月16日－01号 ,議長,議長,河本勉,議長,よって，本件については議長において指名することに決定いたしました。,,http://giji.pref.okayama.jp/discuss/cgi-bin/WWWdocHatugen.exe?A=docHatugen&RA=frameNittei&USR=webusr53&N=479&H=2100506,null
H2100506_3,岡山県,５月,1,23,5,16,臨時,DiscussNetPremium 平成２３年　５月臨時会 - 05月16日－01号 ,議長,議長,河本勉,議長,総務委員会の委員長に高橋戒隆君，副委員長に高橋英士君，環境文化保健福祉委員会の委員長に西岡聖貴君，副委員長に小林孝一郎君，産業労働警察委員会の委員長に蜂谷弘美君，副委員長に谷口圭三君，農林水産委員会の委員長に池本敏朗君，副委員長に高原俊彦君，土木委員会の委員長に波多洋治君，副委員長に小林義明君，文教委員会の委員長に浅野實君，副委員長に江本公一君を指名いたします。,,http://giji.pref.okayama.jp/discuss/cgi-bin/WWWdocHatugen.exe?A=docHatugen&RA=frameNittei&USR=webusr53&N=479&H=2100506,null
H2100506_4,岡山県,５月,1,23,5,16,臨時,DiscussNetPremium 平成２３年　５月臨時会 - 05月16日－01号 ,議長,議長,河本勉,議長,～～～～～～～～～～～～～～～,,http://giji.pref.okayama.jp/discuss/cgi-bin/WWWdocHatugen.exe?A=docHatugen&RA=frameNittei&USR=webusr53&N=479&H=2100506,null
H2100508_1,岡山県,５月,1,23,5,16,臨時,DiscussNetPremium 平成２３年　５月臨時会 - 05月16日－01号 ,議長,議長,河本勉,議長,次に，議会運営委員の選任を行います。,,http://giji.pref.okayama.jp/discuss/cgi-bin/WWWdocHatugen.exe?A=docHatugen&RA=frameNittei&USR=webusr53&N=479&H=2100508,null
H2100508_2,岡山県,５月,1,23,5,16,臨時,DiscussNetPremium 平成２３年　５月臨時会 - 05月16日－01号 ,議長,議長,河本勉,議長,お諮りいたします。,,http://giji.pref.okayama.jp/discuss/cgi-bin/WWWdocHatugen.exe?A=docHatugen&RA=frameNittei&USR=webusr53&N=479&H=2100508,null
H2100508_3,岡山県,５月,1,23,5,16,臨時,DiscussNetPremium 平成２３年　５月臨時会 - 05月16日－01号 ,議長,議長,河本勉,議長,議会運営委員の選任については，委員会条例第５条第１項の規定により，お手元に配付の名簿のとおり指名いたしたいと思います。,,http://giji.pref.okayama.jp/discuss/cgi-bin/WWWdocHatugen.exe?A=docHatugen&RA=frameNittei&USR=webusr53&N=479&H=2100508,null
H2100508_4,岡山県,５月,1,23,5,16,臨時,DiscussNetPremium 平成２３年　５月臨時会 - 05月16日－01号 ,議長,議長,河本勉,議長,これに御異議ありませんか。,,http://giji.pref.okayama.jp/discuss/cgi-bin/WWWdocHatugen.exe?A=docHatugen&RA=frameNittei&USR=webusr53&N=479&H=2100508,null
H2100508_5,岡山県,５月,1,23,5,16,臨時,DiscussNetPremium 平成２３年　５月臨時会 - 05月16日－01号 ,議長,議長,河本勉,議長,〔　「異議なし」と呼ぶ者あり　〕,,http://giji.pref.okayama.jp/discuss/cgi-bin/WWWdocHatugen.exe?A=docHatugen&RA=frameNittei&USR=webusr53&N=479&H=2100508,null
H2100509_1,岡山県,５月,1,23,5,16,臨時,DiscussNetPremium 平成２３年　５月臨時会 - 05月16日－01号 ,議長,議長,河本勉,議長,御異議なしと認めます。,,http://giji.pref.okayama.jp/discuss/cgi-bin/WWWdocHatugen.exe?A=docHatugen&RA=frameNittei&USR=webusr53&N=479&H=2100509,null
H2100509_2,岡山県,５月,1,23,5,16,臨時,DiscussNetPremium 平成２３年　５月臨時会 - 05月16日－01号 ,議長,議長,河本勉,議長,よって，議会運営委員はお手元に配付の名簿のとおり選任することに決定いたしました。,,http://giji.pref.okayama.jp/discuss/cgi-bin/WWWdocHatugen.exe?A=docHatugen&RA=frameNittei&USR=webusr53&N=479&H=2100509,null
H2100509_3,岡山県,５月,1,23,5,16,臨時,DiscussNetPremium 平成２３年　５月臨時会 - 05月16日－01号 ,議長,議長,河本勉,議長,～～～～～～～～～～～～～～～,,http://giji.pref.okayama.jp/discuss/cgi-bin/WWWdocHatugen.exe?A=docHatugen&RA=frameNittei&USR=webusr53&N=479&H=2100509,null
H2100511_1,岡山県,５月,1,23,5,16,臨時,DiscussNetPremium 平成２３年　５月臨時会 - 05月16日－01号 ,議長,議長,河本勉,議長,次に，議会運営委員会の委員長及び副委員長の選任を行います。,,http://giji.pref.okayama.jp/discuss/cgi-bin/WWWdocHatugen.exe?A=docHatugen&RA=frameNittei&USR=webusr53&N=479&H=2100511,null
H2100511_2,岡山県,５月,1,23,5,16,臨時,DiscussNetPremium 平成２３年　５月臨時会 - 05月16日－01号 ,議長,議長,河本勉,議長,お諮りいたします。,,http://giji.pref.okayama.jp/discuss/cgi-bin/WWWdocHatugen.exe?A=docHatugen&RA=frameNittei&USR=webusr53&N=479&H=2100511,null
H2100511_3,岡山県,５月,1,23,5,16,臨時,DiscussNetPremium 平成２３年　５月臨時会 - 05月16日－01号 ,議長,議長,河本勉,議長,本件については，議長において指名することにいたしたいと思います。,,http://giji.pref.okayama.jp/discuss/cgi-bin/WWWdocHatugen.exe?A=docHatugen&RA=frameNittei&USR=webusr53&N=479&H=2100511,null
H2100511_4,岡山県,５月,1,23,5,16,臨時,DiscussNetPremium 平成２３年　５月臨時会 - 05月16日－01号 ,議長,議長,河本勉,議長,これに御異議ありませんか。,,http://giji.pref.okayama.jp/discuss/cgi-bin/WWWdocHatugen.exe?A=docHatugen&RA=frameNittei&USR=webusr53&N=479&H=2100511,null
H2100511_5,岡山県,５月,1,23,5,16,臨時,DiscussNetPremium 平成２３年　５月臨時会 - 05月16日－01号 ,議長,議長,河本勉,議長,〔　「異議なし」と呼ぶ者あり　〕,,http://giji.pref.okayama.jp/discuss/cgi-bin/WWWdocHatugen.exe?A=docHatugen&RA=frameNittei&USR=webusr53&N=479&H=2100511,null
H2100512_1,岡山県,５月,1,23,5,16,臨時,DiscussNetPremium 平成２３年　５月臨時会 - 05月16日－01号 ,議長,議長,河本勉,議長,御異議なしと認めます。,,http://giji.pref.okayama.jp/discuss/cgi-bin/WWWdocHatugen.exe?A=docHatugen&RA=frameNittei&USR=webusr53&N=479&H=2100512,null
H2100512_2,岡山県,５月,1,23,5,16,臨時,DiscussNetPremium 平成２３年　５月臨時会 - 05月16日－01号 ,議長,議長,河本勉,議長,よって，本件については議長において指名することに決定いたしました。,,http://giji.pref.okayama.jp/discuss/cgi-bin/WWWdocHatugen.exe?A=docHatugen&RA=frameNittei&USR=webusr53&N=479&H=2100512,null
H2100512_3,岡山県,５月,1,23,5,16,臨時,DiscussNetPremium 平成２３年　５月臨時会 - 05月16日－01号 ,議長,議長,河本勉,議長,議会運営委員会の委員長に渡辺英気君，副委員長に井元乾一郎君を指名いたします。,,http://giji.pref.okayama.jp/discuss/cgi-bin/WWWdocHatugen.exe?A=docHatugen&RA=frameNittei&USR=webusr53&N=479&H=2100512,null
H2100512_4,岡山県,５月,1,23,5,16,臨時,DiscussNetPremium 平成２３年　５月臨時会 - 05月16日－01号 ,議長,議長,河本勉,議長,～～～～～～～～～～～～～～～,,http://giji.pref.okayama.jp/discuss/cgi-bin/WWWdocHatugen.exe?A=docHatugen&RA=frameNittei&USR=webusr53&N=479&H=2100512,null
H2100514_1,岡山県,５月,1,23,5,16,臨時,DiscussNetPremium 平成２３年　５月臨時会 - 05月16日－01号 ,議長,議長,河本勉,議長,次に，特別委員会設置の件を議題といたします。,,http://giji.pref.okayama.jp/discuss/cgi-bin/WWWdocHatugen.exe?A=docHatugen&RA=frameNittei&USR=webusr53&N=479&H=2100514,null
H2100514_2,岡山県,５月,1,23,5,16,臨時,DiscussNetPremium 平成２３年　５月臨時会 - 05月16日－01号 ,議長,議長,河本勉,議長,お諮りいたします。,,http://giji.pref.okayama.jp/discuss/cgi-bin/WWWdocHatugen.exe?A=docHatugen&RA=frameNittei&USR=webusr53&N=479&H=2100514,null
H2100514_3,岡山県,５月,1,23,5,16,臨時,DiscussNetPremium 平成２３年　５月臨時会 - 05月16日－01号 ,議長,議長,河本勉,議長,お手元に配付しております特別委員会設置案のとおり，それぞれ記載の委員定数をもって構成する５特別委員会を設置し，これにそれぞれ記載の事件を付託の上，調査が終了するまで閉会中の継続調査とすることにいたしたいと思います。,,http://giji.pref.okayama.jp/discuss/cgi-bin/WWWdocHatugen.exe?A=docHatugen&RA=frameNittei&USR=webusr53&N=479&H=2100514,null
H2100514_4,岡山県,５月,1,23,5,16,臨時,DiscussNetPremium 平成２３年　５月臨時会 - 05月16日－01号 ,議長,議長,河本勉,議長,これに御異議ありませんか。,,http://giji.pref.okayama.jp/discuss/cgi-bin/WWWdocHatugen.exe?A=docHatugen&RA=frameNittei&USR=webusr53&N=479&H=2100514,null
H2100514_5,岡山県,５月,1,23,5,16,臨時,DiscussNetPremium 平成２３年　５月臨時会 - 05月16日－01号 ,議長,議長,河本勉,議長,〔　「異議なし」と呼ぶ者あり　〕,,http://giji.pref.okayama.jp/discuss/cgi-bin/WWWdocHatugen.exe?A=docHatugen&RA=frameNittei&USR=webusr53&N=479&H=2100514,null
H2100515_1,岡山県,５月,1,23,5,16,臨時,DiscussNetPremium 平成２３年　５月臨時会 - 05月16日－01号 ,議長,議長,河本勉,議長,御異議なしと認めます。,,http://giji.pref.okayama.jp/discuss/cgi-bin/WWWdocHatugen.exe?A=docHatugen&RA=frameNittei&USR=webusr53&N=479&H=2100515,null
H2100515_2,岡山県,５月,1,23,5,16,臨時,DiscussNetPremium 平成２３年　５月臨時会 - 05月16日－01号 ,議長,議長,河本勉,議長,よって，さよう設置することに決定いたしました。,,http://giji.pref.okayama.jp/discuss/cgi-bin/WWWdocHatugen.exe?A=docHatugen&RA=frameNittei&USR=webusr53&N=479&H=2100515,null
H2100515_3,岡山県,５月,1,23,5,16,臨時,DiscussNetPremium 平成２３年　５月臨時会 - 05月16日－01号 ,議長,議長,河本勉,議長,～～～～～～～～～～～～～～～,,http://giji.pref.okayama.jp/discuss/cgi-bin/WWWdocHatugen.exe?A=docHatugen&RA=frameNittei&USR=webusr53&N=479&H=2100515,null
H2100517_1,岡山県,５月,1,23,5,16,臨時,DiscussNetPremium 平成２３年　５月臨時会 - 05月16日－01号 ,議長,議長,河本勉,議長,次に，特別委員の選任を行います。,,http://giji.pref.okayama.jp/discuss/cgi-bin/WWWdocHatugen.exe?A=docHatugen&RA=frameNittei&USR=webusr53&N=479&H=2100517,null
H2100517_2,岡山県,５月,1,23,5,16,臨時,DiscussNetPremium 平成２３年　５月臨時会 - 05月16日－01号 ,議長,議長,河本勉,議長,お諮りいたします。,,http://giji.pref.okayama.jp/discuss/cgi-bin/WWWdocHatugen.exe?A=docHatugen&RA=frameNittei&USR=webusr53&N=479&H=2100517,null
H2100517_3,岡山県,５月,1,23,5,16,臨時,DiscussNetPremium 平成２３年　５月臨時会 - 05月16日－01号 ,議長,議長,河本勉,議長,ただいま設置されました５特別委員会の委員の選任については，委員会条例第５条第１項の規定により，お手元に配付の特別委員名簿のとおり指名いたしたいと思います。,,http://giji.pref.okayama.jp/discuss/cgi-bin/WWWdocHatugen.exe?A=docHatugen&RA=frameNittei&USR=webusr53&N=479&H=2100517,null
H2100517_4,岡山県,５月,1,23,5,16,臨時,DiscussNetPremium 平成２３年　５月臨時会 - 05月16日－01号 ,議長,議長,河本勉,議長,これに御異議ありませんか。,,http://giji.pref.okayama.jp/discuss/cgi-bin/WWWdocHatugen.exe?A=docHatugen&RA=frameNittei&USR=webusr53&N=479&H=2100517,null
H2100517_5,岡山県,５月,1,23,5,16,臨時,DiscussNetPremium 平成２３年　５月臨時会 - 05月16日－01号 ,議長,議長,河本勉,議長,〔　「異議なし」と呼ぶ者あり　〕,,http://giji.pref.okayama.jp/discuss/cgi-bin/WWWdocHatugen.exe?A=docHatugen&RA=frameNittei&USR=webusr53&N=479&H=2100517,null
H2100518_1,岡山県,５月,1,23,5,16,臨時,DiscussNetPremium 平成２３年　５月臨時会 - 05月16日－01号 ,議長,議長,河本勉,議長,御異議なしと認めます。,,http://giji.pref.okayama.jp/discuss/cgi-bin/WWWdocHatugen.exe?A=docHatugen&RA=frameNittei&USR=webusr53&N=479&H=2100518,null
H2100518_2,岡山県,５月,1,23,5,16,臨時,DiscussNetPremium 平成２３年　５月臨時会 - 05月16日－01号 ,議長,議長,河本勉,議長,よって，５特別委員会の委員は，お手元に配付の特別委員名簿のとおり選任することに決定いたしました。,,http://giji.pref.okayama.jp/discuss/cgi-bin/WWWdocHatugen.exe?A=docHatugen&RA=frameNittei&USR=webusr53&N=479&H=2100518,null
H2100518_3,岡山県,５月,1,23,5,16,臨時,DiscussNetPremium 平成２３年　５月臨時会 - 05月16日－01号 ,議長,議長,河本勉,議長,～～～～～～～～～～～～～～～,,http://giji.pref.okayama.jp/discuss/cgi-bin/WWWdocHatugen.exe?A=docHatugen&RA=frameNittei&USR=webusr53&N=479&H=2100518,null
H2100520_1,岡山県,５月,1,23,5,16,臨時,DiscussNetPremium 平成２３年　５月臨時会 - 05月16日－01号 ,議長,議長,河本勉,議長,次に，特別委員会の委員長及び副委員長の選任を行います。,,http://giji.pref.okayama.jp/discuss/cgi-bin/WWWdocHatugen.exe?A=docHatugen&RA=frameNittei&USR=webusr53&N=479&H=2100520,null
H2100520_2,岡山県,５月,1,23,5,16,臨時,DiscussNetPremium 平成２３年　５月臨時会 - 05月16日－01号 ,議長,議長,河本勉,議長,お諮りいたします。,,http://giji.pref.okayama.jp/discuss/cgi-bin/WWWdocHatugen.exe?A=docHatugen&RA=frameNittei&USR=webusr53&N=479&H=2100520,null
H2100520_3,岡山県,５月,1,23,5,16,臨時,DiscussNetPremium 平成２３年　５月臨時会 - 05月16日－01号 ,議長,議長,河本勉,議長,本件については，議長において指名することにいたしたいと思います。,,http://giji.pref.okayama.jp/discuss/cgi-bin/WWWdocHatugen.exe?A=docHatugen&RA=frameNittei&USR=webusr53&N=479&H=2100520,null
H2100520_4,岡山県,５月,1,23,5,16,臨時,DiscussNetPremium 平成２３年　５月臨時会 - 05月16日－01号 ,議長,議長,河本勉,議長,これに御異議ありませんか。,,http://giji.pref.okayama.jp/discuss/cgi-bin/WWWdocHatugen.exe?A=docHatugen&RA=frameNittei&USR=webusr53&N=479&H=2100520,null
H2100520_5,岡山県,５月,1,23,5,16,臨時,DiscussNetPremium 平成２３年　５月臨時会 - 05月16日－01号 ,議長,議長,河本勉,議長,〔　「異議なし」と呼ぶ者あり　〕,,http://giji.pref.okayama.jp/discuss/cgi-bin/WWWdocHatugen.exe?A=docHatugen&RA=frameNittei&USR=webusr53&N=479&H=2100520,null
H2100521_1,岡山県,５月,1,23,5,16,臨時,DiscussNetPremium 平成２３年　５月臨時会 - 05月16日－01号 ,議長,議長,河本勉,議長,御異議なしと認めます。,,http://giji.pref.okayama.jp/discuss/cgi-bin/WWWdocHatugen.exe?A=docHatugen&RA=frameNittei&USR=webusr53&N=479&H=2100521,null
H2100521_2,岡山県,５月,1,23,5,16,臨時,DiscussNetPremium 平成２３年　５月臨時会 - 05月16日－01号 ,議長,議長,河本勉,議長,よって，本件については議長において指名することに決定いたしました。,,http://giji.pref.okayama.jp/discuss/cgi-bin/WWWdocHatugen.exe?A=docHatugen&RA=frameNittei&USR=webusr53&N=479&H=2100521,null
H2100521_3,岡山県,５月,1,23,5,16,臨時,DiscussNetPremium 平成２３年　５月臨時会 - 05月16日－01号 ,議長,議長,河本勉,議長,決算特別委員会の委員長に横田えつこ君，副委員長に上田勝義君，行財政改革・夢づくり等特別委員会の委員長に小林健伸君，副委員長に三宅和広君，地域振興・観光・金融・雇用対策特別委員会の委員長に青野高陽君，副委員長に市村仁君，防災・環境対策・新エネルギー特別委員会の委員長に中塚周一君，副委員長に太田正孝君，子ども応援・学力向上対策等特別委員会の委員長に渡辺吉幸君，副委員長に増川英一君を指名いたします。,,http://giji.pref.okayama.jp/discuss/cgi-bin/WWWdocHatugen.exe?A=docHatugen&RA=frameNittei&USR=webusr53&N=479&H=2100521,null
H2100521_4,岡山県,５月,1,23,5,16,臨時,DiscussNetPremium 平成２３年　５月臨時会 - 05月16日－01号 ,議長,議長,河本勉,議長,～～～～～～～～～～～～～～～,,http://giji.pref.okayama.jp/discuss/cgi-bin/WWWdocHatugen.exe?A=docHatugen&RA=frameNittei&USR=webusr53&N=479&H=2100521,null
H2100523_1,岡山県,５月,1,23,5,16,臨時,DiscussNetPremium 平成２３年　５月臨時会 - 05月16日－01号 ,議長,議長,河本勉,議長,次に，常任委員会及び議会運営委員会の閉会中の継続調査の件を議題といたします。,,http://giji.pref.okayama.jp/discuss/cgi-bin/WWWdocHatugen.exe?A=docHatugen&RA=frameNittei&USR=webusr53&N=479&H=2100523,null
H2100523_2,岡山県,５月,1,23,5,16,臨時,DiscussNetPremium 平成２３年　５月臨時会 - 05月16日－01号 ,議長,議長,河本勉,議長,お諮りいたします。,,http://giji.pref.okayama.jp/discuss/cgi-bin/WWWdocHatugen.exe?A=docHatugen&RA=frameNittei&USR=webusr53&N=479&H=2100523,null
H2100523_3,岡山県,５月,1,23,5,16,臨時,DiscussNetPremium 平成２３年　５月臨時会 - 05月16日－01号 ,議長,議長,河本勉,議長,お手元に配付しております常任委員会及び議会運営委員会の閉会中の継続調査事件一覧表のとおり，各委員会にそれぞれ記載の事件を付託の上，閉会中の継続調査に付することにいたしたいと思います。,,http://giji.pref.okayama.jp/discuss/cgi-bin/WWWdocHatugen.exe?A=docHatugen&RA=frameNittei&USR=webusr53&N=479&H=2100523,null
H2100523_4,岡山県,５月,1,23,5,16,臨時,DiscussNetPremium 平成２３年　５月臨時会 - 05月16日－01号 ,議長,議長,河本勉,議長,これに御異議ありませんか。,,http://giji.pref.okayama.jp/discuss/cgi-bin/WWWdocHatugen.exe?A=docHatugen&RA=frameNittei&USR=webusr53&N=479&H=2100523,null
H2100523_5,岡山県,５月,1,23,5,16,臨時,DiscussNetPremium 平成２３年　５月臨時会 - 05月16日－01号 ,議長,議長,河本勉,議長,〔　「異議なし」と呼ぶ者あり　〕,,http://giji.pref.okayama.jp/discuss/cgi-bin/WWWdocHatugen.exe?A=docHatugen&RA=frameNittei&USR=webusr53&N=479&H=2100523,null
H2100524_1,岡山県,５月,1,23,5,16,臨時,DiscussNetPremium 平成２３年　５月臨時会 - 05月16日－01号 ,議長,議長,河本勉,議長,御異議なしと認めます。,,http://giji.pref.okayama.jp/discuss/cgi-bin/WWWdocHatugen.exe?A=docHatugen&RA=frameNittei&USR=webusr53&N=479&H=2100524,null
H2100524_2,岡山県,５月,1,23,5,16,臨時,DiscussNetPremium 平成２３年　５月臨時会 - 05月16日－01号 ,議長,議長,河本勉,議長,よって，さよう決定いたしました。,,http://giji.pref.okayama.jp/discuss/cgi-bin/WWWdocHatugen.exe?A=docHatugen&RA=frameNittei&USR=webusr53&N=479&H=2100524,null
H2100524_3,岡山県,５月,1,23,5,16,臨時,DiscussNetPremium 平成２３年　５月臨時会 - 05月16日－01号 ,議長,議長,河本勉,議長,～～～～～～～～～～～～～～～,,http://giji.pref.okayama.jp/discuss/cgi-bin/WWWdocHatugen.exe?A=docHatugen&RA=frameNittei&USR=webusr53&N=479&H=2100524,null
H2100526_1,岡山県,５月,1,23,5,16,臨時,DiscussNetPremium 平成２３年　５月臨時会 - 05月16日－01号 ,議長,議長,河本勉,議長,次に，知事から，お手元に配付のとおり人事案件が１件提出されております。,,http://giji.pref.okayama.jp/discuss/cgi-bin/WWWdocHatugen.exe?A=docHatugen&RA=frameNittei&USR=webusr53&N=479&H=2100526,null
H2100526_2,岡山県,５月,1,23,5,16,臨時,DiscussNetPremium 平成２３年　５月臨時会 - 05月16日－01号 ,議長,議長,河本勉,議長,お諮りいたします。,,http://giji.pref.okayama.jp/discuss/cgi-bin/WWWdocHatugen.exe?A=docHatugen&RA=frameNittei&USR=webusr53&N=479&H=2100526,null
H2100526_3,岡山県,５月,1,23,5,16,臨時,DiscussNetPremium 平成２３年　５月臨時会 - 05月16日－01号 ,議長,議長,河本勉,議長,本件は緊急を要しますので，急施事件と認め，この際，日程に追加し，直ちに審議することにいたしたいと思います。,,http://giji.pref.okayama.jp/discuss/cgi-bin/WWWdocHatugen.exe?A=docHatugen&RA=frameNittei&USR=webusr53&N=479&H=2100526,null
H2100526_4,岡山県,５月,1,23,5,16,臨時,DiscussNetPremium 平成２３年　５月臨時会 - 05月16日－01号 ,議長,議長,河本勉,議長,これに御異議ありませんか。,,http://giji.pref.okayama.jp/discuss/cgi-bin/WWWdocHatugen.exe?A=docHatugen&RA=frameNittei&USR=webusr53&N=479&H=2100526,null
H2100526_5,岡山県,５月,1,23,5,16,臨時,DiscussNetPremium 平成２３年　５月臨時会 - 05月16日－01号 ,議長,議長,河本勉,議長,〔　「異議なし」と呼ぶ者あり　〕,,http://giji.pref.okayama.jp/discuss/cgi-bin/WWWdocHatugen.exe?A=docHatugen&RA=frameNittei&USR=webusr53&N=479&H=2100526,null
H2100527_1,岡山県,５月,1,23,5,16,臨時,DiscussNetPremium 平成２３年　５月臨時会 - 05月16日－01号 ,議長,議長,河本勉,議長,御異議なしと認めます。,,http://giji.pref.okayama.jp/discuss/cgi-bin/WWWdocHatugen.exe?A=docHatugen&RA=frameNittei&USR=webusr53&N=479&H=2100527,null
H2100527_2,岡山県,５月,1,23,5,16,臨時,DiscussNetPremium 平成２３年　５月臨時会 - 05月16日－01号 ,議長,議長,河本勉,議長,よって，本件は急施事件と認め，日程に追加し，直ちに審議することに決定いたしました。,,http://giji.pref.okayama.jp/discuss/cgi-bin/WWWdocHatugen.exe?A=docHatugen&RA=frameNittei&USR=webusr53&N=479&H=2100527,null
H2100527_3,岡山県,５月,1,23,5,16,臨時,DiscussNetPremium 平成２３年　５月臨時会 - 05月16日－01号 ,議長,議長,河本勉,議長,急議第１号監査委員の選任同意についてを議題といたします。,,http://giji.pref.okayama.jp/discuss/cgi-bin/WWWdocHatugen.exe?A=docHatugen&RA=frameNittei&USR=webusr53&N=479&H=2100527,null
H2100527_4,岡山県,５月,1,23,5,16,臨時,DiscussNetPremium 平成２３年　５月臨時会 - 05月16日－01号 ,議長,議長,河本勉,議長,本件について，佐藤真治君，久徳大輔君は一身上の事件に該当いたしますので，地方自治法第117条の規定により退場を求めます。,,http://giji.pref.okayama.jp/discuss/cgi-bin/WWWdocHatugen.exe?A=docHatugen&RA=frameNittei&USR=webusr53&N=479&H=2100527,null
H2100527_5,岡山県,５月,1,23,5,16,臨時,DiscussNetPremium 平成２３年　５月臨時会 - 05月16日－01号 ,議長,議長,河本勉,議長,〔　佐藤真治君，久徳大輔君　退場　〕,,http://giji.pref.okayama.jp/discuss/cgi-bin/WWWdocHatugen.exe?A=docHatugen&RA=frameNittei&USR=webusr53&N=479&H=2100527,null
H2100528_1,岡山県,５月,1,23,5,16,臨時,DiscussNetPremium 平成２３年　５月臨時会 - 05月16日－01号 ,議長,議長,河本勉,議長,知事から，提案理由の説明を求めます。,,http://giji.pref.okayama.jp/discuss/cgi-bin/WWWdocHatugen.exe?A=docHatugen&RA=frameNittei&USR=webusr53&N=479&H=2100528,null
H2100528_2,岡山県,５月,1,23,5,16,臨時,DiscussNetPremium 平成２３年　５月臨時会 - 05月16日－01号 ,議長,議長,河本勉,議長,石井正弘君。,,http://giji.pref.okayama.jp/discuss/cgi-bin/WWWdocHatugen.exe?A=docHatugen&RA=frameNittei&USR=webusr53&N=479&H=2100528,null
H2100528_3,岡山県,５月,1,23,5,16,臨時,DiscussNetPremium 平成２３年　５月臨時会 - 05月16日－01号 ,議長,議長,河本勉,議長,〔　知事　石井正弘君　登壇　〕,,http://giji.pref.okayama.jp/discuss/cgi-bin/WWWdocHatugen.exe?A=docHatugen&RA=frameNittei&USR=webusr53&N=479&H=2100528,null
H2100529_1,岡山県,５月,1,23,5,16,臨時,DiscussNetPremium 平成２３年　５月臨時会 - 05月16日－01号 ,答弁者,知事,石井正弘,知事,本日は，皆様の御請求に基づきまして臨時会を招集いたしましたところ，御多用の中御参集いただきまして，まことにありがとうございました。,,http://giji.pref.okayama.jp/discuss/cgi-bin/WWWdocHatugen.exe?A=docHatugen&RA=frameNittei&USR=webusr53&N=479&H=2100529,null
H2100529_2,岡山県,５月,1,23,5,16,臨時,DiscussNetPremium 平成２３年　５月臨時会 - 05月16日－01号 ,答弁者,知事,石井正弘,知事,皆様には，県民の信託を受けられまして本議会に席を占められ，今後，岡山県の発展と県民福祉の向上のために御尽力をいただくことになりましたことは，まことに御同慶の至りでございます。,,http://giji.pref.okayama.jp/discuss/cgi-bin/WWWdocHatugen.exe?A=docHatugen&RA=frameNittei&USR=webusr53&N=479&H=2100529,null
H2100529_3,岡山県,５月,1,23,5,16,臨時,DiscussNetPremium 平成２３年　５月臨時会 - 05月16日－01号 ,答弁者,知事,石井正弘,知事,さて，ただいま上程されました監査委員の選任同意の急施案件につきまして御説明申し上げます。,,http://giji.pref.okayama.jp/discuss/cgi-bin/WWWdocHatugen.exe?A=docHatugen&RA=frameNittei&USR=webusr53&N=479&H=2100529,null
H2100529_4,岡山県,５月,1,23,5,16,臨時,DiscussNetPremium 平成２３年　５月臨時会 - 05月16日－01号 ,答弁者,知事,石井正弘,知事,監査委員の選任につきましては，議会議員のうちから選任される委員の欠員に伴うものであり，お手元議案所載の方々を最適任と存じまして，選任の御同意をいただきたく提案申し上げた次第でございます。,,http://giji.pref.okayama.jp/discuss/cgi-bin/WWWdocHatugen.exe?A=docHatugen&RA=frameNittei&USR=webusr53&N=479&H=2100529,null
H2100529_5,岡山県,５月,1,23,5,16,臨時,DiscussNetPremium 平成２３年　５月臨時会 - 05月16日－01号 ,答弁者,知事,石井正弘,知事,何とぞ慎重御審議の上，適切な議決を賜りますようお願い申し上げます。,,http://giji.pref.okayama.jp/discuss/cgi-bin/WWWdocHatugen.exe?A=docHatugen&RA=frameNittei&USR=webusr53&N=479&H=2100529,null
H2100530_1,岡山県,５月,1,23,5,16,臨時,DiscussNetPremium 平成２３年　５月臨時会 - 05月16日－01号 ,議長,議長,河本勉,議長,お諮りいたします。,,http://giji.pref.okayama.jp/discuss/cgi-bin/WWWdocHatugen.exe?A=docHatugen&RA=frameNittei&USR=webusr53&N=479&H=2100530,null
H2100530_2,岡山県,５月,1,23,5,16,臨時,DiscussNetPremium 平成２３年　５月臨時会 - 05月16日－01号 ,議長,議長,河本勉,議長,本件については委員会の付託を省略して，直ちに採決いたしたいと思います。,,http://giji.pref.okayama.jp/discuss/cgi-bin/WWWdocHatugen.exe?A=docHatugen&RA=frameNittei&USR=webusr53&N=479&H=2100530,null
H2100530_3,岡山県,５月,1,23,5,16,臨時,DiscussNetPremium 平成２３年　５月臨時会 - 05月16日－01号 ,議長,議長,河本勉,議長,これに御異議ありませんか。,,http://giji.pref.okayama.jp/discuss/cgi-bin/WWWdocHatugen.exe?A=docHatugen&RA=frameNittei&USR=webusr53&N=479&H=2100530,null
H2100530_4,岡山県,５月,1,23,5,16,臨時,DiscussNetPremium 平成２３年　５月臨時会 - 05月16日－01号 ,議長,議長,河本勉,議長,〔　「異議なし」と呼ぶ者あり　〕,,http://giji.pref.okayama.jp/discuss/cgi-bin/WWWdocHatugen.exe?A=docHatugen&RA=frameNittei&USR=webusr53&N=479&H=2100530,null
H2100531_1,岡山県,５月,1,23,5,16,臨時,DiscussNetPremium 平成２３年　５月臨時会 - 05月16日－01号 ,議長,議長,河本勉,議長,御異議なしと認めます。,,http://giji.pref.okayama.jp/discuss/cgi-bin/WWWdocHatugen.exe?A=docHatugen&RA=frameNittei&USR=webusr53&N=479&H=2100531,null
H2100531_2,岡山県,５月,1,23,5,16,臨時,DiscussNetPremium 平成２３年　５月臨時会 - 05月16日－01号 ,議長,議長,河本勉,議長,よって，本件については委員会の付託を省略して，直ちに採決することに決定いたしました。,,http://giji.pref.okayama.jp/discuss/cgi-bin/WWWdocHatugen.exe?A=docHatugen&RA=frameNittei&USR=webusr53&N=479&H=2100531,null
H2100531_3,岡山県,５月,1,23,5,16,臨時,DiscussNetPremium 平成２３年　５月臨時会 - 05月16日－01号 ,議長,議長,河本勉,議長,採決いたします。,,http://giji.pref.okayama.jp/discuss/cgi-bin/WWWdocHatugen.exe?A=docHatugen&RA=frameNittei&USR=webusr53&N=479&H=2100531,null
H2100531_4,岡山県,５月,1,23,5,16,臨時,DiscussNetPremium 平成２３年　５月臨時会 - 05月16日－01号 ,議長,議長,河本勉,議長,お諮りいたします。,,http://giji.pref.okayama.jp/discuss/cgi-bin/WWWdocHatugen.exe?A=docHatugen&RA=frameNittei&USR=webusr53&N=479&H=2100531,null
H2100531_5,岡山県,５月,1,23,5,16,臨時,DiscussNetPremium 平成２３年　５月臨時会 - 05月16日－01号 ,議長,議長,河本勉,議長,本件はこれに同意することに御異議ありませんか。,,http://giji.pref.okayama.jp/discuss/cgi-bin/WWWdocHatugen.exe?A=docHatugen&RA=frameNittei&USR=webusr53&N=479&H=2100531,null
H2100531_6,岡山県,５月,1,23,5,16,臨時,DiscussNetPremium 平成２３年　５月臨時会 - 05月16日－01号 ,議長,議長,河本勉,議長,〔　「異議なし」と呼ぶ者あり　〕,,http://giji.pref.okayama.jp/discuss/cgi-bin/WWWdocHatugen.exe?A=docHatugen&RA=frameNittei&USR=webusr53&N=479&H=2100531,null
H2100532_1,岡山県,５月,1,23,5,16,臨時,DiscussNetPremium 平成２３年　５月臨時会 - 05月16日－01号 ,議長,議長,河本勉,議長,御異議なしと認めます。,,http://giji.pref.okayama.jp/discuss/cgi-bin/WWWdocHatugen.exe?A=docHatugen&RA=frameNittei&USR=webusr53&N=479&H=2100532,null
H2100532_2,岡山県,５月,1,23,5,16,臨時,DiscussNetPremium 平成２３年　５月臨時会 - 05月16日－01号 ,議長,議長,河本勉,議長,よって，本件はこれに同意することに決定いたしました。,,http://giji.pref.okayama.jp/discuss/cgi-bin/WWWdocHatugen.exe?A=docHatugen&RA=frameNittei&USR=webusr53&N=479&H=2100532,null
H2100532_3,岡山県,５月,1,23,5,16,臨時,DiscussNetPremium 平成２３年　５月臨時会 - 05月16日－01号 ,議長,議長,河本勉,議長,佐藤真治君，久徳大輔君の入場を求めます。,,http://giji.pref.okayama.jp/discuss/cgi-bin/WWWdocHatugen.exe?A=docHatugen&RA=frameNittei&USR=webusr53&N=479&H=2100532,null
H2100532_4,岡山県,５月,1,23,5,16,臨時,DiscussNetPremium 平成２３年　５月臨時会 - 05月16日－01号 ,議長,議長,河本勉,議長,〔　佐藤真治君，久徳大輔君　入場　〕,,http://giji.pref.okayama.jp/discuss/cgi-bin/WWWdocHatugen.exe?A=docHatugen&RA=frameNittei&USR=webusr53&N=479&H=2100532,null
H2100532_5,岡山県,５月,1,23,5,16,臨時,DiscussNetPremium 平成２３年　５月臨時会 - 05月16日－01号 ,議長,議長,河本勉,議長,～～～～～～～～～～～～～～～,,http://giji.pref.okayama.jp/discuss/cgi-bin/WWWdocHatugen.exe?A=docHatugen&RA=frameNittei&USR=webusr53&N=479&H=2100532,null
H2100533_1,岡山県,５月,1,23,5,16,臨時,DiscussNetPremium 平成２３年　５月臨時会 - 05月16日－01号 ,議長,議長,河本勉,議長,以上をもって本日の日程はすべて終了いたしました。,,http://giji.pref.okayama.jp/discuss/cgi-bin/WWWdocHatugen.exe?A=docHatugen&RA=frameNittei&USR=webusr53&N=479&H=2100533,null
H2100533_2,岡山県,５月,1,23,5,16,臨時,DiscussNetPremium 平成２３年　５月臨時会 - 05月16日－01号 ,議長,議長,河本勉,議長,～～～～～～～～～～～～～～～,,http://giji.pref.okayama.jp/discuss/cgi-bin/WWWdocHatugen.exe?A=docHatugen&RA=frameNittei&USR=webusr53&N=479&H=2100533,null
H2100535_1,岡山県,５月,1,23,5,16,臨時,DiscussNetPremium 平成２３年　５月臨時会 - 05月16日－01号 ,議長,議長,河本勉,議長,この際，知事のごあいさつがあります。,,http://giji.pref.okayama.jp/discuss/cgi-bin/WWWdocHatugen.exe?A=docHatugen&RA=frameNittei&USR=webusr53&N=479&H=2100535,null
H2100535_2,岡山県,５月,1,23,5,16,臨時,DiscussNetPremium 平成２３年　５月臨時会 - 05月16日－01号 ,議長,議長,河本勉,議長,石井正弘君。,,http://giji.pref.okayama.jp/discuss/cgi-bin/WWWdocHatugen.exe?A=docHatugen&RA=frameNittei&USR=webusr53&N=479&H=2100535,null
H2100535_3,岡山県,５月,1,23,5,16,臨時,DiscussNetPremium 平成２３年　５月臨時会 - 05月16日－01号 ,議長,議長,河本勉,議長,〔　知事　石井正弘君　登壇　〕,,http://giji.pref.okayama.jp/discuss/cgi-bin/WWWdocHatugen.exe?A=docHatugen&RA=frameNittei&USR=webusr53&N=479&H=2100535,null
H2100536_1,岡山県,５月,1,23,5,16,臨時,DiscussNetPremium 平成２３年　５月臨時会 - 05月16日－01号 ,答弁者,知事,石井正弘,知事,閉会に当たりまして，一言御礼のごあいさつを申し上げます。,,http://giji.pref.okayama.jp/discuss/cgi-bin/WWWdocHatugen.exe?A=docHatugen&RA=frameNittei&USR=webusr53&N=479&H=2100536,null
H2100536_2,岡山県,５月,1,23,5,16,臨時,DiscussNetPremium 平成２３年　５月臨時会 - 05月16日－01号 ,答弁者,知事,石井正弘,知事,今議会は会期１日でございましたが，皆様方には提案いたしました議案につきまして適切な議決を賜り，まことにありがとうございました。,,http://giji.pref.okayama.jp/discuss/cgi-bin/WWWdocHatugen.exe?A=docHatugen&RA=frameNittei&USR=webusr53&N=479&H=2100536,null
H2100536_3,岡山県,５月,1,23,5,16,臨時,DiscussNetPremium 平成２３年　５月臨時会 - 05月16日－01号 ,答弁者,知事,石井正弘,知事,先ほどは，議長及び副議長選挙を初め議会役員の選任を終えられましたが，新たに御就任されました方々には心からお喜びを申し上げます。,,http://giji.pref.okayama.jp/discuss/cgi-bin/WWWdocHatugen.exe?A=docHatugen&RA=frameNittei&USR=webusr53&N=479&H=2100536,null
H2100536_4,岡山県,５月,1,23,5,16,臨時,DiscussNetPremium 平成２３年　５月臨時会 - 05月16日－01号 ,答弁者,知事,石井正弘,知事,また，前任の方々には，県政推進の各方面にわたりまして格別の御協力，御尽力をいただき，厚く御礼を申し上げます。,,http://giji.pref.okayama.jp/discuss/cgi-bin/WWWdocHatugen.exe?A=docHatugen&RA=frameNittei&USR=webusr53&N=479&H=2100536,null
H2100536_5,岡山県,５月,1,23,5,16,臨時,DiscussNetPremium 平成２３年　５月臨時会 - 05月16日－01号 ,答弁者,知事,石井正弘,知事,今後とも，皆様方には岡山県の発展と県民福祉の向上のために御協力，御尽力を賜りますよう心からお願いを申し上げまして，甚だ簡単ではございますが，閉会に当たりましての御礼のごあいさつといたします。,,http://giji.pref.okayama.jp/discuss/cgi-bin/WWWdocHatugen.exe?A=docHatugen&RA=frameNittei&USR=webusr53&N=479&H=2100536,null
H2100536_6,岡山県,５月,1,23,5,16,臨時,DiscussNetPremium 平成２３年　５月臨時会 - 05月16日－01号 ,答弁者,知事,石井正弘,知事,～～～～～～～～～～～～～～～,,http://giji.pref.okayama.jp/discuss/cgi-bin/WWWdocHatugen.exe?A=docHatugen&RA=frameNittei&USR=webusr53&N=479&H=2100536,null
H2100537_1,岡山県,５月,1,23,5,16,臨時,DiscussNetPremium 平成２３年　５月臨時会 - 05月16日－01号 ,議長,議長,河本勉,議長,これをもって平成23年５月岡山県議会臨時会を閉会いたします。,,http://giji.pref.okayama.jp/discuss/cgi-bin/WWWdocHatugen.exe?A=docHatugen&RA=frameNittei&USR=webusr53&N=479&H=2100537,null
H2100537_2,岡山県,５月,1,23,5,16,臨時,DiscussNetPremium 平成２３年　５月臨時会 - 05月16日－01号 ,議長,議長,河本勉,議長,午前10時47分閉会,,http://giji.pref.okayama.jp/discuss/cgi-bin/WWWdocHatugen.exe?A=docHatugen&RA=frameNittei&USR=webusr53&N=479&H=2100537,null
H2100537_3,岡山県,５月,1,23,5,16,臨時,DiscussNetPremium 平成２３年　５月臨時会 - 05月16日－01号 ,議長,議長,河本勉,議長,〇　平成２３年５月１６日（月曜日）,,http://giji.pref.okayama.jp/discuss/cgi-bin/WWWdocHatugen.exe?A=docHatugen&RA=frameNittei&USR=webusr53&N=479&H=2100537,null
H2100537_4,岡山県,５月,1,23,5,16,臨時,DiscussNetPremium 平成２３年　５月臨時会 - 05月16日－01号 ,議長,議長,河本勉,議長,出席議員,,http://giji.pref.okayama.jp/discuss/cgi-bin/WWWdocHatugen.exe?A=docHatugen&RA=frameNittei&USR=webusr53&N=479&H=2100537,null
H2100537_5,岡山県,５月,1,23,5,16,臨時,DiscussNetPremium 平成２３年　５月臨時会 - 05月16日－01号 ,議長,議長,河本勉,議長,１番　氏平三穂子君　　　　　２番　中川　雅子君　　　　　３番　三宅　和広君,,http://giji.pref.okayama.jp/discuss/cgi-bin/WWWdocHatugen.exe?A=docHatugen&RA=frameNittei&USR=webusr53&N=479&H=2100537,null
H2100537_6,岡山県,５月,1,23,5,16,臨時,DiscussNetPremium 平成２３年　５月臨時会 - 05月16日－01号 ,議長,議長,河本勉,議長,４番　木口　京子君　　　　　５番　上田　勝義君　　　　　６番　小林孝一郎君,,http://giji.pref.okayama.jp/discuss/cgi-bin/WWWdocHatugen.exe?A=docHatugen&RA=frameNittei&USR=webusr53&N=479&H=2100537,null
H2100537_7,岡山県,５月,1,23,5,16,臨時,DiscussNetPremium 平成２３年　５月臨時会 - 05月16日－01号 ,議長,議長,河本勉,議長,７番　市村　　仁君　　　　　８番　小林　義明君　　　　　９番　中塚　周一君,,http://giji.pref.okayama.jp/discuss/cgi-bin/WWWdocHatugen.exe?A=docHatugen&RA=frameNittei&USR=webusr53&N=479&H=2100537,null
H2100537_8,岡山県,５月,1,23,5,16,臨時,DiscussNetPremium 平成２３年　５月臨時会 - 05月16日－01号 ,議長,議長,河本勉,議長,１０番　江本　公一君　　　　１１番　青野　高陽君　　　　１２番　太田　正孝君,,http://giji.pref.okayama.jp/discuss/cgi-bin/WWWdocHatugen.exe?A=docHatugen&RA=frameNittei&USR=webusr53&N=479&H=2100537,null
H2100537_9,岡山県,５月,1,23,5,16,臨時,DiscussNetPremium 平成２３年　５月臨時会 - 05月16日－01号 ,議長,議長,河本勉,議長,１３番　谷口　圭三君　　　　１４番　池本　敏朗君　　　　１５番　小林　健伸君,,http://giji.pref.okayama.jp/discuss/cgi-bin/WWWdocHatugen.exe?A=docHatugen&RA=frameNittei&USR=webusr53&N=479&H=2100537,null
H2100537_10,岡山県,５月,1,23,5,16,臨時,DiscussNetPremium 平成２３年　５月臨時会 - 05月16日－01号 ,議長,議長,河本勉,議長,１６番　渡辺　吉幸君　　　　１７番　原田　唯良君　　　　１８番　柳田　　哲君,,http://giji.pref.okayama.jp/discuss/cgi-bin/WWWdocHatugen.exe?A=docHatugen&RA=frameNittei&USR=webusr53&N=479&H=2100537,null
H2100537_11,岡山県,５月,1,23,5,16,臨時,DiscussNetPremium 平成２３年　５月臨時会 - 05月16日－01号 ,議長,議長,河本勉,議長,１９番　一井　暁子君　　　　２０番　森脇　久紀君　　　　２１番　笹井　茂智君,,http://giji.pref.okayama.jp/discuss/cgi-bin/WWWdocHatugen.exe?A=docHatugen&RA=frameNittei&USR=webusr53&N=479&H=2100537,null
H2100537_12,岡山県,５月,1,23,5,16,臨時,DiscussNetPremium 平成２３年　５月臨時会 - 05月16日－01号 ,議長,議長,河本勉,議長,２２番　増川　英一君　　　　２３番　高原　俊彦君　　　　２４番　横田えつこ君,,http://giji.pref.okayama.jp/discuss/cgi-bin/WWWdocHatugen.exe?A=docHatugen&RA=frameNittei&USR=webusr53&N=479&H=2100537,null
H2100537_13,岡山県,５月,1,23,5,16,臨時,DiscussNetPremium 平成２３年　５月臨時会 - 05月16日－01号 ,議長,議長,河本勉,議長,２５番　浅野　　實君　　　　２６番　小倉　弘行君　　　　２７番　加藤　浩久君,,http://giji.pref.okayama.jp/discuss/cgi-bin/WWWdocHatugen.exe?A=docHatugen&RA=frameNittei&USR=webusr53&N=479&H=2100537,null
H2100537_14,岡山県,５月,1,23,5,16,臨時,DiscussNetPremium 平成２３年　５月臨時会 - 05月16日－01号 ,議長,議長,河本勉,議長,２８番　遠藤　康洋君　　　　２９番　蜂谷　弘美君　　　　３０番　神宝　謙一君,,http://giji.pref.okayama.jp/discuss/cgi-bin/WWWdocHatugen.exe?A=docHatugen&RA=frameNittei&USR=webusr53&N=479&H=2100537,null
H2100537_15,岡山県,５月,1,23,5,16,臨時,DiscussNetPremium 平成２３年　５月臨時会 - 05月16日－01号 ,議長,議長,河本勉,議長,３１番　西岡　聖貴君　　　　３２番　波多　洋治君　　　　３３番　久徳　大輔君,,http://giji.pref.okayama.jp/discuss/cgi-bin/WWWdocHatugen.exe?A=docHatugen&RA=frameNittei&USR=webusr53&N=479&H=2100537,null
H2100537_16,岡山県,５月,1,23,5,16,臨時,DiscussNetPremium 平成２３年　５月臨時会 - 05月16日－01号 ,議長,議長,河本勉,議長,３４番　高橋　戒隆君　　　　３５番　蓮岡　靖之君　　　　３６番　佐藤　真治君,,http://giji.pref.okayama.jp/discuss/cgi-bin/WWWdocHatugen.exe?A=docHatugen&RA=frameNittei&USR=webusr53&N=479&H=2100537,null
H2100537_17,岡山県,５月,1,23,5,16,臨時,DiscussNetPremium 平成２３年　５月臨時会 - 05月16日－01号 ,議長,議長,河本勉,議長,３７番　井元乾一郎君　　　　３８番　三原　誠介君　　　　３９番　住吉　良久君,,http://giji.pref.okayama.jp/discuss/cgi-bin/WWWdocHatugen.exe?A=docHatugen&RA=frameNittei&USR=webusr53&N=479&H=2100537,null
H2100537_18,岡山県,５月,1,23,5,16,臨時,DiscussNetPremium 平成２３年　５月臨時会 - 05月16日－01号 ,議長,議長,河本勉,議長,４０番　山田総一郎君　　　　４１番　景山　貢明君　　　　４２番　高橋　英士君,,http://giji.pref.okayama.jp/discuss/cgi-bin/WWWdocHatugen.exe?A=docHatugen&RA=frameNittei&USR=webusr53&N=479&H=2100537,null
H2100537_19,岡山県,５月,1,23,5,16,臨時,DiscussNetPremium 平成２３年　５月臨時会 - 05月16日－01号 ,議長,議長,河本勉,議長,４３番　古山　泰生君　　　　４４番　佐古　信五君　　　　４５番　伊藤　文夫君,,http://giji.pref.okayama.jp/discuss/cgi-bin/WWWdocHatugen.exe?A=docHatugen&RA=frameNittei&USR=webusr53&N=479&H=2100537,null
H2100537_20,岡山県,５月,1,23,5,16,臨時,DiscussNetPremium 平成２３年　５月臨時会 - 05月16日－01号 ,議長,議長,河本勉,議長,４６番　岸本　清美君　　　　４７番　小田　圭一君　　　　４８番　渡辺　英気君,,http://giji.pref.okayama.jp/discuss/cgi-bin/WWWdocHatugen.exe?A=docHatugen&RA=frameNittei&USR=webusr53&N=479&H=2100537,null
H2100537_21,岡山県,５月,1,23,5,16,臨時,DiscussNetPremium 平成２３年　５月臨時会 - 05月16日－01号 ,議長,議長,河本勉,議長,４９番　内山　　登君　　　　５０番　小野　泰弘君　　　　５３番　河本　　勉君,,http://giji.pref.okayama.jp/discuss/cgi-bin/WWWdocHatugen.exe?A=docHatugen&RA=frameNittei&USR=webusr53&N=479&H=2100537,null
H2100537_22,岡山県,５月,1,23,5,16,臨時,DiscussNetPremium 平成２３年　５月臨時会 - 05月16日－01号 ,議長,議長,河本勉,議長,５４番　岡崎　　豊君　　　　５５番　小田　春人君　　　　５６番　天野　　学君,,http://giji.pref.okayama.jp/discuss/cgi-bin/WWWdocHatugen.exe?A=docHatugen&RA=frameNittei&USR=webusr53&N=479&H=2100537,null
H2100537_23,岡山県,５月,1,23,5,16,臨時,DiscussNetPremium 平成２３年　５月臨時会 - 05月16日－01号 ,議長,議長,河本勉,議長,５７番　千田　博通君　　　　５８番　戸室　敦雄君,,http://giji.pref.okayama.jp/discuss/cgi-bin/WWWdocHatugen.exe?A=docHatugen&RA=frameNittei&USR=webusr53&N=479&H=2100537,null
H2100537_24,岡山県,５月,1,23,5,16,臨時,DiscussNetPremium 平成２３年　５月臨時会 - 05月16日－01号 ,議長,議長,河本勉,議長,～～～～～～～～～～～～～～～～～～～～～～,,http://giji.pref.okayama.jp/discuss/cgi-bin/WWWdocHatugen.exe?A=docHatugen&RA=frameNittei&USR=webusr53&N=479&H=2100537,null
H2100537_25,岡山県,５月,1,23,5,16,臨時,DiscussNetPremium 平成２３年　５月臨時会 - 05月16日－01号 ,議長,議長,河本勉,議長,出席した事務局職員,,http://giji.pref.okayama.jp/discuss/cgi-bin/WWWdocHatugen.exe?A=docHatugen&RA=frameNittei&USR=webusr53&N=479&H=2100537,null
H2100537_26,岡山県,５月,1,23,5,16,臨時,DiscussNetPremium 平成２３年　５月臨時会 - 05月16日－01号 ,議長,議長,河本勉,議長,事務局長　　　　　山田　賢一　　　　　　　　　次長　　　　　　　植田　賢二,,http://giji.pref.okayama.jp/discuss/cgi-bin/WWWdocHatugen.exe?A=docHatugen&RA=frameNittei&USR=webusr53&N=479&H=2100537,null
H2100537_27,岡山県,５月,1,23,5,16,臨時,DiscussNetPremium 平成２３年　５月臨時会 - 05月16日－01号 ,議長,議長,河本勉,議長,議事課長　　　　　河井　伸充　　　　　　　　　政務調査室長　　　田中　嘉一,,http://giji.pref.okayama.jp/discuss/cgi-bin/WWWdocHatugen.exe?A=docHatugen&RA=frameNittei&USR=webusr53&N=479&H=2100537,null
H2100537_28,岡山県,５月,1,23,5,16,臨時,DiscussNetPremium 平成２３年　５月臨時会 - 05月16日－01号 ,議長,議長,河本勉,議長,議事課長代理　　　三輪　俊司　　　　　　　　　議事課長補佐　　　中西　　健,,http://giji.pref.okayama.jp/discuss/cgi-bin/WWWdocHatugen.exe?A=docHatugen&RA=frameNittei&USR=webusr53&N=479&H=2100537,null
H2100537_29,岡山県,５月,1,23,5,16,臨時,DiscussNetPremium 平成２３年　５月臨時会 - 05月16日－01号 ,議長,議長,河本勉,議長,議事課主幹　　　　脇坂　善雄　　　　　　　　　議事課主幹　　　　三浦　　啓,,http://giji.pref.okayama.jp/discuss/cgi-bin/WWWdocHatugen.exe?A=docHatugen&RA=frameNittei&USR=webusr53&N=479&H=2100537,null
H2100537_30,岡山県,５月,1,23,5,16,臨時,DiscussNetPremium 平成２３年　５月臨時会 - 05月16日－01号 ,議長,議長,河本勉,議長,～～～～～～～～～～～～～～～～～～～～～～,,http://giji.pref.okayama.jp/discuss/cgi-bin/WWWdocHatugen.exe?A=docHatugen&RA=frameNittei&USR=webusr53&N=479&H=2100537,null
H2100537_31,岡山県,５月,1,23,5,16,臨時,DiscussNetPremium 平成２３年　５月臨時会 - 05月16日－01号 ,議長,議長,河本勉,議長,説明のため出席した者,,http://giji.pref.okayama.jp/discuss/cgi-bin/WWWdocHatugen.exe?A=docHatugen&RA=frameNittei&USR=webusr53&N=479&H=2100537,null
H2100537_32,岡山県,５月,1,23,5,16,臨時,DiscussNetPremium 平成２３年　５月臨時会 - 05月16日－01号 ,議長,議長,河本勉,議長,知事部局,,http://giji.pref.okayama.jp/discuss/cgi-bin/WWWdocHatugen.exe?A=docHatugen&RA=frameNittei&USR=webusr53&N=479&H=2100537,null
H2100537_33,岡山県,５月,1,23,5,16,臨時,DiscussNetPremium 平成２３年　５月臨時会 - 05月16日－01号 ,議長,議長,河本勉,議長,知事　　　　　　　石井　正弘君　　　　　　　　副知事　　　　　　古矢　博通君,,http://giji.pref.okayama.jp/discuss/cgi-bin/WWWdocHatugen.exe?A=docHatugen&RA=frameNittei&USR=webusr53&N=479&H=2100537,null
H2100537_34,岡山県,５月,1,23,5,16,臨時,DiscussNetPremium 平成２３年　５月臨時会 - 05月16日－01号 ,議長,議長,河本勉,議長,公営企業管理者　　西本　善夫君　　　　　　　　危機管理監　　　　佐藤　兼郎君,,http://giji.pref.okayama.jp/discuss/cgi-bin/WWWdocHatugen.exe?A=docHatugen&RA=frameNittei&USR=webusr53&N=479&H=2100537,null
H2100537_35,岡山県,５月,1,23,5,16,臨時,DiscussNetPremium 平成２３年　５月臨時会 - 05月16日－01号 ,議長,議長,河本勉,議長,総合政策局長　　　三宅　　昇君　　　　　　　　知事室長　　　　　桐野　伸一君,,http://giji.pref.okayama.jp/discuss/cgi-bin/WWWdocHatugen.exe?A=docHatugen&RA=frameNittei&USR=webusr53&N=479&H=2100537,null
H2100537_36,岡山県,５月,1,23,5,16,臨時,DiscussNetPremium 平成２３年　５月臨時会 - 05月16日－01号 ,議長,議長,河本勉,議長,総務部長　　　　　笠置　隆範君　　　　　　　　総務部次長　　　　森廣　伸之君,,http://giji.pref.okayama.jp/discuss/cgi-bin/WWWdocHatugen.exe?A=docHatugen&RA=frameNittei&USR=webusr53&N=479&H=2100537,null
H2100537_37,岡山県,５月,1,23,5,16,臨時,DiscussNetPremium 平成２３年　５月臨時会 - 05月16日－01号 ,議長,議長,河本勉,議長,県民生活部長　　　浅野　嘉彦君　　　　　　　　環境文化部長　　　高橋　邦彰君,,http://giji.pref.okayama.jp/discuss/cgi-bin/WWWdocHatugen.exe?A=docHatugen&RA=frameNittei&USR=webusr53&N=479&H=2100537,null
H2100537_38,岡山県,５月,1,23,5,16,臨時,DiscussNetPremium 平成２３年　５月臨時会 - 05月16日－01号 ,議長,議長,河本勉,議長,保健福祉部長　　　佐々木　健君　　　　　　　　産業労働部長　　　難波　一也君,,http://giji.pref.okayama.jp/discuss/cgi-bin/WWWdocHatugen.exe?A=docHatugen&RA=frameNittei&USR=webusr53&N=479&H=2100537,null
H2100537_39,岡山県,５月,1,23,5,16,臨時,DiscussNetPremium 平成２３年　５月臨時会 - 05月16日－01号 ,議長,議長,河本勉,議長,農林水産部長　　　足羽　憲治君　　　　　　　　土木部長　　　　　平出　純一君,,http://giji.pref.okayama.jp/discuss/cgi-bin/WWWdocHatugen.exe?A=docHatugen&RA=frameNittei&USR=webusr53&N=479&H=2100537,null
H2100537_40,岡山県,５月,1,23,5,16,臨時,DiscussNetPremium 平成２３年　５月臨時会 - 05月16日－01号 ,議長,議長,河本勉,議長,出納局長　　　　　増本　好孝君,,http://giji.pref.okayama.jp/discuss/cgi-bin/WWWdocHatugen.exe?A=docHatugen&RA=frameNittei&USR=webusr53&N=479&H=2100537,null
H2100537_41,岡山県,５月,1,23,5,16,臨時,DiscussNetPremium 平成２３年　５月臨時会 - 05月16日－01号 ,議長,議長,河本勉,議長,教育委員会,,http://giji.pref.okayama.jp/discuss/cgi-bin/WWWdocHatugen.exe?A=docHatugen&RA=frameNittei&USR=webusr53&N=479&H=2100537,null
H2100537_42,岡山県,５月,1,23,5,16,臨時,DiscussNetPremium 平成２３年　５月臨時会 - 05月16日－01号 ,議長,議長,河本勉,議長,委員長　　　　　　橋本　信子君　　　　　　　　教育長　　　　　　竹井　千庫君,,http://giji.pref.okayama.jp/discuss/cgi-bin/WWWdocHatugen.exe?A=docHatugen&RA=frameNittei&USR=webusr53&N=479&H=2100537,null
H2100537_43,岡山県,５月,1,23,5,16,臨時,DiscussNetPremium 平成２３年　５月臨時会 - 05月16日－01号 ,議長,議長,河本勉,議長,教育次長　　　　　阿部　淳二君,,http://giji.pref.okayama.jp/discuss/cgi-bin/WWWdocHatugen.exe?A=docHatugen&RA=frameNittei&USR=webusr53&N=479&H=2100537,null
H2100537_44,岡山県,５月,1,23,5,16,臨時,DiscussNetPremium 平成２３年　５月臨時会 - 05月16日－01号 ,議長,議長,河本勉,議長,公安委員会,,http://giji.pref.okayama.jp/discuss/cgi-bin/WWWdocHatugen.exe?A=docHatugen&RA=frameNittei&USR=webusr53&N=479&H=2100537,null
H2100537_45,岡山県,５月,1,23,5,16,臨時,DiscussNetPremium 平成２３年　５月臨時会 - 05月16日－01号 ,議長,議長,河本勉,議長,委員長　　　　　　正野　隆士君　　　　　　　　警察本部長　　　　篠原　　寛君,,http://giji.pref.okayama.jp/discuss/cgi-bin/WWWdocHatugen.exe?A=docHatugen&RA=frameNittei&USR=webusr53&N=479&H=2100537,null
H2100537_46,岡山県,５月,1,23,5,16,臨時,DiscussNetPremium 平成２３年　５月臨時会 - 05月16日－01号 ,議長,議長,河本勉,議長,警務部長　　　　　渡邉　　浩君,,http://giji.pref.okayama.jp/discuss/cgi-bin/WWWdocHatugen.exe?A=docHatugen&RA=frameNittei&USR=webusr53&N=479&H=2100537,null
H2100537_47,岡山県,５月,1,23,5,16,臨時,DiscussNetPremium 平成２３年　５月臨時会 - 05月16日－01号 ,議長,議長,河本勉,議長,人事委員会,,http://giji.pref.okayama.jp/discuss/cgi-bin/WWWdocHatugen.exe?A=docHatugen&RA=frameNittei&USR=webusr53&N=479&H=2100537,null
H2100537_48,岡山県,５月,1,23,5,16,臨時,DiscussNetPremium 平成２３年　５月臨時会 - 05月16日－01号 ,議長,議長,河本勉,議長,委員長　　　　　　西田　秀史君　　　　　　　　事務局長　　　　　真木　典邦君,,http://giji.pref.okayama.jp/discuss/cgi-bin/WWWdocHatugen.exe?A=docHatugen&RA=frameNittei&USR=webusr53&N=479&H=2100537,null
H2100537_49,岡山県,５月,1,23,5,16,臨時,DiscussNetPremium 平成２３年　５月臨時会 - 05月16日－01号 ,議長,議長,河本勉,議長,監査委員,,http://giji.pref.okayama.jp/discuss/cgi-bin/WWWdocHatugen.exe?A=docHatugen&RA=frameNittei&USR=webusr53&N=479&H=2100537,null
H2100537_50,岡山県,５月,1,23,5,16,臨時,DiscussNetPremium 平成２３年　５月臨時会 - 05月16日－01号 ,議長,議長,河本勉,議長,代表監査委員　　　石村　道雄君　　　　　　　　事務局長　　　　　中田　　哲君,,http://giji.pref.okayama.jp/discuss/cgi-bin/WWWdocHatugen.exe?A=docHatugen&RA=frameNittei&USR=webusr53&N=479&H=2100537,null
H2100537_51,岡山県,５月,1,23,5,16,臨時,DiscussNetPremium 平成２３年　５月臨時会 - 05月16日－01号 ,議長,議長,河本勉,議長,選挙管理委員会,,http://giji.pref.okayama.jp/discuss/cgi-bin/WWWdocHatugen.exe?A=docHatugen&RA=frameNittei&USR=webusr53&N=479&H=2100537,null
H2100537_52,岡山県,５月,1,23,5,16,臨時,DiscussNetPremium 平成２３年　５月臨時会 - 05月16日－01号 ,議長,議長,河本勉,議長,委員長　　　　　　岡本　研吾君,,http://giji.pref.okayama.jp/discuss/cgi-bin/WWWdocHatugen.exe?A=docHatugen&RA=frameNittei&USR=webusr53&N=479&H=2100537,null
