230510_1,滋賀県,平成２３年５月,01,23,5,10,臨時,平成２３年５月臨時会（第10号～第11号）05月10日-01号,,,,,平成２３年　５月臨時会（第10号～第11号）,NULL,NULL,NULL
230510_2,滋賀県,平成２３年５月,01,23,5,10,臨時,平成２３年５月臨時会（第10号～第11号）05月10日-01号,,,,,平成23年５月滋賀県議会臨時会会議録（第10号）,NULL,NULL,NULL
230510_3,滋賀県,平成２３年５月,01,23,5,10,臨時,平成２３年５月臨時会（第10号～第11号）05月10日-01号,,,,,平成23年５月10日（火曜日）,NULL,NULL,NULL
230510_4,滋賀県,平成２３年５月,01,23,5,10,臨時,平成２３年５月臨時会（第10号～第11号）05月10日-01号,,,,,━━━━━━━━━━━━━━━━━━━━━━━━━━━━━━━,NULL,NULL,NULL
230510_5,滋賀県,平成２３年５月,01,23,5,10,臨時,平成２３年５月臨時会（第10号～第11号）05月10日-01号,,,,,当選議員の住所氏名,NULL,NULL,NULL
230510_6,滋賀県,平成２３年５月,01,23,5,10,臨時,平成２３年５月臨時会（第10号～第11号）05月10日-01号,,,,,平成23年４月10日の選挙において当選した議員の氏名および住所は、下記のとおりである。,NULL,NULL,NULL
230510_7,滋賀県,平成２３年５月,01,23,5,10,臨時,平成２３年５月臨時会（第10号～第11号）05月10日-01号,,,,,〔大津市〕,NULL,NULL,NULL
230510_8,滋賀県,平成２３年５月,01,23,5,10,臨時,平成２３年５月臨時会（第10号～第11号）05月10日-01号,,,,,梅村　　正 君　　滋賀県大津市一里山五丁目21番21号,NULL,NULL,NULL
230510_9,滋賀県,平成２３年５月,01,23,5,10,臨時,平成２３年５月臨時会（第10号～第11号）05月10日-01号,,,,,粉川　清美さん　 滋賀県大津市南志賀二丁目４番３号,NULL,NULL,NULL
230510_10,滋賀県,平成２３年５月,01,23,5,10,臨時,平成２３年５月臨時会（第10号～第11号）05月10日-01号,,,,,佐藤　健司 君　　滋賀県大津市一里山一丁目１番13号コージースクエア瀬田一里山1305号,NULL,NULL,NULL
230510_11,滋賀県,平成２３年５月,01,23,5,10,臨時,平成２３年５月臨時会（第10号～第11号）05月10日-01号,,,,,佐野　高典 君　　滋賀県大津市真野五丁目15番５号,NULL,NULL,NULL
230510_12,滋賀県,平成２３年５月,01,23,5,10,臨時,平成２３年５月臨時会（第10号～第11号）05月10日-01号,,,,,沢田　享子さん　 滋賀県大津市唐崎三丁目23番30号,NULL,NULL,NULL
230510_13,滋賀県,平成２３年５月,01,23,5,10,臨時,平成２３年５月臨時会（第10号～第11号）05月10日-01号,,,,,柴田智恵美さん　 滋賀県大津市富士見台８番20－406号,NULL,NULL,NULL
230510_14,滋賀県,平成２３年５月,01,23,5,10,臨時,平成２３年５月臨時会（第10号～第11号）05月10日-01号,,,,,蔦田　恵子さん　 滋賀県大津市若葉台９番５号ムーランマルシェ103,NULL,NULL,NULL
230510_15,滋賀県,平成２３年５月,01,23,5,10,臨時,平成２３年５月臨時会（第10号～第11号）05月10日-01号,,,,,成田　政隆 君　　滋賀県大津市唐崎一丁目３番９号,NULL,NULL,NULL
230510_16,滋賀県,平成２３年５月,01,23,5,10,臨時,平成２３年５月臨時会（第10号～第11号）05月10日-01号,,,,,目片　信悟 君　　滋賀県大津市北大路一丁目９番26号,NULL,NULL,NULL
230510_17,滋賀県,平成２３年５月,01,23,5,10,臨時,平成２３年５月臨時会（第10号～第11号）05月10日-01号,,,,,山本　進一 君　　滋賀県大津市竜が丘23番15号,NULL,NULL,NULL
230510_18,滋賀県,平成２３年５月,01,23,5,10,臨時,平成２３年５月臨時会（第10号～第11号）05月10日-01号,,,,,〔彦根市〕,NULL,NULL,NULL
230510_19,滋賀県,平成２３年５月,01,23,5,10,臨時,平成２３年５月臨時会（第10号～第11号）05月10日-01号,,,,,江畑弥八郎 君　　滋賀県彦根市八坂町943番地１,NULL,NULL,NULL
230510_20,滋賀県,平成２３年５月,01,23,5,10,臨時,平成２３年５月臨時会（第10号～第11号）05月10日-01号,,,,,中沢　啓子さん 　滋賀県彦根市芹橋一丁目３番23号,NULL,NULL,NULL
230510_21,滋賀県,平成２３年５月,01,23,5,10,臨時,平成２３年５月臨時会（第10号～第11号）05月10日-01号,,,,,西村　久子さん 　滋賀県彦根市甲崎町114番地,NULL,NULL,NULL
230510_22,滋賀県,平成２３年５月,01,23,5,10,臨時,平成２３年５月臨時会（第10号～第11号）05月10日-01号,,,,,細江　正人 君　　滋賀県彦根市本町二丁目２番43号,NULL,NULL,NULL
230510_23,滋賀県,平成２３年５月,01,23,5,10,臨時,平成２３年５月臨時会（第10号～第11号）05月10日-01号,,,,,〔長浜市〕,NULL,NULL,NULL
230510_24,滋賀県,平成２３年５月,01,23,5,10,臨時,平成２３年５月臨時会（第10号～第11号）05月10日-01号,,,,,青木　甚浩 君　　滋賀県長浜市春近町146番地,NULL,NULL,NULL
230510_25,滋賀県,平成２３年５月,01,23,5,10,臨時,平成２３年５月臨時会（第10号～第11号）05月10日-01号,,,,,大橋　通伸 君　　滋賀県長浜市高月町雨森1558番地,NULL,NULL,NULL
230510_26,滋賀県,平成２３年５月,01,23,5,10,臨時,平成２３年５月臨時会（第10号～第11号）05月10日-01号,,,,,川島　隆二 君　　滋賀県長浜市神照町330番地,NULL,NULL,NULL
230510_27,滋賀県,平成２３年５月,01,23,5,10,臨時,平成２３年５月臨時会（第10号～第11号）05月10日-01号,,,,,野田　藤雄 君　　滋賀県長浜市木之本町千田544番地,NULL,NULL,NULL
230510_28,滋賀県,平成２３年５月,01,23,5,10,臨時,平成２３年５月臨時会（第10号～第11号）05月10日-01号,,,,,〔近江八幡市〕,NULL,NULL,NULL
230510_29,滋賀県,平成２３年５月,01,23,5,10,臨時,平成２３年５月臨時会（第10号～第11号）05月10日-01号,,,,,有村　國俊 君　　滋賀県近江八幡市南津田町1263番地,NULL,NULL,NULL
230510_30,滋賀県,平成２３年５月,01,23,5,10,臨時,平成２３年５月臨時会（第10号～第11号）05月10日-01号,,,,,今江　政彦 君　　滋賀県近江八幡市船木町1459番地33,NULL,NULL,NULL
230510_31,滋賀県,平成２３年５月,01,23,5,10,臨時,平成２３年５月臨時会（第10号～第11号）05月10日-01号,,,,,高木　健三 君　　滋賀県近江八幡市多賀町640番地,NULL,NULL,NULL
230510_32,滋賀県,平成２３年５月,01,23,5,10,臨時,平成２３年５月臨時会（第10号～第11号）05月10日-01号,,,,,〔草津市〕,NULL,NULL,NULL
230510_33,滋賀県,平成２３年５月,01,23,5,10,臨時,平成２３年５月臨時会（第10号～第11号）05月10日-01号,,,,,奥村　芳正 君　　滋賀県草津市山寺町477番地,NULL,NULL,NULL
230510_34,滋賀県,平成２３年５月,01,23,5,10,臨時,平成２３年５月臨時会（第10号～第11号）05月10日-01号,,,,,駒井　千代さん 　滋賀県草津市南笠東三丁目４番８号,NULL,NULL,NULL
230510_35,滋賀県,平成２３年５月,01,23,5,10,臨時,平成２３年５月臨時会（第10号～第11号）05月10日-01号,,,,,山田　和廣 君　　滋賀県草津市下笠町179番地,NULL,NULL,NULL
230510_36,滋賀県,平成２３年５月,01,23,5,10,臨時,平成２３年５月臨時会（第10号～第11号）05月10日-01号,,,,,山本　　正 君　　滋賀県草津市野村七丁目２番７号,NULL,NULL,NULL
230510_37,滋賀県,平成２３年５月,01,23,5,10,臨時,平成２３年５月臨時会（第10号～第11号）05月10日-01号,,,,,〔守山市〕,NULL,NULL,NULL
230510_38,滋賀県,平成２３年５月,01,23,5,10,臨時,平成２３年５月臨時会（第10号～第11号）05月10日-01号,,,,,岩佐　弘明 君　　滋賀県守山市矢島町920番地３,NULL,NULL,NULL
230510_39,滋賀県,平成２３年５月,01,23,5,10,臨時,平成２３年５月臨時会（第10号～第11号）05月10日-01号,,,,,大井　　豊 君　　滋賀県守山市洲本町2187番地,NULL,NULL,NULL
230510_40,滋賀県,平成２３年５月,01,23,5,10,臨時,平成２３年５月臨時会（第10号～第11号）05月10日-01号,,,,,〔栗東市〕,NULL,NULL,NULL
230510_41,滋賀県,平成２３年５月,01,23,5,10,臨時,平成２３年５月臨時会（第10号～第11号）05月10日-01号,,,,,九里　　学 君　　滋賀県栗東市東坂409番地３,NULL,NULL,NULL
230510_42,滋賀県,平成２３年５月,01,23,5,10,臨時,平成２３年５月臨時会（第10号～第11号）05月10日-01号,,,,,三浦　治雄 君　　滋賀県栗東市御園955番地,NULL,NULL,NULL
230510_43,滋賀県,平成２３年５月,01,23,5,10,臨時,平成２３年５月臨時会（第10号～第11号）05月10日-01号,,,,,〔甲賀市〕,NULL,NULL,NULL
230510_44,滋賀県,平成２３年５月,01,23,5,10,臨時,平成２３年５月臨時会（第10号～第11号）05月10日-01号,,,,,富田　博明 君　　滋賀県甲賀市水口町伴中山2846番地,NULL,NULL,NULL
230510_45,滋賀県,平成２３年５月,01,23,5,10,臨時,平成２３年５月臨時会（第10号～第11号）05月10日-01号,,,,,西川　勝彦 君　　滋賀県甲賀市水口町岩坂105番地,NULL,NULL,NULL
230510_46,滋賀県,平成２３年５月,01,23,5,10,臨時,平成２３年５月臨時会（第10号～第11号）05月10日-01号,,,,,家森　茂樹 君　　滋賀県甲賀市甲賀町大原上田1396番地,NULL,NULL,NULL
230510_47,滋賀県,平成２３年５月,01,23,5,10,臨時,平成２３年５月臨時会（第10号～第11号）05月10日-01号,,,,,〔野洲市〕,NULL,NULL,NULL
230510_48,滋賀県,平成２３年５月,01,23,5,10,臨時,平成２３年５月臨時会（第10号～第11号）05月10日-01号,,,,,冨波　義明 君　　滋賀県野洲市行畑二丁目２番８号,NULL,NULL,NULL
230510_49,滋賀県,平成２３年５月,01,23,5,10,臨時,平成２３年５月臨時会（第10号～第11号）05月10日-01号,,,,,吉田　清一 君　　滋賀県野洲市安治368番地,NULL,NULL,NULL
230510_50,滋賀県,平成２３年５月,01,23,5,10,臨時,平成２３年５月臨時会（第10号～第11号）05月10日-01号,,,,,〔湖南市〕,NULL,NULL,NULL
230510_51,滋賀県,平成２３年５月,01,23,5,10,臨時,平成２３年５月臨時会（第10号～第11号）05月10日-01号,,,,,生田　邦夫 君　　滋賀県湖南市中央二丁目125番地,NULL,NULL,NULL
230510_52,滋賀県,平成２３年５月,01,23,5,10,臨時,平成２３年５月臨時会（第10号～第11号）05月10日-01号,,,,,谷　　康彦 君　　滋賀県湖南市下田1568番地,NULL,NULL,NULL
230510_53,滋賀県,平成２３年５月,01,23,5,10,臨時,平成２３年５月臨時会（第10号～第11号）05月10日-01号,,,,,〔高島市〕,NULL,NULL,NULL
230510_54,滋賀県,平成２３年５月,01,23,5,10,臨時,平成２３年５月臨時会（第10号～第11号）05月10日-01号,,,,,石田　祐介 君　　滋賀県高島市今津町弘川６番地５,NULL,NULL,NULL
230510_55,滋賀県,平成２３年５月,01,23,5,10,臨時,平成２３年５月臨時会（第10号～第11号）05月10日-01号,,,,,清水　鉄次 君　　滋賀県高島市勝野577番地,NULL,NULL,NULL
230510_56,滋賀県,平成２３年５月,01,23,5,10,臨時,平成２３年５月臨時会（第10号～第11号）05月10日-01号,,,,,〔東近江市〕,NULL,NULL,NULL
230510_57,滋賀県,平成２３年５月,01,23,5,10,臨時,平成２３年５月臨時会（第10号～第11号）05月10日-01号,,,,,宇賀　　武 君　　滋賀県東近江市今町432番地１,NULL,NULL,NULL
230510_58,滋賀県,平成２３年５月,01,23,5,10,臨時,平成２３年５月臨時会（第10号～第11号）05月10日-01号,,,,,小寺　裕雄 君　　滋賀県東近江市春日町３番17号,NULL,NULL,NULL
230510_59,滋賀県,平成２３年５月,01,23,5,10,臨時,平成２３年５月臨時会（第10号～第11号）05月10日-01号,,,,,木沢　成人 君　　滋賀県東近江市川合町1038番地,NULL,NULL,NULL
230510_60,滋賀県,平成２３年５月,01,23,5,10,臨時,平成２３年５月臨時会（第10号～第11号）05月10日-01号,,,,,山田　　実 君　　滋賀県東近江市五智町157番地５,NULL,NULL,NULL
230510_61,滋賀県,平成２３年５月,01,23,5,10,臨時,平成２３年５月臨時会（第10号～第11号）05月10日-01号,,,,,〔米原市〕,NULL,NULL,NULL
230510_62,滋賀県,平成２３年５月,01,23,5,10,臨時,平成２３年５月臨時会（第10号～第11号）05月10日-01号,,,,,赤堀　義次 君　　滋賀県米原市米原611番地,NULL,NULL,NULL
230510_63,滋賀県,平成２３年５月,01,23,5,10,臨時,平成２３年５月臨時会（第10号～第11号）05月10日-01号,,,,,辻村　　克 君　　滋賀県米原市杉澤342番地,NULL,NULL,NULL
230510_64,滋賀県,平成２３年５月,01,23,5,10,臨時,平成２３年５月臨時会（第10号～第11号）05月10日-01号,,,,,〔蒲生郡〕,NULL,NULL,NULL
230510_65,滋賀県,平成２３年５月,01,23,5,10,臨時,平成２３年５月臨時会（第10号～第11号）05月10日-01号,,,,,井阪　尚司 君　　滋賀県蒲生郡日野町小野178番地,NULL,NULL,NULL
230510_66,滋賀県,平成２３年５月,01,23,5,10,臨時,平成２３年５月臨時会（第10号～第11号）05月10日-01号,,,,,〔愛知郡〕,NULL,NULL,NULL
230510_67,滋賀県,平成２３年５月,01,23,5,10,臨時,平成２３年５月臨時会（第10号～第11号）05月10日-01号,,,,,宇野太佳司 君　　滋賀県愛知郡愛荘町蚊野1394番地,NULL,NULL,NULL
230510_68,滋賀県,平成２３年５月,01,23,5,10,臨時,平成２３年５月臨時会（第10号～第11号）05月10日-01号,,,,,〔犬上郡〕,NULL,NULL,NULL
230510_69,滋賀県,平成２３年５月,01,23,5,10,臨時,平成２３年５月臨時会（第10号～第11号）05月10日-01号,,,,,大野和三郎 君　　滋賀県犬上郡豊郷町高野瀬261番地２,NULL,NULL,NULL
230510_70,滋賀県,平成２３年５月,01,23,5,10,臨時,平成２３年５月臨時会（第10号～第11号）05月10日-01号,,,,,───────────────────────────────,NULL,NULL,NULL
230510_71,滋賀県,平成２３年５月,01,23,5,10,臨時,平成２３年５月臨時会（第10号～第11号）05月10日-01号,,,,,議事日程　第１号,NULL,NULL,NULL
230510_72,滋賀県,平成２３年５月,01,23,5,10,臨時,平成２３年５月臨時会（第10号～第11号）05月10日-01号,,,,,平成23年５月10日（火）,NULL,NULL,NULL
230510_73,滋賀県,平成２３年５月,01,23,5,10,臨時,平成２３年５月臨時会（第10号～第11号）05月10日-01号,,,,,午　前　10　時　開　会,NULL,NULL,NULL
230510_74,滋賀県,平成２３年５月,01,23,5,10,臨時,平成２３年５月臨時会（第10号～第11号）05月10日-01号,,,,,第１　議席の仮指定,NULL,NULL,NULL
230510_75,滋賀県,平成２３年５月,01,23,5,10,臨時,平成２３年５月臨時会（第10号～第11号）05月10日-01号,,,,,第２　会議録署名議員の指名,NULL,NULL,NULL
230510_76,滋賀県,平成２３年５月,01,23,5,10,臨時,平成２３年５月臨時会（第10号～第11号）05月10日-01号,,,,,第３　会期の決定,NULL,NULL,NULL
230510_77,滋賀県,平成２３年５月,01,23,5,10,臨時,平成２３年５月臨時会（第10号～第11号）05月10日-01号,,,,,第４　議長の選挙,NULL,NULL,NULL
230510_78,滋賀県,平成２３年５月,01,23,5,10,臨時,平成２３年５月臨時会（第10号～第11号）05月10日-01号,,,,,第５　議席の指定,NULL,NULL,NULL
230510_79,滋賀県,平成２３年５月,01,23,5,10,臨時,平成２３年５月臨時会（第10号～第11号）05月10日-01号,,,,,第６　副議長の選挙,NULL,NULL,NULL
230510_80,滋賀県,平成２３年５月,01,23,5,10,臨時,平成２３年５月臨時会（第10号～第11号）05月10日-01号,,,,,第７　会第５号（滋賀県議会委員会条例の一部を改正する条例案）（議員提出）,NULL,NULL,NULL
230510_81,滋賀県,平成２３年５月,01,23,5,10,臨時,平成２３年５月臨時会（第10号～第11号）05月10日-01号,,,,,第８　常任委員会委員および議会運営委員会委員の選任,NULL,NULL,NULL
230510_82,滋賀県,平成２３年５月,01,23,5,10,臨時,平成２３年５月臨時会（第10号～第11号）05月10日-01号,,,,,第９　議第91号から議第97号まで（平成23年度滋賀県一般会計補正予算（第２号）ほか６件）（知事提出）,NULL,NULL,NULL
230510_83,滋賀県,平成２３年５月,01,23,5,10,臨時,平成２３年５月臨時会（第10号～第11号）05月10日-01号,,,,,───────────────────────────────,NULL,NULL,NULL
230510_84,滋賀県,平成２３年５月,01,23,5,10,臨時,平成２３年５月臨時会（第10号～第11号）05月10日-01号,,,,,本日の会議に付した事件,NULL,NULL,NULL
230510_85,滋賀県,平成２３年５月,01,23,5,10,臨時,平成２３年５月臨時会（第10号～第11号）05月10日-01号,,,,,第１　日程第１の件,NULL,NULL,NULL
230510_86,滋賀県,平成２３年５月,01,23,5,10,臨時,平成２３年５月臨時会（第10号～第11号）05月10日-01号,,,,,第２　日程第２の件,NULL,NULL,NULL
230510_87,滋賀県,平成２３年５月,01,23,5,10,臨時,平成２３年５月臨時会（第10号～第11号）05月10日-01号,,,,,第３　日程第３の件,NULL,NULL,NULL
230510_88,滋賀県,平成２３年５月,01,23,5,10,臨時,平成２３年５月臨時会（第10号～第11号）05月10日-01号,,,,,第４　日程第４の件,NULL,NULL,NULL
230510_89,滋賀県,平成２３年５月,01,23,5,10,臨時,平成２３年５月臨時会（第10号～第11号）05月10日-01号,,,,,第５　日程第５の件,NULL,NULL,NULL
230510_90,滋賀県,平成２３年５月,01,23,5,10,臨時,平成２３年５月臨時会（第10号～第11号）05月10日-01号,,,,,第６　日程第６の件,NULL,NULL,NULL
230510_91,滋賀県,平成２３年５月,01,23,5,10,臨時,平成２３年５月臨時会（第10号～第11号）05月10日-01号,,,,,第７　日程第７の件,NULL,NULL,NULL
230510_92,滋賀県,平成２３年５月,01,23,5,10,臨時,平成２３年５月臨時会（第10号～第11号）05月10日-01号,,,,,第８　日程第８の件,NULL,NULL,NULL
230510_93,滋賀県,平成２３年５月,01,23,5,10,臨時,平成２３年５月臨時会（第10号～第11号）05月10日-01号,,,,,追加　特別委員会設置についての動議（宇賀武君提出）,NULL,NULL,NULL
230510_94,滋賀県,平成２３年５月,01,23,5,10,臨時,平成２３年５月臨時会（第10号～第11号）05月10日-01号,,,,,第９　日程第９の件,NULL,NULL,NULL
230510_95,滋賀県,平成２３年５月,01,23,5,10,臨時,平成２３年５月臨時会（第10号～第11号）05月10日-01号,,,,,───────────────────────────────,NULL,NULL,NULL
230510_96,滋賀県,平成２３年５月,01,23,5,10,臨時,平成２３年５月臨時会（第10号～第11号）05月10日-01号,,,,,会議に出席した議員（47名）,NULL,NULL,NULL
230510_97,滋賀県,平成２３年５月,01,23,5,10,臨時,平成２３年５月臨時会（第10号～第11号）05月10日-01号,,,,,１番　　　佐　　藤　　健　　司　 君　　　２番　　　目　　片　　信　　悟　 君,NULL,NULL,NULL
230510_98,滋賀県,平成２３年５月,01,23,5,10,臨時,平成２３年５月臨時会（第10号～第11号）05月10日-01号,,,,,３番　　　有　　村　　國　　俊　 君　　　４番　　　青　　木　　甚　　浩　 君,NULL,NULL,NULL
230510_99,滋賀県,平成２３年５月,01,23,5,10,臨時,平成２３年５月臨時会（第10号～第11号）05月10日-01号,,,,,５番　　　大　　野　　和 三 郎　 君　　　６番　　　岩　　佐　　弘　　明　 君,NULL,NULL,NULL
230510_100,滋賀県,平成２３年５月,01,23,5,10,臨時,平成２３年５月臨時会（第10号～第11号）05月10日-01号,,,,,７番　　　山　　本　　進　　一　 君　　　８番　　　富　　田　　博　　明　 君,NULL,NULL,NULL
230510_101,滋賀県,平成２３年５月,01,23,5,10,臨時,平成２３年５月臨時会（第10号～第11号）05月10日-01号,,,,,９番　　　山　　本　　　　　正　 君　　　10番　　　大　　橋　　通　　伸　 君,NULL,NULL,NULL
230510_102,滋賀県,平成２３年５月,01,23,5,10,臨時,平成２３年５月臨時会（第10号～第11号）05月10日-01号,,,,,11番　　　駒　　井　　千　　代　さん　　 12番　　　冨　　波　　義　　明　 君,NULL,NULL,NULL
230510_103,滋賀県,平成２３年５月,01,23,5,10,臨時,平成２３年５月臨時会（第10号～第11号）05月10日-01号,,,,,13番　　　井　　阪　　尚　　司　 君　　　14番　　　清　　水　　鉄　　次　 君,NULL,NULL,NULL
230510_104,滋賀県,平成２３年５月,01,23,5,10,臨時,平成２３年５月臨時会（第10号～第11号）05月10日-01号,,,,,15番　　　成　　田　　政　　隆　 君　　　16番　　　九　　里　　　　　学　 君,NULL,NULL,NULL
230510_105,滋賀県,平成２３年５月,01,23,5,10,臨時,平成２３年５月臨時会（第10号～第11号）05月10日-01号,,,,,17番　　　柴　　田　　智 恵 美　さん　　 18番　　　江　　畑　　弥 八 郎　 君,NULL,NULL,NULL
230510_106,滋賀県,平成２３年５月,01,23,5,10,臨時,平成２３年５月臨時会（第10号～第11号）05月10日-01号,,,,,19番　　　今　　江　　政　　彦　 君　　　20番　　　木　　沢　　成　　人　 君,NULL,NULL,NULL
230510_107,滋賀県,平成２３年５月,01,23,5,10,臨時,平成２３年５月臨時会（第10号～第11号）05月10日-01号,,,,,21番　　　粉　　川　　清　　美　さん　　 22番　　　宇　　野　　太 佳 司　 君,NULL,NULL,NULL
230510_108,滋賀県,平成２３年５月,01,23,5,10,臨時,平成２３年５月臨時会（第10号～第11号）05月10日-01号,,,,,23番　　　細　　江　　正　　人　 君　　　24番　　　高　　木　　健　　三　 君,NULL,NULL,NULL
230510_109,滋賀県,平成２３年５月,01,23,5,10,臨時,平成２３年５月臨時会（第10号～第11号）05月10日-01号,,,,,25番　　　川　　島　　隆　　二　 君　　　26番　　　小　　寺　　裕　　雄　 君,NULL,NULL,NULL
230510_110,滋賀県,平成２３年５月,01,23,5,10,臨時,平成２３年５月臨時会（第10号～第11号）05月10日-01号,,,,,27番　　　奥　　村　　芳　　正　 君　　　28番　　　生　　田　　邦　　夫　 君,NULL,NULL,NULL
230510_111,滋賀県,平成２３年５月,01,23,5,10,臨時,平成２３年５月臨時会（第10号～第11号）05月10日-01号,,,,,29番　　　野　　田　　藤　　雄　 君　　　30番　　　西　　村　　久　　子　さん,NULL,NULL,NULL
230510_112,滋賀県,平成２３年５月,01,23,5,10,臨時,平成２３年５月臨時会（第10号～第11号）05月10日-01号,,,,,31番　　　石　　田　　祐　　介　 君　　　32番　　　宇　　賀　　　　　武　 君,NULL,NULL,NULL
230510_113,滋賀県,平成２３年５月,01,23,5,10,臨時,平成２３年５月臨時会（第10号～第11号）05月10日-01号,,,,,33番　　　山　　田　　和　　廣　 君　　　34番　　　佐　　野　　高　　典　 君,NULL,NULL,NULL
230510_114,滋賀県,平成２３年５月,01,23,5,10,臨時,平成２３年５月臨時会（第10号～第11号）05月10日-01号,,,,,35番　　　赤　　堀　　義　　次　 君　　　36番　　　家　　森　　茂　　樹　 君,NULL,NULL,NULL
230510_115,滋賀県,平成２３年５月,01,23,5,10,臨時,平成２３年５月臨時会（第10号～第11号）05月10日-01号,,,,,37番　　　吉　　田　　清　　一　 君　　　38番　　　辻　　村　　　　　克 　君,NULL,NULL,NULL
230510_116,滋賀県,平成２３年５月,01,23,5,10,臨時,平成２３年５月臨時会（第10号～第11号）05月10日-01号,,,,,39番　　　三　　浦　　治　　雄　 君　　　40番　　　蔦　　田　　恵　　子　さん,NULL,NULL,NULL
230510_117,滋賀県,平成２３年５月,01,23,5,10,臨時,平成２３年５月臨時会（第10号～第11号）05月10日-01号,,,,,41番　　　梅　　村　　　　　正　 君　　　43番　　　山　　田　　　　　実　 君,NULL,NULL,NULL
230510_118,滋賀県,平成２３年５月,01,23,5,10,臨時,平成２３年５月臨時会（第10号～第11号）05月10日-01号,,,,,44番　　　西　　川　　勝　　彦　 君　　　45番　　　大　　井　　　　　豊　 君,NULL,NULL,NULL
230510_119,滋賀県,平成２３年５月,01,23,5,10,臨時,平成２３年５月臨時会（第10号～第11号）05月10日-01号,,,,,46番　　　谷　　　　　康　　彦　 君　　　47番　　　中　　沢　　啓　　子　さん,NULL,NULL,NULL
230510_120,滋賀県,平成２３年５月,01,23,5,10,臨時,平成２３年５月臨時会（第10号～第11号）05月10日-01号,,,,,48番　　　沢　　田　　享　　子　さん,NULL,NULL,NULL
230510_121,滋賀県,平成２３年５月,01,23,5,10,臨時,平成２３年５月臨時会（第10号～第11号）05月10日-01号,,,,,───────────────────────────────,NULL,NULL,NULL
230510_122,滋賀県,平成２３年５月,01,23,5,10,臨時,平成２３年５月臨時会（第10号～第11号）05月10日-01号,,,,,会議に欠席した議員（なし）,NULL,NULL,NULL
230510_123,滋賀県,平成２３年５月,01,23,5,10,臨時,平成２３年５月臨時会（第10号～第11号）05月10日-01号,,,,,───────────────────────────────,NULL,NULL,NULL
230510_124,滋賀県,平成２３年５月,01,23,5,10,臨時,平成２３年５月臨時会（第10号～第11号）05月10日-01号,,,,,会議に出席した説明員,NULL,NULL,NULL
230510_125,滋賀県,平成２３年５月,01,23,5,10,臨時,平成２３年５月臨時会（第10号～第11号）05月10日-01号,,,,,知事　　　　　　　　　　　　　　嘉　　田　　由 紀 子　さん,NULL,NULL,NULL
230510_126,滋賀県,平成２３年５月,01,23,5,10,臨時,平成２３年５月臨時会（第10号～第11号）05月10日-01号,,,,,教育委員会委員長　　　　　　　　高　　橋　　政　　之　 君,NULL,NULL,NULL
230510_127,滋賀県,平成２３年５月,01,23,5,10,臨時,平成２３年５月臨時会（第10号～第11号）05月10日-01号,,,,,選挙管理委員会委員長　　　　　　伊　　藤　　正　　明　 君,NULL,NULL,NULL
230510_128,滋賀県,平成２３年５月,01,23,5,10,臨時,平成２３年５月臨時会（第10号～第11号）05月10日-01号,,,,,人事委員会委員長　　　　　　　　市　　木　　重　　夫　 君,NULL,NULL,NULL
230510_129,滋賀県,平成２３年５月,01,23,5,10,臨時,平成２３年５月臨時会（第10号～第11号）05月10日-01号,,,,,公安委員会委員長代理　　　　　　小　　林　　　　　徹　 君,NULL,NULL,NULL
230510_130,滋賀県,平成２３年５月,01,23,5,10,臨時,平成２３年５月臨時会（第10号～第11号）05月10日-01号,,,,,代表監査委員　　　　　　　　　　谷　　口　　日 出 夫　 君,NULL,NULL,NULL
230510_131,滋賀県,平成２３年５月,01,23,5,10,臨時,平成２３年５月臨時会（第10号～第11号）05月10日-01号,,,,,副知事　　　　　　　　　　　　　米　　田　　耕 一 郎　 君,NULL,NULL,NULL
230510_132,滋賀県,平成２３年５月,01,23,5,10,臨時,平成２３年５月臨時会（第10号～第11号）05月10日-01号,,,,,副知事　　　　　　　　　　　　　田　　口　　宇 一 郎　 君,NULL,NULL,NULL
230510_133,滋賀県,平成２３年５月,01,23,5,10,臨時,平成２３年５月臨時会（第10号～第11号）05月10日-01号,,,,,知事公室長　　　　　　　　　　　北　　川　　正　　雄　 君,NULL,NULL,NULL
230510_134,滋賀県,平成２３年５月,01,23,5,10,臨時,平成２３年５月臨時会（第10号～第11号）05月10日-01号,,,,,総合政策部長　　　　　　　　　　西　　嶋　　栄　　治　 君,NULL,NULL,NULL
230510_135,滋賀県,平成２３年５月,01,23,5,10,臨時,平成２３年５月臨時会（第10号～第11号）05月10日-01号,,,,,総務部長　　　　　　　　　　　　漣　　　　　藤　　寿　 君,NULL,NULL,NULL
230510_136,滋賀県,平成２３年５月,01,23,5,10,臨時,平成２３年５月臨時会（第10号～第11号）05月10日-01号,,,,,琵琶湖環境部長　　　　　　　　　正　　木　　仙 治 郎　 君,NULL,NULL,NULL
230510_137,滋賀県,平成２３年５月,01,23,5,10,臨時,平成２３年５月臨時会（第10号～第11号）05月10日-01号,,,,,健康福祉部長　　　　　　　　　　渡　　邉　　光　　春　 君,NULL,NULL,NULL
230510_138,滋賀県,平成２３年５月,01,23,5,10,臨時,平成２３年５月臨時会（第10号～第11号）05月10日-01号,,,,,商工観光労働部長　　　　　　　　堺　　井　　　　　拡　 君,NULL,NULL,NULL
230510_139,滋賀県,平成２３年５月,01,23,5,10,臨時,平成２３年５月臨時会（第10号～第11号）05月10日-01号,,,,,農政水産部長　　　　　　　　　　福　　井　　正　　明　 君,NULL,NULL,NULL
230510_140,滋賀県,平成２３年５月,01,23,5,10,臨時,平成２３年５月臨時会（第10号～第11号）05月10日-01号,,,,,土木交通部長　　　　　　　　　　竹　　中　　喜　　彦　 君,NULL,NULL,NULL
230510_141,滋賀県,平成２３年５月,01,23,5,10,臨時,平成２３年５月臨時会（第10号～第11号）05月10日-01号,,,,,会計管理者　　　　　　　　　　　吉　　田　　正　　子　さん,NULL,NULL,NULL
230510_142,滋賀県,平成２３年５月,01,23,5,10,臨時,平成２３年５月臨時会（第10号～第11号）05月10日-01号,,,,,企業庁長　　　　　　　　　　　　和　　田　　慶　　三　 君,NULL,NULL,NULL
230510_143,滋賀県,平成２３年５月,01,23,5,10,臨時,平成２３年５月臨時会（第10号～第11号）05月10日-01号,,,,,病院事業庁長　　　　　　　　　　村　　木　　安　　雄　 君,NULL,NULL,NULL
230510_144,滋賀県,平成２３年５月,01,23,5,10,臨時,平成２３年５月臨時会（第10号～第11号）05月10日-01号,,,,,教育長　　　　　　　　　　　　　末　　松　　史　　彦　 君,NULL,NULL,NULL
230510_145,滋賀県,平成２３年５月,01,23,5,10,臨時,平成２３年５月臨時会（第10号～第11号）05月10日-01号,,,,,警察本部長　　　　　　　　　　　名　　和　　振　　平　 君,NULL,NULL,NULL
230510_146,滋賀県,平成２３年５月,01,23,5,10,臨時,平成２３年５月臨時会（第10号～第11号）05月10日-01号,,,,,───────────────────────────────,NULL,NULL,NULL
230510_147,滋賀県,平成２３年５月,01,23,5,10,臨時,平成２３年５月臨時会（第10号～第11号）05月10日-01号,,,,,議場に出席した事務局職員,NULL,NULL,NULL
230510_148,滋賀県,平成２３年５月,01,23,5,10,臨時,平成２３年５月臨時会（第10号～第11号）05月10日-01号,,,,,事務局長　　　　　　　　　　　　加　　藤　　誠　　一,NULL,NULL,NULL
230510_149,滋賀県,平成２３年５月,01,23,5,10,臨時,平成２３年５月臨時会（第10号～第11号）05月10日-01号,,,,,議事調査課長　　　　　　　　　　丸　　尾　　　　　勉,NULL,NULL,NULL
230510_150,滋賀県,平成２３年５月,01,23,5,10,臨時,平成２３年５月臨時会（第10号～第11号）05月10日-01号,,,,,議事調査課課長補佐　　　　　　　澤　　村　　治　　男,NULL,NULL,NULL
230510_151,滋賀県,平成２３年５月,01,23,5,10,臨時,平成２３年５月臨時会（第10号～第11号）05月10日-01号,,,,,午前10時57分　開会,NULL,NULL,NULL
230510_152,滋賀県,平成２３年５月,01,23,5,10,臨時,平成２３年５月臨時会（第10号～第11号）05月10日-01号,事務局長（加藤誠一君）,その他,加藤誠一,事務局長,本臨時会は、一般選挙後最初の議会でありますので、議長が選挙されるまでの間、地方自治法第107条の規定により年長議員が臨時に議長の職務を行うことになっております。,NULL,NULL,NULL
230510_153,滋賀県,平成２３年５月,01,23,5,10,臨時,平成２３年５月臨時会（第10号～第11号）05月10日-01号,事務局長（加藤誠一君）,その他,加藤誠一,事務局長,出席議員のうち、赤堀義次議員が年長者でありますので、御紹介申し上げます。,NULL,NULL,NULL
230510_154,滋賀県,平成２３年５月,01,23,5,10,臨時,平成２３年５月臨時会（第10号～第11号）05月10日-01号,事務局長（加藤誠一君）,その他,加藤誠一,事務局長,〔臨時議長赤堀義次君議長席に着く〕,NULL,NULL,NULL
230510_155,滋賀県,平成２３年５月,01,23,5,10,臨時,平成２３年５月臨時会（第10号～第11号）05月10日-01号,臨時議長（赤堀義次君）,議長,赤堀義次,臨時議長,ただいま御紹介を受けました赤堀義次でございます。,NULL,NULL,NULL
230510_156,滋賀県,平成２３年５月,01,23,5,10,臨時,平成２３年５月臨時会（第10号～第11号）05月10日-01号,臨時議長（赤堀義次君）,議長,赤堀義次,臨時議長,地方自治法第107条の規定により、私が臨時に議長の職務を行いますので、よろしくお願い申し上げます。,NULL,NULL,NULL
230510_157,滋賀県,平成２３年５月,01,23,5,10,臨時,平成２３年５月臨時会（第10号～第11号）05月10日-01号,臨時議長（赤堀義次君）,議長,赤堀義次,臨時議長,────────────────,NULL,NULL,NULL
230510_158,滋賀県,平成２３年５月,01,23,5,10,臨時,平成２３年５月臨時会（第10号～第11号）05月10日-01号,臨時議長（赤堀義次君）,議長,赤堀義次,臨時議長,これより平成23年５月滋賀県議会臨時会を開会いたします。,NULL,NULL,NULL
230510_159,滋賀県,平成２３年５月,01,23,5,10,臨時,平成２３年５月臨時会（第10号～第11号）05月10日-01号,臨時議長（赤堀義次君）,議長,赤堀義次,臨時議長,────────────────,NULL,NULL,NULL
230510_160,滋賀県,平成２３年５月,01,23,5,10,臨時,平成２３年５月臨時会（第10号～第11号）05月10日-01号,臨時議長（赤堀義次君）,議長,赤堀義次,臨時議長,直ちに本日の会議を開きます。,NULL,NULL,NULL
230510_161,滋賀県,平成２３年５月,01,23,5,10,臨時,平成２３年５月臨時会（第10号～第11号）05月10日-01号,臨時議長（赤堀義次君）,議長,赤堀義次,臨時議長,────────────────,NULL,NULL,NULL
230510_162,滋賀県,平成２３年５月,01,23,5,10,臨時,平成２３年５月臨時会（第10号～第11号）05月10日-01号,臨時議長（赤堀義次君）,議長,赤堀義次,臨時議長,△議席の仮指定,NULL,NULL,NULL
230510_163,滋賀県,平成２３年５月,01,23,5,10,臨時,平成２３年５月臨時会（第10号～第11号）05月10日-01号,臨時議長（赤堀義次君）,議長,赤堀義次,臨時議長,日程第１、この際、議事の進行上、議席の仮指定を行います。,NULL,NULL,NULL
230510_164,滋賀県,平成２３年５月,01,23,5,10,臨時,平成２３年５月臨時会（第10号～第11号）05月10日-01号,臨時議長（赤堀義次君）,議長,赤堀義次,臨時議長,議席は、ただいま御着席のとおり、仮に指定いたします。,NULL,NULL,NULL
230510_165,滋賀県,平成２３年５月,01,23,5,10,臨時,平成２３年５月臨時会（第10号～第11号）05月10日-01号,臨時議長（赤堀義次君）,議長,赤堀義次,臨時議長,────────────────,NULL,NULL,NULL
230510_166,滋賀県,平成２３年５月,01,23,5,10,臨時,平成２３年５月臨時会（第10号～第11号）05月10日-01号,臨時議長（赤堀義次君）,議長,赤堀義次,臨時議長,△会議録署名議員の指名,NULL,NULL,NULL
230510_167,滋賀県,平成２３年５月,01,23,5,10,臨時,平成２３年５月臨時会（第10号～第11号）05月10日-01号,臨時議長（赤堀義次君）,議長,赤堀義次,臨時議長,日程第２、会議録署名議員の指名を行います。,NULL,NULL,NULL
230510_168,滋賀県,平成２３年５月,01,23,5,10,臨時,平成２３年５月臨時会（第10号～第11号）05月10日-01号,臨時議長（赤堀義次君）,議長,赤堀義次,臨時議長,今期臨時会の会議録署名議員には、,NULL,NULL,NULL
230510_169,滋賀県,平成２３年５月,01,23,5,10,臨時,平成２３年５月臨時会（第10号～第11号）05月10日-01号,臨時議長（赤堀義次君）,議長,赤堀義次,臨時議長,１番　　佐　藤　健　司　 君,NULL,NULL,NULL
230510_170,滋賀県,平成２３年５月,01,23,5,10,臨時,平成２３年５月臨時会（第10号～第11号）05月10日-01号,臨時議長（赤堀義次君）,議長,赤堀義次,臨時議長,24番　　高　木　健　三　 君,NULL,NULL,NULL
230510_171,滋賀県,平成２３年５月,01,23,5,10,臨時,平成２３年５月臨時会（第10号～第11号）05月10日-01号,臨時議長（赤堀義次君）,議長,赤堀義次,臨時議長,を指名いたします。,NULL,NULL,NULL
230510_172,滋賀県,平成２３年５月,01,23,5,10,臨時,平成２３年５月臨時会（第10号～第11号）05月10日-01号,臨時議長（赤堀義次君）,議長,赤堀義次,臨時議長,────────────────,NULL,NULL,NULL
230510_173,滋賀県,平成２３年５月,01,23,5,10,臨時,平成２３年５月臨時会（第10号～第11号）05月10日-01号,臨時議長（赤堀義次君）,議長,赤堀義次,臨時議長,△会期の決定,NULL,NULL,NULL
230510_174,滋賀県,平成２３年５月,01,23,5,10,臨時,平成２３年５月臨時会（第10号～第11号）05月10日-01号,臨時議長（赤堀義次君）,議長,赤堀義次,臨時議長,日程第３、会期の決定の件を議題といたします。,NULL,NULL,NULL
230510_175,滋賀県,平成２３年５月,01,23,5,10,臨時,平成２３年５月臨時会（第10号～第11号）05月10日-01号,臨時議長（赤堀義次君）,議長,赤堀義次,臨時議長,お諮りいたします。,NULL,NULL,NULL
230510_176,滋賀県,平成２３年５月,01,23,5,10,臨時,平成２３年５月臨時会（第10号～第11号）05月10日-01号,臨時議長（赤堀義次君）,議長,赤堀義次,臨時議長,今期臨時会の会期は、本日から５月12日までの３日間といたしたいと思いますが、これに御異議ありませんか。,NULL,NULL,NULL
230510_177,滋賀県,平成２３年５月,01,23,5,10,臨時,平成２３年５月臨時会（第10号～第11号）05月10日-01号,臨時議長（赤堀義次君）,議長,赤堀義次,臨時議長,（「異議なし」）,NULL,NULL,NULL
230510_178,滋賀県,平成２３年５月,01,23,5,10,臨時,平成２３年５月臨時会（第10号～第11号）05月10日-01号,臨時議長（赤堀義次君）,議長,赤堀義次,臨時議長,御異議なしと認めます。,NULL,NULL,NULL
230510_179,滋賀県,平成２３年５月,01,23,5,10,臨時,平成２３年５月臨時会（第10号～第11号）05月10日-01号,臨時議長（赤堀義次君）,議長,赤堀義次,臨時議長,よって会期は、３日間と決定いたしました。,NULL,NULL,NULL
230510_180,滋賀県,平成２３年５月,01,23,5,10,臨時,平成２３年５月臨時会（第10号～第11号）05月10日-01号,臨時議長（赤堀義次君）,議長,赤堀義次,臨時議長,────────────────,NULL,NULL,NULL
230510_181,滋賀県,平成２３年５月,01,23,5,10,臨時,平成２３年５月臨時会（第10号～第11号）05月10日-01号,臨時議長（赤堀義次君）,議長,赤堀義次,臨時議長,△議長の選挙,NULL,NULL,NULL
230510_182,滋賀県,平成２３年５月,01,23,5,10,臨時,平成２３年５月臨時会（第10号～第11号）05月10日-01号,臨時議長（赤堀義次君）,議長,赤堀義次,臨時議長,日程第４、これより議長の選挙を行います。,NULL,NULL,NULL
230510_183,滋賀県,平成２３年５月,01,23,5,10,臨時,平成２３年５月臨時会（第10号～第11号）05月10日-01号,臨時議長（赤堀義次君）,議長,赤堀義次,臨時議長,選挙は投票により行います。,NULL,NULL,NULL
230510_184,滋賀県,平成２３年５月,01,23,5,10,臨時,平成２３年５月臨時会（第10号～第11号）05月10日-01号,臨時議長（赤堀義次君）,議長,赤堀義次,臨時議長,議場を閉鎖いたします。,NULL,NULL,NULL
230510_185,滋賀県,平成２３年５月,01,23,5,10,臨時,平成２３年５月臨時会（第10号～第11号）05月10日-01号,臨時議長（赤堀義次君）,議長,赤堀義次,臨時議長,〔議場閉鎖〕,NULL,NULL,NULL
230510_186,滋賀県,平成２３年５月,01,23,5,10,臨時,平成２３年５月臨時会（第10号～第11号）05月10日-01号,臨時議長（赤堀義次君）,議長,赤堀義次,臨時議長,ただいまの出席議員数は、47名であります。,NULL,NULL,NULL
230510_187,滋賀県,平成２３年５月,01,23,5,10,臨時,平成２３年５月臨時会（第10号～第11号）05月10日-01号,臨時議長（赤堀義次君）,議長,赤堀義次,臨時議長,投票用紙を配付いたします。,NULL,NULL,NULL
230510_188,滋賀県,平成２３年５月,01,23,5,10,臨時,平成２３年５月臨時会（第10号～第11号）05月10日-01号,臨時議長（赤堀義次君）,議長,赤堀義次,臨時議長,念のため申し上げます。,NULL,NULL,NULL
230510_189,滋賀県,平成２３年５月,01,23,5,10,臨時,平成２３年５月臨時会（第10号～第11号）05月10日-01号,臨時議長（赤堀義次君）,議長,赤堀義次,臨時議長,投票は、単記無記名であります。,NULL,NULL,NULL
230510_190,滋賀県,平成２３年５月,01,23,5,10,臨時,平成２３年５月臨時会（第10号～第11号）05月10日-01号,臨時議長（赤堀義次君）,議長,赤堀義次,臨時議長,〔投票用紙配付〕,NULL,NULL,NULL
230510_191,滋賀県,平成２３年５月,01,23,5,10,臨時,平成２３年５月臨時会（第10号～第11号）05月10日-01号,臨時議長（赤堀義次君）,議長,赤堀義次,臨時議長,投票用紙の配付漏れはありませんか。,NULL,NULL,NULL
230510_192,滋賀県,平成２３年５月,01,23,5,10,臨時,平成２３年５月臨時会（第10号～第11号）05月10日-01号,臨時議長（赤堀義次君）,議長,赤堀義次,臨時議長,（「なし」）,NULL,NULL,NULL
230510_193,滋賀県,平成２３年５月,01,23,5,10,臨時,平成２３年５月臨時会（第10号～第11号）05月10日-01号,臨時議長（赤堀義次君）,議長,赤堀義次,臨時議長,配付漏れなしと認めます。,NULL,NULL,NULL
230510_194,滋賀県,平成２３年５月,01,23,5,10,臨時,平成２３年５月臨時会（第10号～第11号）05月10日-01号,臨時議長（赤堀義次君）,議長,赤堀義次,臨時議長,投票箱を改めさせます。,NULL,NULL,NULL
230510_195,滋賀県,平成２３年５月,01,23,5,10,臨時,平成２３年５月臨時会（第10号～第11号）05月10日-01号,臨時議長（赤堀義次君）,議長,赤堀義次,臨時議長,〔投票箱点検〕,NULL,NULL,NULL
230510_196,滋賀県,平成２３年５月,01,23,5,10,臨時,平成２３年５月臨時会（第10号～第11号）05月10日-01号,臨時議長（赤堀義次君）,議長,赤堀義次,臨時議長,異状なしと認めます。,NULL,NULL,NULL
230510_197,滋賀県,平成２３年５月,01,23,5,10,臨時,平成２３年５月臨時会（第10号～第11号）05月10日-01号,臨時議長（赤堀義次君）,議長,赤堀義次,臨時議長,これより投票に移ります。,NULL,NULL,NULL
230510_198,滋賀県,平成２３年５月,01,23,5,10,臨時,平成２３年５月臨時会（第10号～第11号）05月10日-01号,臨時議長（赤堀義次君）,議長,赤堀義次,臨時議長,職員の点呼に応じて、順次投票願います。,NULL,NULL,NULL
230510_199,滋賀県,平成２３年５月,01,23,5,10,臨時,平成２３年５月臨時会（第10号～第11号）05月10日-01号,臨時議長（赤堀義次君）,議長,赤堀義次,臨時議長,点呼いたします。,NULL,NULL,NULL
230510_200,滋賀県,平成２３年５月,01,23,5,10,臨時,平成２３年５月臨時会（第10号～第11号）05月10日-01号,臨時議長（赤堀義次君）,議長,赤堀義次,臨時議長,〔氏名点呼〕,NULL,NULL,NULL
230510_201,滋賀県,平成２３年５月,01,23,5,10,臨時,平成２３年５月臨時会（第10号～第11号）05月10日-01号,臨時議長（赤堀義次君）,議長,赤堀義次,臨時議長,〔各員投票〕,NULL,NULL,NULL
230510_202,滋賀県,平成２３年５月,01,23,5,10,臨時,平成２３年５月臨時会（第10号～第11号）05月10日-01号,臨時議長（赤堀義次君）,議長,赤堀義次,臨時議長,投票漏れはありませんか。,NULL,NULL,NULL
230510_203,滋賀県,平成２３年５月,01,23,5,10,臨時,平成２３年５月臨時会（第10号～第11号）05月10日-01号,臨時議長（赤堀義次君）,議長,赤堀義次,臨時議長,（「なし」）,NULL,NULL,NULL
230510_204,滋賀県,平成２３年５月,01,23,5,10,臨時,平成２３年５月臨時会（第10号～第11号）05月10日-01号,臨時議長（赤堀義次君）,議長,赤堀義次,臨時議長,投票漏れなしと認めます。,NULL,NULL,NULL
230510_205,滋賀県,平成２３年５月,01,23,5,10,臨時,平成２３年５月臨時会（第10号～第11号）05月10日-01号,臨時議長（赤堀義次君）,議長,赤堀義次,臨時議長,投票を終了いたします。,NULL,NULL,NULL
230510_206,滋賀県,平成２３年５月,01,23,5,10,臨時,平成２３年５月臨時会（第10号～第11号）05月10日-01号,臨時議長（赤堀義次君）,議長,赤堀義次,臨時議長,議場の閉鎖を解きます。,NULL,NULL,NULL
230510_207,滋賀県,平成２３年５月,01,23,5,10,臨時,平成２３年５月臨時会（第10号～第11号）05月10日-01号,臨時議長（赤堀義次君）,議長,赤堀義次,臨時議長,〔議場開鎖〕,NULL,NULL,NULL
230510_208,滋賀県,平成２３年５月,01,23,5,10,臨時,平成２３年５月臨時会（第10号～第11号）05月10日-01号,臨時議長（赤堀義次君）,議長,赤堀義次,臨時議長,開票を行います。,NULL,NULL,NULL
230510_209,滋賀県,平成２３年５月,01,23,5,10,臨時,平成２３年５月臨時会（第10号～第11号）05月10日-01号,臨時議長（赤堀義次君）,議長,赤堀義次,臨時議長,お諮りいたします。,NULL,NULL,NULL
230510_210,滋賀県,平成２３年５月,01,23,5,10,臨時,平成２３年５月臨時会（第10号～第11号）05月10日-01号,臨時議長（赤堀義次君）,議長,赤堀義次,臨時議長,会議規則第31条第２項の規定により、立会人に11番駒井千代さん、15番成田政隆君、29番野田藤雄君を指名いたしたいと思いますが、これに御異議ありませんか。,NULL,NULL,NULL
230510_211,滋賀県,平成２３年５月,01,23,5,10,臨時,平成２３年５月臨時会（第10号～第11号）05月10日-01号,臨時議長（赤堀義次君）,議長,赤堀義次,臨時議長,（「異議なし」）,NULL,NULL,NULL
230510_212,滋賀県,平成２３年５月,01,23,5,10,臨時,平成２３年５月臨時会（第10号～第11号）05月10日-01号,臨時議長（赤堀義次君）,議長,赤堀義次,臨時議長,御異議なしと認めます。,NULL,NULL,NULL
230510_213,滋賀県,平成２３年５月,01,23,5,10,臨時,平成２３年５月臨時会（第10号～第11号）05月10日-01号,臨時議長（赤堀義次君）,議長,赤堀義次,臨時議長,よって立会人に11番駒井千代さん、15番成田政隆君、29番野田藤雄君を指名いたします。,NULL,NULL,NULL
230510_214,滋賀県,平成２３年５月,01,23,5,10,臨時,平成２３年５月臨時会（第10号～第11号）05月10日-01号,臨時議長（赤堀義次君）,議長,赤堀義次,臨時議長,立会人の立ち会いをお願いいたします。,NULL,NULL,NULL
230510_215,滋賀県,平成２３年５月,01,23,5,10,臨時,平成２３年５月臨時会（第10号～第11号）05月10日-01号,臨時議長（赤堀義次君）,議長,赤堀義次,臨時議長,〔開　票〕,NULL,NULL,NULL
230510_216,滋賀県,平成２３年５月,01,23,5,10,臨時,平成２３年５月臨時会（第10号～第11号）05月10日-01号,臨時議長（赤堀義次君）,議長,赤堀義次,臨時議長,選挙の結果を報告いたします。,NULL,NULL,NULL
230510_217,滋賀県,平成２３年５月,01,23,5,10,臨時,平成２３年５月臨時会（第10号～第11号）05月10日-01号,臨時議長（赤堀義次君）,議長,赤堀義次,臨時議長,投票総数　　47票,NULL,NULL,NULL
230510_218,滋賀県,平成２３年５月,01,23,5,10,臨時,平成２３年５月臨時会（第10号～第11号）05月10日-01号,臨時議長（赤堀義次君）,議長,赤堀義次,臨時議長,有効投票　　47票,NULL,NULL,NULL
230510_219,滋賀県,平成２３年５月,01,23,5,10,臨時,平成２３年５月臨時会（第10号～第11号）05月10日-01号,臨時議長（赤堀義次君）,議長,赤堀義次,臨時議長,無効投票　　なし,NULL,NULL,NULL
230510_220,滋賀県,平成２３年５月,01,23,5,10,臨時,平成２３年５月臨時会（第10号～第11号）05月10日-01号,臨時議長（赤堀義次君）,議長,赤堀義次,臨時議長,有効投票中,NULL,NULL,NULL
230510_221,滋賀県,平成２３年５月,01,23,5,10,臨時,平成２３年５月臨時会（第10号～第11号）05月10日-01号,臨時議長（赤堀義次君）,議長,赤堀義次,臨時議長,36番　家　森　茂　樹　君　30票,NULL,NULL,NULL
230510_222,滋賀県,平成２３年５月,01,23,5,10,臨時,平成２３年５月臨時会（第10号～第11号）05月10日-01号,臨時議長（赤堀義次君）,議長,赤堀義次,臨時議長,47番　中　沢　啓　子 さん 12票,NULL,NULL,NULL
230510_223,滋賀県,平成２３年５月,01,23,5,10,臨時,平成２３年５月臨時会（第10号～第11号）05月10日-01号,臨時議長（赤堀義次君）,議長,赤堀義次,臨時議長,48番　沢　田　享　子 さん ５票,NULL,NULL,NULL
230510_224,滋賀県,平成２３年５月,01,23,5,10,臨時,平成２３年５月臨時会（第10号～第11号）05月10日-01号,臨時議長（赤堀義次君）,議長,赤堀義次,臨時議長,以上のとおりであります。,NULL,NULL,NULL
230510_225,滋賀県,平成２３年５月,01,23,5,10,臨時,平成２３年５月臨時会（第10号～第11号）05月10日-01号,臨時議長（赤堀義次君）,議長,赤堀義次,臨時議長,この選挙の法定得票数は12票であります。,NULL,NULL,NULL
230510_226,滋賀県,平成２３年５月,01,23,5,10,臨時,平成２３年５月臨時会（第10号～第11号）05月10日-01号,臨時議長（赤堀義次君）,議長,赤堀義次,臨時議長,よって、36番家森茂樹君が議長に当選されました。,NULL,NULL,NULL
230510_227,滋賀県,平成２３年５月,01,23,5,10,臨時,平成２３年５月臨時会（第10号～第11号）05月10日-01号,臨時議長（赤堀義次君）,議長,赤堀義次,臨時議長,（拍手）。,NULL,NULL,NULL
230510_228,滋賀県,平成２３年５月,01,23,5,10,臨時,平成２３年５月臨時会（第10号～第11号）05月10日-01号,臨時議長（赤堀義次君）,議長,赤堀義次,臨時議長,ただいま議長に当選されました家森茂樹君が議場におられますので、本席から会議規則第32条第２項の規定により告知いたします。,NULL,NULL,NULL
230510_229,滋賀県,平成２３年５月,01,23,5,10,臨時,平成２３年５月臨時会（第10号～第11号）05月10日-01号,議長（家森茂樹君）,議長,家森茂樹,議長,（登壇）一言ごあいさつを申し上げます。,NULL,NULL,NULL
230510_230,滋賀県,平成２３年５月,01,23,5,10,臨時,平成２３年５月臨時会（第10号～第11号）05月10日-01号,議長（家森茂樹君）,議長,家森茂樹,議長,ただいま、皆様方の御推挙をいただき、名誉ある滋賀県議会第91代の議長に御選任を賜りました。,NULL,NULL,NULL
230510_231,滋賀県,平成２３年５月,01,23,5,10,臨時,平成２３年５月臨時会（第10号～第11号）05月10日-01号,議長（家森茂樹君）,議長,家森茂樹,議長,本県議会の歴史と伝統、また、議会の持つ重みを考えますときに、改めて身の引き締まる思いでございます。,NULL,NULL,NULL
230510_232,滋賀県,平成２３年５月,01,23,5,10,臨時,平成２３年５月臨時会（第10号～第11号）05月10日-01号,議長（家森茂樹君）,議長,家森茂樹,議長,もとより二元代表制という県議会の持ちますチェック機能をしっかりと果たしていくべく、公平、公正な議会運営に努めますとともに、議員皆様方の活発な御意見をお願い申し上げたいと思います。,NULL,NULL,NULL
230510_233,滋賀県,平成２３年５月,01,23,5,10,臨時,平成２３年５月臨時会（第10号～第11号）05月10日-01号,議長（家森茂樹君）,議長,家森茂樹,議長,どうぞ円滑な議会運営に御協力をお願い申し上げまして、御礼と、就任に当たりましてのごあいさつにかえさせていただきます。,NULL,NULL,NULL
230510_234,滋賀県,平成２３年５月,01,23,5,10,臨時,平成２３年５月臨時会（第10号～第11号）05月10日-01号,議長（家森茂樹君）,議長,家森茂樹,議長,どうぞよろしくお願い申し上げます。,NULL,NULL,NULL
230510_235,滋賀県,平成２３年５月,01,23,5,10,臨時,平成２３年５月臨時会（第10号～第11号）05月10日-01号,議長（家森茂樹君）,議長,家森茂樹,議長,（拍手）。,NULL,NULL,NULL
230510_236,滋賀県,平成２３年５月,01,23,5,10,臨時,平成２３年５月臨時会（第10号～第11号）05月10日-01号,臨時議長（赤堀義次君）,議長,赤堀義次,臨時議長,家森議長、議長席にお着き願います。,NULL,NULL,NULL
230510_237,滋賀県,平成２３年５月,01,23,5,10,臨時,平成２３年５月臨時会（第10号～第11号）05月10日-01号,臨時議長（赤堀義次君）,議長,赤堀義次,臨時議長,〔臨時議長赤堀義次君退席、議長家森茂樹君議長席に着く〕,NULL,NULL,NULL
230510_238,滋賀県,平成２３年５月,01,23,5,10,臨時,平成２３年５月臨時会（第10号～第11号）05月10日-01号,臨時議長（赤堀義次君）,議長,赤堀義次,臨時議長,────────────────,NULL,NULL,NULL
230510_239,滋賀県,平成２３年５月,01,23,5,10,臨時,平成２３年５月臨時会（第10号～第11号）05月10日-01号,臨時議長（赤堀義次君）,議長,赤堀義次,臨時議長,△議席の指定,NULL,NULL,NULL
230510_240,滋賀県,平成２３年５月,01,23,5,10,臨時,平成２３年５月臨時会（第10号～第11号）05月10日-01号,議長（家森茂樹君）,議長,家森茂樹,議長,日程第５、この際、議席の指定を行います。,NULL,NULL,NULL
230510_241,滋賀県,平成２３年５月,01,23,5,10,臨時,平成２３年５月臨時会（第10号～第11号）05月10日-01号,議長（家森茂樹君）,議長,家森茂樹,議長,議席は、会議規則第４条第１項の規定により、ただいま御着席のとおり指定いたします。,NULL,NULL,NULL
230510_242,滋賀県,平成２３年５月,01,23,5,10,臨時,平成２３年５月臨時会（第10号～第11号）05月10日-01号,議長（家森茂樹君）,議長,家森茂樹,議長,──────────────────────────────,NULL,NULL,NULL
230510_243,滋賀県,平成２３年５月,01,23,5,10,臨時,平成２３年５月臨時会（第10号～第11号）05月10日-01号,議長（家森茂樹君）,議長,家森茂樹,議長,議　　　　　席　　　　　表,NULL,NULL,NULL
230510_244,滋賀県,平成２３年５月,01,23,5,10,臨時,平成２３年５月臨時会（第10号～第11号）05月10日-01号,議長（家森茂樹君）,議長,家森茂樹,議長,<pre>┌───┬───────────┬───┬───────────┬───┬───────────┐,NULL,NULL,NULL
230510_245,滋賀県,平成２３年５月,01,23,5,10,臨時,平成２３年５月臨時会（第10号～第11号）05月10日-01号,議長（家森茂樹君）,議長,家森茂樹,議長,│ 番号 │　　 氏　　　　名　　 │ 番号 │　　 氏　　　　名　　 │ 番号 │　 　氏　　　　名　　 │,NULL,NULL,NULL
230510_246,滋賀県,平成２３年５月,01,23,5,10,臨時,平成２３年５月臨時会（第10号～第11号）05月10日-01号,議長（家森茂樹君）,議長,家森茂樹,議長,├───┼───────────┼───┼───────────┼───┼───────────┤,NULL,NULL,NULL
230510_247,滋賀県,平成２３年５月,01,23,5,10,臨時,平成２３年５月臨時会（第10号～第11号）05月10日-01号,議長（家森茂樹君）,議長,家森茂樹,議長,│ １番 │　　佐　藤　健　司　　│ 17番 │　　柴　田　智恵美　　│ 33番 │　　山　田　和　廣　　│,NULL,NULL,NULL
230510_248,滋賀県,平成２３年５月,01,23,5,10,臨時,平成２３年５月臨時会（第10号～第11号）05月10日-01号,議長（家森茂樹君）,議長,家森茂樹,議長,├───┼───────────┼───┼───────────┼───┼───────────┤,NULL,NULL,NULL
230510_249,滋賀県,平成２３年５月,01,23,5,10,臨時,平成２３年５月臨時会（第10号～第11号）05月10日-01号,議長（家森茂樹君）,議長,家森茂樹,議長,│ ２番 │　　目　片　信　悟　　│ 18番 │　　江　畑　弥八郎　　│ 34番 │　　佐　野　高　典　　│,NULL,NULL,NULL
230510_250,滋賀県,平成２３年５月,01,23,5,10,臨時,平成２３年５月臨時会（第10号～第11号）05月10日-01号,議長（家森茂樹君）,議長,家森茂樹,議長,├───┼───────────┼───┼───────────┼───┼───────────┤,NULL,NULL,NULL
230510_251,滋賀県,平成２３年５月,01,23,5,10,臨時,平成２３年５月臨時会（第10号～第11号）05月10日-01号,議長（家森茂樹君）,議長,家森茂樹,議長,│ ３番 │　　有　村　國　俊　　│ 19番 │　　今　江　政　彦　　│ 35番 │　　赤　堀　義　次　　│,NULL,NULL,NULL
230510_252,滋賀県,平成２３年５月,01,23,5,10,臨時,平成２３年５月臨時会（第10号～第11号）05月10日-01号,議長（家森茂樹君）,議長,家森茂樹,議長,├───┼───────────┼───┼───────────┼───┼───────────┤,NULL,NULL,NULL
230510_253,滋賀県,平成２３年５月,01,23,5,10,臨時,平成２３年５月臨時会（第10号～第11号）05月10日-01号,議長（家森茂樹君）,議長,家森茂樹,議長,│ ４番 │　　青　木　甚　浩　　│ 20番 │　　木　沢　成　人　　│ 36番 │　　家　森　茂　樹　　│,NULL,NULL,NULL
230510_254,滋賀県,平成２３年５月,01,23,5,10,臨時,平成２３年５月臨時会（第10号～第11号）05月10日-01号,議長（家森茂樹君）,議長,家森茂樹,議長,├───┼───────────┼───┼───────────┼───┼───────────┤,NULL,NULL,NULL
230510_255,滋賀県,平成２３年５月,01,23,5,10,臨時,平成２３年５月臨時会（第10号～第11号）05月10日-01号,議長（家森茂樹君）,議長,家森茂樹,議長,│ ５番 │　　大　野　和三郎　　│ 21番 │　　粉　川　清　美　　│ 37番 │　　吉　田　清　一　　│,NULL,NULL,NULL
230510_256,滋賀県,平成２３年５月,01,23,5,10,臨時,平成２３年５月臨時会（第10号～第11号）05月10日-01号,議長（家森茂樹君）,議長,家森茂樹,議長,├───┼───────────┼───┼───────────┼───┼───────────┤,NULL,NULL,NULL
230510_257,滋賀県,平成２３年５月,01,23,5,10,臨時,平成２３年５月臨時会（第10号～第11号）05月10日-01号,議長（家森茂樹君）,議長,家森茂樹,議長,│ ６番 │　　岩　佐　弘　明　　│ 22番 │　　宇　野　太佳司　　│ 38番 │　　辻　村　　　克　　│,NULL,NULL,NULL
230510_258,滋賀県,平成２３年５月,01,23,5,10,臨時,平成２３年５月臨時会（第10号～第11号）05月10日-01号,議長（家森茂樹君）,議長,家森茂樹,議長,├───┼───────────┼───┼───────────┼───┼───────────┤,NULL,NULL,NULL
230510_259,滋賀県,平成２３年５月,01,23,5,10,臨時,平成２３年５月臨時会（第10号～第11号）05月10日-01号,議長（家森茂樹君）,議長,家森茂樹,議長,│ ７番 │　　山　本　進　一　　│ 23番 │　　細　江　正　人　　│ 39番 │　　三　浦　治　雄　　│,NULL,NULL,NULL
230510_260,滋賀県,平成２３年５月,01,23,5,10,臨時,平成２３年５月臨時会（第10号～第11号）05月10日-01号,議長（家森茂樹君）,議長,家森茂樹,議長,├───┼───────────┼───┼───────────┼───┼───────────┤,NULL,NULL,NULL
230510_261,滋賀県,平成２３年５月,01,23,5,10,臨時,平成２３年５月臨時会（第10号～第11号）05月10日-01号,議長（家森茂樹君）,議長,家森茂樹,議長,│ ８番 │　　富　田　博　明　　│ 24番 │　　高　木　健　三　　│ 40番 │　　蔦　田　恵　子　　│,NULL,NULL,NULL
230510_262,滋賀県,平成２３年５月,01,23,5,10,臨時,平成２３年５月臨時会（第10号～第11号）05月10日-01号,議長（家森茂樹君）,議長,家森茂樹,議長,├───┼───────────┼───┼───────────┼───┼───────────┤,NULL,NULL,NULL
230510_263,滋賀県,平成２３年５月,01,23,5,10,臨時,平成２３年５月臨時会（第10号～第11号）05月10日-01号,議長（家森茂樹君）,議長,家森茂樹,議長,│ ９番 │　　山　本　　　正　　│ 25番 │　　川　島　隆　二　　│ 41番 │　　梅　村　　　正　　│,NULL,NULL,NULL
230510_264,滋賀県,平成２３年５月,01,23,5,10,臨時,平成２３年５月臨時会（第10号～第11号）05月10日-01号,議長（家森茂樹君）,議長,家森茂樹,議長,├───┼───────────┼───┼───────────┼───┼───────────┤,NULL,NULL,NULL
230510_265,滋賀県,平成２３年５月,01,23,5,10,臨時,平成２３年５月臨時会（第10号～第11号）05月10日-01号,議長（家森茂樹君）,議長,家森茂樹,議長,│ 10番 │　　大　橋　通　伸　　│ 26番 │　　小　寺　裕　雄　　│ 43番 │　　山　田　　　実　　│,NULL,NULL,NULL
230510_266,滋賀県,平成２３年５月,01,23,5,10,臨時,平成２３年５月臨時会（第10号～第11号）05月10日-01号,議長（家森茂樹君）,議長,家森茂樹,議長,├───┼───────────┼───┼───────────┼───┼───────────┤,NULL,NULL,NULL
230510_267,滋賀県,平成２３年５月,01,23,5,10,臨時,平成２３年５月臨時会（第10号～第11号）05月10日-01号,議長（家森茂樹君）,議長,家森茂樹,議長,│ 11番 │　　駒　井　千　代　　│ 27番 │　　奥　村　芳　正　　│ 44番 │　　西　川　勝　彦　　│,NULL,NULL,NULL
230510_268,滋賀県,平成２３年５月,01,23,5,10,臨時,平成２３年５月臨時会（第10号～第11号）05月10日-01号,議長（家森茂樹君）,議長,家森茂樹,議長,├───┼───────────┼───┼───────────┼───┼───────────┤,NULL,NULL,NULL
230510_269,滋賀県,平成２３年５月,01,23,5,10,臨時,平成２３年５月臨時会（第10号～第11号）05月10日-01号,議長（家森茂樹君）,議長,家森茂樹,議長,│ 12番 │　　冨　波　義　明　　│ 28番 │　　生　田　邦　夫　　│ 45番 │　　大　井　　　豊　　│,NULL,NULL,NULL
230510_270,滋賀県,平成２３年５月,01,23,5,10,臨時,平成２３年５月臨時会（第10号～第11号）05月10日-01号,議長（家森茂樹君）,議長,家森茂樹,議長,├───┼───────────┼───┼───────────┼───┼───────────┤,NULL,NULL,NULL
230510_271,滋賀県,平成２３年５月,01,23,5,10,臨時,平成２３年５月臨時会（第10号～第11号）05月10日-01号,議長（家森茂樹君）,議長,家森茂樹,議長,│ 13番 │　　井　阪　尚　司　　│ 29番 │　　野　田　藤　雄　　│ 46番 │　　谷　　　康　彦　　│,NULL,NULL,NULL
230510_272,滋賀県,平成２３年５月,01,23,5,10,臨時,平成２３年５月臨時会（第10号～第11号）05月10日-01号,議長（家森茂樹君）,議長,家森茂樹,議長,├───┼───────────┼───┼───────────┼───┼───────────┤,NULL,NULL,NULL
230510_273,滋賀県,平成２３年５月,01,23,5,10,臨時,平成２３年５月臨時会（第10号～第11号）05月10日-01号,議長（家森茂樹君）,議長,家森茂樹,議長,│ 14番 │　　清　水　鉄　次　　│ 30番 │　　西　村　久　子　　│ 47番 │　　中　沢　啓　子　　│,NULL,NULL,NULL
230510_274,滋賀県,平成２３年５月,01,23,5,10,臨時,平成２３年５月臨時会（第10号～第11号）05月10日-01号,議長（家森茂樹君）,議長,家森茂樹,議長,├───┼───────────┼───┼───────────┼───┼───────────┤,NULL,NULL,NULL
230510_275,滋賀県,平成２３年５月,01,23,5,10,臨時,平成２３年５月臨時会（第10号～第11号）05月10日-01号,議長（家森茂樹君）,議長,家森茂樹,議長,│ 15番 │　　成　田　政　隆　　│ 31番 │　　石　田　祐　介　　│ 48番 │　　沢　田　享　子　　│,NULL,NULL,NULL
230510_276,滋賀県,平成２３年５月,01,23,5,10,臨時,平成２３年５月臨時会（第10号～第11号）05月10日-01号,議長（家森茂樹君）,議長,家森茂樹,議長,├───┼───────────┼───┼───────────┼───┼───────────┤,NULL,NULL,NULL
230510_277,滋賀県,平成２３年５月,01,23,5,10,臨時,平成２３年５月臨時会（第10号～第11号）05月10日-01号,議長（家森茂樹君）,議長,家森茂樹,議長,│ 16番 │　　九　里　　　学　　│ 32番 │　　宇　賀　　　武　　│　　　│　　　　　　　　　　　│,NULL,NULL,NULL
230510_278,滋賀県,平成２３年５月,01,23,5,10,臨時,平成２３年５月臨時会（第10号～第11号）05月10日-01号,議長（家森茂樹君）,議長,家森茂樹,議長,└───┴───────────┴───┴───────────┴───┴───────────┘</pre>,NULL,NULL,NULL
230510_279,滋賀県,平成２３年５月,01,23,5,10,臨時,平成２３年５月臨時会（第10号～第11号）05月10日-01号,議長（家森茂樹君）,議長,家森茂樹,議長,──────────────────────────────,NULL,NULL,NULL
230510_280,滋賀県,平成２３年５月,01,23,5,10,臨時,平成２３年５月臨時会（第10号～第11号）05月10日-01号,議長（家森茂樹君）,議長,家森茂樹,議長,△副議長の選挙,NULL,NULL,NULL
230510_281,滋賀県,平成２３年５月,01,23,5,10,臨時,平成２３年５月臨時会（第10号～第11号）05月10日-01号,議長（家森茂樹君）,議長,家森茂樹,議長,日程第６、これより副議長の選挙を行います。,NULL,NULL,NULL
230510_282,滋賀県,平成２３年５月,01,23,5,10,臨時,平成２３年５月臨時会（第10号～第11号）05月10日-01号,議長（家森茂樹君）,議長,家森茂樹,議長,選挙は投票により行います。,NULL,NULL,NULL
230510_283,滋賀県,平成２３年５月,01,23,5,10,臨時,平成２３年５月臨時会（第10号～第11号）05月10日-01号,議長（家森茂樹君）,議長,家森茂樹,議長,議場を閉鎖いたします。,NULL,NULL,NULL
230510_284,滋賀県,平成２３年５月,01,23,5,10,臨時,平成２３年５月臨時会（第10号～第11号）05月10日-01号,議長（家森茂樹君）,議長,家森茂樹,議長,〔議場閉鎖〕,NULL,NULL,NULL
230510_285,滋賀県,平成２３年５月,01,23,5,10,臨時,平成２３年５月臨時会（第10号～第11号）05月10日-01号,議長（家森茂樹君）,議長,家森茂樹,議長,ただいまの出席議員数は47名であります。,NULL,NULL,NULL
230510_286,滋賀県,平成２３年５月,01,23,5,10,臨時,平成２３年５月臨時会（第10号～第11号）05月10日-01号,議長（家森茂樹君）,議長,家森茂樹,議長,投票用紙を配付いたします。,NULL,NULL,NULL
230510_287,滋賀県,平成２３年５月,01,23,5,10,臨時,平成２３年５月臨時会（第10号～第11号）05月10日-01号,議長（家森茂樹君）,議長,家森茂樹,議長,念のため申し上げます。,NULL,NULL,NULL
230510_288,滋賀県,平成２３年５月,01,23,5,10,臨時,平成２３年５月臨時会（第10号～第11号）05月10日-01号,議長（家森茂樹君）,議長,家森茂樹,議長,投票は、単記無記名であります。,NULL,NULL,NULL
230510_289,滋賀県,平成２３年５月,01,23,5,10,臨時,平成２３年５月臨時会（第10号～第11号）05月10日-01号,議長（家森茂樹君）,議長,家森茂樹,議長,〔投票用紙配付〕,NULL,NULL,NULL
230510_290,滋賀県,平成２３年５月,01,23,5,10,臨時,平成２３年５月臨時会（第10号～第11号）05月10日-01号,議長（家森茂樹君）,議長,家森茂樹,議長,投票用紙の配付漏れはありませんか。,NULL,NULL,NULL
230510_291,滋賀県,平成２３年５月,01,23,5,10,臨時,平成２３年５月臨時会（第10号～第11号）05月10日-01号,議長（家森茂樹君）,議長,家森茂樹,議長,（「なし」）,NULL,NULL,NULL
230510_292,滋賀県,平成２３年５月,01,23,5,10,臨時,平成２３年５月臨時会（第10号～第11号）05月10日-01号,議長（家森茂樹君）,議長,家森茂樹,議長,配付漏れなしと認めます。,NULL,NULL,NULL
230510_293,滋賀県,平成２３年５月,01,23,5,10,臨時,平成２３年５月臨時会（第10号～第11号）05月10日-01号,議長（家森茂樹君）,議長,家森茂樹,議長,投票箱を改めさせます。,NULL,NULL,NULL
230510_294,滋賀県,平成２３年５月,01,23,5,10,臨時,平成２３年５月臨時会（第10号～第11号）05月10日-01号,議長（家森茂樹君）,議長,家森茂樹,議長,〔投票箱点検〕,NULL,NULL,NULL
230510_295,滋賀県,平成２３年５月,01,23,5,10,臨時,平成２３年５月臨時会（第10号～第11号）05月10日-01号,議長（家森茂樹君）,議長,家森茂樹,議長,異状なしと認めます。,NULL,NULL,NULL
230510_296,滋賀県,平成２３年５月,01,23,5,10,臨時,平成２３年５月臨時会（第10号～第11号）05月10日-01号,議長（家森茂樹君）,議長,家森茂樹,議長,これより投票に移ります。,NULL,NULL,NULL
230510_297,滋賀県,平成２３年５月,01,23,5,10,臨時,平成２３年５月臨時会（第10号～第11号）05月10日-01号,議長（家森茂樹君）,議長,家森茂樹,議長,職員の点呼に応じて、順次投票願います。,NULL,NULL,NULL
230510_298,滋賀県,平成２３年５月,01,23,5,10,臨時,平成２３年５月臨時会（第10号～第11号）05月10日-01号,議長（家森茂樹君）,議長,家森茂樹,議長,点呼いたします。,NULL,NULL,NULL
230510_299,滋賀県,平成２３年５月,01,23,5,10,臨時,平成２３年５月臨時会（第10号～第11号）05月10日-01号,議長（家森茂樹君）,議長,家森茂樹,議長,〔氏名点呼〕,NULL,NULL,NULL
230510_300,滋賀県,平成２３年５月,01,23,5,10,臨時,平成２３年５月臨時会（第10号～第11号）05月10日-01号,議長（家森茂樹君）,議長,家森茂樹,議長,〔各員投票〕,NULL,NULL,NULL
230510_301,滋賀県,平成２３年５月,01,23,5,10,臨時,平成２３年５月臨時会（第10号～第11号）05月10日-01号,議長（家森茂樹君）,議長,家森茂樹,議長,投票漏れはありませんか。,NULL,NULL,NULL
230510_302,滋賀県,平成２３年５月,01,23,5,10,臨時,平成２３年５月臨時会（第10号～第11号）05月10日-01号,議長（家森茂樹君）,議長,家森茂樹,議長,（「なし」）,NULL,NULL,NULL
230510_303,滋賀県,平成２３年５月,01,23,5,10,臨時,平成２３年５月臨時会（第10号～第11号）05月10日-01号,議長（家森茂樹君）,議長,家森茂樹,議長,投票漏れなしと認めます。,NULL,NULL,NULL
230510_304,滋賀県,平成２３年５月,01,23,5,10,臨時,平成２３年５月臨時会（第10号～第11号）05月10日-01号,議長（家森茂樹君）,議長,家森茂樹,議長,投票を終了いたします。,NULL,NULL,NULL
230510_305,滋賀県,平成２３年５月,01,23,5,10,臨時,平成２３年５月臨時会（第10号～第11号）05月10日-01号,議長（家森茂樹君）,議長,家森茂樹,議長,議場の閉鎖を解きます。,NULL,NULL,NULL
230510_306,滋賀県,平成２３年５月,01,23,5,10,臨時,平成２３年５月臨時会（第10号～第11号）05月10日-01号,議長（家森茂樹君）,議長,家森茂樹,議長,〔議場開鎖〕,NULL,NULL,NULL
230510_307,滋賀県,平成２３年５月,01,23,5,10,臨時,平成２３年５月臨時会（第10号～第11号）05月10日-01号,議長（家森茂樹君）,議長,家森茂樹,議長,開票を行います。,NULL,NULL,NULL
230510_308,滋賀県,平成２３年５月,01,23,5,10,臨時,平成２３年５月臨時会（第10号～第11号）05月10日-01号,議長（家森茂樹君）,議長,家森茂樹,議長,お諮りいたします。,NULL,NULL,NULL
230510_309,滋賀県,平成２３年５月,01,23,5,10,臨時,平成２３年５月臨時会（第10号～第11号）05月10日-01号,議長（家森茂樹君）,議長,家森茂樹,議長,会議規則第31条第２項の規定により、立会人に11番駒井千代さん、15番成田政隆君、29番野田藤雄君を指名いたしたいと思いますが、これに御異議ありませんか。,NULL,NULL,NULL
230510_310,滋賀県,平成２３年５月,01,23,5,10,臨時,平成２３年５月臨時会（第10号～第11号）05月10日-01号,議長（家森茂樹君）,議長,家森茂樹,議長,（「異議なし」）,NULL,NULL,NULL
230510_311,滋賀県,平成２３年５月,01,23,5,10,臨時,平成２３年５月臨時会（第10号～第11号）05月10日-01号,議長（家森茂樹君）,議長,家森茂樹,議長,御異議なしと認めます。,NULL,NULL,NULL
230510_312,滋賀県,平成２３年５月,01,23,5,10,臨時,平成２３年５月臨時会（第10号～第11号）05月10日-01号,議長（家森茂樹君）,議長,家森茂樹,議長,よって立会人に11番駒井千代さん、15番成田政隆君、29番野田藤雄君を指名いたします。,NULL,NULL,NULL
230510_313,滋賀県,平成２３年５月,01,23,5,10,臨時,平成２３年５月臨時会（第10号～第11号）05月10日-01号,議長（家森茂樹君）,議長,家森茂樹,議長,立会人の立ち会いをお願いいたします。,NULL,NULL,NULL
230510_314,滋賀県,平成２３年５月,01,23,5,10,臨時,平成２３年５月臨時会（第10号～第11号）05月10日-01号,議長（家森茂樹君）,議長,家森茂樹,議長,〔開　票〕,NULL,NULL,NULL
230510_315,滋賀県,平成２３年５月,01,23,5,10,臨時,平成２３年５月臨時会（第10号～第11号）05月10日-01号,議長（家森茂樹君）,議長,家森茂樹,議長,選挙の結果を報告いたします。,NULL,NULL,NULL
230510_316,滋賀県,平成２３年５月,01,23,5,10,臨時,平成２３年５月臨時会（第10号～第11号）05月10日-01号,議長（家森茂樹君）,議長,家森茂樹,議長,投票総数　　47票,NULL,NULL,NULL
230510_317,滋賀県,平成２３年５月,01,23,5,10,臨時,平成２３年５月臨時会（第10号～第11号）05月10日-01号,議長（家森茂樹君）,議長,家森茂樹,議長,有効投票　　47票,NULL,NULL,NULL
230510_318,滋賀県,平成２３年５月,01,23,5,10,臨時,平成２３年５月臨時会（第10号～第11号）05月10日-01号,議長（家森茂樹君）,議長,家森茂樹,議長,無効投票　　なし,NULL,NULL,NULL
230510_319,滋賀県,平成２３年５月,01,23,5,10,臨時,平成２３年５月臨時会（第10号～第11号）05月10日-01号,議長（家森茂樹君）,議長,家森茂樹,議長,有効投票中,NULL,NULL,NULL
230510_320,滋賀県,平成２３年５月,01,23,5,10,臨時,平成２３年５月臨時会（第10号～第11号）05月10日-01号,議長（家森茂樹君）,議長,家森茂樹,議長,34番　佐　野　高　典　君　29票,NULL,NULL,NULL
230510_321,滋賀県,平成２３年５月,01,23,5,10,臨時,平成２３年５月臨時会（第10号～第11号）05月10日-01号,議長（家森茂樹君）,議長,家森茂樹,議長,45番　大　井　　　豊　君　13票,NULL,NULL,NULL
230510_322,滋賀県,平成２３年５月,01,23,5,10,臨時,平成２３年５月臨時会（第10号～第11号）05月10日-01号,議長（家森茂樹君）,議長,家森茂樹,議長,14番　清　水　鉄　次　君　５票,NULL,NULL,NULL
230510_323,滋賀県,平成２３年５月,01,23,5,10,臨時,平成２３年５月臨時会（第10号～第11号）05月10日-01号,議長（家森茂樹君）,議長,家森茂樹,議長,以上のとおりであります。,NULL,NULL,NULL
230510_324,滋賀県,平成２３年５月,01,23,5,10,臨時,平成２３年５月臨時会（第10号～第11号）05月10日-01号,議長（家森茂樹君）,議長,家森茂樹,議長,この選挙の法定得票数は12票であります。,NULL,NULL,NULL
230510_325,滋賀県,平成２３年５月,01,23,5,10,臨時,平成２３年５月臨時会（第10号～第11号）05月10日-01号,議長（家森茂樹君）,議長,家森茂樹,議長,よって、34番佐野高典君が副議長に当選されました。,NULL,NULL,NULL
230510_326,滋賀県,平成２３年５月,01,23,5,10,臨時,平成２３年５月臨時会（第10号～第11号）05月10日-01号,議長（家森茂樹君）,議長,家森茂樹,議長,（拍手）。,NULL,NULL,NULL
230510_327,滋賀県,平成２３年５月,01,23,5,10,臨時,平成２３年５月臨時会（第10号～第11号）05月10日-01号,議長（家森茂樹君）,議長,家森茂樹,議長,ただいま副議長に当選されました佐野高典君が議場におられますので、本席から会議規則第32条第２項の規定により告知いたします。,NULL,NULL,NULL
230510_328,滋賀県,平成２３年５月,01,23,5,10,臨時,平成２３年５月臨時会（第10号～第11号）05月10日-01号,副議長（佐野高典君）,議長,佐野高典,副議長,（登壇）お許しをいただきまして、一言ごあいさつを申し上げます。,NULL,NULL,NULL
230510_329,滋賀県,平成２３年５月,01,23,5,10,臨時,平成２３年５月臨時会（第10号～第11号）05月10日-01号,副議長（佐野高典君）,議長,佐野高典,副議長,歴史と伝統ある滋賀県議会の第103代副議長に御選任をいただきました。,NULL,NULL,NULL
230510_330,滋賀県,平成２３年５月,01,23,5,10,臨時,平成２３年５月臨時会（第10号～第11号）05月10日-01号,副議長（佐野高典君）,議長,佐野高典,副議長,大変浅学非才の身でございますが、ただいまは光栄に存じますとともに、責任の重さをひしひしと感じている次第でございます。,NULL,NULL,NULL
230510_331,滋賀県,平成２３年５月,01,23,5,10,臨時,平成２３年５月臨時会（第10号～第11号）05月10日-01号,副議長（佐野高典君）,議長,佐野高典,副議長,先ほど家森議長からもお話がございましたように、今、地方分権と言われておりますが、政権がかわりまして地域主権と言われる時代でありますけれども、地方議会に対する皆さん方の注目は大変高いものがあろうと思っております。,NULL,NULL,NULL
230510_332,滋賀県,平成２３年５月,01,23,5,10,臨時,平成２３年５月臨時会（第10号～第11号）05月10日-01号,副議長（佐野高典君）,議長,佐野高典,副議長,議会の機能の充実あるいは議員の資質向上が求められる昨今の状況でございます。,NULL,NULL,NULL
230510_333,滋賀県,平成２３年５月,01,23,5,10,臨時,平成２３年５月臨時会（第10号～第11号）05月10日-01号,副議長（佐野高典君）,議長,佐野高典,副議長,私も、微力ではございますが、家森議長を支えさせていただきながら、円滑な議会運営が図れますよう渾身の努力を傾注してまいる所存でございますので、各位の一層の御指導、御鞭撻を賜りますようお願いを申し上げまして、ごあいさつとさせていただきます。,NULL,NULL,NULL
230510_334,滋賀県,平成２３年５月,01,23,5,10,臨時,平成２３年５月臨時会（第10号～第11号）05月10日-01号,副議長（佐野高典君）,議長,佐野高典,副議長,どうもありがとうございました。,NULL,NULL,NULL
230510_335,滋賀県,平成２３年５月,01,23,5,10,臨時,平成２３年５月臨時会（第10号～第11号）05月10日-01号,副議長（佐野高典君）,議長,佐野高典,副議長,（拍手）。,NULL,NULL,NULL
230510_336,滋賀県,平成２３年５月,01,23,5,10,臨時,平成２３年５月臨時会（第10号～第11号）05月10日-01号,副議長（佐野高典君）,議長,佐野高典,副議長,────────────────,NULL,NULL,NULL
230510_337,滋賀県,平成２３年５月,01,23,5,10,臨時,平成２３年５月臨時会（第10号～第11号）05月10日-01号,副議長（佐野高典君）,議長,佐野高典,副議長,△会第５号（滋賀県議会委員会条例の一部を改正する条例案）（議員提出）,NULL,NULL,NULL
230510_338,滋賀県,平成２３年５月,01,23,5,10,臨時,平成２３年５月臨時会（第10号～第11号）05月10日-01号,議長（家森茂樹君）,議長,家森茂樹,議長,日程第７、会第５号滋賀県議会委員会条例の一部を改正する条例案を議題といたします。,NULL,NULL,NULL
230510_339,滋賀県,平成２３年５月,01,23,5,10,臨時,平成２３年５月臨時会（第10号～第11号）05月10日-01号,議長（家森茂樹君）,議長,家森茂樹,議長,──────────────────────────────,NULL,NULL,NULL
230510_340,滋賀県,平成２３年５月,01,23,5,10,臨時,平成２３年５月臨時会（第10号～第11号）05月10日-01号,議長（家森茂樹君）,議長,家森茂樹,議長,会第５号,NULL,NULL,NULL
230510_341,滋賀県,平成２３年５月,01,23,5,10,臨時,平成２３年５月臨時会（第10号～第11号）05月10日-01号,議長（家森茂樹君）,議長,家森茂樹,議長,滋賀県議会委員会条例の一部を改正する条例案,NULL,NULL,NULL
230510_342,滋賀県,平成２３年５月,01,23,5,10,臨時,平成２３年５月臨時会（第10号～第11号）05月10日-01号,議長（家森茂樹君）,議長,家森茂樹,議長,上記の議案を提出する。,NULL,NULL,NULL
230510_343,滋賀県,平成２３年５月,01,23,5,10,臨時,平成２３年５月臨時会（第10号～第11号）05月10日-01号,議長（家森茂樹君）,議長,家森茂樹,議長,平成23年5月10日,NULL,NULL,NULL
230510_344,滋賀県,平成２３年５月,01,23,5,10,臨時,平成２３年５月臨時会（第10号～第11号）05月10日-01号,議長（家森茂樹君）,議長,家森茂樹,議長,提　出　者　　三　浦　治　雄,NULL,NULL,NULL
230510_345,滋賀県,平成２３年５月,01,23,5,10,臨時,平成２３年５月臨時会（第10号～第11号）05月10日-01号,議長（家森茂樹君）,議長,家森茂樹,議長,辻　村　　　克,NULL,NULL,NULL
230510_346,滋賀県,平成２３年５月,01,23,5,10,臨時,平成２３年５月臨時会（第10号～第11号）05月10日-01号,議長（家森茂樹君）,議長,家森茂樹,議長,佐　野　高　典,NULL,NULL,NULL
230510_347,滋賀県,平成２３年５月,01,23,5,10,臨時,平成２３年５月臨時会（第10号～第11号）05月10日-01号,議長（家森茂樹君）,議長,家森茂樹,議長,山　田　和　廣,NULL,NULL,NULL
230510_348,滋賀県,平成２３年５月,01,23,5,10,臨時,平成２３年５月臨時会（第10号～第11号）05月10日-01号,議長（家森茂樹君）,議長,家森茂樹,議長,石　田　祐　介,NULL,NULL,NULL
230510_349,滋賀県,平成２３年５月,01,23,5,10,臨時,平成２３年５月臨時会（第10号～第11号）05月10日-01号,議長（家森茂樹君）,議長,家森茂樹,議長,野　田　藤　雄,NULL,NULL,NULL
230510_350,滋賀県,平成２３年５月,01,23,5,10,臨時,平成２３年５月臨時会（第10号～第11号）05月10日-01号,議長（家森茂樹君）,議長,家森茂樹,議長,大　野　和三郎,NULL,NULL,NULL
230510_351,滋賀県,平成２３年５月,01,23,5,10,臨時,平成２３年５月臨時会（第10号～第11号）05月10日-01号,議長（家森茂樹君）,議長,家森茂樹,議長,中　沢　啓　子,NULL,NULL,NULL
230510_352,滋賀県,平成２３年５月,01,23,5,10,臨時,平成２３年５月臨時会（第10号～第11号）05月10日-01号,議長（家森茂樹君）,議長,家森茂樹,議長,西　川　勝　彦,NULL,NULL,NULL
230510_353,滋賀県,平成２３年５月,01,23,5,10,臨時,平成２３年５月臨時会（第10号～第11号）05月10日-01号,議長（家森茂樹君）,議長,家森茂樹,議長,山　田　　　実,NULL,NULL,NULL
230510_354,滋賀県,平成２３年５月,01,23,5,10,臨時,平成２３年５月臨時会（第10号～第11号）05月10日-01号,議長（家森茂樹君）,議長,家森茂樹,議長,沢　田　享　子,NULL,NULL,NULL
230510_355,滋賀県,平成２３年５月,01,23,5,10,臨時,平成２３年５月臨時会（第10号～第11号）05月10日-01号,議長（家森茂樹君）,議長,家森茂樹,議長,梅　村　　　正,NULL,NULL,NULL
230510_356,滋賀県,平成２３年５月,01,23,5,10,臨時,平成２３年５月臨時会（第10号～第11号）05月10日-01号,議長（家森茂樹君）,議長,家森茂樹,議長,蔦　田　恵　子,NULL,NULL,NULL
230510_357,滋賀県,平成２３年５月,01,23,5,10,臨時,平成２３年５月臨時会（第10号～第11号）05月10日-01号,議長（家森茂樹君）,議長,家森茂樹,議長,滋賀県議会委員会条例の一部を改正する条例,NULL,NULL,NULL
230510_358,滋賀県,平成２３年５月,01,23,5,10,臨時,平成２３年５月臨時会（第10号～第11号）05月10日-01号,議長（家森茂樹君）,議長,家森茂樹,議長,滋賀県議会委員会条例（昭和31年滋賀県条例第28号）の一部を次のように改正する。,NULL,NULL,NULL
230510_359,滋賀県,平成２３年５月,01,23,5,10,臨時,平成２３年５月臨時会（第10号～第11号）05月10日-01号,議長（家森茂樹君）,議長,家森茂樹,議長,第２条第１項第１号中「総務・政策常任委員会　９人」を「総務・企業常任委員会　10人」,NULL,NULL,NULL
230510_360,滋賀県,平成２３年５月,01,23,5,10,臨時,平成２３年５月臨時会（第10号～第11号）05月10日-01号,議長（家森茂樹君）,議長,家森茂樹,議長,「企業庁の所管に属する事項,NULL,NULL,NULL
230510_361,滋賀県,平成２３年５月,01,23,5,10,臨時,平成２３年５月臨時会（第10号～第11号）05月10日-01号,議長（家森茂樹君）,議長,家森茂樹,議長,に、「他の常任委員会の所管に属さない事項」を　　　　　　　　　　　　　　　　　　　に,NULL,NULL,NULL
230510_362,滋賀県,平成２３年５月,01,23,5,10,臨時,平成２３年５月臨時会（第10号～第11号）05月10日-01号,議長（家森茂樹君）,議長,家森茂樹,議長,他の常任委員会の所管に属さない事項」,NULL,NULL,NULL
230510_363,滋賀県,平成２３年５月,01,23,5,10,臨時,平成２３年５月臨時会（第10号～第11号）05月10日-01号,議長（家森茂樹君）,議長,家森茂樹,議長,改め、同項第２号中「生活文化・土木交通常任委員会」を「政策・土木交通常任委員会」に改め、同項第５号中「文教警察・企業常任委員会　10人」を「文教・警察常任委員会　９人」に、,NULL,NULL,NULL
230510_364,滋賀県,平成２３年５月,01,23,5,10,臨時,平成２３年５月臨時会（第10号～第11号）05月10日-01号,議長（家森茂樹君）,議長,家森茂樹,議長,「公安委員会の所管に属する事項,NULL,NULL,NULL
230510_365,滋賀県,平成２３年５月,01,23,5,10,臨時,平成２３年５月臨時会（第10号～第11号）05月10日-01号,議長（家森茂樹君）,議長,家森茂樹,議長,を「公安委員会の所管に属する事項」に改める。,NULL,NULL,NULL
230510_366,滋賀県,平成２３年５月,01,23,5,10,臨時,平成２３年５月臨時会（第10号～第11号）05月10日-01号,議長（家森茂樹君）,議長,家森茂樹,議長,企業庁の所管に属する事項　　」,NULL,NULL,NULL
230510_367,滋賀県,平成２３年５月,01,23,5,10,臨時,平成２３年５月臨時会（第10号～第11号）05月10日-01号,議長（家森茂樹君）,議長,家森茂樹,議長,付　則,NULL,NULL,NULL
230510_368,滋賀県,平成２３年５月,01,23,5,10,臨時,平成２３年５月臨時会（第10号～第11号）05月10日-01号,議長（家森茂樹君）,議長,家森茂樹,議長,この条例は、公布の日から施行する。,NULL,NULL,NULL
230510_369,滋賀県,平成２３年５月,01,23,5,10,臨時,平成２３年５月臨時会（第10号～第11号）05月10日-01号,議長（家森茂樹君）,議長,家森茂樹,議長,──────────────────────────────,NULL,NULL,NULL
230510_370,滋賀県,平成２３年５月,01,23,5,10,臨時,平成２３年５月臨時会（第10号～第11号）05月10日-01号,議長（家森茂樹君）,議長,家森茂樹,議長,お諮りいたします。,NULL,NULL,NULL
230510_371,滋賀県,平成２３年５月,01,23,5,10,臨時,平成２３年５月臨時会（第10号～第11号）05月10日-01号,議長（家森茂樹君）,議長,家森茂樹,議長,会第５号議案については、提出者の説明、質疑、委員会付託および討論を省略して、直ちに採決いたしたいと思いますが、これに御異議ありませんか。,NULL,NULL,NULL
230510_372,滋賀県,平成２３年５月,01,23,5,10,臨時,平成２３年５月臨時会（第10号～第11号）05月10日-01号,議長（家森茂樹君）,議長,家森茂樹,議長,（「異議なし」）,NULL,NULL,NULL
230510_373,滋賀県,平成２３年５月,01,23,5,10,臨時,平成２３年５月臨時会（第10号～第11号）05月10日-01号,議長（家森茂樹君）,議長,家森茂樹,議長,御異議なしと認めます。,NULL,NULL,NULL
230510_374,滋賀県,平成２３年５月,01,23,5,10,臨時,平成２３年５月臨時会（第10号～第11号）05月10日-01号,議長（家森茂樹君）,議長,家森茂樹,議長,よって、直ちに採決いたします。,NULL,NULL,NULL
230510_375,滋賀県,平成２３年５月,01,23,5,10,臨時,平成２３年５月臨時会（第10号～第11号）05月10日-01号,議長（家森茂樹君）,議長,家森茂樹,議長,会第５号滋賀県議会委員会条例の一部を改正する条例案を原案のとおり可決するに賛成の方は、御起立願います。,NULL,NULL,NULL
230510_376,滋賀県,平成２３年５月,01,23,5,10,臨時,平成２３年５月臨時会（第10号～第11号）05月10日-01号,議長（家森茂樹君）,議長,家森茂樹,議長,〔賛成者　起立〕,NULL,NULL,NULL
230510_377,滋賀県,平成２３年５月,01,23,5,10,臨時,平成２３年５月臨時会（第10号～第11号）05月10日-01号,議長（家森茂樹君）,議長,家森茂樹,議長,御着席願います。,NULL,NULL,NULL
230510_378,滋賀県,平成２３年５月,01,23,5,10,臨時,平成２３年５月臨時会（第10号～第11号）05月10日-01号,議長（家森茂樹君）,議長,家森茂樹,議長,起立全員であります。,NULL,NULL,NULL
230510_379,滋賀県,平成２３年５月,01,23,5,10,臨時,平成２３年５月臨時会（第10号～第11号）05月10日-01号,議長（家森茂樹君）,議長,家森茂樹,議長,よって、会第５号議案は、原案のとおり可決いたしました。,NULL,NULL,NULL
230510_380,滋賀県,平成２３年５月,01,23,5,10,臨時,平成２３年５月臨時会（第10号～第11号）05月10日-01号,議長（家森茂樹君）,議長,家森茂樹,議長,────────────────,NULL,NULL,NULL
230510_381,滋賀県,平成２３年５月,01,23,5,10,臨時,平成２３年５月臨時会（第10号～第11号）05月10日-01号,議長（家森茂樹君）,議長,家森茂樹,議長,△常任委員会委員および議会運営委員会委員の選任,NULL,NULL,NULL
230510_382,滋賀県,平成２３年５月,01,23,5,10,臨時,平成２３年５月臨時会（第10号～第11号）05月10日-01号,議長（家森茂樹君）,議長,家森茂樹,議長,日程第８、常任委員会委員および議会運営委員会委員の選任の件を議題といたします。,NULL,NULL,NULL
230510_383,滋賀県,平成２３年５月,01,23,5,10,臨時,平成２３年５月臨時会（第10号～第11号）05月10日-01号,議長（家森茂樹君）,議長,家森茂樹,議長,お諮りいたします。,NULL,NULL,NULL
230510_384,滋賀県,平成２３年５月,01,23,5,10,臨時,平成２３年５月臨時会（第10号～第11号）05月10日-01号,議長（家森茂樹君）,議長,家森茂樹,議長,本件については、委員会条例第５条第１項の規定により、お手元に配付いたしました一覧表のとおり指名いたしたいと思いますが、これに御異議ありませんか。,NULL,NULL,NULL
230510_385,滋賀県,平成２３年５月,01,23,5,10,臨時,平成２３年５月臨時会（第10号～第11号）05月10日-01号,議長（家森茂樹君）,議長,家森茂樹,議長,（「異議なし」）,NULL,NULL,NULL
230510_386,滋賀県,平成２３年５月,01,23,5,10,臨時,平成２３年５月臨時会（第10号～第11号）05月10日-01号,議長（家森茂樹君）,議長,家森茂樹,議長,御異議なしと認めます。,NULL,NULL,NULL
230510_387,滋賀県,平成２３年５月,01,23,5,10,臨時,平成２３年５月臨時会（第10号～第11号）05月10日-01号,議長（家森茂樹君）,議長,家森茂樹,議長,よって、そのように決定いたしました。,NULL,NULL,NULL
230510_388,滋賀県,平成２３年５月,01,23,5,10,臨時,平成２３年５月臨時会（第10号～第11号）05月10日-01号,議長（家森茂樹君）,議長,家森茂樹,議長,（「議長、32番、動議」）,NULL,NULL,NULL
230510_389,滋賀県,平成２３年５月,01,23,5,10,臨時,平成２３年５月臨時会（第10号～第11号）05月10日-01号,議長（家森茂樹君）,議長,家森茂樹,議長,───────────────────────────────,NULL,NULL,NULL
230510_390,滋賀県,平成２３年５月,01,23,5,10,臨時,平成２３年５月臨時会（第10号～第11号）05月10日-01号,議長（家森茂樹君）,議長,家森茂樹,議長,常任委員会および議会運営委員会委員一覧表,NULL,NULL,NULL
230510_391,滋賀県,平成２３年５月,01,23,5,10,臨時,平成２３年５月臨時会（第10号～第11号）05月10日-01号,議長（家森茂樹君）,議長,家森茂樹,議長,<pre>┌───────────────┬─────────────────────────────┐,NULL,NULL,NULL
230510_392,滋賀県,平成２３年５月,01,23,5,10,臨時,平成２３年５月臨時会（第10号～第11号）05月10日-01号,議長（家森茂樹君）,議長,家森茂樹,議長,│ 　　委　　員　　会　　名　　 │　　　　　　　　委　　　　　　　　　　　員　　　　　　　　│,NULL,NULL,NULL
230510_393,滋賀県,平成２３年５月,01,23,5,10,臨時,平成２３年５月臨時会（第10号～第11号）05月10日-01号,議長（家森茂樹君）,議長,家森茂樹,議長,├───────────────┼─────────────────────────────┤,NULL,NULL,NULL
230510_394,滋賀県,平成２３年５月,01,23,5,10,臨時,平成２３年５月臨時会（第10号～第11号）05月10日-01号,議長（家森茂樹君）,議長,家森茂樹,議長,│総務・企業常任委員会　　　　　│　　目　片　信　悟　　大　野　和三郎　　清　水　鉄　次　　│,NULL,NULL,NULL
230510_395,滋賀県,平成２３年５月,01,23,5,10,臨時,平成２３年５月臨時会（第10号～第11号）05月10日-01号,議長（家森茂樹君）,議長,家森茂樹,議長,│　　　　　　　　　　　　　　　│　　九　里　　　学　　宇　野　太佳司　　小　寺　裕　雄　　│,NULL,NULL,NULL
230510_396,滋賀県,平成２３年５月,01,23,5,10,臨時,平成２３年５月臨時会（第10号～第11号）05月10日-01号,議長（家森茂樹君）,議長,家森茂樹,議長,│　　　　　　　　　　　　　　　│　　佐　野　高　典　　蔦　田　恵　子　　梅　村　　　正　　│,NULL,NULL,NULL
230510_397,滋賀県,平成２３年５月,01,23,5,10,臨時,平成２３年５月臨時会（第10号～第11号）05月10日-01号,議長（家森茂樹君）,議長,家森茂樹,議長,│　　　　　　　　　　　　　　　├─────────────────────────────┤,NULL,NULL,NULL
230510_398,滋賀県,平成２３年５月,01,23,5,10,臨時,平成２３年５月臨時会（第10号～第11号）05月10日-01号,議長（家森茂樹君）,議長,家森茂樹,議長,│　　　　　　　　　　　　　　　│　　西　川　勝　彦　　　　　　　　　　　　　　　　　　　　│,NULL,NULL,NULL
230510_399,滋賀県,平成２３年５月,01,23,5,10,臨時,平成２３年５月臨時会（第10号～第11号）05月10日-01号,議長（家森茂樹君）,議長,家森茂樹,議長,├───────────────┼─────────────────────────────┤,NULL,NULL,NULL
230510_400,滋賀県,平成２３年５月,01,23,5,10,臨時,平成２３年５月臨時会（第10号～第11号）05月10日-01号,議長（家森茂樹君）,議長,家森茂樹,議長,│政策・土木交通常任委員会　　　│　　青　木　甚　浩　　山　本　　　正　　井　阪　尚　司　　│,NULL,NULL,NULL
230510_401,滋賀県,平成２３年５月,01,23,5,10,臨時,平成２３年５月臨時会（第10号～第11号）05月10日-01号,議長（家森茂樹君）,議長,家森茂樹,議長,│　　　　　　　　　　　　　　　│　　今　江　政　彦　　粉　川　清　美　　細　江　正　人　　│,NULL,NULL,NULL
230510_402,滋賀県,平成２３年５月,01,23,5,10,臨時,平成２３年５月臨時会（第10号～第11号）05月10日-01号,議長（家森茂樹君）,議長,家森茂樹,議長,│　　　　　　　　　　　　　　　│　　生　田　邦　夫　　西　村　久　子　　赤　堀　義　次　　│,NULL,NULL,NULL
230510_403,滋賀県,平成２３年５月,01,23,5,10,臨時,平成２３年５月臨時会（第10号～第11号）05月10日-01号,議長（家森茂樹君）,議長,家森茂樹,議長,├───────────────┼─────────────────────────────┤,NULL,NULL,NULL
230510_404,滋賀県,平成２３年５月,01,23,5,10,臨時,平成２３年５月臨時会（第10号～第11号）05月10日-01号,議長（家森茂樹君）,議長,家森茂樹,議長,│環境・農水常任委員会　　　　　│　　有　村　國　俊　　富　田　博　明　　木　沢　成　人　　│,NULL,NULL,NULL
230510_405,滋賀県,平成２３年５月,01,23,5,10,臨時,平成２３年５月臨時会（第10号～第11号）05月10日-01号,議長（家森茂樹君）,議長,家森茂樹,議長,│　　　　　　　　　　　　　　　│　　野　田　藤　雄　　石　田　祐　介　　家　森　茂　樹　　│,NULL,NULL,NULL
230510_406,滋賀県,平成２３年５月,01,23,5,10,臨時,平成２３年５月臨時会（第10号～第11号）05月10日-01号,議長（家森茂樹君）,議長,家森茂樹,議長,│　　　　　　　　　　　　　　　│　　大　井　豊　　　　中　沢　啓　子　　沢　田　享　子　　│,NULL,NULL,NULL
230510_407,滋賀県,平成２３年５月,01,23,5,10,臨時,平成２３年５月臨時会（第10号～第11号）05月10日-01号,議長（家森茂樹君）,議長,家森茂樹,議長,├───────────────┼─────────────────────────────┤,NULL,NULL,NULL
230510_408,滋賀県,平成２３年５月,01,23,5,10,臨時,平成２３年５月臨時会（第10号～第11号）05月10日-01号,議長（家森茂樹君）,議長,家森茂樹,議長,│厚生・産業常任委員会　　　　　│　　佐　藤　健　司　　駒　井　千　代　　柴　田　智恵美　　│,NULL,NULL,NULL
230510_409,滋賀県,平成２３年５月,01,23,5,10,臨時,平成２３年５月臨時会（第10号～第11号）05月10日-01号,議長（家森茂樹君）,議長,家森茂樹,議長,│　　　　　　　　　　　　　　　│　　江　畑　弥八郎　　高　木　健　三　　川　島　隆　二　　│,NULL,NULL,NULL
230510_410,滋賀県,平成２３年５月,01,23,5,10,臨時,平成２３年５月臨時会（第10号～第11号）05月10日-01号,議長（家森茂樹君）,議長,家森茂樹,議長,│　　　　　　　　　　　　　　　│　　山　田　和　廣　　吉　田　清　一　　三　浦　治　雄　　│,NULL,NULL,NULL
230510_411,滋賀県,平成２３年５月,01,23,5,10,臨時,平成２３年５月臨時会（第10号～第11号）05月10日-01号,議長（家森茂樹君）,議長,家森茂樹,議長,│　　　　　　　　　　　　　　　│　　谷　　　康　彦　　　　　　　　　　　　　　　　　　　　│,NULL,NULL,NULL
230510_412,滋賀県,平成２３年５月,01,23,5,10,臨時,平成２３年５月臨時会（第10号～第11号）05月10日-01号,議長（家森茂樹君）,議長,家森茂樹,議長,├───────────────┼─────────────────────────────┤,NULL,NULL,NULL
230510_413,滋賀県,平成２３年５月,01,23,5,10,臨時,平成２３年５月臨時会（第10号～第11号）05月10日-01号,議長（家森茂樹君）,議長,家森茂樹,議長,│文教・警察常任委員会　　　　　│　　岩　佐　弘　明　　山　本　進　一　　大　橋　通　伸　　│,NULL,NULL,NULL
230510_414,滋賀県,平成２３年５月,01,23,5,10,臨時,平成２３年５月臨時会（第10号～第11号）05月10日-01号,議長（家森茂樹君）,議長,家森茂樹,議長,│　　　　　　　　　　　　　　　│　　冨　波　義　明　　成　田　政　隆　　奥　村　芳　正　　│,NULL,NULL,NULL
230510_415,滋賀県,平成２３年５月,01,23,5,10,臨時,平成２３年５月臨時会（第10号～第11号）05月10日-01号,議長（家森茂樹君）,議長,家森茂樹,議長,│　　　　　　　　　　　　　　　│　　宇　賀　　　武　　辻　村　　　克　　山　田　実　　　　│,NULL,NULL,NULL
230510_416,滋賀県,平成２３年５月,01,23,5,10,臨時,平成２３年５月臨時会（第10号～第11号）05月10日-01号,議長（家森茂樹君）,議長,家森茂樹,議長,├───────────────┼─────────────────────────────┤,NULL,NULL,NULL
230510_417,滋賀県,平成２３年５月,01,23,5,10,臨時,平成２３年５月臨時会（第10号～第11号）05月10日-01号,議長（家森茂樹君）,議長,家森茂樹,議長,│議会運営委員会　　　　　　　　│　　今　江　政　彦　　高　木　健　三　　川　島　隆　二　　│,NULL,NULL,NULL
230510_418,滋賀県,平成２３年５月,01,23,5,10,臨時,平成２３年５月臨時会（第10号～第11号）05月10日-01号,議長（家森茂樹君）,議長,家森茂樹,議長,│　　　　　　　　　　　　　　　│　　石　田　祐　介　　宇　賀　　　武　　三　浦　治　雄　　│,NULL,NULL,NULL
230510_419,滋賀県,平成２３年５月,01,23,5,10,臨時,平成２３年５月臨時会（第10号～第11号）05月10日-01号,議長（家森茂樹君）,議長,家森茂樹,議長,│　　　　　　　　　　　　　　　│　　西　川　勝　彦　　谷　　　康　彦　　沢　田　享　子　　│,NULL,NULL,NULL
230510_420,滋賀県,平成２３年５月,01,23,5,10,臨時,平成２３年５月臨時会（第10号～第11号）05月10日-01号,議長（家森茂樹君）,議長,家森茂樹,議長,└───────────────┴─────────────────────────────┘</pre>,NULL,NULL,NULL
230510_421,滋賀県,平成２３年５月,01,23,5,10,臨時,平成２３年５月臨時会（第10号～第11号）05月10日-01号,議長（家森茂樹君）,議長,家森茂樹,議長,───────────────────────────────,NULL,NULL,NULL
230510_422,滋賀県,平成２３年５月,01,23,5,10,臨時,平成２３年５月臨時会（第10号～第11号）05月10日-01号,議長（家森茂樹君）,議長,家森茂樹,議長,△特別委員会設置についての動議（宇賀武君提出）,NULL,NULL,NULL
230510_423,滋賀県,平成２３年５月,01,23,5,10,臨時,平成２３年５月臨時会（第10号～第11号）05月10日-01号,32番（宇賀武君）,2500070000039,宇賀武,32番,（登壇）この際、特別委員会の設置につきまして、動議を提出いたします。,NULL,NULL,NULL
230510_424,滋賀県,平成２３年５月,01,23,5,10,臨時,平成２３年５月臨時会（第10号～第11号）05月10日-01号,32番（宇賀武君）,2500070000039,宇賀武,32番,新しい県議会の発足に当たりまして、県政が直面する課題のうち、喫緊に取り組む必要性がある重要課題について調査研究するため、特別委員会を設置し、県民の負託にこたえるべきであると考えております。,NULL,NULL,NULL
230510_425,滋賀県,平成２３年５月,01,23,5,10,臨時,平成２３年５月臨時会（第10号～第11号）05月10日-01号,32番（宇賀武君）,2500070000039,宇賀武,32番,そこで、防災対策特別委員会、委員定数11名、経済雇用対策特別委員会、委員定数11名、地方分権・行財政対策特別委員会、委員定数11名、温暖化・流域治水対策特別委員会、委員定数11名の４つの特別委員会を設置の上、それぞれお手元の文書のとおり調査事項を付託して、その調査が終了するまでの間、閉会中も継続して調査されますことを希望いたします。,NULL,NULL,NULL
230510_426,滋賀県,平成２３年５月,01,23,5,10,臨時,平成２３年５月臨時会（第10号～第11号）05月10日-01号,32番（宇賀武君）,2500070000039,宇賀武,32番,議員各位におかれましては、本動議に対しまして御賛同を賜りますよう、よろしくお願い申し上げます。,NULL,NULL,NULL
230510_427,滋賀県,平成２３年５月,01,23,5,10,臨時,平成２３年５月臨時会（第10号～第11号）05月10日-01号,32番（宇賀武君）,2500070000039,宇賀武,32番,以上であります。,NULL,NULL,NULL
230510_428,滋賀県,平成２３年５月,01,23,5,10,臨時,平成２３年５月臨時会（第10号～第11号）05月10日-01号,32番（宇賀武君）,2500070000039,宇賀武,32番,（「賛成」）,NULL,NULL,NULL
230510_429,滋賀県,平成２３年５月,01,23,5,10,臨時,平成２３年５月臨時会（第10号～第11号）05月10日-01号,32番（宇賀武君）,2500070000039,宇賀武,32番,───────────────────────────────,NULL,NULL,NULL
230510_430,滋賀県,平成２３年５月,01,23,5,10,臨時,平成２３年５月臨時会（第10号～第11号）05月10日-01号,32番（宇賀武君）,2500070000039,宇賀武,32番,特別委員会付議事件,NULL,NULL,NULL
230510_431,滋賀県,平成２３年５月,01,23,5,10,臨時,平成２３年５月臨時会（第10号～第11号）05月10日-01号,32番（宇賀武君）,2500070000039,宇賀武,32番,１．防災対策特別委員会,NULL,NULL,NULL
230510_432,滋賀県,平成２３年５月,01,23,5,10,臨時,平成２３年５月臨時会（第10号～第11号）05月10日-01号,32番（宇賀武君）,2500070000039,宇賀武,32番,防災・危機管理対策に関する調査研究,NULL,NULL,NULL
230510_433,滋賀県,平成２３年５月,01,23,5,10,臨時,平成２３年５月臨時会（第10号～第11号）05月10日-01号,32番（宇賀武君）,2500070000039,宇賀武,32番,２．経済雇用対策特別委員会,NULL,NULL,NULL
230510_434,滋賀県,平成２３年５月,01,23,5,10,臨時,平成２３年５月臨時会（第10号～第11号）05月10日-01号,32番（宇賀武君）,2500070000039,宇賀武,32番,緊急生活・経済・雇用対策および地域産業の活性化に関する調査研究,NULL,NULL,NULL
230510_435,滋賀県,平成２３年５月,01,23,5,10,臨時,平成２３年５月臨時会（第10号～第11号）05月10日-01号,32番（宇賀武君）,2500070000039,宇賀武,32番,３．地方分権・行財政対策特別委員会,NULL,NULL,NULL
230510_436,滋賀県,平成２３年５月,01,23,5,10,臨時,平成２３年５月臨時会（第10号～第11号）05月10日-01号,32番（宇賀武君）,2500070000039,宇賀武,32番,地方分権の推進および行財政改革に関する調査研究,NULL,NULL,NULL
230510_437,滋賀県,平成２３年５月,01,23,5,10,臨時,平成２３年５月臨時会（第10号～第11号）05月10日-01号,32番（宇賀武君）,2500070000039,宇賀武,32番,４．温暖化・流域治水対策特別委員会,NULL,NULL,NULL
230510_438,滋賀県,平成２３年５月,01,23,5,10,臨時,平成２３年５月臨時会（第10号～第11号）05月10日-01号,32番（宇賀武君）,2500070000039,宇賀武,32番,地球温暖化および流域治水対策に関する調査研究,NULL,NULL,NULL
230510_439,滋賀県,平成２３年５月,01,23,5,10,臨時,平成２３年５月臨時会（第10号～第11号）05月10日-01号,32番（宇賀武君）,2500070000039,宇賀武,32番,───────────────────────────────,NULL,NULL,NULL
230510_440,滋賀県,平成２３年５月,01,23,5,10,臨時,平成２３年５月臨時会（第10号～第11号）05月10日-01号,議長（家森茂樹君）,議長,家森茂樹,議長,ただいま、32番宇賀武君から提出された動議には、所定の賛成者がありますので、動議は成立いたしました。,NULL,NULL,NULL
230510_441,滋賀県,平成２３年５月,01,23,5,10,臨時,平成２３年５月臨時会（第10号～第11号）05月10日-01号,議長（家森茂樹君）,議長,家森茂樹,議長,お諮りいたします。,NULL,NULL,NULL
230510_442,滋賀県,平成２３年５月,01,23,5,10,臨時,平成２３年５月臨時会（第10号～第11号）05月10日-01号,議長（家森茂樹君）,議長,家森茂樹,議長,この際、本動議を日程に追加し、直ちに議題とすることに御異議ありませんか。,NULL,NULL,NULL
230510_443,滋賀県,平成２３年５月,01,23,5,10,臨時,平成２３年５月臨時会（第10号～第11号）05月10日-01号,議長（家森茂樹君）,議長,家森茂樹,議長,（「異議なし」）,NULL,NULL,NULL
230510_444,滋賀県,平成２３年５月,01,23,5,10,臨時,平成２３年５月臨時会（第10号～第11号）05月10日-01号,議長（家森茂樹君）,議長,家森茂樹,議長,御異議なしと認めます。,NULL,NULL,NULL
230510_445,滋賀県,平成２３年５月,01,23,5,10,臨時,平成２３年５月臨時会（第10号～第11号）05月10日-01号,議長（家森茂樹君）,議長,家森茂樹,議長,よって本動議を日程に追加し、直ちに議題とすることに決定いたしました。,NULL,NULL,NULL
230510_446,滋賀県,平成２３年５月,01,23,5,10,臨時,平成２３年５月臨時会（第10号～第11号）05月10日-01号,議長（家森茂樹君）,議長,家森茂樹,議長,本動議を議題といたします。,NULL,NULL,NULL
230510_447,滋賀県,平成２３年５月,01,23,5,10,臨時,平成２３年５月臨時会（第10号～第11号）05月10日-01号,議長（家森茂樹君）,議長,家森茂樹,議長,お諮りいたします。,NULL,NULL,NULL
230510_448,滋賀県,平成２３年５月,01,23,5,10,臨時,平成２３年５月臨時会（第10号～第11号）05月10日-01号,議長（家森茂樹君）,議長,家森茂樹,議長,本動議のとおり可決するに賛成の方は、御起立願います。,NULL,NULL,NULL
230510_449,滋賀県,平成２３年５月,01,23,5,10,臨時,平成２３年５月臨時会（第10号～第11号）05月10日-01号,議長（家森茂樹君）,議長,家森茂樹,議長,〔賛成者　起立〕,NULL,NULL,NULL
230510_450,滋賀県,平成２３年５月,01,23,5,10,臨時,平成２３年５月臨時会（第10号～第11号）05月10日-01号,議長（家森茂樹君）,議長,家森茂樹,議長,御着席願います。,NULL,NULL,NULL
230510_451,滋賀県,平成２３年５月,01,23,5,10,臨時,平成２３年５月臨時会（第10号～第11号）05月10日-01号,議長（家森茂樹君）,議長,家森茂樹,議長,起立全員であります。,NULL,NULL,NULL
230510_452,滋賀県,平成２３年５月,01,23,5,10,臨時,平成２３年５月臨時会（第10号～第11号）05月10日-01号,議長（家森茂樹君）,議長,家森茂樹,議長,よって、そのように決定いたしました。,NULL,NULL,NULL
230510_453,滋賀県,平成２３年５月,01,23,5,10,臨時,平成２３年５月臨時会（第10号～第11号）05月10日-01号,議長（家森茂樹君）,議長,家森茂樹,議長,────────────────,NULL,NULL,NULL
230510_454,滋賀県,平成２３年５月,01,23,5,10,臨時,平成２３年５月臨時会（第10号～第11号）05月10日-01号,議長（家森茂樹君）,議長,家森茂樹,議長,△特別委員会委員の選任,NULL,NULL,NULL
230510_455,滋賀県,平成２３年５月,01,23,5,10,臨時,平成２３年５月臨時会（第10号～第11号）05月10日-01号,議長（家森茂樹君）,議長,家森茂樹,議長,次に、特別委員会委員の選任を行います。,NULL,NULL,NULL
230510_456,滋賀県,平成２３年５月,01,23,5,10,臨時,平成２３年５月臨時会（第10号～第11号）05月10日-01号,議長（家森茂樹君）,議長,家森茂樹,議長,委員の選任については、委員会条例第５条第１項の規定により、本職から指名いたします。,NULL,NULL,NULL
230510_457,滋賀県,平成２３年５月,01,23,5,10,臨時,平成２３年５月臨時会（第10号～第11号）05月10日-01号,議長（家森茂樹君）,議長,家森茂樹,議長,これより、その一覧表を職員に配付させます。,NULL,NULL,NULL
230510_458,滋賀県,平成２３年５月,01,23,5,10,臨時,平成２３年５月臨時会（第10号～第11号）05月10日-01号,議長（家森茂樹君）,議長,家森茂樹,議長,（「特別委員会委員一覧表」配付）,NULL,NULL,NULL
230510_459,滋賀県,平成２３年５月,01,23,5,10,臨時,平成２３年５月臨時会（第10号～第11号）05月10日-01号,議長（家森茂樹君）,議長,家森茂樹,議長,───────────────────────────────,NULL,NULL,NULL
230510_460,滋賀県,平成２３年５月,01,23,5,10,臨時,平成２３年５月臨時会（第10号～第11号）05月10日-01号,議長（家森茂樹君）,議長,家森茂樹,議長,特　別　委　員　会　委　員　一　覧　表,NULL,NULL,NULL
230510_461,滋賀県,平成２３年５月,01,23,5,10,臨時,平成２３年５月臨時会（第10号～第11号）05月10日-01号,議長（家森茂樹君）,議長,家森茂樹,議長,<pre>┌───────────────┬─────────────────────────────┐,NULL,NULL,NULL
230510_462,滋賀県,平成２３年５月,01,23,5,10,臨時,平成２３年５月臨時会（第10号～第11号）05月10日-01号,議長（家森茂樹君）,議長,家森茂樹,議長,│ 　　委　　員　　会　　名　　 │　　　　　　　　委　　　　　　　　　　　員　　　　　　　　│,NULL,NULL,NULL
230510_463,滋賀県,平成２３年５月,01,23,5,10,臨時,平成２３年５月臨時会（第10号～第11号）05月10日-01号,議長（家森茂樹君）,議長,家森茂樹,議長,├───────────────┼─────────────────────────────┤,NULL,NULL,NULL
230510_464,滋賀県,平成２３年５月,01,23,5,10,臨時,平成２３年５月臨時会（第10号～第11号）05月10日-01号,議長（家森茂樹君）,議長,家森茂樹,議長,│防災対策特別委員会　　　　　　│　　佐　藤　健　司　　有　村　國　俊　　大　橋　通　伸　　│,NULL,NULL,NULL
230510_465,滋賀県,平成２３年５月,01,23,5,10,臨時,平成２３年５月臨時会（第10号～第11号）05月10日-01号,議長（家森茂樹君）,議長,家森茂樹,議長,│　　　　　　　　　　　　　　　│　　井　阪　尚　司　　柴　田　智恵美　　細　江　正　人　　│,NULL,NULL,NULL
230510_466,滋賀県,平成２３年５月,01,23,5,10,臨時,平成２３年５月臨時会（第10号～第11号）05月10日-01号,議長（家森茂樹君）,議長,家森茂樹,議長,│　　　　　　　　　　　　　　　│　　川　島　隆　二　　西　村　久　子　　蔦　田　恵　子　　│,NULL,NULL,NULL
230510_467,滋賀県,平成２３年５月,01,23,5,10,臨時,平成２３年５月臨時会（第10号～第11号）05月10日-01号,議長（家森茂樹君）,議長,家森茂樹,議長,│　　　　　　　　　　　　　　　│　　梅　村　　　正　　中　沢　啓　子　　　　　　　　　　　│,NULL,NULL,NULL
230510_468,滋賀県,平成２３年５月,01,23,5,10,臨時,平成２３年５月臨時会（第10号～第11号）05月10日-01号,議長（家森茂樹君）,議長,家森茂樹,議長,├───────────────┼─────────────────────────────┤,NULL,NULL,NULL
230510_469,滋賀県,平成２３年５月,01,23,5,10,臨時,平成２３年５月臨時会（第10号～第11号）05月10日-01号,議長（家森茂樹君）,議長,家森茂樹,議長,│経済雇用対策特別委員会　　　　│　　山　本　進　一　　富　田　博　明　　清　水　鉄　次　　│,NULL,NULL,NULL
230510_470,滋賀県,平成２３年５月,01,23,5,10,臨時,平成２３年５月臨時会（第10号～第11号）05月10日-01号,議長（家森茂樹君）,議長,家森茂樹,議長,│　　　　　　　　　　　　　　　│　　今　江　政　彦　　木　沢　成　人　　宇　野　太佳司　　│,NULL,NULL,NULL
230510_471,滋賀県,平成２３年５月,01,23,5,10,臨時,平成２３年５月臨時会（第10号～第11号）05月10日-01号,議長（家森茂樹君）,議長,家森茂樹,議長,│　　　　　　　　　　　　　　　│　　生　田　邦　夫　　野　田　藤　雄　　赤　堀　義　次　　│,NULL,NULL,NULL
230510_472,滋賀県,平成２３年５月,01,23,5,10,臨時,平成２３年５月臨時会（第10号～第11号）05月10日-01号,議長（家森茂樹君）,議長,家森茂樹,議長,│　　　　　　　　　　　　　　　│　　西　川　勝　彦　　大　井　豊　　　　　　　　　　　　　│,NULL,NULL,NULL
230510_473,滋賀県,平成２３年５月,01,23,5,10,臨時,平成２３年５月臨時会（第10号～第11号）05月10日-01号,議長（家森茂樹君）,議長,家森茂樹,議長,├───────────────┼─────────────────────────────┤,NULL,NULL,NULL
230510_474,滋賀県,平成２３年５月,01,23,5,10,臨時,平成２３年５月臨時会（第10号～第11号）05月10日-01号,議長（家森茂樹君）,議長,家森茂樹,議長,│地方分権・行財政対策特別委員会│　　青　木　甚　浩　　大野和　三　郎　　岩　佐　弘　明　　│,NULL,NULL,NULL
230510_475,滋賀県,平成２３年５月,01,23,5,10,臨時,平成２３年５月臨時会（第10号～第11号）05月10日-01号,議長（家森茂樹君）,議長,家森茂樹,議長,│　　　　　　　　　　　　　　　│　　山　本　正　　　　駒　井　千　代　　九　里　学　　　　│,NULL,NULL,NULL
230510_476,滋賀県,平成２３年５月,01,23,5,10,臨時,平成２３年５月臨時会（第10号～第11号）05月10日-01号,議長（家森茂樹君）,議長,家森茂樹,議長,│　　　　　　　　　　　　　　　│　　粉　川　清　美　　小　寺　裕　雄　　奥　村　芳　正　　│,NULL,NULL,NULL
230510_477,滋賀県,平成２３年５月,01,23,5,10,臨時,平成２３年５月臨時会（第10号～第11号）05月10日-01号,議長（家森茂樹君）,議長,家森茂樹,議長,│　　　　　　　　　　　　　　　│　　三　浦　治　雄　　谷　　　康　彦　　　　　　　　　　　│,NULL,NULL,NULL
230510_478,滋賀県,平成２３年５月,01,23,5,10,臨時,平成２３年５月臨時会（第10号～第11号）05月10日-01号,議長（家森茂樹君）,議長,家森茂樹,議長,├───────────────┼─────────────────────────────┤,NULL,NULL,NULL
230510_479,滋賀県,平成２３年５月,01,23,5,10,臨時,平成２３年５月臨時会（第10号～第11号）05月10日-01号,議長（家森茂樹君）,議長,家森茂樹,議長,│温暖化・流域治水対策特別委員会│　　目　片　信　悟　　冨　波　義　明　　成　田　政　隆　　│,NULL,NULL,NULL
230510_480,滋賀県,平成２３年５月,01,23,5,10,臨時,平成２３年５月臨時会（第10号～第11号）05月10日-01号,議長（家森茂樹君）,議長,家森茂樹,議長,│　　　　　　　　　　　　　　　│　　江　畑　弥八郎　　高　木　健　三　　石　田　祐　介　　│,NULL,NULL,NULL
230510_481,滋賀県,平成２３年５月,01,23,5,10,臨時,平成２３年５月臨時会（第10号～第11号）05月10日-01号,議長（家森茂樹君）,議長,家森茂樹,議長,│　　　　　　　　　　　　　　　│　　宇　賀　　　武　　吉　田　清　一　　辻　村　　　克　　│,NULL,NULL,NULL
230510_482,滋賀県,平成２３年５月,01,23,5,10,臨時,平成２３年５月臨時会（第10号～第11号）05月10日-01号,議長（家森茂樹君）,議長,家森茂樹,議長,│　　　　　　　　　　　　　　　│　　山　田　　　実　　沢　田　享　子　　　　　　　　　　　│,NULL,NULL,NULL
230510_483,滋賀県,平成２３年５月,01,23,5,10,臨時,平成２３年５月臨時会（第10号～第11号）05月10日-01号,議長（家森茂樹君）,議長,家森茂樹,議長,└───────────────┴─────────────────────────────┘</pre>,NULL,NULL,NULL
230510_484,滋賀県,平成２３年５月,01,23,5,10,臨時,平成２３年５月臨時会（第10号～第11号）05月10日-01号,議長（家森茂樹君）,議長,家森茂樹,議長,───────────────────────────────,NULL,NULL,NULL
230510_485,滋賀県,平成２３年５月,01,23,5,10,臨時,平成２３年５月臨時会（第10号～第11号）05月10日-01号,議長（家森茂樹君）,議長,家森茂樹,議長,お諮りいたします。,NULL,NULL,NULL
230510_486,滋賀県,平成２３年５月,01,23,5,10,臨時,平成２３年５月臨時会（第10号～第11号）05月10日-01号,議長（家森茂樹君）,議長,家森茂樹,議長,ただいまお手元に配付いたしました一覧表のとおり指名いたしたいと思いますが、これに御異議ありませんか。,NULL,NULL,NULL
230510_487,滋賀県,平成２３年５月,01,23,5,10,臨時,平成２３年５月臨時会（第10号～第11号）05月10日-01号,議長（家森茂樹君）,議長,家森茂樹,議長,（「異議なし」）,NULL,NULL,NULL
230510_488,滋賀県,平成２３年５月,01,23,5,10,臨時,平成２３年５月臨時会（第10号～第11号）05月10日-01号,議長（家森茂樹君）,議長,家森茂樹,議長,御異議なしと認めます。,NULL,NULL,NULL
230510_489,滋賀県,平成２３年５月,01,23,5,10,臨時,平成２３年５月臨時会（第10号～第11号）05月10日-01号,議長（家森茂樹君）,議長,家森茂樹,議長,よって、そのように決定いたしました。,NULL,NULL,NULL
230510_490,滋賀県,平成２３年５月,01,23,5,10,臨時,平成２３年５月臨時会（第10号～第11号）05月10日-01号,議長（家森茂樹君）,議長,家森茂樹,議長,────────────────,NULL,NULL,NULL
230510_491,滋賀県,平成２３年５月,01,23,5,10,臨時,平成２３年５月臨時会（第10号～第11号）05月10日-01号,議長（家森茂樹君）,議長,家森茂樹,議長,△説明員の出席要求について,NULL,NULL,NULL
230510_492,滋賀県,平成２３年５月,01,23,5,10,臨時,平成２３年５月臨時会（第10号～第11号）05月10日-01号,議長（家森茂樹君）,議長,家森茂樹,議長,この際、本臨時会の説明員として、お手元に配付いたしておきました文書のとおり、出席を要求いたします。,NULL,NULL,NULL
230510_493,滋賀県,平成２３年５月,01,23,5,10,臨時,平成２３年５月臨時会（第10号～第11号）05月10日-01号,議長（家森茂樹君）,議長,家森茂樹,議長,なお、公安委員会委員長宮川孝昭君が都合により本日の会議に出席できませんので、代理として同委員小林徹君が出席されておりますので、御了承願います。,NULL,NULL,NULL
230510_494,滋賀県,平成２３年５月,01,23,5,10,臨時,平成２３年５月臨時会（第10号～第11号）05月10日-01号,議長（家森茂樹君）,議長,家森茂樹,議長,────────────────,NULL,NULL,NULL
230510_495,滋賀県,平成２３年５月,01,23,5,10,臨時,平成２３年５月臨時会（第10号～第11号）05月10日-01号,議長（家森茂樹君）,議長,家森茂樹,議長,△議第91号から議第97号まで（平成23年度滋賀県一般会計補正予算（第２号）ほか６件）（知事提出）,NULL,NULL,NULL
230510_496,滋賀県,平成２３年５月,01,23,5,10,臨時,平成２３年５月臨時会（第10号～第11号）05月10日-01号,議長（家森茂樹君）,議長,家森茂樹,議長,日程第９、議第91号から議第97号までの各議案を一括議題といたします。,NULL,NULL,NULL
230510_497,滋賀県,平成２３年５月,01,23,5,10,臨時,平成２３年５月臨時会（第10号～第11号）05月10日-01号,議長（家森茂樹君）,議長,家森茂樹,議長,これより、上程議案に対する提出者の説明を求めます。,NULL,NULL,NULL
230510_498,滋賀県,平成２３年５月,01,23,5,10,臨時,平成２３年５月臨時会（第10号～第11号）05月10日-01号,知事（嘉田由紀子さん）,知事,嘉田由紀子,知事,（登壇）改選後初の県議会臨時会に当たりまして、一言ごあいさつを申し上げます。,NULL,NULL,NULL
230510_499,滋賀県,平成２３年５月,01,23,5,10,臨時,平成２３年５月臨時会（第10号～第11号）05月10日-01号,知事（嘉田由紀子さん）,知事,嘉田由紀子,知事,議員各位におかれましては、去る４月10日に執行されました滋賀県議会議員一般選挙におきまして、県民の期待を担われ、めでたく御当選を果たされました。,NULL,NULL,NULL
230510_500,滋賀県,平成２３年５月,01,23,5,10,臨時,平成２３年５月臨時会（第10号～第11号）05月10日-01号,知事（嘉田由紀子さん）,知事,嘉田由紀子,知事,執行部を代表いたしまして、心からお祝いを申し上げます。,NULL,NULL,NULL
230510_501,滋賀県,平成２３年５月,01,23,5,10,臨時,平成２３年５月臨時会（第10号～第11号）05月10日-01号,知事（嘉田由紀子さん）,知事,嘉田由紀子,知事,おめでとうございます。,NULL,NULL,NULL
230510_502,滋賀県,平成２３年５月,01,23,5,10,臨時,平成２３年５月臨時会（第10号～第11号）05月10日-01号,知事（嘉田由紀子さん）,知事,嘉田由紀子,知事,議員の皆様には、地域の思いを県政に届けることはもとより、県政全般について大所高所から御審議いただくことについて県民から大きな期待が寄せられております。,NULL,NULL,NULL
230510_503,滋賀県,平成２３年５月,01,23,5,10,臨時,平成２３年５月臨時会（第10号～第11号）05月10日-01号,知事（嘉田由紀子さん）,知事,嘉田由紀子,知事,私も初心を忘れることなく、滋賀の未来を見据え、皆様と積極的に意見交換、政策議論を行いながら、県民生活における幸せづくりに全力を尽くしてまいりたいと考えております。,NULL,NULL,NULL
230510_504,滋賀県,平成２３年５月,01,23,5,10,臨時,平成２３年５月臨時会（第10号～第11号）05月10日-01号,知事（嘉田由紀子さん）,知事,嘉田由紀子,知事,さて、去る３月11日に東日本大震災が発生してから、はや２カ月が経過いたしました。,NULL,NULL,NULL
230510_505,滋賀県,平成２３年５月,01,23,5,10,臨時,平成２３年５月臨時会（第10号～第11号）05月10日-01号,知事（嘉田由紀子さん）,知事,嘉田由紀子,知事,我が国観測史上最大となりますマグニチュード9.0の地震が発生し、想像を絶する大津波などによりまして、東北地方を中心に甚大な被害をもたらしました。,NULL,NULL,NULL
230510_506,滋賀県,平成２３年５月,01,23,5,10,臨時,平成２３年５月臨時会（第10号～第11号）05月10日-01号,知事（嘉田由紀子さん）,知事,嘉田由紀子,知事,県民の皆様とともに、このたびの災害でお亡くなりになられました方々と、その御遺族に対しまして、改めまして深く哀悼の意を表しますとともに、今なお行方不明の多くの方々の一日も早い所在確認をお祈りし、負傷された方々、避難生活を余儀なくされている方々に、心からお見舞いを申し上げます。,NULL,NULL,NULL
230510_507,滋賀県,平成２３年５月,01,23,5,10,臨時,平成２３年５月臨時会（第10号～第11号）05月10日-01号,知事（嘉田由紀子さん）,知事,嘉田由紀子,知事,本県では、発災直後から24時間体制のもと情報収集に取り組み、３月16日には支援本部を立ち上げまして、市町とも連携しながら、県を挙げての対応をしてまいりました。,NULL,NULL,NULL
230510_508,滋賀県,平成２３年５月,01,23,5,10,臨時,平成２３年５月臨時会（第10号～第11号）05月10日-01号,知事（嘉田由紀子さん）,知事,嘉田由紀子,知事,また、同13日には関西広域連合といたしましても、16年前の阪神・淡路大震災の経験と教訓を生かし、持てる力を結集し、できる限りの支援を行うため、被災地対策、支援物資等の提供、応援要員の派遣、そして、避難生活等の受け入れを４つの柱といたしまして支援に取り組んでいくことについて、緊急声明としてお示しいたしました。,NULL,NULL,NULL
230510_509,滋賀県,平成２３年５月,01,23,5,10,臨時,平成２３年５月臨時会（第10号～第11号）05月10日-01号,知事（嘉田由紀子さん）,知事,嘉田由紀子,知事,その中で、構成府県それぞれが、支援する相手県を分担して担当するカウンターパート方式を採用することといたしまして、本県は、近江商人や蒲生氏郷とのつながりなどで縁が深い福島県を、京都府とともに支援させていただいているところでございます。,NULL,NULL,NULL
230510_510,滋賀県,平成２３年５月,01,23,5,10,臨時,平成２３年５月臨時会（第10号～第11号）05月10日-01号,知事（嘉田由紀子さん）,知事,嘉田由紀子,知事,去る４月17日には、私も京都府の山田知事とともに福島県を訪問し、福島県知事や南相馬市長にお会いしてまいりました。,NULL,NULL,NULL
230510_511,滋賀県,平成２３年５月,01,23,5,10,臨時,平成２３年５月臨時会（第10号～第11号）05月10日-01号,知事（嘉田由紀子さん）,知事,嘉田由紀子,知事,被災地を実際に見せていただきましたが、その状況を目の当たりにし絶句するとともに、自然の猛威、脅威を改めて痛感したところでございます。,NULL,NULL,NULL
230510_512,滋賀県,平成２３年５月,01,23,5,10,臨時,平成２３年５月臨時会（第10号～第11号）05月10日-01号,知事（嘉田由紀子さん）,知事,嘉田由紀子,知事,福島県では、地震、津波、原子力事故の被害を受けておりますが、とりわけ原子力事故は今なお収束の見通しが立たず、復旧、復興の見通しが見えないとのことであり、さらには、放射線による風評被害が多方面に広がっておりまして、まさに四重苦の状況と、佐藤雄平知事から伺いました。,NULL,NULL,NULL
230510_513,滋賀県,平成２３年５月,01,23,5,10,臨時,平成２３年５月臨時会（第10号～第11号）05月10日-01号,知事（嘉田由紀子さん）,知事,嘉田由紀子,知事,被災されている多くの方々にとりましては、将来に不安を抱かれたまま、今後も避難生活を余儀なくされ、農業や漁業の風評被害などもあり、復興への確かな足どりにはまだまだ時間を要するのではないかと、心を痛めております。,NULL,NULL,NULL
230510_514,滋賀県,平成２３年５月,01,23,5,10,臨時,平成２３年５月臨時会（第10号～第11号）05月10日-01号,知事（嘉田由紀子さん）,知事,嘉田由紀子,知事,滋賀県といたしましては、今後も被災地の皆さんの心に寄り添いながら、必要とされる支援を適切に把握し、生活の見通しが立つよう、できる限りの応援をしてまいりたいと考えております。,NULL,NULL,NULL
230510_515,滋賀県,平成２３年５月,01,23,5,10,臨時,平成２３年５月臨時会（第10号～第11号）05月10日-01号,知事（嘉田由紀子さん）,知事,嘉田由紀子,知事,"とりわけ本県は、隣接する福井県に原子力発電所が所在していることや、近畿1,400万人の命の水である琵琶湖を抱えておりますことから、国からの新たな防災指針等が示されることを待たず、早期に地域防災計画を見直すための作業に入ることとしております。",NULL,NULL,NULL
230510_516,滋賀県,平成２３年５月,01,23,5,10,臨時,平成２３年５月臨時会（第10号～第11号）05月10日-01号,知事（嘉田由紀子さん）,知事,嘉田由紀子,知事,それに伴います避難計画の策定やモニタリング体制、防護体制の強化、緊急時の情報の共有化などに必要な経費を、本議会に提案いたしました補正予算案に計上しているところでございます。,NULL,NULL,NULL
230510_517,滋賀県,平成２３年５月,01,23,5,10,臨時,平成２３年５月臨時会（第10号～第11号）05月10日-01号,知事（嘉田由紀子さん）,知事,嘉田由紀子,知事,県民の皆さんも、原子力発電所に対する不安を抱かれております。,NULL,NULL,NULL
230510_518,滋賀県,平成２３年５月,01,23,5,10,臨時,平成２３年５月臨時会（第10号～第11号）05月10日-01号,知事（嘉田由紀子さん）,知事,嘉田由紀子,知事,改めて原子力発電所の安全性を検証する必要があるという思いを固めるとともに、この先のエネルギー対策のあり方、社会のあり方についても国民的な議論が必要であると考えております。,NULL,NULL,NULL
230510_519,滋賀県,平成２３年５月,01,23,5,10,臨時,平成２３年５月臨時会（第10号～第11号）05月10日-01号,知事（嘉田由紀子さん）,知事,嘉田由紀子,知事,次に、県政の総合指針となります滋賀県基本構想について申し上げます。,NULL,NULL,NULL
230510_520,滋賀県,平成２３年５月,01,23,5,10,臨時,平成２３年５月臨時会（第10号～第11号）05月10日-01号,知事（嘉田由紀子さん）,知事,嘉田由紀子,知事,平成23年度から平成26年度までを計画期間といたします滋賀県基本構想「未来を拓く８つの扉」を、さきの２月県議会定例会におきまして議決いただきました。,NULL,NULL,NULL
230510_521,滋賀県,平成２３年５月,01,23,5,10,臨時,平成２３年５月臨時会（第10号～第11号）05月10日-01号,知事（嘉田由紀子さん）,知事,嘉田由紀子,知事,この新たな基本構想では、「住み心地日本一の滋賀」を実現するため、８つの未来戦略プロジェクトを掲げております。,NULL,NULL,NULL
230510_522,滋賀県,平成２３年５月,01,23,5,10,臨時,平成２３年５月臨時会（第10号～第11号）05月10日-01号,知事（嘉田由紀子さん）,知事,嘉田由紀子,知事,その内容といたしましては、まず、人生の応援とも言うべき子育て・子育ち応援プロジェクト、働く場への橋架けプロジェクト、地域を支える医療福祉・在宅看取りプロジェクトの３つのプロジェクトにおきまして、少子高齢化や雇用問題に対応し、生まれるときから見送られるときまでの切れ目のない支援に取り組むこととしております。,NULL,NULL,NULL
230510_523,滋賀県,平成２３年５月,01,23,5,10,臨時,平成２３年５月臨時会（第10号～第11号）05月10日-01号,知事（嘉田由紀子さん）,知事,嘉田由紀子,知事,また、かけがえのない琵琶湖を初め、自然環境問題への取り組みといたしまして、低炭素社会実現プロジェクト、琵琶湖の再生プロジェクトにより、環境の保全、再生を図ることとしております。,NULL,NULL,NULL
230510_524,滋賀県,平成２３年５月,01,23,5,10,臨時,平成２３年５月臨時会（第10号～第11号）05月10日-01号,知事（嘉田由紀子さん）,知事,嘉田由紀子,知事,さらに、足腰の強い経済をつくるための施策といたしましては、滋賀の未来成長産業プロジェクト、地域の魅力まるごと産業化プロジェクトによりまして、成長産業や地域資源を生かした産業を振興してまいりますとともに、暮らしの安全・安心を確保し、未来戦略を支えるための、みんなで命と暮らしを守る安全・安心プロジェクトを盛り込んでおります。,NULL,NULL,NULL
230510_525,滋賀県,平成２３年５月,01,23,5,10,臨時,平成２３年５月臨時会（第10号～第11号）05月10日-01号,知事（嘉田由紀子さん）,知事,嘉田由紀子,知事,これら８つの未来戦略プロジェクトに基づきまして、滋賀が持つ人の力、自然の力、大地と知識、地と知の力を生かしながら、社会成長と経済成長を果たしていくため、県民の暮らしの現場に即して、それぞれの部局が課題を共有し、横つなぎで一丸となって滋賀の未来戦略を推進してまいりたいと考えております。,NULL,NULL,NULL
230510_526,滋賀県,平成２３年５月,01,23,5,10,臨時,平成２３年５月臨時会（第10号～第11号）05月10日-01号,知事（嘉田由紀子さん）,知事,嘉田由紀子,知事,また、大変厳しい財政状況が続く中におきまして、持続可能な行財政基盤の確立を図ってまいりますために、滋賀県行財政改革方針を本年３月に策定し、「変革を先導する県政経営」を改革の理念として掲げております。,NULL,NULL,NULL
230510_527,滋賀県,平成２３年５月,01,23,5,10,臨時,平成２３年５月臨時会（第10号～第11号）05月10日-01号,知事（嘉田由紀子さん）,知事,嘉田由紀子,知事,３点の理念の中で、まず１点目は、地域の自主性および自立性を高めるための政策に対応した自治体づくりといたしまして、市町と話し合いの場を持ちながら、ともに取り組んでいけるよう努めてまいります。,NULL,NULL,NULL
230510_528,滋賀県,平成２３年５月,01,23,5,10,臨時,平成２３年５月臨時会（第10号～第11号）05月10日-01号,知事（嘉田由紀子さん）,知事,嘉田由紀子,知事,２つ目は、県民と行政がともに地域を支える協働型社会づくりでございます。,NULL,NULL,NULL
230510_529,滋賀県,平成２３年５月,01,23,5,10,臨時,平成２３年５月臨時会（第10号～第11号）05月10日-01号,知事（嘉田由紀子さん）,知事,嘉田由紀子,知事,本県では、住民や地域の団体、企業など、さまざまな主体が、環境保全やまちづくりなど多くの分野で活動されています。,NULL,NULL,NULL
230510_530,滋賀県,平成２３年５月,01,23,5,10,臨時,平成２３年５月臨時会（第10号～第11号）05月10日-01号,知事（嘉田由紀子さん）,知事,嘉田由紀子,知事,こうした動きをより広げ、協働をさらに発展させてまいりたいと考えております。,NULL,NULL,NULL
230510_531,滋賀県,平成２３年５月,01,23,5,10,臨時,平成２３年５月臨時会（第10号～第11号）05月10日-01号,知事（嘉田由紀子さん）,知事,嘉田由紀子,知事,そして３つ目は、次世代に向けて持続可能な行財政基盤づくりでございます。,NULL,NULL,NULL
230510_532,滋賀県,平成２３年５月,01,23,5,10,臨時,平成２３年５月臨時会（第10号～第11号）05月10日-01号,知事（嘉田由紀子さん）,知事,嘉田由紀子,知事,非常に厳しい財政状況に対処していくためにも、県の財政についてしっかりと県民の皆さんにお示しをしながら、財政の健全化に取り組んでいくこととしております。,NULL,NULL,NULL
230510_533,滋賀県,平成２３年５月,01,23,5,10,臨時,平成２３年５月臨時会（第10号～第11号）05月10日-01号,知事（嘉田由紀子さん）,知事,嘉田由紀子,知事,これら３つの基本方針に基づきまして、行財政改革に全力で取り組んでまいりたいと考えております。,NULL,NULL,NULL
230510_534,滋賀県,平成２３年５月,01,23,5,10,臨時,平成２３年５月臨時会（第10号～第11号）05月10日-01号,知事（嘉田由紀子さん）,知事,嘉田由紀子,知事,それでは、今議会に提出しております案件の概要につきまして御説明申し上げます。,NULL,NULL,NULL
230510_535,滋賀県,平成２３年５月,01,23,5,10,臨時,平成２３年５月臨時会（第10号～第11号）05月10日-01号,知事（嘉田由紀子さん）,知事,嘉田由紀子,知事,議第91号は、一般会計に係る補正予算であります。,NULL,NULL,NULL
230510_536,滋賀県,平成２３年５月,01,23,5,10,臨時,平成２３年５月臨時会（第10号～第11号）05月10日-01号,知事（嘉田由紀子さん）,知事,嘉田由紀子,知事,"今回の東日本大震災の甚大な被害に対する支援等のため、被災地に対する職員等の派遣など、被災地への物的、人的支援を初め、県内企業や被災地企業の支援など、中小企業等への支援、また、地域防災計画の原子力災害対策編の見直しなど、県民不安への対応等に必要な経費といたしまして、総額で23億5,461万4,000円の増額補正を行おうとするものでございます。",NULL,NULL,NULL
230510_537,滋賀県,平成２３年５月,01,23,5,10,臨時,平成２３年５月臨時会（第10号～第11号）05月10日-01号,知事（嘉田由紀子さん）,知事,嘉田由紀子,知事,議第92号は、公営競技事業特別会計に係る補正予算であります。,NULL,NULL,NULL
230510_538,滋賀県,平成２３年５月,01,23,5,10,臨時,平成２３年５月臨時会（第10号～第11号）05月10日-01号,知事（嘉田由紀子さん）,知事,嘉田由紀子,知事,"東日本大震災以降、競技開催を中止したことにより、平成22年度の歳入が歳出に対し不足する見込みとなり、中止した競技を平成23年度に代替開催するとともに、平成23年度の歳入を平成22年度に繰り上げて充用することとし、総額で５億6,400万円の増額補正を行おうとするものでございます。",NULL,NULL,NULL
230510_539,滋賀県,平成２３年５月,01,23,5,10,臨時,平成２３年５月臨時会（第10号～第11号）05月10日-01号,知事（嘉田由紀子さん）,知事,嘉田由紀子,知事,議第93号および94号は、専決処分をいたしましたものにつきまして、議会に報告し、承認を得ようとするものであります。,NULL,NULL,NULL
230510_540,滋賀県,平成２３年５月,01,23,5,10,臨時,平成２３年５月臨時会（第10号～第11号）05月10日-01号,知事（嘉田由紀子さん）,知事,嘉田由紀子,知事,議第93号は、東日本大震災の甚大な被害に対する緊急支援のため、平成22年度一般会計補正予算について、また、議第94号は、地方税法の一部改正に伴い、県税条例について、それぞれ所要の措置を講じたものでございます。,NULL,NULL,NULL
230510_541,滋賀県,平成２３年５月,01,23,5,10,臨時,平成２３年５月臨時会（第10号～第11号）05月10日-01号,知事（嘉田由紀子さん）,知事,嘉田由紀子,知事,議第95号は、地方税法の一部改正に伴い、県税条例について必要な改正を行おうとするものでございますし、議第96号は、財産の取得について議決を求めようとするものでございます。,NULL,NULL,NULL
230510_542,滋賀県,平成２３年５月,01,23,5,10,臨時,平成２３年５月臨時会（第10号～第11号）05月10日-01号,知事（嘉田由紀子さん）,知事,嘉田由紀子,知事,議第97号は、滋賀県監査委員に山田和廣氏を選任することについて同意を求めようとするものでございます。,NULL,NULL,NULL
230510_543,滋賀県,平成２３年５月,01,23,5,10,臨時,平成２３年５月臨時会（第10号～第11号）05月10日-01号,知事（嘉田由紀子さん）,知事,嘉田由紀子,知事,以上、何とぞよろしく御審議いただきますようお願い申し上げます。,NULL,NULL,NULL
230510_544,滋賀県,平成２３年５月,01,23,5,10,臨時,平成２３年５月臨時会（第10号～第11号）05月10日-01号,知事（嘉田由紀子さん）,知事,嘉田由紀子,知事,なお、最後になりましたが、このたび議長選挙で新しく就任されました家森議長ならびに佐野副議長、御就任、まことにおめでとうございます。,NULL,NULL,NULL
230510_545,滋賀県,平成２３年５月,01,23,5,10,臨時,平成２３年５月臨時会（第10号～第11号）05月10日-01号,知事（嘉田由紀子さん）,知事,嘉田由紀子,知事,議員各位におかれましては、新しい正副議長のもとに、県民の県政に対する期待におこたえいただき、十二分に御活躍いただきますよう、執行部を代表いたしまして御期待申し上げますとともに、御指導、御鞭撻を賜りますようお願い申し上げまして、私からのあいさつとさせていただきます。,NULL,NULL,NULL
230510_546,滋賀県,平成２３年５月,01,23,5,10,臨時,平成２３年５月臨時会（第10号～第11号）05月10日-01号,議長（家森茂樹君）,議長,家森茂樹,議長,以上で、提出者の説明は終わりました。,NULL,NULL,NULL
230510_547,滋賀県,平成２３年５月,01,23,5,10,臨時,平成２３年５月臨時会（第10号～第11号）05月10日-01号,議長（家森茂樹君）,議長,家森茂樹,議長,お諮りいたします。,NULL,NULL,NULL
230510_548,滋賀県,平成２３年５月,01,23,5,10,臨時,平成２３年５月臨時会（第10号～第11号）05月10日-01号,議長（家森茂樹君）,議長,家森茂樹,議長,議第97号議案は、議会選出監査委員に係る案件でありますので、質疑、委員会付託および討論を省略して、直ちに採決いたしたいと思いますが、これに御異議ありませんか。,NULL,NULL,NULL
230510_549,滋賀県,平成２３年５月,01,23,5,10,臨時,平成２３年５月臨時会（第10号～第11号）05月10日-01号,議長（家森茂樹君）,議長,家森茂樹,議長,（「異議なし」）,NULL,NULL,NULL
230510_550,滋賀県,平成２３年５月,01,23,5,10,臨時,平成２３年５月臨時会（第10号～第11号）05月10日-01号,議長（家森茂樹君）,議長,家森茂樹,議長,御異議なしと認めます。,NULL,NULL,NULL
230510_551,滋賀県,平成２３年５月,01,23,5,10,臨時,平成２３年５月臨時会（第10号～第11号）05月10日-01号,議長（家森茂樹君）,議長,家森茂樹,議長,よって、直ちに採決いたします。,NULL,NULL,NULL
230510_552,滋賀県,平成２３年５月,01,23,5,10,臨時,平成２３年５月臨時会（第10号～第11号）05月10日-01号,議長（家森茂樹君）,議長,家森茂樹,議長,滋賀県監査委員に山田和廣君を選任することを同意するに賛成の方は、御起立願います。,NULL,NULL,NULL
230510_553,滋賀県,平成２３年５月,01,23,5,10,臨時,平成２３年５月臨時会（第10号～第11号）05月10日-01号,議長（家森茂樹君）,議長,家森茂樹,議長,〔賛成者　起立〕,NULL,NULL,NULL
230510_554,滋賀県,平成２３年５月,01,23,5,10,臨時,平成２３年５月臨時会（第10号～第11号）05月10日-01号,議長（家森茂樹君）,議長,家森茂樹,議長,御着席願います。,NULL,NULL,NULL
230510_555,滋賀県,平成２３年５月,01,23,5,10,臨時,平成２３年５月臨時会（第10号～第11号）05月10日-01号,議長（家森茂樹君）,議長,家森茂樹,議長,起立全員であります。,NULL,NULL,NULL
230510_556,滋賀県,平成２３年５月,01,23,5,10,臨時,平成２３年５月臨時会（第10号～第11号）05月10日-01号,議長（家森茂樹君）,議長,家森茂樹,議長,よって、議第97号議案については、同意することに決定いたしました。,NULL,NULL,NULL
230510_557,滋賀県,平成２３年５月,01,23,5,10,臨時,平成２３年５月臨時会（第10号～第11号）05月10日-01号,議長（家森茂樹君）,議長,家森茂樹,議長,────────────────,NULL,NULL,NULL
230510_558,滋賀県,平成２３年５月,01,23,5,10,臨時,平成２３年５月臨時会（第10号～第11号）05月10日-01号,議長（家森茂樹君）,議長,家森茂樹,議長,△休会の議決,NULL,NULL,NULL
230510_559,滋賀県,平成２３年５月,01,23,5,10,臨時,平成２３年５月臨時会（第10号～第11号）05月10日-01号,議長（家森茂樹君）,議長,家森茂樹,議長,お諮りいたします。,NULL,NULL,NULL
230510_560,滋賀県,平成２３年５月,01,23,5,10,臨時,平成２３年５月臨時会（第10号～第11号）05月10日-01号,議長（家森茂樹君）,議長,家森茂樹,議長,明11日は、議案調査のため休会いたしたいと思いますが、これに御異議ありませんか。,NULL,NULL,NULL
230510_561,滋賀県,平成２３年５月,01,23,5,10,臨時,平成２３年５月臨時会（第10号～第11号）05月10日-01号,議長（家森茂樹君）,議長,家森茂樹,議長,（「異議なし」）,NULL,NULL,NULL
230510_562,滋賀県,平成２３年５月,01,23,5,10,臨時,平成２３年５月臨時会（第10号～第11号）05月10日-01号,議長（家森茂樹君）,議長,家森茂樹,議長,御異議なしと認めます。,NULL,NULL,NULL
230510_563,滋賀県,平成２３年５月,01,23,5,10,臨時,平成２３年５月臨時会（第10号～第11号）05月10日-01号,議長（家森茂樹君）,議長,家森茂樹,議長,よって、そのように決定いたしました。,NULL,NULL,NULL
230510_564,滋賀県,平成２３年５月,01,23,5,10,臨時,平成２３年５月臨時会（第10号～第11号）05月10日-01号,議長（家森茂樹君）,議長,家森茂樹,議長,────────────────,NULL,NULL,NULL
230510_565,滋賀県,平成２３年５月,01,23,5,10,臨時,平成２３年５月臨時会（第10号～第11号）05月10日-01号,議長（家森茂樹君）,議長,家森茂樹,議長,来る12日は、定刻より本会議を開き、上程議案に対する質疑を行います。,NULL,NULL,NULL
230510_566,滋賀県,平成２３年５月,01,23,5,10,臨時,平成２３年５月臨時会（第10号～第11号）05月10日-01号,議長（家森茂樹君）,議長,家森茂樹,議長,本日はこれをもって散会いたします。,NULL,NULL,NULL
230510_567,滋賀県,平成２３年５月,01,23,5,10,臨時,平成２３年５月臨時会（第10号～第11号）05月10日-01号,議長（家森茂樹君）,議長,家森茂樹,議長,午後０時　散会,NULL,NULL,NULL
230510_568,滋賀県,平成２３年５月,01,23,5,10,臨時,平成２３年５月臨時会（第10号～第11号）05月10日-01号,議長（家森茂樹君）,議長,家森茂樹,議長,────────────────,NULL,NULL,NULL
