H3800683_1,山形県,５月,1,23,5,18,臨時,DiscussNetPremium 平成２３年　　５月　臨時会（第３５３号） - 05月18日－01号 ,答弁者,その他,三浦秋夫,事務局長,県議会事務局長の三浦でございます。,,https://www.kaigiroku.net/cgi-bin/WWWdocHatugen.exe?A=docHatugen&RA=frameNittei&USR=ymagatk&N=2443&H=3800683,null
H3800683_2,山形県,５月,1,23,5,18,臨時,DiscussNetPremium 平成２３年　　５月　臨時会（第３５３号） - 05月18日－01号 ,答弁者,その他,三浦秋夫,事務局長,本臨時会は、一般選挙後最初の議会でありますので、議長が選挙されますまでの間、地方自治法第百七条の規定によりまして年長議員が臨時に議長の職務を行うことになっております。,,https://www.kaigiroku.net/cgi-bin/WWWdocHatugen.exe?A=docHatugen&RA=frameNittei&USR=ymagatk&N=2443&H=3800683,null
H3800683_3,山形県,５月,1,23,5,18,臨時,DiscussNetPremium 平成２３年　　５月　臨時会（第３５３号） - 05月18日－01号 ,答弁者,その他,三浦秋夫,事務局長,つきましては、出席議員中後藤源議員が年長者でありますので、御紹介申し上げます。,,https://www.kaigiroku.net/cgi-bin/WWWdocHatugen.exe?A=docHatugen&RA=frameNittei&USR=ymagatk&N=2443&H=3800683,null
H3800684_1,山形県,５月,1,23,5,18,臨時,DiscussNetPremium 平成２３年　　５月　臨時会（第３５３号） - 05月18日－01号 ,議長,議長,後藤源,臨時議長,ただいま紹介されました後藤源でございます。,,https://www.kaigiroku.net/cgi-bin/WWWdocHatugen.exe?A=docHatugen&RA=frameNittei&USR=ymagatk&N=2443&H=3800684,null
H3800684_2,山形県,５月,1,23,5,18,臨時,DiscussNetPremium 平成２３年　　５月　臨時会（第３５３号） - 05月18日－01号 ,議長,議長,後藤源,臨時議長,地方自治法第百七条の規定により、臨時に議長の職務を行います。,,https://www.kaigiroku.net/cgi-bin/WWWdocHatugen.exe?A=docHatugen&RA=frameNittei&USR=ymagatk&N=2443&H=3800684,null
H3800684_3,山形県,５月,1,23,5,18,臨時,DiscussNetPremium 平成２３年　　５月　臨時会（第３５３号） - 05月18日－01号 ,議長,議長,後藤源,臨時議長,何とぞよろしくお願いいたします。,,https://www.kaigiroku.net/cgi-bin/WWWdocHatugen.exe?A=docHatugen&RA=frameNittei&USR=ymagatk&N=2443&H=3800684,null
H3800684_4,山形県,５月,1,23,5,18,臨時,DiscussNetPremium 平成２３年　　５月　臨時会（第３５３号） - 05月18日－01号 ,議長,議長,後藤源,臨時議長,これより平成二十三年山形県議会五月臨時会を開会いたします。,,https://www.kaigiroku.net/cgi-bin/WWWdocHatugen.exe?A=docHatugen&RA=frameNittei&USR=ymagatk&N=2443&H=3800684,null
H3800684_5,山形県,５月,1,23,5,18,臨時,DiscussNetPremium 平成２３年　　５月　臨時会（第３５３号） - 05月18日－01号 ,議長,議長,後藤源,臨時議長,直ちに本日の会議を開きます。,,https://www.kaigiroku.net/cgi-bin/WWWdocHatugen.exe?A=docHatugen&RA=frameNittei&USR=ymagatk&N=2443&H=3800684,null
H3800686_1,山形県,５月,1,23,5,18,臨時,DiscussNetPremium 平成２３年　　５月　臨時会（第３５３号） - 05月18日－01号 ,議長,議長,後藤源,臨時議長,この際、議事の進行上仮議席を指定いたします。,,https://www.kaigiroku.net/cgi-bin/WWWdocHatugen.exe?A=docHatugen&RA=frameNittei&USR=ymagatk&N=2443&H=3800686,null
H3800686_2,山形県,５月,1,23,5,18,臨時,DiscussNetPremium 平成２３年　　５月　臨時会（第３５３号） - 05月18日－01号 ,議長,議長,後藤源,臨時議長,仮議席は、お手元に配付の議席表のとおり指定いたします。,,https://www.kaigiroku.net/cgi-bin/WWWdocHatugen.exe?A=docHatugen&RA=frameNittei&USR=ymagatk&N=2443&H=3800686,null
H3800686_3,山形県,５月,1,23,5,18,臨時,DiscussNetPremium 平成２３年　　５月　臨時会（第３５３号） - 05月18日－01号 ,議長,議長,後藤源,臨時議長,〔参照〕,,https://www.kaigiroku.net/cgi-bin/WWWdocHatugen.exe?A=docHatugen&RA=frameNittei&USR=ymagatk&N=2443&H=3800686,null
H3800689_1,山形県,５月,1,23,5,18,臨時,DiscussNetPremium 平成２３年　　５月　臨時会（第３５３号） - 05月18日－01号 ,議長,議長,後藤源,臨時議長,この場合、知事より発言を求められておりますので、これを許可いたします。,,https://www.kaigiroku.net/cgi-bin/WWWdocHatugen.exe?A=docHatugen&RA=frameNittei&USR=ymagatk&N=2443&H=3800689,null
H3800689_2,山形県,５月,1,23,5,18,臨時,DiscussNetPremium 平成２３年　　５月　臨時会（第３５３号） - 05月18日－01号 ,議長,議長,後藤源,臨時議長,吉村知事。,,https://www.kaigiroku.net/cgi-bin/WWWdocHatugen.exe?A=docHatugen&RA=frameNittei&USR=ymagatk&N=2443&H=3800689,null
H3800690_1,山形県,５月,1,23,5,18,臨時,DiscussNetPremium 平成２３年　　５月　臨時会（第３５３号） - 05月18日－01号 ,答弁者,知事,吉村美栄子,知事,平成二十三年山形県議会五月臨時会に当たり、一言ごあいさつ申し上げます。,,https://www.kaigiroku.net/cgi-bin/WWWdocHatugen.exe?A=docHatugen&RA=frameNittei&USR=ymagatk&N=2443&H=3800690,null
H3800690_2,山形県,５月,1,23,5,18,臨時,DiscussNetPremium 平成２３年　　５月　臨時会（第３５３号） - 05月18日－01号 ,答弁者,知事,吉村美栄子,知事,このたびの山形県議会議員選挙におきまして、県民の負託を受けめでたく御当選されました皆様に心からお祝いを申し上げます。,,https://www.kaigiroku.net/cgi-bin/WWWdocHatugen.exe?A=docHatugen&RA=frameNittei&USR=ymagatk&N=2443&H=3800690,null
H3800690_3,山形県,５月,1,23,5,18,臨時,DiscussNetPremium 平成２３年　　５月　臨時会（第３５３号） - 05月18日－01号 ,答弁者,知事,吉村美栄子,知事,本当におめでとうございました。,,https://www.kaigiroku.net/cgi-bin/WWWdocHatugen.exe?A=docHatugen&RA=frameNittei&USR=ymagatk&N=2443&H=3800690,null
H3800690_4,山形県,５月,1,23,5,18,臨時,DiscussNetPremium 平成２３年　　５月　臨時会（第３５３号） - 05月18日－01号 ,答弁者,知事,吉村美栄子,知事,さて、東日本大震災は、地震と津波、その上原発事故までが重なって未曾有の大災害となりました。,,https://www.kaigiroku.net/cgi-bin/WWWdocHatugen.exe?A=docHatugen&RA=frameNittei&USR=ymagatk&N=2443&H=3800690,null
H3800690_5,山形県,５月,1,23,5,18,臨時,DiscussNetPremium 平成２３年　　５月　臨時会（第３５３号） - 05月18日－01号 ,答弁者,知事,吉村美栄子,知事,この国難とも言える困難を地域が一丸となって克服するには、県議会と執行部が協力し合って、県を挙げて取り組むことはもちろんでございますが、国、市町村や民間も含め、今こそ官民が一体となって一致団結し、我が国の総力を結集していくことが必要であります。,,https://www.kaigiroku.net/cgi-bin/WWWdocHatugen.exe?A=docHatugen&RA=frameNittei&USR=ymagatk&N=2443&H=3800690,null
H3800690_6,山形県,５月,1,23,5,18,臨時,DiscussNetPremium 平成２３年　　５月　臨時会（第３５３号） - 05月18日－01号 ,答弁者,知事,吉村美栄子,知事,このときに当たり、私は、第三次山形県総合発展計画に掲げた基本目標であります「緑と心が豊かに奏であい　一人ひとりが輝く山形」を目指して、県民生活の安全安心の確保を最優先に、直面する景気・雇用問題や産業振興、農業再生などのさまざまな課題に全力を尽くして県政運営に取り組んでまいる所存でございます。,,https://www.kaigiroku.net/cgi-bin/WWWdocHatugen.exe?A=docHatugen&RA=frameNittei&USR=ymagatk&N=2443&H=3800690,null
H3800690_7,山形県,５月,1,23,5,18,臨時,DiscussNetPremium 平成２３年　　５月　臨時会（第３５３号） - 05月18日－01号 ,答弁者,知事,吉村美栄子,知事,議会並びに議員の皆様方の今後の御活躍をお祈り申し上げますとともに、執行部に対する御指導をも心からお願い申し上げまして、お祝いの言葉とさせていただきます。,,https://www.kaigiroku.net/cgi-bin/WWWdocHatugen.exe?A=docHatugen&RA=frameNittei&USR=ymagatk&N=2443&H=3800690,null
H3800690_8,山形県,５月,1,23,5,18,臨時,DiscussNetPremium 平成２３年　　５月　臨時会（第３５３号） - 05月18日－01号 ,答弁者,知事,吉村美栄子,知事,まことにおめでとうございました。,,https://www.kaigiroku.net/cgi-bin/WWWdocHatugen.exe?A=docHatugen&RA=frameNittei&USR=ymagatk&N=2443&H=3800690,null
H3800691_1,山形県,５月,1,23,5,18,臨時,DiscussNetPremium 平成２３年　　５月　臨時会（第３５３号） - 05月18日－01号 ,議長,議長,後藤源,臨時議長,知事の発言は終わりました。,,https://www.kaigiroku.net/cgi-bin/WWWdocHatugen.exe?A=docHatugen&RA=frameNittei&USR=ymagatk&N=2443&H=3800691,null
H3800693_1,山形県,５月,1,23,5,18,臨時,DiscussNetPremium 平成２３年　　５月　臨時会（第３５３号） - 05月18日－01号 ,議長,議長,後藤源,臨時議長,これより日程に入ります。,,https://www.kaigiroku.net/cgi-bin/WWWdocHatugen.exe?A=docHatugen&RA=frameNittei&USR=ymagatk&N=2443&H=3800693,null
H3800693_2,山形県,５月,1,23,5,18,臨時,DiscussNetPremium 平成２３年　　５月　臨時会（第３５３号） - 05月18日－01号 ,議長,議長,後藤源,臨時議長,日程第一会議録署名議員の指名を行います。,,https://www.kaigiroku.net/cgi-bin/WWWdocHatugen.exe?A=docHatugen&RA=frameNittei&USR=ymagatk&N=2443&H=3800693,null
H3800693_3,山形県,５月,1,23,5,18,臨時,DiscussNetPremium 平成２３年　　５月　臨時会（第３５３号） - 05月18日－01号 ,議長,議長,後藤源,臨時議長,会議録署名議員は、会議規則第百十九条の規定により直ちに指名いたします。,,https://www.kaigiroku.net/cgi-bin/WWWdocHatugen.exe?A=docHatugen&RA=frameNittei&USR=ymagatk&N=2443&H=3800693,null
H3800693_4,山形県,５月,1,23,5,18,臨時,DiscussNetPremium 平成２３年　　５月　臨時会（第３５３号） - 05月18日－01号 ,議長,議長,後藤源,臨時議長,山科朝則君,,https://www.kaigiroku.net/cgi-bin/WWWdocHatugen.exe?A=docHatugen&RA=frameNittei&USR=ymagatk&N=2443&H=3800693,null
H3800693_5,山形県,５月,1,23,5,18,臨時,DiscussNetPremium 平成２３年　　５月　臨時会（第３５３号） - 05月18日－01号 ,議長,議長,後藤源,臨時議長,菊池文昭君,,https://www.kaigiroku.net/cgi-bin/WWWdocHatugen.exe?A=docHatugen&RA=frameNittei&USR=ymagatk&N=2443&H=3800693,null
H3800693_6,山形県,５月,1,23,5,18,臨時,DiscussNetPremium 平成２３年　　５月　臨時会（第３５３号） - 05月18日－01号 ,議長,議長,後藤源,臨時議長,佐藤　昇君,,https://www.kaigiroku.net/cgi-bin/WWWdocHatugen.exe?A=docHatugen&RA=frameNittei&USR=ymagatk&N=2443&H=3800693,null
H3800693_7,山形県,５月,1,23,5,18,臨時,DiscussNetPremium 平成２３年　　５月　臨時会（第３５３号） - 05月18日－01号 ,議長,議長,後藤源,臨時議長,以上の方々にお願いいたします。,,https://www.kaigiroku.net/cgi-bin/WWWdocHatugen.exe?A=docHatugen&RA=frameNittei&USR=ymagatk&N=2443&H=3800693,null
H3800695_1,山形県,５月,1,23,5,18,臨時,DiscussNetPremium 平成２３年　　５月　臨時会（第３５３号） - 05月18日－01号 ,議長,議長,後藤源,臨時議長,次に、日程第二会期の決定を議題に供します。,,https://www.kaigiroku.net/cgi-bin/WWWdocHatugen.exe?A=docHatugen&RA=frameNittei&USR=ymagatk&N=2443&H=3800695,null
H3800695_2,山形県,５月,1,23,5,18,臨時,DiscussNetPremium 平成２３年　　５月　臨時会（第３５３号） - 05月18日－01号 ,議長,議長,後藤源,臨時議長,お諮りいたします。,,https://www.kaigiroku.net/cgi-bin/WWWdocHatugen.exe?A=docHatugen&RA=frameNittei&USR=ymagatk&N=2443&H=3800695,null
H3800695_3,山形県,５月,1,23,5,18,臨時,DiscussNetPremium 平成２３年　　５月　臨時会（第３５３号） - 05月18日－01号 ,議長,議長,後藤源,臨時議長,今期臨時会の会期は、本日から五月二十五日までの八日間といたしたいと思います。,,https://www.kaigiroku.net/cgi-bin/WWWdocHatugen.exe?A=docHatugen&RA=frameNittei&USR=ymagatk&N=2443&H=3800695,null
H3800695_4,山形県,５月,1,23,5,18,臨時,DiscussNetPremium 平成２３年　　５月　臨時会（第３５３号） - 05月18日－01号 ,議長,議長,後藤源,臨時議長,これに御異議ありませんか。,,https://www.kaigiroku.net/cgi-bin/WWWdocHatugen.exe?A=docHatugen&RA=frameNittei&USR=ymagatk&N=2443&H=3800695,null
H3800695_5,山形県,５月,1,23,5,18,臨時,DiscussNetPremium 平成２３年　　５月　臨時会（第３５３号） - 05月18日－01号 ,議長,議長,後藤源,臨時議長,〔「異議なし」と呼ぶ者あり〕,,https://www.kaigiroku.net/cgi-bin/WWWdocHatugen.exe?A=docHatugen&RA=frameNittei&USR=ymagatk&N=2443&H=3800695,null
H3800696_1,山形県,５月,1,23,5,18,臨時,DiscussNetPremium 平成２３年　　５月　臨時会（第３５３号） - 05月18日－01号 ,議長,議長,後藤源,臨時議長,御異議なしと認めます。,,https://www.kaigiroku.net/cgi-bin/WWWdocHatugen.exe?A=docHatugen&RA=frameNittei&USR=ymagatk&N=2443&H=3800696,null
H3800696_2,山形県,５月,1,23,5,18,臨時,DiscussNetPremium 平成２３年　　５月　臨時会（第３５３号） - 05月18日－01号 ,議長,議長,後藤源,臨時議長,よって、会期は八日間と決定いたしました。,,https://www.kaigiroku.net/cgi-bin/WWWdocHatugen.exe?A=docHatugen&RA=frameNittei&USR=ymagatk&N=2443&H=3800696,null
H3800696_3,山形県,５月,1,23,5,18,臨時,DiscussNetPremium 平成２３年　　５月　臨時会（第３５３号） - 05月18日－01号 ,議長,議長,後藤源,臨時議長,〔参照〕,,https://www.kaigiroku.net/cgi-bin/WWWdocHatugen.exe?A=docHatugen&RA=frameNittei&USR=ymagatk&N=2443&H=3800696,null
H3800699_1,山形県,５月,1,23,5,18,臨時,DiscussNetPremium 平成２３年　　５月　臨時会（第３５３号） - 05月18日－01号 ,議長,議長,後藤源,臨時議長,次に、日程第三議長の選挙を行います。,,https://www.kaigiroku.net/cgi-bin/WWWdocHatugen.exe?A=docHatugen&RA=frameNittei&USR=ymagatk&N=2443&H=3800699,null
H3800699_2,山形県,５月,1,23,5,18,臨時,DiscussNetPremium 平成２３年　　５月　臨時会（第３５３号） - 05月18日－01号 ,議長,議長,後藤源,臨時議長,選挙は投票により行います。,,https://www.kaigiroku.net/cgi-bin/WWWdocHatugen.exe?A=docHatugen&RA=frameNittei&USR=ymagatk&N=2443&H=3800699,null
H3800699_3,山形県,５月,1,23,5,18,臨時,DiscussNetPremium 平成２３年　　５月　臨時会（第３５３号） - 05月18日－01号 ,議長,議長,後藤源,臨時議長,議場の閉鎖を命じます。,,https://www.kaigiroku.net/cgi-bin/WWWdocHatugen.exe?A=docHatugen&RA=frameNittei&USR=ymagatk&N=2443&H=3800699,null
H3800699_4,山形県,５月,1,23,5,18,臨時,DiscussNetPremium 平成２３年　　５月　臨時会（第３５３号） - 05月18日－01号 ,議長,議長,後藤源,臨時議長,〔議場閉鎖〕,,https://www.kaigiroku.net/cgi-bin/WWWdocHatugen.exe?A=docHatugen&RA=frameNittei&USR=ymagatk&N=2443&H=3800699,null
H3800700_1,山形県,５月,1,23,5,18,臨時,DiscussNetPremium 平成２３年　　５月　臨時会（第３５３号） - 05月18日－01号 ,議長,議長,後藤源,臨時議長,ただいまの出席議員数は四十四人であります。,,https://www.kaigiroku.net/cgi-bin/WWWdocHatugen.exe?A=docHatugen&RA=frameNittei&USR=ymagatk&N=2443&H=3800700,null
H3800700_2,山形県,５月,1,23,5,18,臨時,DiscussNetPremium 平成２３年　　５月　臨時会（第３５３号） - 05月18日－01号 ,議長,議長,後藤源,臨時議長,お諮りいたします。,,https://www.kaigiroku.net/cgi-bin/WWWdocHatugen.exe?A=docHatugen&RA=frameNittei&USR=ymagatk&N=2443&H=3800700,null
H3800700_3,山形県,５月,1,23,5,18,臨時,DiscussNetPremium 平成２３年　　５月　臨時会（第３５３号） - 05月18日－01号 ,議長,議長,後藤源,臨時議長,会議規則第三十一条第二項の規定により、立会人に,,https://www.kaigiroku.net/cgi-bin/WWWdocHatugen.exe?A=docHatugen&RA=frameNittei&USR=ymagatk&N=2443&H=3800700,null
H3800700_4,山形県,５月,1,23,5,18,臨時,DiscussNetPremium 平成２３年　　５月　臨時会（第３５３号） - 05月18日－01号 ,議長,議長,後藤源,臨時議長,楳津博士君,,https://www.kaigiroku.net/cgi-bin/WWWdocHatugen.exe?A=docHatugen&RA=frameNittei&USR=ymagatk&N=2443&H=3800700,null
H3800700_5,山形県,５月,1,23,5,18,臨時,DiscussNetPremium 平成２３年　　５月　臨時会（第３５３号） - 05月18日－01号 ,議長,議長,後藤源,臨時議長,大内理加君,,https://www.kaigiroku.net/cgi-bin/WWWdocHatugen.exe?A=docHatugen&RA=frameNittei&USR=ymagatk&N=2443&H=3800700,null
H3800700_6,山形県,５月,1,23,5,18,臨時,DiscussNetPremium 平成２３年　　５月　臨時会（第３５３号） - 05月18日－01号 ,議長,議長,後藤源,臨時議長,青柳信雄君,,https://www.kaigiroku.net/cgi-bin/WWWdocHatugen.exe?A=docHatugen&RA=frameNittei&USR=ymagatk&N=2443&H=3800700,null
H3800700_7,山形県,５月,1,23,5,18,臨時,DiscussNetPremium 平成２３年　　５月　臨時会（第３５３号） - 05月18日－01号 ,議長,議長,後藤源,臨時議長,を指名いたしたいと思います。,,https://www.kaigiroku.net/cgi-bin/WWWdocHatugen.exe?A=docHatugen&RA=frameNittei&USR=ymagatk&N=2443&H=3800700,null
H3800700_8,山形県,５月,1,23,5,18,臨時,DiscussNetPremium 平成２３年　　５月　臨時会（第３５３号） - 05月18日－01号 ,議長,議長,後藤源,臨時議長,これに御異議ありませんか。,,https://www.kaigiroku.net/cgi-bin/WWWdocHatugen.exe?A=docHatugen&RA=frameNittei&USR=ymagatk&N=2443&H=3800700,null
H3800700_9,山形県,５月,1,23,5,18,臨時,DiscussNetPremium 平成２３年　　５月　臨時会（第３５３号） - 05月18日－01号 ,議長,議長,後藤源,臨時議長,〔「異議なし」と呼ぶ者あり〕,,https://www.kaigiroku.net/cgi-bin/WWWdocHatugen.exe?A=docHatugen&RA=frameNittei&USR=ymagatk&N=2443&H=3800700,null
H3800701_1,山形県,５月,1,23,5,18,臨時,DiscussNetPremium 平成２３年　　５月　臨時会（第３５３号） - 05月18日－01号 ,議長,議長,後藤源,臨時議長,御異議なしと認めます。,,https://www.kaigiroku.net/cgi-bin/WWWdocHatugen.exe?A=docHatugen&RA=frameNittei&USR=ymagatk&N=2443&H=3800701,null
H3800701_2,山形県,５月,1,23,5,18,臨時,DiscussNetPremium 平成２３年　　５月　臨時会（第３５３号） - 05月18日－01号 ,議長,議長,後藤源,臨時議長,よって、立会人に楳津博士君、大内理加君、青柳信雄君を指名いたします。,,https://www.kaigiroku.net/cgi-bin/WWWdocHatugen.exe?A=docHatugen&RA=frameNittei&USR=ymagatk&N=2443&H=3800701,null
H3800701_3,山形県,５月,1,23,5,18,臨時,DiscussNetPremium 平成２３年　　５月　臨時会（第３５３号） - 05月18日－01号 ,議長,議長,後藤源,臨時議長,投票用紙を配付いたさせます。,,https://www.kaigiroku.net/cgi-bin/WWWdocHatugen.exe?A=docHatugen&RA=frameNittei&USR=ymagatk&N=2443&H=3800701,null
H3800701_4,山形県,５月,1,23,5,18,臨時,DiscussNetPremium 平成２３年　　５月　臨時会（第３５３号） - 05月18日－01号 ,議長,議長,後藤源,臨時議長,〔職員、投票用紙を配付〕,,https://www.kaigiroku.net/cgi-bin/WWWdocHatugen.exe?A=docHatugen&RA=frameNittei&USR=ymagatk&N=2443&H=3800701,null
H3800702_1,山形県,５月,1,23,5,18,臨時,DiscussNetPremium 平成２３年　　５月　臨時会（第３５３号） - 05月18日－01号 ,議長,議長,後藤源,臨時議長,投票用紙の配付漏れはありませんか。,,https://www.kaigiroku.net/cgi-bin/WWWdocHatugen.exe?A=docHatugen&RA=frameNittei&USR=ymagatk&N=2443&H=3800702,null
H3800702_2,山形県,５月,1,23,5,18,臨時,DiscussNetPremium 平成２３年　　５月　臨時会（第３５３号） - 05月18日－01号 ,議長,議長,後藤源,臨時議長,－－配付漏れなしと認めます。,,https://www.kaigiroku.net/cgi-bin/WWWdocHatugen.exe?A=docHatugen&RA=frameNittei&USR=ymagatk&N=2443&H=3800702,null
H3800702_3,山形県,５月,1,23,5,18,臨時,DiscussNetPremium 平成２３年　　５月　臨時会（第３５３号） - 05月18日－01号 ,議長,議長,後藤源,臨時議長,議事調査課長をして投票箱を改めさせます。,,https://www.kaigiroku.net/cgi-bin/WWWdocHatugen.exe?A=docHatugen&RA=frameNittei&USR=ymagatk&N=2443&H=3800702,null
H3800702_4,山形県,５月,1,23,5,18,臨時,DiscussNetPremium 平成２３年　　５月　臨時会（第３５３号） - 05月18日－01号 ,議長,議長,後藤源,臨時議長,〔議事調査課長、投票箱を点検〕,,https://www.kaigiroku.net/cgi-bin/WWWdocHatugen.exe?A=docHatugen&RA=frameNittei&USR=ymagatk&N=2443&H=3800702,null
H3800703_1,山形県,５月,1,23,5,18,臨時,DiscussNetPremium 平成２３年　　５月　臨時会（第３５３号） - 05月18日－01号 ,議長,議長,後藤源,臨時議長,異状なしと認めます。,,https://www.kaigiroku.net/cgi-bin/WWWdocHatugen.exe?A=docHatugen&RA=frameNittei&USR=ymagatk&N=2443&H=3800703,null
H3800703_2,山形県,５月,1,23,5,18,臨時,DiscussNetPremium 平成２３年　　５月　臨時会（第３５３号） - 05月18日－01号 ,議長,議長,後藤源,臨時議長,これより投票に移ります。,,https://www.kaigiroku.net/cgi-bin/WWWdocHatugen.exe?A=docHatugen&RA=frameNittei&USR=ymagatk&N=2443&H=3800703,null
H3800703_3,山形県,５月,1,23,5,18,臨時,DiscussNetPremium 平成２３年　　５月　臨時会（第３５３号） - 05月18日－01号 ,議長,議長,後藤源,臨時議長,念のため申し上げます。,,https://www.kaigiroku.net/cgi-bin/WWWdocHatugen.exe?A=docHatugen&RA=frameNittei&USR=ymagatk&N=2443&H=3800703,null
H3800703_4,山形県,５月,1,23,5,18,臨時,DiscussNetPremium 平成２３年　　５月　臨時会（第３５３号） - 05月18日－01号 ,議長,議長,後藤源,臨時議長,投票は単記無記名であります。,,https://www.kaigiroku.net/cgi-bin/WWWdocHatugen.exe?A=docHatugen&RA=frameNittei&USR=ymagatk&N=2443&H=3800703,null
H3800703_5,山形県,５月,1,23,5,18,臨時,DiscussNetPremium 平成２３年　　５月　臨時会（第３５３号） - 05月18日－01号 ,議長,議長,後藤源,臨時議長,議事調査課長の点呼に応じて議長席に向かって右の方から登壇の上、順次投票し、左の方から降壇願います。,,https://www.kaigiroku.net/cgi-bin/WWWdocHatugen.exe?A=docHatugen&RA=frameNittei&USR=ymagatk&N=2443&H=3800703,null
H3800703_6,山形県,５月,1,23,5,18,臨時,DiscussNetPremium 平成２３年　　５月　臨時会（第３５３号） - 05月18日－01号 ,議長,議長,後藤源,臨時議長,点呼いたします。,,https://www.kaigiroku.net/cgi-bin/WWWdocHatugen.exe?A=docHatugen&RA=frameNittei&USR=ymagatk&N=2443&H=3800703,null
H3800704_1,山形県,５月,1,23,5,18,臨時,DiscussNetPremium 平成２３年　　５月　臨時会（第３５３号） - 05月18日－01号 ,答弁者,その他,池田仁,議事調査課長,山科朝則君　　　草島進一君,,https://www.kaigiroku.net/cgi-bin/WWWdocHatugen.exe?A=docHatugen&RA=frameNittei&USR=ymagatk&N=2443&H=3800704,null
H3800704_2,山形県,５月,1,23,5,18,臨時,DiscussNetPremium 平成２３年　　５月　臨時会（第３５３号） - 05月18日－01号 ,答弁者,その他,池田仁,議事調査課長,金子敏明君　　　菊池文昭君,,https://www.kaigiroku.net/cgi-bin/WWWdocHatugen.exe?A=docHatugen&RA=frameNittei&USR=ymagatk&N=2443&H=3800704,null
H3800704_3,山形県,５月,1,23,5,18,臨時,DiscussNetPremium 平成２３年　　５月　臨時会（第３５３号） - 05月18日－01号 ,答弁者,その他,池田仁,議事調査課長,石黒　覚君　　　矢吹栄修君,,https://www.kaigiroku.net/cgi-bin/WWWdocHatugen.exe?A=docHatugen&RA=frameNittei&USR=ymagatk&N=2443&H=3800704,null
H3800704_4,山形県,５月,1,23,5,18,臨時,DiscussNetPremium 平成２３年　　５月　臨時会（第３５３号） - 05月18日－01号 ,答弁者,その他,池田仁,議事調査課長,小松伸也君　　　佐藤　昇君,,https://www.kaigiroku.net/cgi-bin/WWWdocHatugen.exe?A=docHatugen&RA=frameNittei&USR=ymagatk&N=2443&H=3800704,null
H3800704_5,山形県,５月,1,23,5,18,臨時,DiscussNetPremium 平成２３年　　５月　臨時会（第３５３号） - 05月18日－01号 ,答弁者,その他,池田仁,議事調査課長,島津良平君　　　渡辺ゆり子君,,https://www.kaigiroku.net/cgi-bin/WWWdocHatugen.exe?A=docHatugen&RA=frameNittei&USR=ymagatk&N=2443&H=3800704,null
H3800704_6,山形県,５月,1,23,5,18,臨時,DiscussNetPremium 平成２３年　　５月　臨時会（第３５３号） - 05月18日－01号 ,答弁者,その他,池田仁,議事調査課長,吉村和武君　　　楳津博士君,,https://www.kaigiroku.net/cgi-bin/WWWdocHatugen.exe?A=docHatugen&RA=frameNittei&USR=ymagatk&N=2443&H=3800704,null
H3800704_7,山形県,５月,1,23,5,18,臨時,DiscussNetPremium 平成２３年　　５月　臨時会（第３５３号） - 05月18日－01号 ,答弁者,その他,池田仁,議事調査課長,高橋啓介君　　　阿部昇司君,,https://www.kaigiroku.net/cgi-bin/WWWdocHatugen.exe?A=docHatugen&RA=frameNittei&USR=ymagatk&N=2443&H=3800704,null
H3800704_8,山形県,５月,1,23,5,18,臨時,DiscussNetPremium 平成２３年　　５月　臨時会（第３５３号） - 05月18日－01号 ,答弁者,その他,池田仁,議事調査課長,加賀正和君　　　森谷仙一郎君,,https://www.kaigiroku.net/cgi-bin/WWWdocHatugen.exe?A=docHatugen&RA=frameNittei&USR=ymagatk&N=2443&H=3800704,null
H3800704_9,山形県,５月,1,23,5,18,臨時,DiscussNetPremium 平成２３年　　５月　臨時会（第３５３号） - 05月18日－01号 ,答弁者,その他,池田仁,議事調査課長,鈴木　孝君　　　大内理加君,,https://www.kaigiroku.net/cgi-bin/WWWdocHatugen.exe?A=docHatugen&RA=frameNittei&USR=ymagatk&N=2443&H=3800704,null
H3800704_10,山形県,５月,1,23,5,18,臨時,DiscussNetPremium 平成２３年　　５月　臨時会（第３５３号） - 05月18日－01号 ,答弁者,その他,池田仁,議事調査課長,奥山誠治君　　　菅原　元君,,https://www.kaigiroku.net/cgi-bin/WWWdocHatugen.exe?A=docHatugen&RA=frameNittei&USR=ymagatk&N=2443&H=3800704,null
H3800704_11,山形県,５月,1,23,5,18,臨時,DiscussNetPremium 平成２３年　　５月　臨時会（第３５３号） - 05月18日－01号 ,答弁者,その他,池田仁,議事調査課長,青柳信雄君　　　小池克敏君,,https://www.kaigiroku.net/cgi-bin/WWWdocHatugen.exe?A=docHatugen&RA=frameNittei&USR=ymagatk&N=2443&H=3800704,null
H3800704_12,山形県,５月,1,23,5,18,臨時,DiscussNetPremium 平成２３年　　５月　臨時会（第３５３号） - 05月18日－01号 ,答弁者,その他,池田仁,議事調査課長,木村忠三君　　　中川　勝君,,https://www.kaigiroku.net/cgi-bin/WWWdocHatugen.exe?A=docHatugen&RA=frameNittei&USR=ymagatk&N=2443&H=3800704,null
H3800704_13,山形県,５月,1,23,5,18,臨時,DiscussNetPremium 平成２３年　　５月　臨時会（第３５３号） - 05月18日－01号 ,答弁者,その他,池田仁,議事調査課長,小野幸作君　　　児玉　太君,,https://www.kaigiroku.net/cgi-bin/WWWdocHatugen.exe?A=docHatugen&RA=frameNittei&USR=ymagatk&N=2443&H=3800704,null
H3800704_14,山形県,５月,1,23,5,18,臨時,DiscussNetPremium 平成２３年　　５月　臨時会（第３５３号） - 05月18日－01号 ,答弁者,その他,池田仁,議事調査課長,金澤忠一君　　　伊藤重成君,,https://www.kaigiroku.net/cgi-bin/WWWdocHatugen.exe?A=docHatugen&RA=frameNittei&USR=ymagatk&N=2443&H=3800704,null
H3800704_15,山形県,５月,1,23,5,18,臨時,DiscussNetPremium 平成２３年　　５月　臨時会（第３５３号） - 05月18日－01号 ,答弁者,その他,池田仁,議事調査課長,舩山現人君　　　田澤伸一君,,https://www.kaigiroku.net/cgi-bin/WWWdocHatugen.exe?A=docHatugen&RA=frameNittei&USR=ymagatk&N=2443&H=3800704,null
H3800704_16,山形県,５月,1,23,5,18,臨時,DiscussNetPremium 平成２３年　　５月　臨時会（第３５３号） - 05月18日－01号 ,答弁者,その他,池田仁,議事調査課長,森田　廣君　　　坂本貴美雄君,,https://www.kaigiroku.net/cgi-bin/WWWdocHatugen.exe?A=docHatugen&RA=frameNittei&USR=ymagatk&N=2443&H=3800704,null
H3800704_17,山形県,５月,1,23,5,18,臨時,DiscussNetPremium 平成２３年　　５月　臨時会（第３５３号） - 05月18日－01号 ,答弁者,その他,池田仁,議事調査課長,星川純一君　　　広谷五郎左エ門君,,https://www.kaigiroku.net/cgi-bin/WWWdocHatugen.exe?A=docHatugen&RA=frameNittei&USR=ymagatk&N=2443&H=3800704,null
H3800704_18,山形県,５月,1,23,5,18,臨時,DiscussNetPremium 平成２３年　　５月　臨時会（第３５３号） - 05月18日－01号 ,答弁者,その他,池田仁,議事調査課長,佐藤藤彌君　　　志田英紀君,,https://www.kaigiroku.net/cgi-bin/WWWdocHatugen.exe?A=docHatugen&RA=frameNittei&USR=ymagatk&N=2443&H=3800704,null
H3800704_19,山形県,５月,1,23,5,18,臨時,DiscussNetPremium 平成２３年　　５月　臨時会（第３５３号） - 05月18日－01号 ,答弁者,その他,池田仁,議事調査課長,野川政文君　　　阿部賢一君,,https://www.kaigiroku.net/cgi-bin/WWWdocHatugen.exe?A=docHatugen&RA=frameNittei&USR=ymagatk&N=2443&H=3800704,null
H3800704_20,山形県,５月,1,23,5,18,臨時,DiscussNetPremium 平成２３年　　５月　臨時会（第３５３号） - 05月18日－01号 ,答弁者,その他,池田仁,議事調査課長,鈴木正法君　　　佐貝全健君,,https://www.kaigiroku.net/cgi-bin/WWWdocHatugen.exe?A=docHatugen&RA=frameNittei&USR=ymagatk&N=2443&H=3800704,null
H3800704_21,山形県,５月,1,23,5,18,臨時,DiscussNetPremium 平成２３年　　５月　臨時会（第３５３号） - 05月18日－01号 ,答弁者,その他,池田仁,議事調査課長,平　弘造君　　　阿部信矢君,,https://www.kaigiroku.net/cgi-bin/WWWdocHatugen.exe?A=docHatugen&RA=frameNittei&USR=ymagatk&N=2443&H=3800704,null
H3800704_22,山形県,５月,1,23,5,18,臨時,DiscussNetPremium 平成２３年　　５月　臨時会（第３５３号） - 05月18日－01号 ,答弁者,その他,池田仁,議事調査課長,今井榮喜君,,https://www.kaigiroku.net/cgi-bin/WWWdocHatugen.exe?A=docHatugen&RA=frameNittei&USR=ymagatk&N=2443&H=3800704,null
H3800704_23,山形県,５月,1,23,5,18,臨時,DiscussNetPremium 平成２３年　　５月　臨時会（第３５３号） - 05月18日－01号 ,答弁者,その他,池田仁,議事調査課長,臨時議長　後藤　源君,,https://www.kaigiroku.net/cgi-bin/WWWdocHatugen.exe?A=docHatugen&RA=frameNittei&USR=ymagatk&N=2443&H=3800704,null
H3800705_1,山形県,５月,1,23,5,18,臨時,DiscussNetPremium 平成２３年　　５月　臨時会（第３５３号） - 05月18日－01号 ,議長,議長,後藤源,臨時議長,投票漏れはありませんか。,,https://www.kaigiroku.net/cgi-bin/WWWdocHatugen.exe?A=docHatugen&RA=frameNittei&USR=ymagatk&N=2443&H=3800705,null
H3800705_2,山形県,５月,1,23,5,18,臨時,DiscussNetPremium 平成２３年　　５月　臨時会（第３５３号） - 05月18日－01号 ,議長,議長,後藤源,臨時議長,－－投票漏れなしと認めます。,,https://www.kaigiroku.net/cgi-bin/WWWdocHatugen.exe?A=docHatugen&RA=frameNittei&USR=ymagatk&N=2443&H=3800705,null
H3800705_3,山形県,５月,1,23,5,18,臨時,DiscussNetPremium 平成２３年　　５月　臨時会（第３５３号） - 05月18日－01号 ,議長,議長,後藤源,臨時議長,投票を終了いたします。,,https://www.kaigiroku.net/cgi-bin/WWWdocHatugen.exe?A=docHatugen&RA=frameNittei&USR=ymagatk&N=2443&H=3800705,null
H3800705_4,山形県,５月,1,23,5,18,臨時,DiscussNetPremium 平成２３年　　５月　臨時会（第３５３号） - 05月18日－01号 ,議長,議長,後藤源,臨時議長,開票を行います。,,https://www.kaigiroku.net/cgi-bin/WWWdocHatugen.exe?A=docHatugen&RA=frameNittei&USR=ymagatk&N=2443&H=3800705,null
H3800705_5,山形県,５月,1,23,5,18,臨時,DiscussNetPremium 平成２３年　　５月　臨時会（第３５３号） - 05月18日－01号 ,議長,議長,後藤源,臨時議長,楳津博士君、大内理加君、青柳信雄君、立ち会いをお願いいたします。,,https://www.kaigiroku.net/cgi-bin/WWWdocHatugen.exe?A=docHatugen&RA=frameNittei&USR=ymagatk&N=2443&H=3800705,null
H3800705_6,山形県,５月,1,23,5,18,臨時,DiscussNetPremium 平成２３年　　５月　臨時会（第３５３号） - 05月18日－01号 ,議長,議長,後藤源,臨時議長,〔開票〕,,https://www.kaigiroku.net/cgi-bin/WWWdocHatugen.exe?A=docHatugen&RA=frameNittei&USR=ymagatk&N=2443&H=3800705,null
H3800706_1,山形県,５月,1,23,5,18,臨時,DiscussNetPremium 平成２３年　　５月　臨時会（第３５３号） - 05月18日－01号 ,議長,議長,後藤源,臨時議長,選挙の結果を事務局長をして報告いたさせます。,,https://www.kaigiroku.net/cgi-bin/WWWdocHatugen.exe?A=docHatugen&RA=frameNittei&USR=ymagatk&N=2443&H=3800706,null
H3800707_1,山形県,５月,1,23,5,18,臨時,DiscussNetPremium 平成２３年　　５月　臨時会（第３５３号） - 05月18日－01号 ,答弁者,その他,三浦秋夫,事務局長,御報告申し上げます。,,https://www.kaigiroku.net/cgi-bin/WWWdocHatugen.exe?A=docHatugen&RA=frameNittei&USR=ymagatk&N=2443&H=3800707,null
H3800707_2,山形県,５月,1,23,5,18,臨時,DiscussNetPremium 平成２３年　　５月　臨時会（第３５３号） - 05月18日－01号 ,答弁者,その他,三浦秋夫,事務局長,投票総数　　　　四十四票,,https://www.kaigiroku.net/cgi-bin/WWWdocHatugen.exe?A=docHatugen&RA=frameNittei&USR=ymagatk&N=2443&H=3800707,null
H3800707_3,山形県,５月,1,23,5,18,臨時,DiscussNetPremium 平成２３年　　５月　臨時会（第３５３号） - 05月18日－01号 ,答弁者,その他,三浦秋夫,事務局長,有効投票　　　　三十五票,,https://www.kaigiroku.net/cgi-bin/WWWdocHatugen.exe?A=docHatugen&RA=frameNittei&USR=ymagatk&N=2443&H=3800707,null
H3800707_4,山形県,５月,1,23,5,18,臨時,DiscussNetPremium 平成２３年　　５月　臨時会（第３５３号） - 05月18日－01号 ,答弁者,その他,三浦秋夫,事務局長,無効投票　　　　　　九票,,https://www.kaigiroku.net/cgi-bin/WWWdocHatugen.exe?A=docHatugen&RA=frameNittei&USR=ymagatk&N=2443&H=3800707,null
H3800707_5,山形県,５月,1,23,5,18,臨時,DiscussNetPremium 平成２３年　　５月　臨時会（第３５３号） - 05月18日－01号 ,答弁者,その他,三浦秋夫,事務局長,有効投票中,,https://www.kaigiroku.net/cgi-bin/WWWdocHatugen.exe?A=docHatugen&RA=frameNittei&USR=ymagatk&N=2443&H=3800707,null
H3800707_6,山形県,５月,1,23,5,18,臨時,DiscussNetPremium 平成２３年　　５月　臨時会（第３５３号） - 05月18日－01号 ,答弁者,その他,三浦秋夫,事務局長,平　弘造君　　三十四票,,https://www.kaigiroku.net/cgi-bin/WWWdocHatugen.exe?A=docHatugen&RA=frameNittei&USR=ymagatk&N=2443&H=3800707,null
H3800707_7,山形県,５月,1,23,5,18,臨時,DiscussNetPremium 平成２３年　　５月　臨時会（第３５３号） - 05月18日－01号 ,答弁者,その他,三浦秋夫,事務局長,渡辺ゆり子君　　　一票,,https://www.kaigiroku.net/cgi-bin/WWWdocHatugen.exe?A=docHatugen&RA=frameNittei&USR=ymagatk&N=2443&H=3800707,null
H3800707_8,山形県,５月,1,23,5,18,臨時,DiscussNetPremium 平成２３年　　５月　臨時会（第３５３号） - 05月18日－01号 ,答弁者,その他,三浦秋夫,事務局長,以上でございます。,,https://www.kaigiroku.net/cgi-bin/WWWdocHatugen.exe?A=docHatugen&RA=frameNittei&USR=ymagatk&N=2443&H=3800707,null
H3800708_1,山形県,５月,1,23,5,18,臨時,DiscussNetPremium 平成２３年　　５月　臨時会（第３５３号） - 05月18日－01号 ,議長,議長,後藤源,臨時議長,以上のとおりであります。,,https://www.kaigiroku.net/cgi-bin/WWWdocHatugen.exe?A=docHatugen&RA=frameNittei&USR=ymagatk&N=2443&H=3800708,null
H3800708_2,山形県,５月,1,23,5,18,臨時,DiscussNetPremium 平成２３年　　５月　臨時会（第３５３号） - 05月18日－01号 ,議長,議長,後藤源,臨時議長,この選挙の法定得票数は八・七五票であります。,,https://www.kaigiroku.net/cgi-bin/WWWdocHatugen.exe?A=docHatugen&RA=frameNittei&USR=ymagatk&N=2443&H=3800708,null
H3800708_3,山形県,５月,1,23,5,18,臨時,DiscussNetPremium 平成２３年　　５月　臨時会（第３５３号） - 05月18日－01号 ,議長,議長,後藤源,臨時議長,よって、,,https://www.kaigiroku.net/cgi-bin/WWWdocHatugen.exe?A=docHatugen&RA=frameNittei&USR=ymagatk&N=2443&H=3800708,null
H3800708_4,山形県,５月,1,23,5,18,臨時,DiscussNetPremium 平成２３年　　５月　臨時会（第３５３号） - 05月18日－01号 ,議長,議長,後藤源,臨時議長,平　弘造君,,https://www.kaigiroku.net/cgi-bin/WWWdocHatugen.exe?A=docHatugen&RA=frameNittei&USR=ymagatk&N=2443&H=3800708,null
H3800708_5,山形県,５月,1,23,5,18,臨時,DiscussNetPremium 平成２３年　　５月　臨時会（第３５３号） - 05月18日－01号 ,議長,議長,後藤源,臨時議長,が議長に当選されました。,,https://www.kaigiroku.net/cgi-bin/WWWdocHatugen.exe?A=docHatugen&RA=frameNittei&USR=ymagatk&N=2443&H=3800708,null
H3800708_6,山形県,５月,1,23,5,18,臨時,DiscussNetPremium 平成２３年　　５月　臨時会（第３５３号） - 05月18日－01号 ,議長,議長,後藤源,臨時議長,議場の閉鎖を解きます。,,https://www.kaigiroku.net/cgi-bin/WWWdocHatugen.exe?A=docHatugen&RA=frameNittei&USR=ymagatk&N=2443&H=3800708,null
H3800708_7,山形県,５月,1,23,5,18,臨時,DiscussNetPremium 平成２３年　　５月　臨時会（第３５３号） - 05月18日－01号 ,議長,議長,後藤源,臨時議長,〔議場開鎖〕,,https://www.kaigiroku.net/cgi-bin/WWWdocHatugen.exe?A=docHatugen&RA=frameNittei&USR=ymagatk&N=2443&H=3800708,null
H3800709_1,山形県,５月,1,23,5,18,臨時,DiscussNetPremium 平成２３年　　５月　臨時会（第３５３号） - 05月18日－01号 ,議長,議長,後藤源,臨時議長,ただいま議長に当選されました平弘造君が議場におられますので、会議規則第三十二条第二項の規定により告知いたします。,,https://www.kaigiroku.net/cgi-bin/WWWdocHatugen.exe?A=docHatugen&RA=frameNittei&USR=ymagatk&N=2443&H=3800709,null
H3800709_2,山形県,５月,1,23,5,18,臨時,DiscussNetPremium 平成２３年　　５月　臨時会（第３５３号） - 05月18日－01号 ,議長,議長,後藤源,臨時議長,平弘造君、演壇にお進みください。,,https://www.kaigiroku.net/cgi-bin/WWWdocHatugen.exe?A=docHatugen&RA=frameNittei&USR=ymagatk&N=2443&H=3800709,null
H3800709_3,山形県,５月,1,23,5,18,臨時,DiscussNetPremium 平成２３年　　５月　臨時会（第３５３号） - 05月18日－01号 ,議長,議長,後藤源,臨時議長,当選告知書,,https://www.kaigiroku.net/cgi-bin/WWWdocHatugen.exe?A=docHatugen&RA=frameNittei&USR=ymagatk&N=2443&H=3800709,null
H3800709_4,山形県,５月,1,23,5,18,臨時,DiscussNetPremium 平成２３年　　５月　臨時会（第３５３号） - 05月18日－01号 ,議長,議長,後藤源,臨時議長,平　弘造殿,,https://www.kaigiroku.net/cgi-bin/WWWdocHatugen.exe?A=docHatugen&RA=frameNittei&USR=ymagatk&N=2443&H=3800709,null
H3800709_5,山形県,５月,1,23,5,18,臨時,DiscussNetPremium 平成２３年　　５月　臨時会（第３５３号） - 05月18日－01号 ,議長,議長,後藤源,臨時議長,五月十八日の議会で行った議長の選挙において貴殿が議長に当選されたので会議規則第三十二条第二項の規定により告知します,,https://www.kaigiroku.net/cgi-bin/WWWdocHatugen.exe?A=docHatugen&RA=frameNittei&USR=ymagatk&N=2443&H=3800709,null
H3800709_6,山形県,５月,1,23,5,18,臨時,DiscussNetPremium 平成２３年　　５月　臨時会（第３５３号） - 05月18日－01号 ,議長,議長,後藤源,臨時議長,平成二十三年五月十八日,,https://www.kaigiroku.net/cgi-bin/WWWdocHatugen.exe?A=docHatugen&RA=frameNittei&USR=ymagatk&N=2443&H=3800709,null
H3800709_7,山形県,５月,1,23,5,18,臨時,DiscussNetPremium 平成２３年　　５月　臨時会（第３５３号） - 05月18日－01号 ,議長,議長,後藤源,臨時議長,山形県議会臨時議長　　後藤　源,,https://www.kaigiroku.net/cgi-bin/WWWdocHatugen.exe?A=docHatugen&RA=frameNittei&USR=ymagatk&N=2443&H=3800709,null
H3800710_1,山形県,５月,1,23,5,18,臨時,DiscussNetPremium 平成２３年　　５月　臨時会（第３５３号） - 05月18日－01号 ,議長,議長,後藤源,臨時議長,当選人の発言を求めます。,,https://www.kaigiroku.net/cgi-bin/WWWdocHatugen.exe?A=docHatugen&RA=frameNittei&USR=ymagatk&N=2443&H=3800710,null
H3800711_1,山形県,５月,1,23,5,18,臨時,DiscussNetPremium 平成２３年　　５月　臨時会（第３５３号） - 05月18日－01号 ,質問者,議員（当選の挨拶）,平弘造,null,ごあいさつを申し上げます。,,https://www.kaigiroku.net/cgi-bin/WWWdocHatugen.exe?A=docHatugen&RA=frameNittei&USR=ymagatk&N=2443&H=3800711,null
H3800711_2,山形県,５月,1,23,5,18,臨時,DiscussNetPremium 平成２３年　　５月　臨時会（第３５３号） - 05月18日－01号 ,質問者,議員（当選の挨拶）,平弘造,null,このたび、多くの皆様から温かい御支援をいただいて伝統ある山形県議会議長として就任をさせていただくことになりました。,,https://www.kaigiroku.net/cgi-bin/WWWdocHatugen.exe?A=docHatugen&RA=frameNittei&USR=ymagatk&N=2443&H=3800711,null
H3800711_3,山形県,５月,1,23,5,18,臨時,DiscussNetPremium 平成２３年　　５月　臨時会（第３５３号） - 05月18日－01号 ,質問者,議員（当選の挨拶）,平弘造,null,私たちを取り巻く環境は非常に厳しいものがあります。,,https://www.kaigiroku.net/cgi-bin/WWWdocHatugen.exe?A=docHatugen&RA=frameNittei&USR=ymagatk&N=2443&H=3800711,null
H3800711_4,山形県,５月,1,23,5,18,臨時,DiscussNetPremium 平成２３年　　５月　臨時会（第３５３号） - 05月18日－01号 ,質問者,議員（当選の挨拶）,平弘造,null,特に、三月十一日に起こった東日本大震災で私たちに教訓として与えられたものは、多くのものがあります。,,https://www.kaigiroku.net/cgi-bin/WWWdocHatugen.exe?A=docHatugen&RA=frameNittei&USR=ymagatk&N=2443&H=3800711,null
H3800711_5,山形県,５月,1,23,5,18,臨時,DiscussNetPremium 平成２３年　　５月　臨時会（第３５３号） - 05月18日－01号 ,質問者,議員（当選の挨拶）,平弘造,null,今回の大震災で、お亡くなりになった方々には心からお悔やみを申し上げますとともに、被災された方々には一日も早い復興を願わずにはいられません。,,https://www.kaigiroku.net/cgi-bin/WWWdocHatugen.exe?A=docHatugen&RA=frameNittei&USR=ymagatk&N=2443&H=3800711,null
H3800711_6,山形県,５月,1,23,5,18,臨時,DiscussNetPremium 平成２３年　　５月　臨時会（第３５３号） - 05月18日－01号 ,質問者,議員（当選の挨拶）,平弘造,null,しかし、私たちに求められているものは、力強い支援であり、長い間の支援であります。,,https://www.kaigiroku.net/cgi-bin/WWWdocHatugen.exe?A=docHatugen&RA=frameNittei&USR=ymagatk&N=2443&H=3800711,null
H3800711_7,山形県,５月,1,23,5,18,臨時,DiscussNetPremium 平成２３年　　５月　臨時会（第３５３号） - 05月18日－01号 ,質問者,議員（当選の挨拶）,平弘造,null,ということは、行政は山形県の経済をしっかり立て直しながら、長く再起を支援をしていく、議会はまたスピード感を持っていろんなものに対応していく、そして、県民の安全をどうやって守っていくかということで地域の防災力を高めていく、そんなものが求められてくるのではないかというふうに思っております。,,https://www.kaigiroku.net/cgi-bin/WWWdocHatugen.exe?A=docHatugen&RA=frameNittei&USR=ymagatk&N=2443&H=3800711,null
H3800711_8,山形県,５月,1,23,5,18,臨時,DiscussNetPremium 平成２３年　　５月　臨時会（第３５３号） - 05月18日－01号 ,質問者,議員（当選の挨拶）,平弘造,null,改めて、全力を傾けて議長の職を全うしてまいりたいというふうに思っております。,,https://www.kaigiroku.net/cgi-bin/WWWdocHatugen.exe?A=docHatugen&RA=frameNittei&USR=ymagatk&N=2443&H=3800711,null
H3800711_9,山形県,５月,1,23,5,18,臨時,DiscussNetPremium 平成２３年　　５月　臨時会（第３５３号） - 05月18日－01号 ,質問者,議員（当選の挨拶）,平弘造,null,皆様方の温かい御支援を賜りますよう心からお願いを申し上げまして、あいさつにかえさせていただきます。,,https://www.kaigiroku.net/cgi-bin/WWWdocHatugen.exe?A=docHatugen&RA=frameNittei&USR=ymagatk&N=2443&H=3800711,null
H3800711_10,山形県,５月,1,23,5,18,臨時,DiscussNetPremium 平成２３年　　５月　臨時会（第３５３号） - 05月18日－01号 ,質問者,議員（当選の挨拶）,平弘造,null,本当にありがとうございます。,,https://www.kaigiroku.net/cgi-bin/WWWdocHatugen.exe?A=docHatugen&RA=frameNittei&USR=ymagatk&N=2443&H=3800711,null
H3800712_1,山形県,５月,1,23,5,18,臨時,DiscussNetPremium 平成２３年　　５月　臨時会（第３５３号） - 05月18日－01号 ,議長,議長,後藤源,臨時議長,当選人の発言は終わりました。,,https://www.kaigiroku.net/cgi-bin/WWWdocHatugen.exe?A=docHatugen&RA=frameNittei&USR=ymagatk&N=2443&H=3800712,null
H3800713_1,山形県,５月,1,23,5,18,臨時,DiscussNetPremium 平成２３年　　５月　臨時会（第３５３号） - 05月18日－01号 ,議長,議長,後藤源,臨時議長,議長と交代いたします。,,https://www.kaigiroku.net/cgi-bin/WWWdocHatugen.exe?A=docHatugen&RA=frameNittei&USR=ymagatk&N=2443&H=3800713,null
H3800715_1,山形県,５月,1,23,5,18,臨時,DiscussNetPremium 平成２３年　　５月　臨時会（第３５３号） - 05月18日－01号 ,議長,議長,平弘造,議長,日程第四副議長の選挙を行います。,,https://www.kaigiroku.net/cgi-bin/WWWdocHatugen.exe?A=docHatugen&RA=frameNittei&USR=ymagatk&N=2443&H=3800715,null
H3800715_2,山形県,５月,1,23,5,18,臨時,DiscussNetPremium 平成２３年　　５月　臨時会（第３５３号） - 05月18日－01号 ,議長,議長,平弘造,議長,選挙は投票により行います。,,https://www.kaigiroku.net/cgi-bin/WWWdocHatugen.exe?A=docHatugen&RA=frameNittei&USR=ymagatk&N=2443&H=3800715,null
H3800715_3,山形県,５月,1,23,5,18,臨時,DiscussNetPremium 平成２３年　　５月　臨時会（第３５３号） - 05月18日－01号 ,議長,議長,平弘造,議長,議場の閉鎖を命じます。,,https://www.kaigiroku.net/cgi-bin/WWWdocHatugen.exe?A=docHatugen&RA=frameNittei&USR=ymagatk&N=2443&H=3800715,null
H3800715_4,山形県,５月,1,23,5,18,臨時,DiscussNetPremium 平成２３年　　５月　臨時会（第３５３号） - 05月18日－01号 ,議長,議長,平弘造,議長,〔議場閉鎖〕,,https://www.kaigiroku.net/cgi-bin/WWWdocHatugen.exe?A=docHatugen&RA=frameNittei&USR=ymagatk&N=2443&H=3800715,null
H3800716_1,山形県,５月,1,23,5,18,臨時,DiscussNetPremium 平成２３年　　５月　臨時会（第３５３号） - 05月18日－01号 ,議長,議長,平弘造,議長,ただいまの出席議員数は四十四人であります。,,https://www.kaigiroku.net/cgi-bin/WWWdocHatugen.exe?A=docHatugen&RA=frameNittei&USR=ymagatk&N=2443&H=3800716,null
H3800716_2,山形県,５月,1,23,5,18,臨時,DiscussNetPremium 平成２３年　　５月　臨時会（第３５３号） - 05月18日－01号 ,議長,議長,平弘造,議長,お諮りいたします。,,https://www.kaigiroku.net/cgi-bin/WWWdocHatugen.exe?A=docHatugen&RA=frameNittei&USR=ymagatk&N=2443&H=3800716,null
H3800716_3,山形県,５月,1,23,5,18,臨時,DiscussNetPremium 平成２３年　　５月　臨時会（第３５３号） - 05月18日－01号 ,議長,議長,平弘造,議長,会議規則第三十一条第二項の規定により、立会人に,,https://www.kaigiroku.net/cgi-bin/WWWdocHatugen.exe?A=docHatugen&RA=frameNittei&USR=ymagatk&N=2443&H=3800716,null
H3800716_4,山形県,５月,1,23,5,18,臨時,DiscussNetPremium 平成２３年　　５月　臨時会（第３５３号） - 05月18日－01号 ,議長,議長,平弘造,議長,楳津博士君,,https://www.kaigiroku.net/cgi-bin/WWWdocHatugen.exe?A=docHatugen&RA=frameNittei&USR=ymagatk&N=2443&H=3800716,null
H3800716_5,山形県,５月,1,23,5,18,臨時,DiscussNetPremium 平成２３年　　５月　臨時会（第３５３号） - 05月18日－01号 ,議長,議長,平弘造,議長,大内理加君,,https://www.kaigiroku.net/cgi-bin/WWWdocHatugen.exe?A=docHatugen&RA=frameNittei&USR=ymagatk&N=2443&H=3800716,null
H3800716_6,山形県,５月,1,23,5,18,臨時,DiscussNetPremium 平成２３年　　５月　臨時会（第３５３号） - 05月18日－01号 ,議長,議長,平弘造,議長,青柳信雄君,,https://www.kaigiroku.net/cgi-bin/WWWdocHatugen.exe?A=docHatugen&RA=frameNittei&USR=ymagatk&N=2443&H=3800716,null
H3800716_7,山形県,５月,1,23,5,18,臨時,DiscussNetPremium 平成２３年　　５月　臨時会（第３５３号） - 05月18日－01号 ,議長,議長,平弘造,議長,を指名いたしたいと思います。,,https://www.kaigiroku.net/cgi-bin/WWWdocHatugen.exe?A=docHatugen&RA=frameNittei&USR=ymagatk&N=2443&H=3800716,null
H3800716_8,山形県,５月,1,23,5,18,臨時,DiscussNetPremium 平成２３年　　５月　臨時会（第３５３号） - 05月18日－01号 ,議長,議長,平弘造,議長,これに御異議ありませんか。,,https://www.kaigiroku.net/cgi-bin/WWWdocHatugen.exe?A=docHatugen&RA=frameNittei&USR=ymagatk&N=2443&H=3800716,null
H3800716_9,山形県,５月,1,23,5,18,臨時,DiscussNetPremium 平成２３年　　５月　臨時会（第３５３号） - 05月18日－01号 ,議長,議長,平弘造,議長,〔「異議なし」と呼ぶ者あり〕,,https://www.kaigiroku.net/cgi-bin/WWWdocHatugen.exe?A=docHatugen&RA=frameNittei&USR=ymagatk&N=2443&H=3800716,null
H3800717_1,山形県,５月,1,23,5,18,臨時,DiscussNetPremium 平成２３年　　５月　臨時会（第３５３号） - 05月18日－01号 ,議長,議長,平弘造,議長,御異議なしと認めます。,,https://www.kaigiroku.net/cgi-bin/WWWdocHatugen.exe?A=docHatugen&RA=frameNittei&USR=ymagatk&N=2443&H=3800717,null
H3800717_2,山形県,５月,1,23,5,18,臨時,DiscussNetPremium 平成２３年　　５月　臨時会（第３５３号） - 05月18日－01号 ,議長,議長,平弘造,議長,よって、立会人に楳津博士君、大内理加君、青柳信雄君を指名いたします。,,https://www.kaigiroku.net/cgi-bin/WWWdocHatugen.exe?A=docHatugen&RA=frameNittei&USR=ymagatk&N=2443&H=3800717,null
H3800717_3,山形県,５月,1,23,5,18,臨時,DiscussNetPremium 平成２３年　　５月　臨時会（第３５３号） - 05月18日－01号 ,議長,議長,平弘造,議長,投票用紙を配付いたさせます。,,https://www.kaigiroku.net/cgi-bin/WWWdocHatugen.exe?A=docHatugen&RA=frameNittei&USR=ymagatk&N=2443&H=3800717,null
H3800717_4,山形県,５月,1,23,5,18,臨時,DiscussNetPremium 平成２３年　　５月　臨時会（第３５３号） - 05月18日－01号 ,議長,議長,平弘造,議長,〔職員、投票用紙を配付〕,,https://www.kaigiroku.net/cgi-bin/WWWdocHatugen.exe?A=docHatugen&RA=frameNittei&USR=ymagatk&N=2443&H=3800717,null
H3800718_1,山形県,５月,1,23,5,18,臨時,DiscussNetPremium 平成２３年　　５月　臨時会（第３５３号） - 05月18日－01号 ,議長,議長,平弘造,議長,投票用紙の配付漏れはありませんか。,,https://www.kaigiroku.net/cgi-bin/WWWdocHatugen.exe?A=docHatugen&RA=frameNittei&USR=ymagatk&N=2443&H=3800718,null
H3800718_2,山形県,５月,1,23,5,18,臨時,DiscussNetPremium 平成２３年　　５月　臨時会（第３５３号） - 05月18日－01号 ,議長,議長,平弘造,議長,－－配付漏れなしと認めます。,,https://www.kaigiroku.net/cgi-bin/WWWdocHatugen.exe?A=docHatugen&RA=frameNittei&USR=ymagatk&N=2443&H=3800718,null
H3800718_3,山形県,５月,1,23,5,18,臨時,DiscussNetPremium 平成２３年　　５月　臨時会（第３５３号） - 05月18日－01号 ,議長,議長,平弘造,議長,議事調査課長をして投票箱を改めさせます。,,https://www.kaigiroku.net/cgi-bin/WWWdocHatugen.exe?A=docHatugen&RA=frameNittei&USR=ymagatk&N=2443&H=3800718,null
H3800718_4,山形県,５月,1,23,5,18,臨時,DiscussNetPremium 平成２３年　　５月　臨時会（第３５３号） - 05月18日－01号 ,議長,議長,平弘造,議長,〔議事調査課長、投票箱を点検〕,,https://www.kaigiroku.net/cgi-bin/WWWdocHatugen.exe?A=docHatugen&RA=frameNittei&USR=ymagatk&N=2443&H=3800718,null
H3800719_1,山形県,５月,1,23,5,18,臨時,DiscussNetPremium 平成２３年　　５月　臨時会（第３５３号） - 05月18日－01号 ,議長,議長,平弘造,議長,異状なしと認めます。,,https://www.kaigiroku.net/cgi-bin/WWWdocHatugen.exe?A=docHatugen&RA=frameNittei&USR=ymagatk&N=2443&H=3800719,null
H3800719_2,山形県,５月,1,23,5,18,臨時,DiscussNetPremium 平成２３年　　５月　臨時会（第３５３号） - 05月18日－01号 ,議長,議長,平弘造,議長,これより投票に移ります。,,https://www.kaigiroku.net/cgi-bin/WWWdocHatugen.exe?A=docHatugen&RA=frameNittei&USR=ymagatk&N=2443&H=3800719,null
H3800719_3,山形県,５月,1,23,5,18,臨時,DiscussNetPremium 平成２３年　　５月　臨時会（第３５３号） - 05月18日－01号 ,議長,議長,平弘造,議長,念のため申し上げます。,,https://www.kaigiroku.net/cgi-bin/WWWdocHatugen.exe?A=docHatugen&RA=frameNittei&USR=ymagatk&N=2443&H=3800719,null
H3800719_4,山形県,５月,1,23,5,18,臨時,DiscussNetPremium 平成２３年　　５月　臨時会（第３５３号） - 05月18日－01号 ,議長,議長,平弘造,議長,投票は単記無記名であります。,,https://www.kaigiroku.net/cgi-bin/WWWdocHatugen.exe?A=docHatugen&RA=frameNittei&USR=ymagatk&N=2443&H=3800719,null
H3800719_5,山形県,５月,1,23,5,18,臨時,DiscussNetPremium 平成２３年　　５月　臨時会（第３５３号） - 05月18日－01号 ,議長,議長,平弘造,議長,議事調査課長の点呼に応じて議長席に向かって右の方から登壇の上、順次投票し、左の方から降壇願います。,,https://www.kaigiroku.net/cgi-bin/WWWdocHatugen.exe?A=docHatugen&RA=frameNittei&USR=ymagatk&N=2443&H=3800719,null
H3800719_6,山形県,５月,1,23,5,18,臨時,DiscussNetPremium 平成２３年　　５月　臨時会（第３５３号） - 05月18日－01号 ,議長,議長,平弘造,議長,点呼いたします。,,https://www.kaigiroku.net/cgi-bin/WWWdocHatugen.exe?A=docHatugen&RA=frameNittei&USR=ymagatk&N=2443&H=3800719,null
H3800720_1,山形県,５月,1,23,5,18,臨時,DiscussNetPremium 平成２３年　　５月　臨時会（第３５３号） - 05月18日－01号 ,答弁者,その他,池田仁,議事調査課長,山科朝則君　　　草島進一君,,https://www.kaigiroku.net/cgi-bin/WWWdocHatugen.exe?A=docHatugen&RA=frameNittei&USR=ymagatk&N=2443&H=3800720,null
H3800720_2,山形県,５月,1,23,5,18,臨時,DiscussNetPremium 平成２３年　　５月　臨時会（第３５３号） - 05月18日－01号 ,答弁者,その他,池田仁,議事調査課長,金子敏明君　　　菊池文昭君,,https://www.kaigiroku.net/cgi-bin/WWWdocHatugen.exe?A=docHatugen&RA=frameNittei&USR=ymagatk&N=2443&H=3800720,null
H3800720_3,山形県,５月,1,23,5,18,臨時,DiscussNetPremium 平成２３年　　５月　臨時会（第３５３号） - 05月18日－01号 ,答弁者,その他,池田仁,議事調査課長,石黒　覚君　　　矢吹栄修君,,https://www.kaigiroku.net/cgi-bin/WWWdocHatugen.exe?A=docHatugen&RA=frameNittei&USR=ymagatk&N=2443&H=3800720,null
H3800720_4,山形県,５月,1,23,5,18,臨時,DiscussNetPremium 平成２３年　　５月　臨時会（第３５３号） - 05月18日－01号 ,答弁者,その他,池田仁,議事調査課長,小松伸也君　　　佐藤　昇君,,https://www.kaigiroku.net/cgi-bin/WWWdocHatugen.exe?A=docHatugen&RA=frameNittei&USR=ymagatk&N=2443&H=3800720,null
H3800720_5,山形県,５月,1,23,5,18,臨時,DiscussNetPremium 平成２３年　　５月　臨時会（第３５３号） - 05月18日－01号 ,答弁者,その他,池田仁,議事調査課長,島津良平君　　　渡辺ゆり子君,,https://www.kaigiroku.net/cgi-bin/WWWdocHatugen.exe?A=docHatugen&RA=frameNittei&USR=ymagatk&N=2443&H=3800720,null
H3800720_6,山形県,５月,1,23,5,18,臨時,DiscussNetPremium 平成２３年　　５月　臨時会（第３５３号） - 05月18日－01号 ,答弁者,その他,池田仁,議事調査課長,吉村和武君　　　楳津博士君,,https://www.kaigiroku.net/cgi-bin/WWWdocHatugen.exe?A=docHatugen&RA=frameNittei&USR=ymagatk&N=2443&H=3800720,null
H3800720_7,山形県,５月,1,23,5,18,臨時,DiscussNetPremium 平成２３年　　５月　臨時会（第３５３号） - 05月18日－01号 ,答弁者,その他,池田仁,議事調査課長,高橋啓介君　　　阿部昇司君,,https://www.kaigiroku.net/cgi-bin/WWWdocHatugen.exe?A=docHatugen&RA=frameNittei&USR=ymagatk&N=2443&H=3800720,null
H3800720_8,山形県,５月,1,23,5,18,臨時,DiscussNetPremium 平成２３年　　５月　臨時会（第３５３号） - 05月18日－01号 ,答弁者,その他,池田仁,議事調査課長,加賀正和君　　　森谷仙一郎君,,https://www.kaigiroku.net/cgi-bin/WWWdocHatugen.exe?A=docHatugen&RA=frameNittei&USR=ymagatk&N=2443&H=3800720,null
H3800720_9,山形県,５月,1,23,5,18,臨時,DiscussNetPremium 平成２３年　　５月　臨時会（第３５３号） - 05月18日－01号 ,答弁者,その他,池田仁,議事調査課長,鈴木　孝君　　　大内理加君,,https://www.kaigiroku.net/cgi-bin/WWWdocHatugen.exe?A=docHatugen&RA=frameNittei&USR=ymagatk&N=2443&H=3800720,null
H3800720_10,山形県,５月,1,23,5,18,臨時,DiscussNetPremium 平成２３年　　５月　臨時会（第３５３号） - 05月18日－01号 ,答弁者,その他,池田仁,議事調査課長,奥山誠治君　　　菅原　元君,,https://www.kaigiroku.net/cgi-bin/WWWdocHatugen.exe?A=docHatugen&RA=frameNittei&USR=ymagatk&N=2443&H=3800720,null
H3800720_11,山形県,５月,1,23,5,18,臨時,DiscussNetPremium 平成２３年　　５月　臨時会（第３５３号） - 05月18日－01号 ,答弁者,その他,池田仁,議事調査課長,青柳信雄君　　　小池克敏君,,https://www.kaigiroku.net/cgi-bin/WWWdocHatugen.exe?A=docHatugen&RA=frameNittei&USR=ymagatk&N=2443&H=3800720,null
H3800720_12,山形県,５月,1,23,5,18,臨時,DiscussNetPremium 平成２３年　　５月　臨時会（第３５３号） - 05月18日－01号 ,答弁者,その他,池田仁,議事調査課長,木村忠三君　　　中川　勝君,,https://www.kaigiroku.net/cgi-bin/WWWdocHatugen.exe?A=docHatugen&RA=frameNittei&USR=ymagatk&N=2443&H=3800720,null
H3800720_13,山形県,５月,1,23,5,18,臨時,DiscussNetPremium 平成２３年　　５月　臨時会（第３５３号） - 05月18日－01号 ,答弁者,その他,池田仁,議事調査課長,小野幸作君　　　児玉　太君,,https://www.kaigiroku.net/cgi-bin/WWWdocHatugen.exe?A=docHatugen&RA=frameNittei&USR=ymagatk&N=2443&H=3800720,null
H3800720_14,山形県,５月,1,23,5,18,臨時,DiscussNetPremium 平成２３年　　５月　臨時会（第３５３号） - 05月18日－01号 ,答弁者,その他,池田仁,議事調査課長,金澤忠一君　　　伊藤重成君,,https://www.kaigiroku.net/cgi-bin/WWWdocHatugen.exe?A=docHatugen&RA=frameNittei&USR=ymagatk&N=2443&H=3800720,null
H3800720_15,山形県,５月,1,23,5,18,臨時,DiscussNetPremium 平成２３年　　５月　臨時会（第３５３号） - 05月18日－01号 ,答弁者,その他,池田仁,議事調査課長,舩山現人君　　　田澤伸一君,,https://www.kaigiroku.net/cgi-bin/WWWdocHatugen.exe?A=docHatugen&RA=frameNittei&USR=ymagatk&N=2443&H=3800720,null
H3800720_16,山形県,５月,1,23,5,18,臨時,DiscussNetPremium 平成２３年　　５月　臨時会（第３５３号） - 05月18日－01号 ,答弁者,その他,池田仁,議事調査課長,森田　廣君　　　坂本貴美雄君,,https://www.kaigiroku.net/cgi-bin/WWWdocHatugen.exe?A=docHatugen&RA=frameNittei&USR=ymagatk&N=2443&H=3800720,null
H3800720_17,山形県,５月,1,23,5,18,臨時,DiscussNetPremium 平成２３年　　５月　臨時会（第３５３号） - 05月18日－01号 ,答弁者,その他,池田仁,議事調査課長,星川純一君　　　広谷五郎左エ門君,,https://www.kaigiroku.net/cgi-bin/WWWdocHatugen.exe?A=docHatugen&RA=frameNittei&USR=ymagatk&N=2443&H=3800720,null
H3800720_18,山形県,５月,1,23,5,18,臨時,DiscussNetPremium 平成２３年　　５月　臨時会（第３５３号） - 05月18日－01号 ,答弁者,その他,池田仁,議事調査課長,佐藤藤彌君　　　志田英紀君,,https://www.kaigiroku.net/cgi-bin/WWWdocHatugen.exe?A=docHatugen&RA=frameNittei&USR=ymagatk&N=2443&H=3800720,null
H3800720_19,山形県,５月,1,23,5,18,臨時,DiscussNetPremium 平成２３年　　５月　臨時会（第３５３号） - 05月18日－01号 ,答弁者,その他,池田仁,議事調査課長,野川政文君　　　阿部賢一君,,https://www.kaigiroku.net/cgi-bin/WWWdocHatugen.exe?A=docHatugen&RA=frameNittei&USR=ymagatk&N=2443&H=3800720,null
H3800720_20,山形県,５月,1,23,5,18,臨時,DiscussNetPremium 平成２３年　　５月　臨時会（第３５３号） - 05月18日－01号 ,答弁者,その他,池田仁,議事調査課長,鈴木正法君　　　佐貝全健君,,https://www.kaigiroku.net/cgi-bin/WWWdocHatugen.exe?A=docHatugen&RA=frameNittei&USR=ymagatk&N=2443&H=3800720,null
H3800720_21,山形県,５月,1,23,5,18,臨時,DiscussNetPremium 平成２３年　　５月　臨時会（第３５３号） - 05月18日－01号 ,答弁者,その他,池田仁,議事調査課長,阿部信矢君　　　今井榮喜君,,https://www.kaigiroku.net/cgi-bin/WWWdocHatugen.exe?A=docHatugen&RA=frameNittei&USR=ymagatk&N=2443&H=3800720,null
H3800720_22,山形県,５月,1,23,5,18,臨時,DiscussNetPremium 平成２３年　　５月　臨時会（第３５３号） - 05月18日－01号 ,答弁者,その他,池田仁,議事調査課長,後藤　源君,,https://www.kaigiroku.net/cgi-bin/WWWdocHatugen.exe?A=docHatugen&RA=frameNittei&USR=ymagatk&N=2443&H=3800720,null
H3800720_23,山形県,５月,1,23,5,18,臨時,DiscussNetPremium 平成２３年　　５月　臨時会（第３５３号） - 05月18日－01号 ,答弁者,その他,池田仁,議事調査課長,議長　　平　弘造君,,https://www.kaigiroku.net/cgi-bin/WWWdocHatugen.exe?A=docHatugen&RA=frameNittei&USR=ymagatk&N=2443&H=3800720,null
H3800721_1,山形県,５月,1,23,5,18,臨時,DiscussNetPremium 平成２３年　　５月　臨時会（第３５３号） - 05月18日－01号 ,議長,議長,平弘造,議長,投票漏れはありませんか。,,https://www.kaigiroku.net/cgi-bin/WWWdocHatugen.exe?A=docHatugen&RA=frameNittei&USR=ymagatk&N=2443&H=3800721,null
H3800721_2,山形県,５月,1,23,5,18,臨時,DiscussNetPremium 平成２３年　　５月　臨時会（第３５３号） - 05月18日－01号 ,議長,議長,平弘造,議長,－－投票漏れなしと認めます。,,https://www.kaigiroku.net/cgi-bin/WWWdocHatugen.exe?A=docHatugen&RA=frameNittei&USR=ymagatk&N=2443&H=3800721,null
H3800721_3,山形県,５月,1,23,5,18,臨時,DiscussNetPremium 平成２３年　　５月　臨時会（第３５３号） - 05月18日－01号 ,議長,議長,平弘造,議長,投票を終了いたします。,,https://www.kaigiroku.net/cgi-bin/WWWdocHatugen.exe?A=docHatugen&RA=frameNittei&USR=ymagatk&N=2443&H=3800721,null
H3800721_4,山形県,５月,1,23,5,18,臨時,DiscussNetPremium 平成２３年　　５月　臨時会（第３５３号） - 05月18日－01号 ,議長,議長,平弘造,議長,開票を行います。,,https://www.kaigiroku.net/cgi-bin/WWWdocHatugen.exe?A=docHatugen&RA=frameNittei&USR=ymagatk&N=2443&H=3800721,null
H3800721_5,山形県,５月,1,23,5,18,臨時,DiscussNetPremium 平成２３年　　５月　臨時会（第３５３号） - 05月18日－01号 ,議長,議長,平弘造,議長,楳津博士君、大内理加君、青柳信雄君、立ち会いをお願いいたします。,,https://www.kaigiroku.net/cgi-bin/WWWdocHatugen.exe?A=docHatugen&RA=frameNittei&USR=ymagatk&N=2443&H=3800721,null
H3800721_6,山形県,５月,1,23,5,18,臨時,DiscussNetPremium 平成２３年　　５月　臨時会（第３５３号） - 05月18日－01号 ,議長,議長,平弘造,議長,〔開票〕,,https://www.kaigiroku.net/cgi-bin/WWWdocHatugen.exe?A=docHatugen&RA=frameNittei&USR=ymagatk&N=2443&H=3800721,null
H3800722_1,山形県,５月,1,23,5,18,臨時,DiscussNetPremium 平成２３年　　５月　臨時会（第３５３号） - 05月18日－01号 ,議長,議長,平弘造,議長,選挙の結果を事務局長をして報告いたさせます。,,https://www.kaigiroku.net/cgi-bin/WWWdocHatugen.exe?A=docHatugen&RA=frameNittei&USR=ymagatk&N=2443&H=3800722,null
H3800723_1,山形県,５月,1,23,5,18,臨時,DiscussNetPremium 平成２３年　　５月　臨時会（第３５３号） - 05月18日－01号 ,答弁者,その他,三浦秋夫,事務局長,御報告申し上げます。,,https://www.kaigiroku.net/cgi-bin/WWWdocHatugen.exe?A=docHatugen&RA=frameNittei&USR=ymagatk&N=2443&H=3800723,null
H3800723_2,山形県,５月,1,23,5,18,臨時,DiscussNetPremium 平成２３年　　５月　臨時会（第３５３号） - 05月18日－01号 ,答弁者,その他,三浦秋夫,事務局長,投票総数　　　　四十四票,,https://www.kaigiroku.net/cgi-bin/WWWdocHatugen.exe?A=docHatugen&RA=frameNittei&USR=ymagatk&N=2443&H=3800723,null
H3800723_3,山形県,５月,1,23,5,18,臨時,DiscussNetPremium 平成２３年　　５月　臨時会（第３５３号） - 05月18日－01号 ,答弁者,その他,三浦秋夫,事務局長,有効投票　　　　四十三票,,https://www.kaigiroku.net/cgi-bin/WWWdocHatugen.exe?A=docHatugen&RA=frameNittei&USR=ymagatk&N=2443&H=3800723,null
H3800723_4,山形県,５月,1,23,5,18,臨時,DiscussNetPremium 平成２３年　　５月　臨時会（第３５３号） - 05月18日－01号 ,答弁者,その他,三浦秋夫,事務局長,無効投票　　　　　　一票,,https://www.kaigiroku.net/cgi-bin/WWWdocHatugen.exe?A=docHatugen&RA=frameNittei&USR=ymagatk&N=2443&H=3800723,null
H3800723_5,山形県,５月,1,23,5,18,臨時,DiscussNetPremium 平成２３年　　５月　臨時会（第３５３号） - 05月18日－01号 ,答弁者,その他,三浦秋夫,事務局長,有効投票中,,https://www.kaigiroku.net/cgi-bin/WWWdocHatugen.exe?A=docHatugen&RA=frameNittei&USR=ymagatk&N=2443&H=3800723,null
H3800723_6,山形県,５月,1,23,5,18,臨時,DiscussNetPremium 平成２３年　　５月　臨時会（第３５３号） - 05月18日－01号 ,答弁者,その他,三浦秋夫,事務局長,坂本貴美雄君　　三十二票,,https://www.kaigiroku.net/cgi-bin/WWWdocHatugen.exe?A=docHatugen&RA=frameNittei&USR=ymagatk&N=2443&H=3800723,null
H3800723_7,山形県,５月,1,23,5,18,臨時,DiscussNetPremium 平成２３年　　５月　臨時会（第３５３号） - 05月18日－01号 ,答弁者,その他,三浦秋夫,事務局長,木村忠三君　　　　　十票,,https://www.kaigiroku.net/cgi-bin/WWWdocHatugen.exe?A=docHatugen&RA=frameNittei&USR=ymagatk&N=2443&H=3800723,null
H3800723_8,山形県,５月,1,23,5,18,臨時,DiscussNetPremium 平成２３年　　５月　臨時会（第３５３号） - 05月18日－01号 ,答弁者,その他,三浦秋夫,事務局長,阿部昇司君　　　　　一票,,https://www.kaigiroku.net/cgi-bin/WWWdocHatugen.exe?A=docHatugen&RA=frameNittei&USR=ymagatk&N=2443&H=3800723,null
H3800723_9,山形県,５月,1,23,5,18,臨時,DiscussNetPremium 平成２３年　　５月　臨時会（第３５３号） - 05月18日－01号 ,答弁者,その他,三浦秋夫,事務局長,以上でございます。,,https://www.kaigiroku.net/cgi-bin/WWWdocHatugen.exe?A=docHatugen&RA=frameNittei&USR=ymagatk&N=2443&H=3800723,null
H3800724_1,山形県,５月,1,23,5,18,臨時,DiscussNetPremium 平成２３年　　５月　臨時会（第３５３号） - 05月18日－01号 ,議長,議長,平弘造,議長,以上のとおりであります。,,https://www.kaigiroku.net/cgi-bin/WWWdocHatugen.exe?A=docHatugen&RA=frameNittei&USR=ymagatk&N=2443&H=3800724,null
H3800724_2,山形県,５月,1,23,5,18,臨時,DiscussNetPremium 平成２３年　　５月　臨時会（第３５３号） - 05月18日－01号 ,議長,議長,平弘造,議長,この選挙の法定得票数は十・七五票であります。,,https://www.kaigiroku.net/cgi-bin/WWWdocHatugen.exe?A=docHatugen&RA=frameNittei&USR=ymagatk&N=2443&H=3800724,null
H3800724_3,山形県,５月,1,23,5,18,臨時,DiscussNetPremium 平成２３年　　５月　臨時会（第３５３号） - 05月18日－01号 ,議長,議長,平弘造,議長,よって、,,https://www.kaigiroku.net/cgi-bin/WWWdocHatugen.exe?A=docHatugen&RA=frameNittei&USR=ymagatk&N=2443&H=3800724,null
H3800724_4,山形県,５月,1,23,5,18,臨時,DiscussNetPremium 平成２３年　　５月　臨時会（第３５３号） - 05月18日－01号 ,議長,議長,平弘造,議長,坂本貴美雄君,,https://www.kaigiroku.net/cgi-bin/WWWdocHatugen.exe?A=docHatugen&RA=frameNittei&USR=ymagatk&N=2443&H=3800724,null
H3800724_5,山形県,５月,1,23,5,18,臨時,DiscussNetPremium 平成２３年　　５月　臨時会（第３５３号） - 05月18日－01号 ,議長,議長,平弘造,議長,が副議長に当選されました。,,https://www.kaigiroku.net/cgi-bin/WWWdocHatugen.exe?A=docHatugen&RA=frameNittei&USR=ymagatk&N=2443&H=3800724,null
H3800724_6,山形県,５月,1,23,5,18,臨時,DiscussNetPremium 平成２３年　　５月　臨時会（第３５３号） - 05月18日－01号 ,議長,議長,平弘造,議長,議場の閉鎖を解きます。,,https://www.kaigiroku.net/cgi-bin/WWWdocHatugen.exe?A=docHatugen&RA=frameNittei&USR=ymagatk&N=2443&H=3800724,null
H3800724_7,山形県,５月,1,23,5,18,臨時,DiscussNetPremium 平成２３年　　５月　臨時会（第３５３号） - 05月18日－01号 ,議長,議長,平弘造,議長,〔議場開鎖〕,,https://www.kaigiroku.net/cgi-bin/WWWdocHatugen.exe?A=docHatugen&RA=frameNittei&USR=ymagatk&N=2443&H=3800724,null
H3800725_1,山形県,５月,1,23,5,18,臨時,DiscussNetPremium 平成２３年　　５月　臨時会（第３５３号） - 05月18日－01号 ,議長,議長,平弘造,議長,ただいま副議長に当選されました坂本貴美雄君が議場におられますので、会議規則第三十二条第二項の規定により告知いたします。,,https://www.kaigiroku.net/cgi-bin/WWWdocHatugen.exe?A=docHatugen&RA=frameNittei&USR=ymagatk&N=2443&H=3800725,null
H3800725_2,山形県,５月,1,23,5,18,臨時,DiscussNetPremium 平成２３年　　５月　臨時会（第３５３号） - 05月18日－01号 ,議長,議長,平弘造,議長,坂本貴美雄君、演壇にお進みください。,,https://www.kaigiroku.net/cgi-bin/WWWdocHatugen.exe?A=docHatugen&RA=frameNittei&USR=ymagatk&N=2443&H=3800725,null
H3800725_3,山形県,５月,1,23,5,18,臨時,DiscussNetPremium 平成２３年　　５月　臨時会（第３５３号） - 05月18日－01号 ,議長,議長,平弘造,議長,当選告知書,,https://www.kaigiroku.net/cgi-bin/WWWdocHatugen.exe?A=docHatugen&RA=frameNittei&USR=ymagatk&N=2443&H=3800725,null
H3800725_4,山形県,５月,1,23,5,18,臨時,DiscussNetPremium 平成２３年　　５月　臨時会（第３５３号） - 05月18日－01号 ,議長,議長,平弘造,議長,坂本貴美雄殿,,https://www.kaigiroku.net/cgi-bin/WWWdocHatugen.exe?A=docHatugen&RA=frameNittei&USR=ymagatk&N=2443&H=3800725,null
H3800725_5,山形県,５月,1,23,5,18,臨時,DiscussNetPremium 平成２３年　　５月　臨時会（第３５３号） - 05月18日－01号 ,議長,議長,平弘造,議長,五月十八日の議会で行った副議長の選挙において貴殿が副議長に当選されたので会議規則第三十二条第二項の規定により告知します,,https://www.kaigiroku.net/cgi-bin/WWWdocHatugen.exe?A=docHatugen&RA=frameNittei&USR=ymagatk&N=2443&H=3800725,null
H3800725_6,山形県,５月,1,23,5,18,臨時,DiscussNetPremium 平成２３年　　５月　臨時会（第３５３号） - 05月18日－01号 ,議長,議長,平弘造,議長,平成二十三年五月十八日,,https://www.kaigiroku.net/cgi-bin/WWWdocHatugen.exe?A=docHatugen&RA=frameNittei&USR=ymagatk&N=2443&H=3800725,null
H3800725_7,山形県,５月,1,23,5,18,臨時,DiscussNetPremium 平成２３年　　５月　臨時会（第３５３号） - 05月18日－01号 ,議長,議長,平弘造,議長,山形県議会議長　　平　弘造,,https://www.kaigiroku.net/cgi-bin/WWWdocHatugen.exe?A=docHatugen&RA=frameNittei&USR=ymagatk&N=2443&H=3800725,null
H3800726_1,山形県,５月,1,23,5,18,臨時,DiscussNetPremium 平成２３年　　５月　臨時会（第３５３号） - 05月18日－01号 ,議長,議長,平弘造,議長,当選人の発言を求めます。,,https://www.kaigiroku.net/cgi-bin/WWWdocHatugen.exe?A=docHatugen&RA=frameNittei&USR=ymagatk&N=2443&H=3800726,null
H3800727_1,山形県,５月,1,23,5,18,臨時,DiscussNetPremium 平成２３年　　５月　臨時会（第３５３号） - 05月18日－01号 ,質問者,副議長（選任の挨拶）,坂本貴美雄,null,ただいま副議長に選任されました坂本貴美雄でございます。,,https://www.kaigiroku.net/cgi-bin/WWWdocHatugen.exe?A=docHatugen&RA=frameNittei&USR=ymagatk&N=2443&H=3800727,null
H3800727_2,山形県,５月,1,23,5,18,臨時,DiscussNetPremium 平成２３年　　５月　臨時会（第３５３号） - 05月18日－01号 ,質問者,副議長（選任の挨拶）,坂本貴美雄,null,身に余る光栄でございまして、心から御礼と感謝を申し上げる次第でございます。,,https://www.kaigiroku.net/cgi-bin/WWWdocHatugen.exe?A=docHatugen&RA=frameNittei&USR=ymagatk&N=2443&H=3800727,null
H3800727_3,山形県,５月,1,23,5,18,臨時,DiscussNetPremium 平成２３年　　５月　臨時会（第３５３号） - 05月18日－01号 ,質問者,副議長（選任の挨拶）,坂本貴美雄,null,厳しい経済状況、そして東日本大震災などの影響もございまして、県民生活は大変な状況に至っているのではないかと存じます。,,https://www.kaigiroku.net/cgi-bin/WWWdocHatugen.exe?A=docHatugen&RA=frameNittei&USR=ymagatk&N=2443&H=3800727,null
H3800727_4,山形県,５月,1,23,5,18,臨時,DiscussNetPremium 平成２３年　　５月　臨時会（第３５３号） - 05月18日－01号 ,質問者,副議長（選任の挨拶）,坂本貴美雄,null,平議長を補佐し、県勢発展のため、県民生活向上のため、そして県議会活性化に向けて誠心誠意努めてまいりたいと思いますので、議員の皆様、執行部の皆様、そして報道関係皆様の御指導と御協力のほどよろしくお願いを申し上げたいと思います。,,https://www.kaigiroku.net/cgi-bin/WWWdocHatugen.exe?A=docHatugen&RA=frameNittei&USR=ymagatk&N=2443&H=3800727,null
H3800727_5,山形県,５月,1,23,5,18,臨時,DiscussNetPremium 平成２３年　　５月　臨時会（第３５３号） - 05月18日－01号 ,質問者,副議長（選任の挨拶）,坂本貴美雄,null,ありがとうございました。,,https://www.kaigiroku.net/cgi-bin/WWWdocHatugen.exe?A=docHatugen&RA=frameNittei&USR=ymagatk&N=2443&H=3800727,null
H3800728_1,山形県,５月,1,23,5,18,臨時,DiscussNetPremium 平成２３年　　５月　臨時会（第３５３号） - 05月18日－01号 ,議長,議長,平弘造,議長,当選人の発言は終わりました。,,https://www.kaigiroku.net/cgi-bin/WWWdocHatugen.exe?A=docHatugen&RA=frameNittei&USR=ymagatk&N=2443&H=3800728,null
H3800730_1,山形県,５月,1,23,5,18,臨時,DiscussNetPremium 平成２３年　　５月　臨時会（第３５３号） - 05月18日－01号 ,議長,議長,平弘造,議長,次に、日程第五議席の指定を行います。,,https://www.kaigiroku.net/cgi-bin/WWWdocHatugen.exe?A=docHatugen&RA=frameNittei&USR=ymagatk&N=2443&H=3800730,null
H3800730_2,山形県,５月,1,23,5,18,臨時,DiscussNetPremium 平成２３年　　５月　臨時会（第３５３号） - 05月18日－01号 ,議長,議長,平弘造,議長,議席は、会議規則第四条第一項の規定によりお手元に配付の議席表のとおり指定いたします。,,https://www.kaigiroku.net/cgi-bin/WWWdocHatugen.exe?A=docHatugen&RA=frameNittei&USR=ymagatk&N=2443&H=3800730,null
H3800730_3,山形県,５月,1,23,5,18,臨時,DiscussNetPremium 平成２３年　　５月　臨時会（第３５３号） - 05月18日－01号 ,議長,議長,平弘造,議長,〔参照〕,,https://www.kaigiroku.net/cgi-bin/WWWdocHatugen.exe?A=docHatugen&RA=frameNittei&USR=ymagatk&N=2443&H=3800730,null
H3800733_1,山形県,５月,1,23,5,18,臨時,DiscussNetPremium 平成２３年　　５月　臨時会（第３５３号） - 05月18日－01号 ,議長,議長,平弘造,議長,次に、日程第六発議第七号山形県議会会議規則の一部を改正する規則の制定についてを議題に供します。,,https://www.kaigiroku.net/cgi-bin/WWWdocHatugen.exe?A=docHatugen&RA=frameNittei&USR=ymagatk&N=2443&H=3800733,null
H3800733_2,山形県,５月,1,23,5,18,臨時,DiscussNetPremium 平成２３年　　５月　臨時会（第３５３号） - 05月18日－01号 ,議長,議長,平弘造,議長,〔参照〕,,https://www.kaigiroku.net/cgi-bin/WWWdocHatugen.exe?A=docHatugen&RA=frameNittei&USR=ymagatk&N=2443&H=3800733,null
H3800735_1,山形県,５月,1,23,5,18,臨時,DiscussNetPremium 平成２３年　　５月　臨時会（第３５３号） - 05月18日－01号 ,議長,議長,平弘造,議長,お諮りいたします。,,https://www.kaigiroku.net/cgi-bin/WWWdocHatugen.exe?A=docHatugen&RA=frameNittei&USR=ymagatk&N=2443&H=3800735,null
H3800735_2,山形県,５月,1,23,5,18,臨時,DiscussNetPremium 平成２３年　　５月　臨時会（第３５３号） - 05月18日－01号 ,議長,議長,平弘造,議長,発議第七号については、世話人会において十分検討の上提出された案件でありますので、この場合所定の手続を省略、直ちに採決いたしたいと思います。,,https://www.kaigiroku.net/cgi-bin/WWWdocHatugen.exe?A=docHatugen&RA=frameNittei&USR=ymagatk&N=2443&H=3800735,null
H3800735_3,山形県,５月,1,23,5,18,臨時,DiscussNetPremium 平成２３年　　５月　臨時会（第３５３号） - 05月18日－01号 ,議長,議長,平弘造,議長,これに御異議ありませんか。,,https://www.kaigiroku.net/cgi-bin/WWWdocHatugen.exe?A=docHatugen&RA=frameNittei&USR=ymagatk&N=2443&H=3800735,null
H3800735_4,山形県,５月,1,23,5,18,臨時,DiscussNetPremium 平成２３年　　５月　臨時会（第３５３号） - 05月18日－01号 ,議長,議長,平弘造,議長,〔「異議なし」と呼ぶ者あり〕,,https://www.kaigiroku.net/cgi-bin/WWWdocHatugen.exe?A=docHatugen&RA=frameNittei&USR=ymagatk&N=2443&H=3800735,null
H3800736_1,山形県,５月,1,23,5,18,臨時,DiscussNetPremium 平成２３年　　５月　臨時会（第３５３号） - 05月18日－01号 ,議長,議長,平弘造,議長,御異議なしと認めます。,,https://www.kaigiroku.net/cgi-bin/WWWdocHatugen.exe?A=docHatugen&RA=frameNittei&USR=ymagatk&N=2443&H=3800736,null
H3800736_2,山形県,５月,1,23,5,18,臨時,DiscussNetPremium 平成２３年　　５月　臨時会（第３５３号） - 05月18日－01号 ,議長,議長,平弘造,議長,よって、所定の手続を省略、直ちに採決することに決定いたしました。,,https://www.kaigiroku.net/cgi-bin/WWWdocHatugen.exe?A=docHatugen&RA=frameNittei&USR=ymagatk&N=2443&H=3800736,null
H3800736_3,山形県,５月,1,23,5,18,臨時,DiscussNetPremium 平成２３年　　５月　臨時会（第３５３号） - 05月18日－01号 ,議長,議長,平弘造,議長,これより採決に入ります。,,https://www.kaigiroku.net/cgi-bin/WWWdocHatugen.exe?A=docHatugen&RA=frameNittei&USR=ymagatk&N=2443&H=3800736,null
H3800736_4,山形県,５月,1,23,5,18,臨時,DiscussNetPremium 平成２３年　　５月　臨時会（第３５３号） - 05月18日－01号 ,議長,議長,平弘造,議長,お諮りいたします。,,https://www.kaigiroku.net/cgi-bin/WWWdocHatugen.exe?A=docHatugen&RA=frameNittei&USR=ymagatk&N=2443&H=3800736,null
H3800736_5,山形県,５月,1,23,5,18,臨時,DiscussNetPremium 平成２３年　　５月　臨時会（第３５３号） - 05月18日－01号 ,議長,議長,平弘造,議長,ただいま議題となっております発議第七号については、原案のとおり決するに御異議ありませんか。,,https://www.kaigiroku.net/cgi-bin/WWWdocHatugen.exe?A=docHatugen&RA=frameNittei&USR=ymagatk&N=2443&H=3800736,null
H3800736_6,山形県,５月,1,23,5,18,臨時,DiscussNetPremium 平成２３年　　５月　臨時会（第３５３号） - 05月18日－01号 ,議長,議長,平弘造,議長,〔「異議なし」と呼ぶ者あり〕,,https://www.kaigiroku.net/cgi-bin/WWWdocHatugen.exe?A=docHatugen&RA=frameNittei&USR=ymagatk&N=2443&H=3800736,null
H3800737_1,山形県,５月,1,23,5,18,臨時,DiscussNetPremium 平成２３年　　５月　臨時会（第３５３号） - 05月18日－01号 ,議長,議長,平弘造,議長,御異議なしと認めます。,,https://www.kaigiroku.net/cgi-bin/WWWdocHatugen.exe?A=docHatugen&RA=frameNittei&USR=ymagatk&N=2443&H=3800737,null
H3800737_2,山形県,５月,1,23,5,18,臨時,DiscussNetPremium 平成２３年　　５月　臨時会（第３５３号） - 05月18日－01号 ,議長,議長,平弘造,議長,よって、発議第七号は原案のとおり可決されました。,,https://www.kaigiroku.net/cgi-bin/WWWdocHatugen.exe?A=docHatugen&RA=frameNittei&USR=ymagatk&N=2443&H=3800737,null
H3800738_1,山形県,５月,1,23,5,18,臨時,DiscussNetPremium 平成２３年　　５月　臨時会（第３５３号） - 05月18日－01号 ,議長,議長,平弘造,議長,以上をもって本日の日程は終わりました。,,https://www.kaigiroku.net/cgi-bin/WWWdocHatugen.exe?A=docHatugen&RA=frameNittei&USR=ymagatk&N=2443&H=3800738,null
H3800738_2,山形県,５月,1,23,5,18,臨時,DiscussNetPremium 平成２３年　　５月　臨時会（第３５３号） - 05月18日－01号 ,議長,議長,平弘造,議長,明十九日から二十二日までの四日間は議事の都合及び休日のため休会とし、二十三日定刻本会議を開き、告示になりました案件の審議を行うことにいたします。,,https://www.kaigiroku.net/cgi-bin/WWWdocHatugen.exe?A=docHatugen&RA=frameNittei&USR=ymagatk&N=2443&H=3800738,null
H3800738_3,山形県,５月,1,23,5,18,臨時,DiscussNetPremium 平成２３年　　５月　臨時会（第３５３号） - 05月18日－01号 ,議長,議長,平弘造,議長,本日はこれをもって散会いたします。,,https://www.kaigiroku.net/cgi-bin/WWWdocHatugen.exe?A=docHatugen&RA=frameNittei&USR=ymagatk&N=2443&H=3800738,null
H3800738_4,山形県,５月,1,23,5,18,臨時,DiscussNetPremium 平成２３年　　５月　臨時会（第３５３号） - 05月18日－01号 ,議長,議長,平弘造,議長,午後一時五十四分　散会,,https://www.kaigiroku.net/cgi-bin/WWWdocHatugen.exe?A=docHatugen&RA=frameNittei&USR=ymagatk&N=2443&H=3800738,null
