1,鹿児島県,平成23年５月,1,23,5,11,臨時,平成23年５月臨時会（第１日目）,,,,,,null,null,null
2,鹿児島県,平成23年５月,1,23,5,11,臨時,平成23年５月臨時会（第１日目）,臨時議長（吉永守夫君）,議長,臨時議長,吉永守夫,ただいま御紹介いただきました吉永守夫でございます。,null,null,null
3,鹿児島県,平成23年５月,1,23,5,11,臨時,平成23年５月臨時会（第１日目）,臨時議長（吉永守夫君）,議長,臨時議長,吉永守夫,地方自治法第百七条の規定によって、臨時に議長の職務を行います。,null,null,null
4,鹿児島県,平成23年５月,1,23,5,11,臨時,平成23年５月臨時会（第１日目）,臨時議長（吉永守夫君）,議長,臨時議長,吉永守夫,よろしくお願いいたします。,null,null,null
5,鹿児島県,平成23年５月,1,23,5,11,臨時,平成23年５月臨時会（第１日目）,臨時議長（吉永守夫君）,議長,臨時議長,吉永守夫,─────────────,null,null,null
6,鹿児島県,平成23年５月,1,23,5,11,臨時,平成23年５月臨時会（第１日目）,臨時議長（吉永守夫君）,議長,臨時議長,吉永守夫,△　開　　会,null,null,null
7,鹿児島県,平成23年５月,1,23,5,11,臨時,平成23年５月臨時会（第１日目）,臨時議長（吉永守夫君）,議長,臨時議長,吉永守夫,ただいまから、平成二十三年五月鹿児島県議会臨時会を開会いたします。,null,null,null
8,鹿児島県,平成23年５月,1,23,5,11,臨時,平成23年５月臨時会（第１日目）,臨時議長（吉永守夫君）,議長,臨時議長,吉永守夫,─────────────,null,null,null
9,鹿児島県,平成23年５月,1,23,5,11,臨時,平成23年５月臨時会（第１日目）,臨時議長（吉永守夫君）,議長,臨時議長,吉永守夫,△　開　　議,null,null,null
10,鹿児島県,平成23年５月,1,23,5,11,臨時,平成23年５月臨時会（第１日目）,臨時議長（吉永守夫君）,議長,臨時議長,吉永守夫,これより、本日の会議を開きます。,null,null,null
11,鹿児島県,平成23年５月,1,23,5,11,臨時,平成23年５月臨時会（第１日目）,臨時議長（吉永守夫君）,議長,臨時議長,吉永守夫,本日の日程は、配付いたしております議事日程のとおりであります。,null,null,null
12,鹿児島県,平成23年５月,1,23,5,11,臨時,平成23年５月臨時会（第１日目）,臨時議長（吉永守夫君）,議長,臨時議長,吉永守夫,━━━━━━━━━━━━━,null,null,null
13,鹿児島県,平成23年５月,1,23,5,11,臨時,平成23年５月臨時会（第１日目）,臨時議長（吉永守夫君）,議長,臨時議長,吉永守夫,議　事　日　程,null,null,null
14,鹿児島県,平成23年５月,1,23,5,11,臨時,平成23年５月臨時会（第１日目）,臨時議長（吉永守夫君）,議長,臨時議長,吉永守夫,一、開　　会,null,null,null
15,鹿児島県,平成23年５月,1,23,5,11,臨時,平成23年５月臨時会（第１日目）,臨時議長（吉永守夫君）,議長,臨時議長,吉永守夫,一、開　　議,null,null,null
16,鹿児島県,平成23年５月,1,23,5,11,臨時,平成23年５月臨時会（第１日目）,臨時議長（吉永守夫君）,議長,臨時議長,吉永守夫,一、議席の指定,null,null,null
17,鹿児島県,平成23年５月,1,23,5,11,臨時,平成23年５月臨時会（第１日目）,臨時議長（吉永守夫君）,議長,臨時議長,吉永守夫,一、会議録署名議員の指名,null,null,null
18,鹿児島県,平成23年５月,1,23,5,11,臨時,平成23年５月臨時会（第１日目）,臨時議長（吉永守夫君）,議長,臨時議長,吉永守夫,一、会期の決定,null,null,null
19,鹿児島県,平成23年５月,1,23,5,11,臨時,平成23年５月臨時会（第１日目）,臨時議長（吉永守夫君）,議長,臨時議長,吉永守夫,一、会期日程の決定,null,null,null
20,鹿児島県,平成23年５月,1,23,5,11,臨時,平成23年５月臨時会（第１日目）,臨時議長（吉永守夫君）,議長,臨時議長,吉永守夫,一、議長選挙,null,null,null
21,鹿児島県,平成23年５月,1,23,5,11,臨時,平成23年５月臨時会（第１日目）,臨時議長（吉永守夫君）,議長,臨時議長,吉永守夫,─────議長あいさつ─────,null,null,null
22,鹿児島県,平成23年５月,1,23,5,11,臨時,平成23年５月臨時会（第１日目）,臨時議長（吉永守夫君）,議長,臨時議長,吉永守夫,一、副議長選挙,null,null,null
23,鹿児島県,平成23年５月,1,23,5,11,臨時,平成23年５月臨時会（第１日目）,臨時議長（吉永守夫君）,議長,臨時議長,吉永守夫,─────副議長あいさつ────,null,null,null
24,鹿児島県,平成23年５月,1,23,5,11,臨時,平成23年５月臨時会（第１日目）,臨時議長（吉永守夫君）,議長,臨時議長,吉永守夫,─────知事あいさつ─────,null,null,null
25,鹿児島県,平成23年５月,1,23,5,11,臨時,平成23年５月臨時会（第１日目）,臨時議長（吉永守夫君）,議長,臨時議長,吉永守夫,一、諸般の報告,null,null,null
26,鹿児島県,平成23年５月,1,23,5,11,臨時,平成23年５月臨時会（第１日目）,臨時議長（吉永守夫君）,議長,臨時議長,吉永守夫,一、議案議第三号の上程、提案理由説明、質疑、討論、,null,null,null
27,鹿児島県,平成23年５月,1,23,5,11,臨時,平成23年５月臨時会（第１日目）,臨時議長（吉永守夫君）,議長,臨時議長,吉永守夫,表決,null,null,null
28,鹿児島県,平成23年５月,1,23,5,11,臨時,平成23年５月臨時会（第１日目）,臨時議長（吉永守夫君）,議長,臨時議長,吉永守夫,一、報告第二号の上程、提案理由説明、質疑,null,null,null
29,鹿児島県,平成23年５月,1,23,5,11,臨時,平成23年５月臨時会（第１日目）,臨時議長（吉永守夫君）,議長,臨時議長,吉永守夫,一、散　　会,null,null,null
30,鹿児島県,平成23年５月,1,23,5,11,臨時,平成23年５月臨時会（第１日目）,臨時議長（吉永守夫君）,議長,臨時議長,吉永守夫,━━━━━━━━━━━━━,null,null,null
31,鹿児島県,平成23年５月,1,23,5,11,臨時,平成23年５月臨時会（第１日目）,臨時議長（吉永守夫君）,議長,臨時議長,吉永守夫,△　議席の指定,null,null,null
32,鹿児島県,平成23年５月,1,23,5,11,臨時,平成23年５月臨時会（第１日目）,臨時議長（吉永守夫君）,議長,臨時議長,吉永守夫,まず、議席の指定を行います。,null,null,null
33,鹿児島県,平成23年５月,1,23,5,11,臨時,平成23年５月臨時会（第１日目）,臨時議長（吉永守夫君）,議長,臨時議長,吉永守夫,議席は、会議規則第四条第一項の規定によって、配付しております議席表のとおり指定いたします。,null,null,null
34,鹿児島県,平成23年５月,1,23,5,11,臨時,平成23年５月臨時会（第１日目）,臨時議長（吉永守夫君）,議長,臨時議長,吉永守夫,━━━━━━━━━━━━━,null,null,null
35,鹿児島県,平成23年５月,1,23,5,11,臨時,平成23年５月臨時会（第１日目）,臨時議長（吉永守夫君）,議長,臨時議長,吉永守夫,議席表,null,null,null
36,鹿児島県,平成23年５月,1,23,5,11,臨時,平成23年５月臨時会（第１日目）,臨時議長（吉永守夫君）,議長,臨時議長,吉永守夫,一　　番　　大久保　博　文　君,null,null,null
37,鹿児島県,平成23年５月,1,23,5,11,臨時,平成23年５月臨時会（第１日目）,臨時議長（吉永守夫君）,議長,臨時議長,吉永守夫,二　　番　　西　高　　　悟　君,null,null,null
38,鹿児島県,平成23年５月,1,23,5,11,臨時,平成23年５月臨時会（第１日目）,臨時議長（吉永守夫君）,議長,臨時議長,吉永守夫,三　　番　　堀　口　文　治　君,null,null,null
39,鹿児島県,平成23年５月,1,23,5,11,臨時,平成23年５月臨時会（第１日目）,臨時議長（吉永守夫君）,議長,臨時議長,吉永守夫,四　　番　　瀬戸口　三　郎　君,null,null,null
40,鹿児島県,平成23年５月,1,23,5,11,臨時,平成23年５月臨時会（第１日目）,臨時議長（吉永守夫君）,議長,臨時議長,吉永守夫,五　　番　　下　鶴　隆　央　君,null,null,null
41,鹿児島県,平成23年５月,1,23,5,11,臨時,平成23年５月臨時会（第１日目）,臨時議長（吉永守夫君）,議長,臨時議長,吉永守夫,六　　番　　柚　木　茂　樹　君,null,null,null
42,鹿児島県,平成23年５月,1,23,5,11,臨時,平成23年５月臨時会（第１日目）,臨時議長（吉永守夫君）,議長,臨時議長,吉永守夫,七　　番　　ふくし山ノブスケ君,null,null,null
43,鹿児島県,平成23年５月,1,23,5,11,臨時,平成23年５月臨時会（第１日目）,臨時議長（吉永守夫君）,議長,臨時議長,吉永守夫,八　　番　　遠　嶋　春日児　君,null,null,null
44,鹿児島県,平成23年５月,1,23,5,11,臨時,平成23年５月臨時会（第１日目）,臨時議長（吉永守夫君）,議長,臨時議長,吉永守夫,九　　番　　まえの　義　春　君,null,null,null
45,鹿児島県,平成23年５月,1,23,5,11,臨時,平成23年５月臨時会（第１日目）,臨時議長（吉永守夫君）,議長,臨時議長,吉永守夫,十　　番　　桃木野　幸　一　君,null,null,null
46,鹿児島県,平成23年５月,1,23,5,11,臨時,平成23年５月臨時会（第１日目）,臨時議長（吉永守夫君）,議長,臨時議長,吉永守夫,十一　番　　井　上　章　三　君,null,null,null
47,鹿児島県,平成23年５月,1,23,5,11,臨時,平成23年５月臨時会（第１日目）,臨時議長（吉永守夫君）,議長,臨時議長,吉永守夫,十二　番　　中　重　真　一　君,null,null,null
48,鹿児島県,平成23年５月,1,23,5,11,臨時,平成23年５月臨時会（第１日目）,臨時議長（吉永守夫君）,議長,臨時議長,吉永守夫,十三　番　　藤　崎　　　剛　君,null,null,null
49,鹿児島県,平成23年５月,1,23,5,11,臨時,平成23年５月臨時会（第１日目）,臨時議長（吉永守夫君）,議長,臨時議長,吉永守夫,十四　番　　園　田　　　豊　君,null,null,null
50,鹿児島県,平成23年５月,1,23,5,11,臨時,平成23年５月臨時会（第１日目）,臨時議長（吉永守夫君）,議長,臨時議長,吉永守夫,十五　番　　き　久　伸一郎　君,null,null,null
51,鹿児島県,平成23年５月,1,23,5,11,臨時,平成23年５月臨時会（第１日目）,臨時議長（吉永守夫君）,議長,臨時議長,吉永守夫,十六　番　　田　中　良　二　君,null,null,null
52,鹿児島県,平成23年５月,1,23,5,11,臨時,平成23年５月臨時会（第１日目）,臨時議長（吉永守夫君）,議長,臨時議長,吉永守夫,十七　番　　高　橋　　　稔　君,null,null,null
53,鹿児島県,平成23年５月,1,23,5,11,臨時,平成23年５月臨時会（第１日目）,臨時議長（吉永守夫君）,議長,臨時議長,吉永守夫,十八　番　　吉　永　守　夫　君,null,null,null
54,鹿児島県,平成23年５月,1,23,5,11,臨時,平成23年５月臨時会（第１日目）,臨時議長（吉永守夫君）,議長,臨時議長,吉永守夫,十九　番　　小園　しげよし　君,null,null,null
55,鹿児島県,平成23年５月,1,23,5,11,臨時,平成23年５月臨時会（第１日目）,臨時議長（吉永守夫君）,議長,臨時議長,吉永守夫,二十　番　　永　井　章　義　君,null,null,null
56,鹿児島県,平成23年５月,1,23,5,11,臨時,平成23年５月臨時会（第１日目）,臨時議長（吉永守夫君）,議長,臨時議長,吉永守夫,二十一番　　岩　崎　昌　弘　君,null,null,null
57,鹿児島県,平成23年５月,1,23,5,11,臨時,平成23年５月臨時会（第１日目）,臨時議長（吉永守夫君）,議長,臨時議長,吉永守夫,二十二番　　堀之内　芳　平　君,null,null,null
58,鹿児島県,平成23年５月,1,23,5,11,臨時,平成23年５月臨時会（第１日目）,臨時議長（吉永守夫君）,議長,臨時議長,吉永守夫,二十三番　　酒　匂　卓　郎　君,null,null,null
59,鹿児島県,平成23年５月,1,23,5,11,臨時,平成23年５月臨時会（第１日目）,臨時議長（吉永守夫君）,議長,臨時議長,吉永守夫,二十四番　　吉　留　厚　宏　君,null,null,null
60,鹿児島県,平成23年５月,1,23,5,11,臨時,平成23年５月臨時会（第１日目）,臨時議長（吉永守夫君）,議長,臨時議長,吉永守夫,二十五番　　桑　鶴　　　勉　君,null,null,null
61,鹿児島県,平成23年５月,1,23,5,11,臨時,平成23年５月臨時会（第１日目）,臨時議長（吉永守夫君）,議長,臨時議長,吉永守夫,二十六番　　与　　　力　雄　君,null,null,null
62,鹿児島県,平成23年５月,1,23,5,11,臨時,平成23年５月臨時会（第１日目）,臨時議長（吉永守夫君）,議長,臨時議長,吉永守夫,二十七番　　まつざき　真琴　君,null,null,null
63,鹿児島県,平成23年５月,1,23,5,11,臨時,平成23年５月臨時会（第１日目）,臨時議長（吉永守夫君）,議長,臨時議長,吉永守夫,二十八番　　松　田　浩　孝　君,null,null,null
64,鹿児島県,平成23年５月,1,23,5,11,臨時,平成23年５月臨時会（第１日目）,臨時議長（吉永守夫君）,議長,臨時議長,吉永守夫,二十九番　　持　冨　八　郎　君,null,null,null
65,鹿児島県,平成23年５月,1,23,5,11,臨時,平成23年５月臨時会（第１日目）,臨時議長（吉永守夫君）,議長,臨時議長,吉永守夫,三十　番　　柳　　　誠　子　君,null,null,null
66,鹿児島県,平成23年５月,1,23,5,11,臨時,平成23年５月臨時会（第１日目）,臨時議長（吉永守夫君）,議長,臨時議長,吉永守夫,三十一番　　青　木　　　寛　君,null,null,null
67,鹿児島県,平成23年５月,1,23,5,11,臨時,平成23年５月臨時会（第１日目）,臨時議長（吉永守夫君）,議長,臨時議長,吉永守夫,三十二番　　成　尾　信　春　君,null,null,null
68,鹿児島県,平成23年５月,1,23,5,11,臨時,平成23年５月臨時会（第１日目）,臨時議長（吉永守夫君）,議長,臨時議長,吉永守夫,三十三番　　大　園　清　信　君,null,null,null
69,鹿児島県,平成23年５月,1,23,5,11,臨時,平成23年５月臨時会（第１日目）,臨時議長（吉永守夫君）,議長,臨時議長,吉永守夫,三十四番　　永田けんたろう　君,null,null,null
70,鹿児島県,平成23年５月,1,23,5,11,臨時,平成23年５月臨時会（第１日目）,臨時議長（吉永守夫君）,議長,臨時議長,吉永守夫,三十五番　　前　原　　　尉　君,null,null,null
71,鹿児島県,平成23年５月,1,23,5,11,臨時,平成23年５月臨時会（第１日目）,臨時議長（吉永守夫君）,議長,臨時議長,吉永守夫,三十六番　　鶴　田　志　郎　君,null,null,null
72,鹿児島県,平成23年５月,1,23,5,11,臨時,平成23年５月臨時会（第１日目）,臨時議長（吉永守夫君）,議長,臨時議長,吉永守夫,三十七番　　日　高　　　滋　君,null,null,null
73,鹿児島県,平成23年５月,1,23,5,11,臨時,平成23年５月臨時会（第１日目）,臨時議長（吉永守夫君）,議長,臨時議長,吉永守夫,三十八番　　外　薗　勝　蔵　君,null,null,null
74,鹿児島県,平成23年５月,1,23,5,11,臨時,平成23年５月臨時会（第１日目）,臨時議長（吉永守夫君）,議長,臨時議長,吉永守夫,三十九番　　た　け　昭　一　君,null,null,null
75,鹿児島県,平成23年５月,1,23,5,11,臨時,平成23年５月臨時会（第１日目）,臨時議長（吉永守夫君）,議長,臨時議長,吉永守夫,四十　番　　小　幡　兼　興　君,null,null,null
76,鹿児島県,平成23年５月,1,23,5,11,臨時,平成23年５月臨時会（第１日目）,臨時議長（吉永守夫君）,議長,臨時議長,吉永守夫,四十一番　　松　里　保　廣　君,null,null,null
77,鹿児島県,平成23年５月,1,23,5,11,臨時,平成23年５月臨時会（第１日目）,臨時議長（吉永守夫君）,議長,臨時議長,吉永守夫,四十二番　　池　畑　憲　一　君,null,null,null
78,鹿児島県,平成23年５月,1,23,5,11,臨時,平成23年５月臨時会（第１日目）,臨時議長（吉永守夫君）,議長,臨時議長,吉永守夫,四十三番　　吉　野　正二郎　君,null,null,null
79,鹿児島県,平成23年５月,1,23,5,11,臨時,平成23年５月臨時会（第１日目）,臨時議長（吉永守夫君）,議長,臨時議長,吉永守夫,四十四番　　柴　立　鉄　彦　君,null,null,null
80,鹿児島県,平成23年５月,1,23,5,11,臨時,平成23年５月臨時会（第１日目）,臨時議長（吉永守夫君）,議長,臨時議長,吉永守夫,四十五番　　金　子　万寿夫　君,null,null,null
81,鹿児島県,平成23年５月,1,23,5,11,臨時,平成23年５月臨時会（第１日目）,臨時議長（吉永守夫君）,議長,臨時議長,吉永守夫,四十六番　　中　村　　　眞　君,null,null,null
82,鹿児島県,平成23年５月,1,23,5,11,臨時,平成23年５月臨時会（第１日目）,臨時議長（吉永守夫君）,議長,臨時議長,吉永守夫,四十七番　　山　田　国　治　君,null,null,null
83,鹿児島県,平成23年５月,1,23,5,11,臨時,平成23年５月臨時会（第１日目）,臨時議長（吉永守夫君）,議長,臨時議長,吉永守夫,四十八番　　おつじ　　　義　君,null,null,null
84,鹿児島県,平成23年５月,1,23,5,11,臨時,平成23年５月臨時会（第１日目）,臨時議長（吉永守夫君）,議長,臨時議長,吉永守夫,四十九番　　田之上　耕　三　君,null,null,null
85,鹿児島県,平成23年５月,1,23,5,11,臨時,平成23年５月臨時会（第１日目）,臨時議長（吉永守夫君）,議長,臨時議長,吉永守夫,五十　番　　上　野　新　作　君,null,null,null
86,鹿児島県,平成23年５月,1,23,5,11,臨時,平成23年５月臨時会（第１日目）,臨時議長（吉永守夫君）,議長,臨時議長,吉永守夫,五十一番　　二牟礼　正　博　君,null,null,null
87,鹿児島県,平成23年５月,1,23,5,11,臨時,平成23年５月臨時会（第１日目）,臨時議長（吉永守夫君）,議長,臨時議長,吉永守夫,━━━━━━━━━━━━━,null,null,null
88,鹿児島県,平成23年５月,1,23,5,11,臨時,平成23年５月臨時会（第１日目）,臨時議長（吉永守夫君）,議長,臨時議長,吉永守夫,△　会議録署名議員の指名,null,null,null
89,鹿児島県,平成23年５月,1,23,5,11,臨時,平成23年５月臨時会（第１日目）,臨時議長（吉永守夫君）,議長,臨時議長,吉永守夫,次に、会議録署名議員を指名いたします。,null,null,null
90,鹿児島県,平成23年５月,1,23,5,11,臨時,平成23年５月臨時会（第１日目）,臨時議長（吉永守夫君）,議長,臨時議長,吉永守夫,大久保博文君とまつざき真琴君を指名いたします。,null,null,null
91,鹿児島県,平成23年５月,1,23,5,11,臨時,平成23年５月臨時会（第１日目）,臨時議長（吉永守夫君）,議長,臨時議長,吉永守夫,─────────────,null,null,null
92,鹿児島県,平成23年５月,1,23,5,11,臨時,平成23年５月臨時会（第１日目）,臨時議長（吉永守夫君）,議長,臨時議長,吉永守夫,△　会期の決定,null,null,null
93,鹿児島県,平成23年５月,1,23,5,11,臨時,平成23年５月臨時会（第１日目）,臨時議長（吉永守夫君）,議長,臨時議長,吉永守夫,次に、会期の決定であります。,null,null,null
94,鹿児島県,平成23年５月,1,23,5,11,臨時,平成23年５月臨時会（第１日目）,臨時議長（吉永守夫君）,議長,臨時議長,吉永守夫,今回の臨時会の会期は、本日から五月十三日までの三日間といたしたいと思いますが、御異議ありませんか。,null,null,null
95,鹿児島県,平成23年５月,1,23,5,11,臨時,平成23年５月臨時会（第１日目）,臨時議長（吉永守夫君）,議長,臨時議長,吉永守夫,［「異議なし」と呼ぶ者あり］,null,null,null
96,鹿児島県,平成23年５月,1,23,5,11,臨時,平成23年５月臨時会（第１日目）,臨時議長（吉永守夫君）,議長,臨時議長,吉永守夫,御異議なしと認めます。,null,null,null
97,鹿児島県,平成23年５月,1,23,5,11,臨時,平成23年５月臨時会（第１日目）,臨時議長（吉永守夫君）,議長,臨時議長,吉永守夫,よって、会期は三日間と決定いたしました。,null,null,null
98,鹿児島県,平成23年５月,1,23,5,11,臨時,平成23年５月臨時会（第１日目）,臨時議長（吉永守夫君）,議長,臨時議長,吉永守夫,─────────────,null,null,null
99,鹿児島県,平成23年５月,1,23,5,11,臨時,平成23年５月臨時会（第１日目）,臨時議長（吉永守夫君）,議長,臨時議長,吉永守夫,△　会期日程の決定,null,null,null
100,鹿児島県,平成23年５月,1,23,5,11,臨時,平成23年５月臨時会（第１日目）,臨時議長（吉永守夫君）,議長,臨時議長,吉永守夫,次に、会期日程につきましては、配付いたしております日程表のとおりといたしたいと思いますが、御異議ありませんか。,null,null,null
101,鹿児島県,平成23年５月,1,23,5,11,臨時,平成23年５月臨時会（第１日目）,臨時議長（吉永守夫君）,議長,臨時議長,吉永守夫,［「異議なし」と呼ぶ者あり］,null,null,null
102,鹿児島県,平成23年５月,1,23,5,11,臨時,平成23年５月臨時会（第１日目）,臨時議長（吉永守夫君）,議長,臨時議長,吉永守夫,御異議なしと認めます。,null,null,null
103,鹿児島県,平成23年５月,1,23,5,11,臨時,平成23年５月臨時会（第１日目）,臨時議長（吉永守夫君）,議長,臨時議長,吉永守夫,よって、そのように決定いたしました。,null,null,null
104,鹿児島県,平成23年５月,1,23,5,11,臨時,平成23年５月臨時会（第１日目）,臨時議長（吉永守夫君）,議長,臨時議長,吉永守夫,━━━━━━━━━━━━━,null,null,null
105,鹿児島県,平成23年５月,1,23,5,11,臨時,平成23年５月臨時会（第１日目）,臨時議長（吉永守夫君）,議長,臨時議長,吉永守夫,平成二十三年五月鹿児島県議会臨時会期日程,null,null,null
106,鹿児島県,平成23年５月,1,23,5,11,臨時,平成23年５月臨時会（第１日目）,臨時議長（吉永守夫君）,議長,臨時議長,吉永守夫,┌───┬───┬────────────────────────────────────────┐,null,null,null
107,鹿児島県,平成23年５月,1,23,5,11,臨時,平成23年５月臨時会（第１日目）,臨時議長（吉永守夫君）,議長,臨時議長,吉永守夫,│月　日│曜　日│　　　　　　　日　　　　　　　　　　　　　　　　　　　　　　　　程　　　　　　　｜,null,null,null
108,鹿児島県,平成23年５月,1,23,5,11,臨時,平成23年５月臨時会（第１日目）,臨時議長（吉永守夫君）,議長,臨時議長,吉永守夫,├───┼───┼────────────────────────────────────────┤,null,null,null
109,鹿児島県,平成23年５月,1,23,5,11,臨時,平成23年５月臨時会（第１日目）,臨時議長（吉永守夫君）,議長,臨時議長,吉永守夫,｜５．11｜　水　│本会議（開　　会）　　　　　　　　　　　　　　　　　　　　　　　　　　　　　　　｜,null,null,null
110,鹿児島県,平成23年５月,1,23,5,11,臨時,平成23年５月臨時会（第１日目）,臨時議長（吉永守夫君）,議長,臨時議長,吉永守夫,├───┼───┼────────────────────────────────────────┤,null,null,null
111,鹿児島県,平成23年５月,1,23,5,11,臨時,平成23年５月臨時会（第１日目）,臨時議長（吉永守夫君）,議長,臨時議長,吉永守夫,｜　　12｜　木　│議案等調査　　　　　　　　　　　　　　　　　　　　　　　　　　　　　　　　　　　｜,null,null,null
112,鹿児島県,平成23年５月,1,23,5,11,臨時,平成23年５月臨時会（第１日目）,臨時議長（吉永守夫君）,議長,臨時議長,吉永守夫,├───┼───┼────────────────────────────────────────┤,null,null,null
113,鹿児島県,平成23年５月,1,23,5,11,臨時,平成23年５月臨時会（第１日目）,臨時議長（吉永守夫君）,議長,臨時議長,吉永守夫,｜　　13｜　金　│本会議（閉　　会）　　　　　　　　　　　　　　　　　　　　　　　　　　　　　　　｜,null,null,null
114,鹿児島県,平成23年５月,1,23,5,11,臨時,平成23年５月臨時会（第１日目）,臨時議長（吉永守夫君）,議長,臨時議長,吉永守夫,└───┴───┴────────────────────────────────────────┘,null,null,null
115,鹿児島県,平成23年５月,1,23,5,11,臨時,平成23年５月臨時会（第１日目）,臨時議長（吉永守夫君）,議長,臨時議長,吉永守夫,━━━━━━━━━━━━━,null,null,null
116,鹿児島県,平成23年５月,1,23,5,11,臨時,平成23年５月臨時会（第１日目）,臨時議長（吉永守夫君）,議長,臨時議長,吉永守夫,△　議長選挙,null,null,null
117,鹿児島県,平成23年５月,1,23,5,11,臨時,平成23年５月臨時会（第１日目）,臨時議長（吉永守夫君）,議長,臨時議長,吉永守夫,ただいまから、議長選挙を行います。,null,null,null
118,鹿児島県,平成23年５月,1,23,5,11,臨時,平成23年５月臨時会（第１日目）,臨時議長（吉永守夫君）,議長,臨時議長,吉永守夫,選挙は、投票により行います。,null,null,null
119,鹿児島県,平成23年５月,1,23,5,11,臨時,平成23年５月臨時会（第１日目）,臨時議長（吉永守夫君）,議長,臨時議長,吉永守夫,議場の閉鎖を命じます。,null,null,null
120,鹿児島県,平成23年５月,1,23,5,11,臨時,平成23年５月臨時会（第１日目）,臨時議長（吉永守夫君）,議長,臨時議長,吉永守夫,［議場閉鎖］,null,null,null
121,鹿児島県,平成23年５月,1,23,5,11,臨時,平成23年５月臨時会（第１日目）,臨時議長（吉永守夫君）,議長,臨時議長,吉永守夫,ただいまの出席議員数は、五十一人であります。,null,null,null
122,鹿児島県,平成23年５月,1,23,5,11,臨時,平成23年５月臨時会（第１日目）,臨時議長（吉永守夫君）,議長,臨時議長,吉永守夫,─────────────,null,null,null
123,鹿児島県,平成23年５月,1,23,5,11,臨時,平成23年５月臨時会（第１日目）,臨時議長（吉永守夫君）,議長,臨時議長,吉永守夫,△　立会人指名,null,null,null
124,鹿児島県,平成23年５月,1,23,5,11,臨時,平成23年５月臨時会（第１日目）,臨時議長（吉永守夫君）,議長,臨時議長,吉永守夫,お諮りいたします。,null,null,null
125,鹿児島県,平成23年５月,1,23,5,11,臨時,平成23年５月臨時会（第１日目）,臨時議長（吉永守夫君）,議長,臨時議長,吉永守夫,会議規則第三十二条第二項の規定によって、立会人に大久保博文君とふくし山ノブスケ君を指名いたしたいと思いますが、御異議ありませんか。,null,null,null
126,鹿児島県,平成23年５月,1,23,5,11,臨時,平成23年５月臨時会（第１日目）,臨時議長（吉永守夫君）,議長,臨時議長,吉永守夫,［「異議なし」と呼ぶ者あり］,null,null,null
127,鹿児島県,平成23年５月,1,23,5,11,臨時,平成23年５月臨時会（第１日目）,臨時議長（吉永守夫君）,議長,臨時議長,吉永守夫,御異議なしと認めます。,null,null,null
128,鹿児島県,平成23年５月,1,23,5,11,臨時,平成23年５月臨時会（第１日目）,臨時議長（吉永守夫君）,議長,臨時議長,吉永守夫,よって、立会人に大久保博文君とふくし山ノブスケ君を指名いたします。,null,null,null
129,鹿児島県,平成23年５月,1,23,5,11,臨時,平成23年５月臨時会（第１日目）,臨時議長（吉永守夫君）,議長,臨時議長,吉永守夫,投票用紙を配付させます。,null,null,null
130,鹿児島県,平成23年５月,1,23,5,11,臨時,平成23年５月臨時会（第１日目）,臨時議長（吉永守夫君）,議長,臨時議長,吉永守夫,［投票用紙配付］,null,null,null
131,鹿児島県,平成23年５月,1,23,5,11,臨時,平成23年５月臨時会（第１日目）,臨時議長（吉永守夫君）,議長,臨時議長,吉永守夫,投票用紙の配付漏れはありませんか。,null,null,null
132,鹿児島県,平成23年５月,1,23,5,11,臨時,平成23年５月臨時会（第１日目）,臨時議長（吉永守夫君）,議長,臨時議長,吉永守夫,［「なし」と呼ぶ者あり］,null,null,null
133,鹿児島県,平成23年５月,1,23,5,11,臨時,平成23年５月臨時会（第１日目）,臨時議長（吉永守夫君）,議長,臨時議長,吉永守夫,配付漏れなしと認めます。,null,null,null
134,鹿児島県,平成23年５月,1,23,5,11,臨時,平成23年５月臨時会（第１日目）,臨時議長（吉永守夫君）,議長,臨時議長,吉永守夫,投票箱を改めさせます。,null,null,null
135,鹿児島県,平成23年５月,1,23,5,11,臨時,平成23年５月臨時会（第１日目）,臨時議長（吉永守夫君）,議長,臨時議長,吉永守夫,［投票箱点検］,null,null,null
136,鹿児島県,平成23年５月,1,23,5,11,臨時,平成23年５月臨時会（第１日目）,臨時議長（吉永守夫君）,議長,臨時議長,吉永守夫,異状なしと認めます。,null,null,null
137,鹿児島県,平成23年５月,1,23,5,11,臨時,平成23年５月臨時会（第１日目）,臨時議長（吉永守夫君）,議長,臨時議長,吉永守夫,この際、念のため申し上げます。,null,null,null
138,鹿児島県,平成23年５月,1,23,5,11,臨時,平成23年５月臨時会（第１日目）,臨時議長（吉永守夫君）,議長,臨時議長,吉永守夫,投票は単記無記名であります。,null,null,null
139,鹿児島県,平成23年５月,1,23,5,11,臨時,平成23年５月臨時会（第１日目）,臨時議長（吉永守夫君）,議長,臨時議長,吉永守夫,投票用紙に被選挙人の氏名を記載の上、点呼に応じて順次投票願います。,null,null,null
140,鹿児島県,平成23年５月,1,23,5,11,臨時,平成23年５月臨時会（第１日目）,臨時議長（吉永守夫君）,議長,臨時議長,吉永守夫,点呼を命じます。,null,null,null
141,鹿児島県,平成23年５月,1,23,5,11,臨時,平成23年５月臨時会（第１日目）,臨時議長（吉永守夫君）,議長,臨時議長,吉永守夫,［議事課長氏名点呼］,null,null,null
142,鹿児島県,平成23年５月,1,23,5,11,臨時,平成23年５月臨時会（第１日目）,臨時議長（吉永守夫君）,議長,臨時議長,吉永守夫,一　　番　　大久保　博　文　君,null,null,null
143,鹿児島県,平成23年５月,1,23,5,11,臨時,平成23年５月臨時会（第１日目）,臨時議長（吉永守夫君）,議長,臨時議長,吉永守夫,二　　番　　西　高　　　悟　君,null,null,null
144,鹿児島県,平成23年５月,1,23,5,11,臨時,平成23年５月臨時会（第１日目）,臨時議長（吉永守夫君）,議長,臨時議長,吉永守夫,三　　番　　堀　口　文　治　君,null,null,null
145,鹿児島県,平成23年５月,1,23,5,11,臨時,平成23年５月臨時会（第１日目）,臨時議長（吉永守夫君）,議長,臨時議長,吉永守夫,四　　番　　瀬戸口　三　郎　君,null,null,null
146,鹿児島県,平成23年５月,1,23,5,11,臨時,平成23年５月臨時会（第１日目）,臨時議長（吉永守夫君）,議長,臨時議長,吉永守夫,五　　番　　下　鶴　隆　央　君,null,null,null
147,鹿児島県,平成23年５月,1,23,5,11,臨時,平成23年５月臨時会（第１日目）,臨時議長（吉永守夫君）,議長,臨時議長,吉永守夫,六　　番　　柚　木　茂　樹　君,null,null,null
148,鹿児島県,平成23年５月,1,23,5,11,臨時,平成23年５月臨時会（第１日目）,臨時議長（吉永守夫君）,議長,臨時議長,吉永守夫,七　　番　　ふくし山ノブスケ君,null,null,null
149,鹿児島県,平成23年５月,1,23,5,11,臨時,平成23年５月臨時会（第１日目）,臨時議長（吉永守夫君）,議長,臨時議長,吉永守夫,八　　番　　遠　嶋　春日児　君,null,null,null
150,鹿児島県,平成23年５月,1,23,5,11,臨時,平成23年５月臨時会（第１日目）,臨時議長（吉永守夫君）,議長,臨時議長,吉永守夫,九　　番　　まえの　義　春　君,null,null,null
151,鹿児島県,平成23年５月,1,23,5,11,臨時,平成23年５月臨時会（第１日目）,臨時議長（吉永守夫君）,議長,臨時議長,吉永守夫,十　　番　　桃木野　幸　一　君,null,null,null
152,鹿児島県,平成23年５月,1,23,5,11,臨時,平成23年５月臨時会（第１日目）,臨時議長（吉永守夫君）,議長,臨時議長,吉永守夫,十一　番　　井　上　章　三　君,null,null,null
153,鹿児島県,平成23年５月,1,23,5,11,臨時,平成23年５月臨時会（第１日目）,臨時議長（吉永守夫君）,議長,臨時議長,吉永守夫,十二　番　　中　重　真　一　君,null,null,null
154,鹿児島県,平成23年５月,1,23,5,11,臨時,平成23年５月臨時会（第１日目）,臨時議長（吉永守夫君）,議長,臨時議長,吉永守夫,十三　番　　藤　崎　　　剛　君,null,null,null
155,鹿児島県,平成23年５月,1,23,5,11,臨時,平成23年５月臨時会（第１日目）,臨時議長（吉永守夫君）,議長,臨時議長,吉永守夫,十四　番　　園　田　　　豊　君,null,null,null
156,鹿児島県,平成23年５月,1,23,5,11,臨時,平成23年５月臨時会（第１日目）,臨時議長（吉永守夫君）,議長,臨時議長,吉永守夫,十五　番　　き　久　伸一郎　君,null,null,null
157,鹿児島県,平成23年５月,1,23,5,11,臨時,平成23年５月臨時会（第１日目）,臨時議長（吉永守夫君）,議長,臨時議長,吉永守夫,十六　番　　田　中　良　二　君,null,null,null
158,鹿児島県,平成23年５月,1,23,5,11,臨時,平成23年５月臨時会（第１日目）,臨時議長（吉永守夫君）,議長,臨時議長,吉永守夫,十七　番　　高　橋　　　稔　君,null,null,null
159,鹿児島県,平成23年５月,1,23,5,11,臨時,平成23年５月臨時会（第１日目）,臨時議長（吉永守夫君）,議長,臨時議長,吉永守夫,十八　番　　吉　永　守　夫　君,null,null,null
160,鹿児島県,平成23年５月,1,23,5,11,臨時,平成23年５月臨時会（第１日目）,臨時議長（吉永守夫君）,議長,臨時議長,吉永守夫,十九　番　　小園　しげよし　君,null,null,null
161,鹿児島県,平成23年５月,1,23,5,11,臨時,平成23年５月臨時会（第１日目）,臨時議長（吉永守夫君）,議長,臨時議長,吉永守夫,二十　番　　永　井　章　義　君,null,null,null
162,鹿児島県,平成23年５月,1,23,5,11,臨時,平成23年５月臨時会（第１日目）,臨時議長（吉永守夫君）,議長,臨時議長,吉永守夫,二十一番　　岩　崎　昌　弘　君,null,null,null
163,鹿児島県,平成23年５月,1,23,5,11,臨時,平成23年５月臨時会（第１日目）,臨時議長（吉永守夫君）,議長,臨時議長,吉永守夫,二十二番　　堀之内　芳　平　君,null,null,null
164,鹿児島県,平成23年５月,1,23,5,11,臨時,平成23年５月臨時会（第１日目）,臨時議長（吉永守夫君）,議長,臨時議長,吉永守夫,二十三番　　酒　匂　卓　郎　君,null,null,null
165,鹿児島県,平成23年５月,1,23,5,11,臨時,平成23年５月臨時会（第１日目）,臨時議長（吉永守夫君）,議長,臨時議長,吉永守夫,二十四番　　吉　留　厚　宏　君,null,null,null
166,鹿児島県,平成23年５月,1,23,5,11,臨時,平成23年５月臨時会（第１日目）,臨時議長（吉永守夫君）,議長,臨時議長,吉永守夫,二十五番　　桑　鶴　　　勉　君,null,null,null
167,鹿児島県,平成23年５月,1,23,5,11,臨時,平成23年５月臨時会（第１日目）,臨時議長（吉永守夫君）,議長,臨時議長,吉永守夫,二十六番　　与　　　力　雄　君,null,null,null
168,鹿児島県,平成23年５月,1,23,5,11,臨時,平成23年５月臨時会（第１日目）,臨時議長（吉永守夫君）,議長,臨時議長,吉永守夫,二十七番　　まつざき　真琴　君,null,null,null
169,鹿児島県,平成23年５月,1,23,5,11,臨時,平成23年５月臨時会（第１日目）,臨時議長（吉永守夫君）,議長,臨時議長,吉永守夫,二十八番　　松　田　浩　孝　君,null,null,null
170,鹿児島県,平成23年５月,1,23,5,11,臨時,平成23年５月臨時会（第１日目）,臨時議長（吉永守夫君）,議長,臨時議長,吉永守夫,二十九番　　持　冨　八　郎　君,null,null,null
171,鹿児島県,平成23年５月,1,23,5,11,臨時,平成23年５月臨時会（第１日目）,臨時議長（吉永守夫君）,議長,臨時議長,吉永守夫,三十　番　　柳　　　誠　子　君,null,null,null
172,鹿児島県,平成23年５月,1,23,5,11,臨時,平成23年５月臨時会（第１日目）,臨時議長（吉永守夫君）,議長,臨時議長,吉永守夫,三十一番　　青　木　　　寛　君,null,null,null
173,鹿児島県,平成23年５月,1,23,5,11,臨時,平成23年５月臨時会（第１日目）,臨時議長（吉永守夫君）,議長,臨時議長,吉永守夫,三十二番　　成　尾　信　春　君,null,null,null
174,鹿児島県,平成23年５月,1,23,5,11,臨時,平成23年５月臨時会（第１日目）,臨時議長（吉永守夫君）,議長,臨時議長,吉永守夫,三十三番　　大　園　清　信　君,null,null,null
175,鹿児島県,平成23年５月,1,23,5,11,臨時,平成23年５月臨時会（第１日目）,臨時議長（吉永守夫君）,議長,臨時議長,吉永守夫,三十四番　　永田けんたろう　君,null,null,null
176,鹿児島県,平成23年５月,1,23,5,11,臨時,平成23年５月臨時会（第１日目）,臨時議長（吉永守夫君）,議長,臨時議長,吉永守夫,三十五番　　前　原　　　尉　君,null,null,null
177,鹿児島県,平成23年５月,1,23,5,11,臨時,平成23年５月臨時会（第１日目）,臨時議長（吉永守夫君）,議長,臨時議長,吉永守夫,三十六番　　鶴　田　志　郎　君,null,null,null
178,鹿児島県,平成23年５月,1,23,5,11,臨時,平成23年５月臨時会（第１日目）,臨時議長（吉永守夫君）,議長,臨時議長,吉永守夫,三十七番　　日　高　　　滋　君,null,null,null
179,鹿児島県,平成23年５月,1,23,5,11,臨時,平成23年５月臨時会（第１日目）,臨時議長（吉永守夫君）,議長,臨時議長,吉永守夫,三十八番　　外　薗　勝　蔵　君,null,null,null
180,鹿児島県,平成23年５月,1,23,5,11,臨時,平成23年５月臨時会（第１日目）,臨時議長（吉永守夫君）,議長,臨時議長,吉永守夫,三十九番　　た　け　昭　一　君,null,null,null
181,鹿児島県,平成23年５月,1,23,5,11,臨時,平成23年５月臨時会（第１日目）,臨時議長（吉永守夫君）,議長,臨時議長,吉永守夫,四十　番　　小　幡　兼　興　君,null,null,null
182,鹿児島県,平成23年５月,1,23,5,11,臨時,平成23年５月臨時会（第１日目）,臨時議長（吉永守夫君）,議長,臨時議長,吉永守夫,四十一番　　松　里　保　廣　君,null,null,null
183,鹿児島県,平成23年５月,1,23,5,11,臨時,平成23年５月臨時会（第１日目）,臨時議長（吉永守夫君）,議長,臨時議長,吉永守夫,四十二番　　池　畑　憲　一　君,null,null,null
184,鹿児島県,平成23年５月,1,23,5,11,臨時,平成23年５月臨時会（第１日目）,臨時議長（吉永守夫君）,議長,臨時議長,吉永守夫,四十三番　　吉　野　正二郎　君,null,null,null
185,鹿児島県,平成23年５月,1,23,5,11,臨時,平成23年５月臨時会（第１日目）,臨時議長（吉永守夫君）,議長,臨時議長,吉永守夫,四十四番　　柴　立　鉄　彦　君,null,null,null
186,鹿児島県,平成23年５月,1,23,5,11,臨時,平成23年５月臨時会（第１日目）,臨時議長（吉永守夫君）,議長,臨時議長,吉永守夫,四十五番　　金　子　万寿夫　君,null,null,null
187,鹿児島県,平成23年５月,1,23,5,11,臨時,平成23年５月臨時会（第１日目）,臨時議長（吉永守夫君）,議長,臨時議長,吉永守夫,四十六番　　中　村　　　眞　君,null,null,null
188,鹿児島県,平成23年５月,1,23,5,11,臨時,平成23年５月臨時会（第１日目）,臨時議長（吉永守夫君）,議長,臨時議長,吉永守夫,四十七番　　山　田　国　治　君,null,null,null
189,鹿児島県,平成23年５月,1,23,5,11,臨時,平成23年５月臨時会（第１日目）,臨時議長（吉永守夫君）,議長,臨時議長,吉永守夫,四十八番　　おつじ　　　義　君,null,null,null
190,鹿児島県,平成23年５月,1,23,5,11,臨時,平成23年５月臨時会（第１日目）,臨時議長（吉永守夫君）,議長,臨時議長,吉永守夫,四十九番　　田之上　耕　三　君,null,null,null
191,鹿児島県,平成23年５月,1,23,5,11,臨時,平成23年５月臨時会（第１日目）,臨時議長（吉永守夫君）,議長,臨時議長,吉永守夫,五十　番　　上　野　新　作　君,null,null,null
192,鹿児島県,平成23年５月,1,23,5,11,臨時,平成23年５月臨時会（第１日目）,臨時議長（吉永守夫君）,議長,臨時議長,吉永守夫,五十一番　　二牟礼　正　博　君,null,null,null
193,鹿児島県,平成23年５月,1,23,5,11,臨時,平成23年５月臨時会（第１日目）,臨時議長（吉永守夫君）,議長,臨時議長,吉永守夫,投票漏れはありませんか。,null,null,null
194,鹿児島県,平成23年５月,1,23,5,11,臨時,平成23年５月臨時会（第１日目）,臨時議長（吉永守夫君）,議長,臨時議長,吉永守夫,［「なし」と呼ぶ者あり］,null,null,null
195,鹿児島県,平成23年５月,1,23,5,11,臨時,平成23年５月臨時会（第１日目）,臨時議長（吉永守夫君）,議長,臨時議長,吉永守夫,投票漏れなしと認め、投票を終了いたします。,null,null,null
196,鹿児島県,平成23年５月,1,23,5,11,臨時,平成23年５月臨時会（第１日目）,臨時議長（吉永守夫君）,議長,臨時議長,吉永守夫,開票を行います。,null,null,null
197,鹿児島県,平成23年５月,1,23,5,11,臨時,平成23年５月臨時会（第１日目）,臨時議長（吉永守夫君）,議長,臨時議長,吉永守夫,大久保博文君とふくし山ノブスケ君の立ち会いを願います。,null,null,null
198,鹿児島県,平成23年５月,1,23,5,11,臨時,平成23年５月臨時会（第１日目）,臨時議長（吉永守夫君）,議長,臨時議長,吉永守夫,［開票・点検］,null,null,null
199,鹿児島県,平成23年５月,1,23,5,11,臨時,平成23年５月臨時会（第１日目）,臨時議長（吉永守夫君）,議長,臨時議長,吉永守夫,選挙の結果を報告いたします。,null,null,null
200,鹿児島県,平成23年５月,1,23,5,11,臨時,平成23年５月臨時会（第１日目）,臨時議長（吉永守夫君）,議長,臨時議長,吉永守夫,投票総数五十一票,null,null,null
201,鹿児島県,平成23年５月,1,23,5,11,臨時,平成23年５月臨時会（第１日目）,臨時議長（吉永守夫君）,議長,臨時議長,吉永守夫,このうち,null,null,null
202,鹿児島県,平成23年５月,1,23,5,11,臨時,平成23年５月臨時会（第１日目）,臨時議長（吉永守夫君）,議長,臨時議長,吉永守夫,有効投票　四十九票,null,null,null
203,鹿児島県,平成23年５月,1,23,5,11,臨時,平成23年５月臨時会（第１日目）,臨時議長（吉永守夫君）,議長,臨時議長,吉永守夫,無効投票　　　二票　うち　白票　　二票,null,null,null
204,鹿児島県,平成23年５月,1,23,5,11,臨時,平成23年５月臨時会（第１日目）,臨時議長（吉永守夫君）,議長,臨時議長,吉永守夫,有効投票中,null,null,null
205,鹿児島県,平成23年５月,1,23,5,11,臨時,平成23年５月臨時会（第１日目）,臨時議長（吉永守夫君）,議長,臨時議長,吉永守夫,金子万寿夫君　四十票,null,null,null
206,鹿児島県,平成23年５月,1,23,5,11,臨時,平成23年５月臨時会（第１日目）,臨時議長（吉永守夫君）,議長,臨時議長,吉永守夫,二牟礼正博君　　八票,null,null,null
207,鹿児島県,平成23年５月,1,23,5,11,臨時,平成23年５月臨時会（第１日目）,臨時議長（吉永守夫君）,議長,臨時議長,吉永守夫,まつざき真琴君　一票,null,null,null
208,鹿児島県,平成23年５月,1,23,5,11,臨時,平成23年５月臨時会（第１日目）,臨時議長（吉永守夫君）,議長,臨時議長,吉永守夫,この選挙の法定得票数は十三票であります。,null,null,null
209,鹿児島県,平成23年５月,1,23,5,11,臨時,平成23年５月臨時会（第１日目）,臨時議長（吉永守夫君）,議長,臨時議長,吉永守夫,よって、金子万寿夫君が議長に当選されました。,null,null,null
210,鹿児島県,平成23年５月,1,23,5,11,臨時,平成23年５月臨時会（第１日目）,臨時議長（吉永守夫君）,議長,臨時議長,吉永守夫,議場の閉鎖を解きます。,null,null,null
211,鹿児島県,平成23年５月,1,23,5,11,臨時,平成23年５月臨時会（第１日目）,臨時議長（吉永守夫君）,議長,臨時議長,吉永守夫,［議場開鎖］,null,null,null
212,鹿児島県,平成23年５月,1,23,5,11,臨時,平成23年５月臨時会（第１日目）,臨時議長（吉永守夫君）,議長,臨時議長,吉永守夫,ただいま、議長に当選されました金子万寿夫君が議場におられますので、会議規則第三十三条第二項の規定によって、当選の告知をいたします。,null,null,null
213,鹿児島県,平成23年５月,1,23,5,11,臨時,平成23年５月臨時会（第１日目）,臨時議長（吉永守夫君）,議長,臨時議長,吉永守夫,─────────────,null,null,null
214,鹿児島県,平成23年５月,1,23,5,11,臨時,平成23年５月臨時会（第１日目）,臨時議長（吉永守夫君）,議長,臨時議長,吉永守夫,△　議長あいさつ,null,null,null
215,鹿児島県,平成23年５月,1,23,5,11,臨時,平成23年５月臨時会（第１日目）,臨時議長（吉永守夫君）,議長,臨時議長,吉永守夫,金子万寿夫君を紹介いたします。,null,null,null
216,鹿児島県,平成23年５月,1,23,5,11,臨時,平成23年５月臨時会（第１日目）,臨時議長（吉永守夫君）,議長,臨時議長,吉永守夫,あいさつをお願いします。,null,null,null
217,鹿児島県,平成23年５月,1,23,5,11,臨時,平成23年５月臨時会（第１日目）,臨時議長（吉永守夫君）,議長,臨時議長,吉永守夫,［金子万寿夫君登壇］,null,null,null
218,鹿児島県,平成23年５月,1,23,5,11,臨時,平成23年５月臨時会（第１日目）,議長（金子万寿夫君）,議長,議長,金子万寿夫,ただいま議員各位の御推挙によりまして、引き続き議長職を務めることになりました。,null,null,null
219,鹿児島県,平成23年５月,1,23,5,11,臨時,平成23年５月臨時会（第１日目）,議長（金子万寿夫君）,議長,議長,金子万寿夫,大変光栄であると同時に、改めて身の引き締まる思いがいたします。,null,null,null
220,鹿児島県,平成23年５月,1,23,5,11,臨時,平成23年５月臨時会（第１日目）,議長（金子万寿夫君）,議長,議長,金子万寿夫,また、今日の日本は、東日本大震災で多くの犠牲を出しました。,null,null,null
221,鹿児島県,平成23年５月,1,23,5,11,臨時,平成23年５月臨時会（第１日目）,議長（金子万寿夫君）,議長,議長,金子万寿夫,まさに国難を迎えていると思います。,null,null,null
222,鹿児島県,平成23年５月,1,23,5,11,臨時,平成23年５月臨時会（第１日目）,議長（金子万寿夫君）,議長,議長,金子万寿夫,お亡くなりになられた方々の御冥福をお祈り申し上げ、そしてまた被災された方々にお見舞いを申し上げると同時に、この西日本から、九州から、鹿児島から日本の元気を取り戻していくという思いで、今後、私どもも県民の皆さんと協力しながら頑張っていかなければならない、このように思っております。,null,null,null
223,鹿児島県,平成23年５月,1,23,5,11,臨時,平成23年５月臨時会（第１日目）,議長（金子万寿夫君）,議長,議長,金子万寿夫,前任期四年間の鹿児島県議会は、政策提言機能を高め、そしてまた議員提案による政策条例の制定や議会基本条例の制定など、多くの議会改革をなし遂げてきたと思っております。,null,null,null
224,鹿児島県,平成23年５月,1,23,5,11,臨時,平成23年５月臨時会（第１日目）,議長（金子万寿夫君）,議長,議長,金子万寿夫,県議会の歴史にそれなりのページを刻む取り組みがなされたと、このように思っております。,null,null,null
225,鹿児島県,平成23年５月,1,23,5,11,臨時,平成23年５月臨時会（第１日目）,議長（金子万寿夫君）,議長,議長,金子万寿夫,しかしながら、今回の選挙を通して感じますことは、県民の皆さんと県議会との位置関係というのは非常に遠いものがあるように県民の皆さんから受けとめられているのではないかという点を強く感じて、新しい任期に臨まなければならない、このように思っております。,null,null,null
226,鹿児島県,平成23年５月,1,23,5,11,臨時,平成23年５月臨時会（第１日目）,議長（金子万寿夫君）,議長,議長,金子万寿夫,すなわち、私は、今任期の議会改革の大きな柱は、県民との関係、県民の積極的な議会参加を促すための手法をどのように我々が用いていくか、県民との立ち位置の関係をしっかりと我々は考えて、そして工夫していかなければならない、このように思っております。,null,null,null
227,鹿児島県,平成23年５月,1,23,5,11,臨時,平成23年５月臨時会（第１日目）,議長（金子万寿夫君）,議長,議長,金子万寿夫,最大の今任期の議会改革の柱の一つだと、このように感じます。,null,null,null
228,鹿児島県,平成23年５月,1,23,5,11,臨時,平成23年５月臨時会（第１日目）,議長（金子万寿夫君）,議長,議長,金子万寿夫,地方分権が進んでまいります。,null,null,null
229,鹿児島県,平成23年５月,1,23,5,11,臨時,平成23年５月臨時会（第１日目）,議長（金子万寿夫君）,議長,議長,金子万寿夫,私も全国議長会の会長を二年間務めさせていただきながら、地方から地方分権改革を進めていくその役割を担ってまいりました。,null,null,null
230,鹿児島県,平成23年５月,1,23,5,11,臨時,平成23年５月臨時会（第１日目）,議長（金子万寿夫君）,議長,議長,金子万寿夫,十八年、二十年の自治法改正に続き、今国会においては、主権三法が成立いたしました。,null,null,null
231,鹿児島県,平成23年５月,1,23,5,11,臨時,平成23年５月臨時会（第１日目）,議長（金子万寿夫君）,議長,議長,金子万寿夫,また、新たな自治法改正を総務省は予定しておりますが、これらを踏まえて、我々の長年の要望でありました地方議会議員の位置づけの明確化、あるいは選挙法の改正等に取り組んでいかなければならないと、このように思っております。,null,null,null
232,鹿児島県,平成23年５月,1,23,5,11,臨時,平成23年５月臨時会（第１日目）,議長（金子万寿夫君）,議長,議長,金子万寿夫,分権が進んでいく中で、地方議会の果たす役割と責任というのは、皆様方もこの選挙において県民の皆さんに強く訴えられたことだろうと思っておりますが、私ども地方議会は議員内閣制をとっているわけではありません。,null,null,null
233,鹿児島県,平成23年５月,1,23,5,11,臨時,平成23年５月臨時会（第１日目）,議長（金子万寿夫君）,議長,議長,金子万寿夫,二元代表制の一翼を担う議会の議員がこれからは地方政府の議員という意識を高めていく必要があると、このように思っております。,null,null,null
234,鹿児島県,平成23年５月,1,23,5,11,臨時,平成23年５月臨時会（第１日目）,議長（金子万寿夫君）,議長,議長,金子万寿夫,そのような観点から、私も、議員各位の御協力をいただきながら、そしてまた知事を初め、執行部の皆様方の御支援、御指導を賜りながら、またきょうは報道関係の皆さんも多数おいでですが、我々県議会と県民との媒体でもありますマスコミの皆様方の御協力、御指導もいただきながら四年間務めてまいりたいと、このように思っております。,null,null,null
235,鹿児島県,平成23年５月,1,23,5,11,臨時,平成23年５月臨時会（第１日目）,議長（金子万寿夫君）,議長,議長,金子万寿夫,多くを語ることはできませんが、どうぞ今後ともの皆様方の御指導と御支援を賜りますように心からお願いを申し上げたいと思います。,null,null,null
236,鹿児島県,平成23年５月,1,23,5,11,臨時,平成23年５月臨時会（第１日目）,議長（金子万寿夫君）,議長,議長,金子万寿夫,以上をもちまして私の就任のあいさつとさせていただきます。,null,null,null
237,鹿児島県,平成23年５月,1,23,5,11,臨時,平成23年５月臨時会（第１日目）,議長（金子万寿夫君）,議長,議長,金子万寿夫,どうぞ今後ともよろしくお願いを申し上げます。,null,null,null
238,鹿児島県,平成23年５月,1,23,5,11,臨時,平成23年５月臨時会（第１日目）,議長（金子万寿夫君）,議長,議長,金子万寿夫,（拍手）,null,null,null
239,鹿児島県,平成23年５月,1,23,5,11,臨時,平成23年５月臨時会（第１日目）,臨時議長（吉永守夫君）,議長,臨時議長,吉永守夫,これで、臨時議長の職務を終了いたしました。,null,null,null
240,鹿児島県,平成23年５月,1,23,5,11,臨時,平成23年５月臨時会（第１日目）,臨時議長（吉永守夫君）,議長,臨時議長,吉永守夫,各位の御協力を感謝いたします。,null,null,null
241,鹿児島県,平成23年５月,1,23,5,11,臨時,平成23年５月臨時会（第１日目）,臨時議長（吉永守夫君）,議長,臨時議長,吉永守夫,議長、議長席にお着き願います。,null,null,null
242,鹿児島県,平成23年５月,1,23,5,11,臨時,平成23年５月臨時会（第１日目）,臨時議長（吉永守夫君）,議長,臨時議長,吉永守夫,どうもありがとうございました。,null,null,null
243,鹿児島県,平成23年５月,1,23,5,11,臨時,平成23年５月臨時会（第１日目）,臨時議長（吉永守夫君）,議長,臨時議長,吉永守夫,（拍手）,null,null,null
244,鹿児島県,平成23年５月,1,23,5,11,臨時,平成23年５月臨時会（第１日目）,臨時議長（吉永守夫君）,議長,臨時議長,吉永守夫,［金子万寿夫君議長席に着く］,null,null,null
245,鹿児島県,平成23年５月,1,23,5,11,臨時,平成23年５月臨時会（第１日目）,臨時議長（吉永守夫君）,議長,臨時議長,吉永守夫,─────────────,null,null,null
246,鹿児島県,平成23年５月,1,23,5,11,臨時,平成23年５月臨時会（第１日目）,臨時議長（吉永守夫君）,議長,臨時議長,吉永守夫,△　副議長選挙,null,null,null
247,鹿児島県,平成23年５月,1,23,5,11,臨時,平成23年５月臨時会（第１日目）,議長（金子万寿夫君）,議長,議長,金子万寿夫,ただいまから、副議長選挙を行います。,null,null,null
248,鹿児島県,平成23年５月,1,23,5,11,臨時,平成23年５月臨時会（第１日目）,議長（金子万寿夫君）,議長,議長,金子万寿夫,選挙は、投票により行います。,null,null,null
249,鹿児島県,平成23年５月,1,23,5,11,臨時,平成23年５月臨時会（第１日目）,議長（金子万寿夫君）,議長,議長,金子万寿夫,議場の閉鎖を命じます。,null,null,null
250,鹿児島県,平成23年５月,1,23,5,11,臨時,平成23年５月臨時会（第１日目）,議長（金子万寿夫君）,議長,議長,金子万寿夫,［議場閉鎖］,null,null,null
251,鹿児島県,平成23年５月,1,23,5,11,臨時,平成23年５月臨時会（第１日目）,議長（金子万寿夫君）,議長,議長,金子万寿夫,ただいまの出席議員数は、五十一人であります。,null,null,null
252,鹿児島県,平成23年５月,1,23,5,11,臨時,平成23年５月臨時会（第１日目）,議長（金子万寿夫君）,議長,議長,金子万寿夫,─────────────,null,null,null
253,鹿児島県,平成23年５月,1,23,5,11,臨時,平成23年５月臨時会（第１日目）,議長（金子万寿夫君）,議長,議長,金子万寿夫,△　立会人指名,null,null,null
254,鹿児島県,平成23年５月,1,23,5,11,臨時,平成23年５月臨時会（第１日目）,議長（金子万寿夫君）,議長,議長,金子万寿夫,お諮りいたします。,null,null,null
255,鹿児島県,平成23年５月,1,23,5,11,臨時,平成23年５月臨時会（第１日目）,議長（金子万寿夫君）,議長,議長,金子万寿夫,会議規則第三十二条第二項の規定によって、立会人に大久保博文君とふくし山ノブスケ君を指名いたしたいと思いますが、御異議ありませんか。,null,null,null
256,鹿児島県,平成23年５月,1,23,5,11,臨時,平成23年５月臨時会（第１日目）,議長（金子万寿夫君）,議長,議長,金子万寿夫,［「異議なし」と呼ぶ者あり］,null,null,null
257,鹿児島県,平成23年５月,1,23,5,11,臨時,平成23年５月臨時会（第１日目）,議長（金子万寿夫君）,議長,議長,金子万寿夫,御異議なしと認めます。,null,null,null
258,鹿児島県,平成23年５月,1,23,5,11,臨時,平成23年５月臨時会（第１日目）,議長（金子万寿夫君）,議長,議長,金子万寿夫,よって、立会人に大久保博文君とふくし山ノブスケ君を指名いたします。,null,null,null
259,鹿児島県,平成23年５月,1,23,5,11,臨時,平成23年５月臨時会（第１日目）,議長（金子万寿夫君）,議長,議長,金子万寿夫,投票用紙を配付させます。,null,null,null
260,鹿児島県,平成23年５月,1,23,5,11,臨時,平成23年５月臨時会（第１日目）,議長（金子万寿夫君）,議長,議長,金子万寿夫,［投票用紙配付］,null,null,null
261,鹿児島県,平成23年５月,1,23,5,11,臨時,平成23年５月臨時会（第１日目）,議長（金子万寿夫君）,議長,議長,金子万寿夫,投票用紙の配付漏れはありませんか。,null,null,null
262,鹿児島県,平成23年５月,1,23,5,11,臨時,平成23年５月臨時会（第１日目）,議長（金子万寿夫君）,議長,議長,金子万寿夫,［「なし」と呼ぶ者あり］,null,null,null
263,鹿児島県,平成23年５月,1,23,5,11,臨時,平成23年５月臨時会（第１日目）,議長（金子万寿夫君）,議長,議長,金子万寿夫,配付漏れなしと認めます。,null,null,null
264,鹿児島県,平成23年５月,1,23,5,11,臨時,平成23年５月臨時会（第１日目）,議長（金子万寿夫君）,議長,議長,金子万寿夫,投票箱を改めさせます。,null,null,null
265,鹿児島県,平成23年５月,1,23,5,11,臨時,平成23年５月臨時会（第１日目）,議長（金子万寿夫君）,議長,議長,金子万寿夫,［投票箱点検］,null,null,null
266,鹿児島県,平成23年５月,1,23,5,11,臨時,平成23年５月臨時会（第１日目）,議長（金子万寿夫君）,議長,議長,金子万寿夫,異状なしと認めます。,null,null,null
267,鹿児島県,平成23年５月,1,23,5,11,臨時,平成23年５月臨時会（第１日目）,議長（金子万寿夫君）,議長,議長,金子万寿夫,この際、念のため申し上げます。,null,null,null
268,鹿児島県,平成23年５月,1,23,5,11,臨時,平成23年５月臨時会（第１日目）,議長（金子万寿夫君）,議長,議長,金子万寿夫,投票は単記無記名であります。,null,null,null
269,鹿児島県,平成23年５月,1,23,5,11,臨時,平成23年５月臨時会（第１日目）,議長（金子万寿夫君）,議長,議長,金子万寿夫,投票用紙に被選挙人の氏名を記載の上、点呼に応じて順次投票願います。,null,null,null
270,鹿児島県,平成23年５月,1,23,5,11,臨時,平成23年５月臨時会（第１日目）,議長（金子万寿夫君）,議長,議長,金子万寿夫,点呼を命じます。,null,null,null
271,鹿児島県,平成23年５月,1,23,5,11,臨時,平成23年５月臨時会（第１日目）,議長（金子万寿夫君）,議長,議長,金子万寿夫,［議事課長氏名点呼］,null,null,null
272,鹿児島県,平成23年５月,1,23,5,11,臨時,平成23年５月臨時会（第１日目）,議長（金子万寿夫君）,議長,議長,金子万寿夫,一　　番　　大久保　博　文　君,null,null,null
273,鹿児島県,平成23年５月,1,23,5,11,臨時,平成23年５月臨時会（第１日目）,議長（金子万寿夫君）,議長,議長,金子万寿夫,二　　番　　西　高　　　悟　君,null,null,null
274,鹿児島県,平成23年５月,1,23,5,11,臨時,平成23年５月臨時会（第１日目）,議長（金子万寿夫君）,議長,議長,金子万寿夫,三　　番　　堀　口　文　治　君,null,null,null
275,鹿児島県,平成23年５月,1,23,5,11,臨時,平成23年５月臨時会（第１日目）,議長（金子万寿夫君）,議長,議長,金子万寿夫,四　　番　　瀬戸口　三　郎　君,null,null,null
276,鹿児島県,平成23年５月,1,23,5,11,臨時,平成23年５月臨時会（第１日目）,議長（金子万寿夫君）,議長,議長,金子万寿夫,五　　番　　下　鶴　隆　央　君,null,null,null
277,鹿児島県,平成23年５月,1,23,5,11,臨時,平成23年５月臨時会（第１日目）,議長（金子万寿夫君）,議長,議長,金子万寿夫,六　　番　　柚　木　茂　樹　君,null,null,null
278,鹿児島県,平成23年５月,1,23,5,11,臨時,平成23年５月臨時会（第１日目）,議長（金子万寿夫君）,議長,議長,金子万寿夫,七　　番　　ふくし山ノブスケ君,null,null,null
279,鹿児島県,平成23年５月,1,23,5,11,臨時,平成23年５月臨時会（第１日目）,議長（金子万寿夫君）,議長,議長,金子万寿夫,八　　番　　遠　嶋　春日児　君,null,null,null
280,鹿児島県,平成23年５月,1,23,5,11,臨時,平成23年５月臨時会（第１日目）,議長（金子万寿夫君）,議長,議長,金子万寿夫,九　　番　　まえの　義　春　君,null,null,null
281,鹿児島県,平成23年５月,1,23,5,11,臨時,平成23年５月臨時会（第１日目）,議長（金子万寿夫君）,議長,議長,金子万寿夫,十　　番　　桃木野　幸　一　君,null,null,null
282,鹿児島県,平成23年５月,1,23,5,11,臨時,平成23年５月臨時会（第１日目）,議長（金子万寿夫君）,議長,議長,金子万寿夫,十一　番　　井　上　章　三　君,null,null,null
283,鹿児島県,平成23年５月,1,23,5,11,臨時,平成23年５月臨時会（第１日目）,議長（金子万寿夫君）,議長,議長,金子万寿夫,十二　番　　中　重　真　一　君,null,null,null
284,鹿児島県,平成23年５月,1,23,5,11,臨時,平成23年５月臨時会（第１日目）,議長（金子万寿夫君）,議長,議長,金子万寿夫,十三　番　　藤　崎　　　剛　君,null,null,null
285,鹿児島県,平成23年５月,1,23,5,11,臨時,平成23年５月臨時会（第１日目）,議長（金子万寿夫君）,議長,議長,金子万寿夫,十四　番　　園　田　　　豊　君,null,null,null
286,鹿児島県,平成23年５月,1,23,5,11,臨時,平成23年５月臨時会（第１日目）,議長（金子万寿夫君）,議長,議長,金子万寿夫,十五　番　　き　久　伸一郎　君,null,null,null
287,鹿児島県,平成23年５月,1,23,5,11,臨時,平成23年５月臨時会（第１日目）,議長（金子万寿夫君）,議長,議長,金子万寿夫,十六　番　　田　中　良　二　君,null,null,null
288,鹿児島県,平成23年５月,1,23,5,11,臨時,平成23年５月臨時会（第１日目）,議長（金子万寿夫君）,議長,議長,金子万寿夫,十七　番　　高　橋　　　稔　君,null,null,null
289,鹿児島県,平成23年５月,1,23,5,11,臨時,平成23年５月臨時会（第１日目）,議長（金子万寿夫君）,議長,議長,金子万寿夫,十八　番　　吉　永　守　夫　君,null,null,null
290,鹿児島県,平成23年５月,1,23,5,11,臨時,平成23年５月臨時会（第１日目）,議長（金子万寿夫君）,議長,議長,金子万寿夫,十九　番　　小園　しげよし　君,null,null,null
291,鹿児島県,平成23年５月,1,23,5,11,臨時,平成23年５月臨時会（第１日目）,議長（金子万寿夫君）,議長,議長,金子万寿夫,二十　番　　永　井　章　義　君,null,null,null
292,鹿児島県,平成23年５月,1,23,5,11,臨時,平成23年５月臨時会（第１日目）,議長（金子万寿夫君）,議長,議長,金子万寿夫,二十一番　　岩　崎　昌　弘　君,null,null,null
293,鹿児島県,平成23年５月,1,23,5,11,臨時,平成23年５月臨時会（第１日目）,議長（金子万寿夫君）,議長,議長,金子万寿夫,二十二番　　堀之内　芳　平　君,null,null,null
294,鹿児島県,平成23年５月,1,23,5,11,臨時,平成23年５月臨時会（第１日目）,議長（金子万寿夫君）,議長,議長,金子万寿夫,二十三番　　酒　匂　卓　郎　君,null,null,null
295,鹿児島県,平成23年５月,1,23,5,11,臨時,平成23年５月臨時会（第１日目）,議長（金子万寿夫君）,議長,議長,金子万寿夫,二十四番　　吉　留　厚　宏　君,null,null,null
296,鹿児島県,平成23年５月,1,23,5,11,臨時,平成23年５月臨時会（第１日目）,議長（金子万寿夫君）,議長,議長,金子万寿夫,二十五番　　桑　鶴　　　勉　君,null,null,null
297,鹿児島県,平成23年５月,1,23,5,11,臨時,平成23年５月臨時会（第１日目）,議長（金子万寿夫君）,議長,議長,金子万寿夫,二十六番　　与　　　力　雄　君,null,null,null
298,鹿児島県,平成23年５月,1,23,5,11,臨時,平成23年５月臨時会（第１日目）,議長（金子万寿夫君）,議長,議長,金子万寿夫,二十七番　　まつざき　真琴　君,null,null,null
299,鹿児島県,平成23年５月,1,23,5,11,臨時,平成23年５月臨時会（第１日目）,議長（金子万寿夫君）,議長,議長,金子万寿夫,二十八番　　松　田　浩　孝　君,null,null,null
300,鹿児島県,平成23年５月,1,23,5,11,臨時,平成23年５月臨時会（第１日目）,議長（金子万寿夫君）,議長,議長,金子万寿夫,二十九番　　持　冨　八　郎　君,null,null,null
301,鹿児島県,平成23年５月,1,23,5,11,臨時,平成23年５月臨時会（第１日目）,議長（金子万寿夫君）,議長,議長,金子万寿夫,三十　番　　柳　　　誠　子　君,null,null,null
302,鹿児島県,平成23年５月,1,23,5,11,臨時,平成23年５月臨時会（第１日目）,議長（金子万寿夫君）,議長,議長,金子万寿夫,三十一番　　青　木　　　寛　君,null,null,null
303,鹿児島県,平成23年５月,1,23,5,11,臨時,平成23年５月臨時会（第１日目）,議長（金子万寿夫君）,議長,議長,金子万寿夫,三十二番　　成　尾　信　春　君,null,null,null
304,鹿児島県,平成23年５月,1,23,5,11,臨時,平成23年５月臨時会（第１日目）,議長（金子万寿夫君）,議長,議長,金子万寿夫,三十三番　　大　園　清　信　君,null,null,null
305,鹿児島県,平成23年５月,1,23,5,11,臨時,平成23年５月臨時会（第１日目）,議長（金子万寿夫君）,議長,議長,金子万寿夫,三十四番　　永田けんたろう　君,null,null,null
306,鹿児島県,平成23年５月,1,23,5,11,臨時,平成23年５月臨時会（第１日目）,議長（金子万寿夫君）,議長,議長,金子万寿夫,三十五番　　前　原　　　尉　君,null,null,null
307,鹿児島県,平成23年５月,1,23,5,11,臨時,平成23年５月臨時会（第１日目）,議長（金子万寿夫君）,議長,議長,金子万寿夫,三十六番　　鶴　田　志　郎　君,null,null,null
308,鹿児島県,平成23年５月,1,23,5,11,臨時,平成23年５月臨時会（第１日目）,議長（金子万寿夫君）,議長,議長,金子万寿夫,三十七番　　日　高　　　滋　君,null,null,null
309,鹿児島県,平成23年５月,1,23,5,11,臨時,平成23年５月臨時会（第１日目）,議長（金子万寿夫君）,議長,議長,金子万寿夫,三十八番　　外　薗　勝　蔵　君,null,null,null
310,鹿児島県,平成23年５月,1,23,5,11,臨時,平成23年５月臨時会（第１日目）,議長（金子万寿夫君）,議長,議長,金子万寿夫,三十九番　　た　け　昭　一　君,null,null,null
311,鹿児島県,平成23年５月,1,23,5,11,臨時,平成23年５月臨時会（第１日目）,議長（金子万寿夫君）,議長,議長,金子万寿夫,四十　番　　小　幡　兼　興　君,null,null,null
312,鹿児島県,平成23年５月,1,23,5,11,臨時,平成23年５月臨時会（第１日目）,議長（金子万寿夫君）,議長,議長,金子万寿夫,四十一番　　松　里　保　廣　君,null,null,null
313,鹿児島県,平成23年５月,1,23,5,11,臨時,平成23年５月臨時会（第１日目）,議長（金子万寿夫君）,議長,議長,金子万寿夫,四十二番　　池　畑　憲　一　君,null,null,null
314,鹿児島県,平成23年５月,1,23,5,11,臨時,平成23年５月臨時会（第１日目）,議長（金子万寿夫君）,議長,議長,金子万寿夫,四十三番　　吉　野　正二郎　君,null,null,null
315,鹿児島県,平成23年５月,1,23,5,11,臨時,平成23年５月臨時会（第１日目）,議長（金子万寿夫君）,議長,議長,金子万寿夫,四十四番　　柴　立　鉄　彦　君,null,null,null
316,鹿児島県,平成23年５月,1,23,5,11,臨時,平成23年５月臨時会（第１日目）,議長（金子万寿夫君）,議長,議長,金子万寿夫,四十五番　　金　子　万寿夫　君,null,null,null
317,鹿児島県,平成23年５月,1,23,5,11,臨時,平成23年５月臨時会（第１日目）,議長（金子万寿夫君）,議長,議長,金子万寿夫,四十六番　　中　村　　　眞　君,null,null,null
318,鹿児島県,平成23年５月,1,23,5,11,臨時,平成23年５月臨時会（第１日目）,議長（金子万寿夫君）,議長,議長,金子万寿夫,四十七番　　山　田　国　治　君,null,null,null
319,鹿児島県,平成23年５月,1,23,5,11,臨時,平成23年５月臨時会（第１日目）,議長（金子万寿夫君）,議長,議長,金子万寿夫,四十八番　　おつじ　　　義　君,null,null,null
320,鹿児島県,平成23年５月,1,23,5,11,臨時,平成23年５月臨時会（第１日目）,議長（金子万寿夫君）,議長,議長,金子万寿夫,四十九番　　田之上　耕　三　君,null,null,null
321,鹿児島県,平成23年５月,1,23,5,11,臨時,平成23年５月臨時会（第１日目）,議長（金子万寿夫君）,議長,議長,金子万寿夫,五十　番　　上　野　新　作　君,null,null,null
322,鹿児島県,平成23年５月,1,23,5,11,臨時,平成23年５月臨時会（第１日目）,議長（金子万寿夫君）,議長,議長,金子万寿夫,五十一番　　二牟礼　正　博　君,null,null,null
323,鹿児島県,平成23年５月,1,23,5,11,臨時,平成23年５月臨時会（第１日目）,議長（金子万寿夫君）,議長,議長,金子万寿夫,投票漏れはありませんか。,null,null,null
324,鹿児島県,平成23年５月,1,23,5,11,臨時,平成23年５月臨時会（第１日目）,議長（金子万寿夫君）,議長,議長,金子万寿夫,［「なし」と呼ぶ者あり］,null,null,null
325,鹿児島県,平成23年５月,1,23,5,11,臨時,平成23年５月臨時会（第１日目）,議長（金子万寿夫君）,議長,議長,金子万寿夫,投票漏れなしと認め、投票を終了いたします。,null,null,null
326,鹿児島県,平成23年５月,1,23,5,11,臨時,平成23年５月臨時会（第１日目）,議長（金子万寿夫君）,議長,議長,金子万寿夫,開票を行います。,null,null,null
327,鹿児島県,平成23年５月,1,23,5,11,臨時,平成23年５月臨時会（第１日目）,議長（金子万寿夫君）,議長,議長,金子万寿夫,大久保博文君とふくし山ノブスケ君の立ち会いを願います。,null,null,null
328,鹿児島県,平成23年５月,1,23,5,11,臨時,平成23年５月臨時会（第１日目）,議長（金子万寿夫君）,議長,議長,金子万寿夫,［開票・点検］,null,null,null
329,鹿児島県,平成23年５月,1,23,5,11,臨時,平成23年５月臨時会（第１日目）,議長（金子万寿夫君）,議長,議長,金子万寿夫,選挙の結果を報告いたします。,null,null,null
330,鹿児島県,平成23年５月,1,23,5,11,臨時,平成23年５月臨時会（第１日目）,議長（金子万寿夫君）,議長,議長,金子万寿夫,投票総数五十一票,null,null,null
331,鹿児島県,平成23年５月,1,23,5,11,臨時,平成23年５月臨時会（第１日目）,議長（金子万寿夫君）,議長,議長,金子万寿夫,このうち,null,null,null
332,鹿児島県,平成23年５月,1,23,5,11,臨時,平成23年５月臨時会（第１日目）,議長（金子万寿夫君）,議長,議長,金子万寿夫,有効投票　五十一票,null,null,null
333,鹿児島県,平成23年５月,1,23,5,11,臨時,平成23年５月臨時会（第１日目）,議長（金子万寿夫君）,議長,議長,金子万寿夫,無効投票　　　零票,null,null,null
334,鹿児島県,平成23年５月,1,23,5,11,臨時,平成23年５月臨時会（第１日目）,議長（金子万寿夫君）,議長,議長,金子万寿夫,有効投票中,null,null,null
335,鹿児島県,平成23年５月,1,23,5,11,臨時,平成23年５月臨時会（第１日目）,議長（金子万寿夫君）,議長,議長,金子万寿夫,池畑　憲一君　四十一票,null,null,null
336,鹿児島県,平成23年５月,1,23,5,11,臨時,平成23年５月臨時会（第１日目）,議長（金子万寿夫君）,議長,議長,金子万寿夫,青木　　寛君　　　九票,null,null,null
337,鹿児島県,平成23年５月,1,23,5,11,臨時,平成23年５月臨時会（第１日目）,議長（金子万寿夫君）,議長,議長,金子万寿夫,まつざき真琴君　　一票,null,null,null
338,鹿児島県,平成23年５月,1,23,5,11,臨時,平成23年５月臨時会（第１日目）,議長（金子万寿夫君）,議長,議長,金子万寿夫,この選挙の法定得票数は十三票であります。,null,null,null
339,鹿児島県,平成23年５月,1,23,5,11,臨時,平成23年５月臨時会（第１日目）,議長（金子万寿夫君）,議長,議長,金子万寿夫,よって、池畑憲一君が副議長に当選されました。,null,null,null
340,鹿児島県,平成23年５月,1,23,5,11,臨時,平成23年５月臨時会（第１日目）,議長（金子万寿夫君）,議長,議長,金子万寿夫,議場の閉鎖を解きます。,null,null,null
341,鹿児島県,平成23年５月,1,23,5,11,臨時,平成23年５月臨時会（第１日目）,議長（金子万寿夫君）,議長,議長,金子万寿夫,［議場開鎖］,null,null,null
342,鹿児島県,平成23年５月,1,23,5,11,臨時,平成23年５月臨時会（第１日目）,議長（金子万寿夫君）,議長,議長,金子万寿夫,ただいま、副議長に当選されました池畑憲一君が議場におられますので、会議規則第三十三条第二項の規定によって、当選の告知をいたします。,null,null,null
343,鹿児島県,平成23年５月,1,23,5,11,臨時,平成23年５月臨時会（第１日目）,議長（金子万寿夫君）,議長,議長,金子万寿夫,─────────────,null,null,null
344,鹿児島県,平成23年５月,1,23,5,11,臨時,平成23年５月臨時会（第１日目）,議長（金子万寿夫君）,議長,議長,金子万寿夫,△　副議長あいさつ,null,null,null
345,鹿児島県,平成23年５月,1,23,5,11,臨時,平成23年５月臨時会（第１日目）,議長（金子万寿夫君）,議長,議長,金子万寿夫,池畑憲一君を紹介いたします。,null,null,null
346,鹿児島県,平成23年５月,1,23,5,11,臨時,平成23年５月臨時会（第１日目）,議長（金子万寿夫君）,議長,議長,金子万寿夫,あいさつをお願いいたします。,null,null,null
347,鹿児島県,平成23年５月,1,23,5,11,臨時,平成23年５月臨時会（第１日目）,議長（金子万寿夫君）,議長,議長,金子万寿夫,［池畑憲一君登壇］,null,null,null
348,鹿児島県,平成23年５月,1,23,5,11,臨時,平成23年５月臨時会（第１日目）,副議長（池畑憲一君）,議長,副議長,池畑憲一,ただいま皆様方の御推挙によりまして、歴史と伝統ある鹿児島県議会の副議長の職につかせていただくことになりました。,null,null,null
349,鹿児島県,平成23年５月,1,23,5,11,臨時,平成23年５月臨時会（第１日目）,副議長（池畑憲一君）,議長,副議長,池畑憲一,皆様方の御推挙に対しまして心から御礼を申し上げます。,null,null,null
350,鹿児島県,平成23年５月,1,23,5,11,臨時,平成23年５月臨時会（第１日目）,副議長（池畑憲一君）,議長,副議長,池畑憲一,今、大変光栄に思っているところでございますが、それと同時に、その責任の重さを大変痛感いたしておりますし、まことに身の引き締まる思いでいっぱいでございます。,null,null,null
351,鹿児島県,平成23年５月,1,23,5,11,臨時,平成23年５月臨時会（第１日目）,副議長（池畑憲一君）,議長,副議長,池畑憲一,県政を取り巻く環境は依然として厳しいものがございます。,null,null,null
352,鹿児島県,平成23年５月,1,23,5,11,臨時,平成23年５月臨時会（第１日目）,副議長（池畑憲一君）,議長,副議長,池畑憲一,財政再建を初めといたしまして、課題も山積いたしております。,null,null,null
353,鹿児島県,平成23年５月,1,23,5,11,臨時,平成23年５月臨時会（第１日目）,副議長（池畑憲一君）,議長,副議長,池畑憲一,そしてまた加えまして、地方分権改革による地方の自治権拡大によりまして、県議会が果たすべき役割、そしてその責務はますます増大いたしているところでございます。,null,null,null
354,鹿児島県,平成23年５月,1,23,5,11,臨時,平成23年５月臨時会（第１日目）,副議長（池畑憲一君）,議長,副議長,池畑憲一,このような中におきまして、私も、微力ではございますが、金子議長を補佐いたしまして、皆様方の御意見を賜りながら、円滑な議会運営を目指し、そしてまた県民の皆様方の期待にこたえられるような県議会を目指し、全力を傾注してまいる決意でございますので、どうぞ皆様方の今後一層の御指導、御鞭撻を賜りますよう心からお願いを申し上げます。,null,null,null
355,鹿児島県,平成23年５月,1,23,5,11,臨時,平成23年５月臨時会（第１日目）,副議長（池畑憲一君）,議長,副議長,池畑憲一,まことに簡単ではございますが、以上をもちまして副議長就任のごあいさつとさせていただきます。,null,null,null
356,鹿児島県,平成23年５月,1,23,5,11,臨時,平成23年５月臨時会（第１日目）,副議長（池畑憲一君）,議長,副議長,池畑憲一,本日はまことにありがとうございました。,null,null,null
357,鹿児島県,平成23年５月,1,23,5,11,臨時,平成23年５月臨時会（第１日目）,副議長（池畑憲一君）,議長,副議長,池畑憲一,（拍手）,null,null,null
358,鹿児島県,平成23年５月,1,23,5,11,臨時,平成23年５月臨時会（第１日目）,副議長（池畑憲一君）,議長,副議長,池畑憲一,─────────────,null,null,null
359,鹿児島県,平成23年５月,1,23,5,11,臨時,平成23年５月臨時会（第１日目）,副議長（池畑憲一君）,議長,副議長,池畑憲一,△　知事あいさつ,null,null,null
360,鹿児島県,平成23年５月,1,23,5,11,臨時,平成23年５月臨時会（第１日目）,議長（金子万寿夫君）,議長,議長,金子万寿夫,ここで、伊藤知事から発言を求められておりますので、これを許可いたします。,null,null,null
361,鹿児島県,平成23年５月,1,23,5,11,臨時,平成23年５月臨時会（第１日目）,議長（金子万寿夫君）,議長,議長,金子万寿夫,［知事伊藤祐一郎君登壇］,null,null,null
362,鹿児島県,平成23年５月,1,23,5,11,臨時,平成23年５月臨時会（第１日目）,知事（伊藤祐一郎君）,知事,知事,伊藤祐一郎,去る四月十日の選挙におきまして、めでたく当選をなさいました議員の皆様方に心からお喜びを申し上げます。,null,null,null
363,鹿児島県,平成23年５月,1,23,5,11,臨時,平成23年５月臨時会（第１日目）,知事（伊藤祐一郎君）,知事,知事,伊藤祐一郎,また、先ほどの選挙により選任されました金子議長並びに池畑副議長のお二方に対しまして、心からお祝いを申し上げます。,null,null,null
364,鹿児島県,平成23年５月,1,23,5,11,臨時,平成23年５月臨時会（第１日目）,知事（伊藤祐一郎君）,知事,知事,伊藤祐一郎,さて、我が国は、グローバル化の急速な進展や人口減少など大きな変革期を迎え、これまでの社会を支えていたさまざまなシステムが見直しを求められております。,null,null,null
365,鹿児島県,平成23年５月,1,23,5,11,臨時,平成23年５月臨時会（第１日目）,知事（伊藤祐一郎君）,知事,知事,伊藤祐一郎,また、三月に発生しました東日本大震災につきましては、日本全体で一日も早い復旧・復興に向け、対処していく必要があります。,null,null,null
366,鹿児島県,平成23年５月,1,23,5,11,臨時,平成23年５月臨時会（第１日目）,知事（伊藤祐一郎君）,知事,知事,伊藤祐一郎,雇用や経済情勢を初め、本県を取り巻く環境も大変厳しいものがありますが、私は今こそ、子どもからお年寄りまですべての県民にとって優しく温もりのある社会の構築に向け、すべての力を結集していく必要があると考えているところであります。,null,null,null
367,鹿児島県,平成23年５月,1,23,5,11,臨時,平成23年５月臨時会（第１日目）,知事（伊藤祐一郎君）,知事,知事,伊藤祐一郎,このような観点から、引き続き、かごしま将来ビジョンやマニフェストに基づきまして、「持続可能性への挑戦」、「産業おこしへの挑戦」、「鹿児島おこしへの挑戦」の三つの挑戦に取り組みますとともに、二十一世紀の人類の共通の課題であります環境、食料、医療・福祉に重点を置きつつ、「力みなぎる・かごしま」、「日本一のくらし先進県」の実現に向け、全力を挙げて取り組んでまいります。,null,null,null
368,鹿児島県,平成23年５月,1,23,5,11,臨時,平成23年５月臨時会（第１日目）,知事（伊藤祐一郎君）,知事,知事,伊藤祐一郎,今後とも、県議会の皆様方の御指導、御支援を賜りますよう心からお願いを申し上げまして、私のあいさつとさせていただきます。,null,null,null
369,鹿児島県,平成23年５月,1,23,5,11,臨時,平成23年５月臨時会（第１日目）,知事（伊藤祐一郎君）,知事,知事,伊藤祐一郎,─────────────,null,null,null
370,鹿児島県,平成23年５月,1,23,5,11,臨時,平成23年５月臨時会（第１日目）,知事（伊藤祐一郎君）,知事,知事,伊藤祐一郎,△　諸般の報告,null,null,null
371,鹿児島県,平成23年５月,1,23,5,11,臨時,平成23年５月臨時会（第１日目）,議長（金子万寿夫君）,議長,議長,金子万寿夫,次に、諸般の報告であります。,null,null,null
372,鹿児島県,平成23年５月,1,23,5,11,臨時,平成23年５月臨時会（第１日目）,議長（金子万寿夫君）,議長,議長,金子万寿夫,知事から、地方自治法第百八十条第一項の規定による専決処分に関し、専決処分報告書をもって報告がなされました。,null,null,null
373,鹿児島県,平成23年５月,1,23,5,11,臨時,平成23年５月臨時会（第１日目）,議長（金子万寿夫君）,議長,議長,金子万寿夫,この内容につきましては、配付いたしておりますとおりであります。,null,null,null
374,鹿児島県,平成23年５月,1,23,5,11,臨時,平成23年５月臨時会（第１日目）,議長（金子万寿夫君）,議長,議長,金子万寿夫,以上で、報告を終わります。,null,null,null
375,鹿児島県,平成23年５月,1,23,5,11,臨時,平成23年５月臨時会（第１日目）,議長（金子万寿夫君）,議長,議長,金子万寿夫,─────────────,null,null,null
376,鹿児島県,平成23年５月,1,23,5,11,臨時,平成23年５月臨時会（第１日目）,議長（金子万寿夫君）,議長,議長,金子万寿夫,△　議案議第三号上程,null,null,null
377,鹿児島県,平成23年５月,1,23,5,11,臨時,平成23年５月臨時会（第１日目）,議長（金子万寿夫君）,議長,議長,金子万寿夫,次に、議案議第三号「鹿児島県議会委員会条例の一部を改正する条例制定の件」が提出されておりますので、これを議題といたします。,null,null,null
378,鹿児島県,平成23年５月,1,23,5,11,臨時,平成23年５月臨時会（第１日目）,議長（金子万寿夫君）,議長,議長,金子万寿夫,朗読を省略いたします。,null,null,null
379,鹿児島県,平成23年５月,1,23,5,11,臨時,平成23年５月臨時会（第１日目）,議長（金子万寿夫君）,議長,議長,金子万寿夫,━━━━━━━━━━━━━,null,null,null
380,鹿児島県,平成23年５月,1,23,5,11,臨時,平成23年５月臨時会（第１日目）,議長（金子万寿夫君）,議長,議長,金子万寿夫,議案議第三号　鹿児島県議会委員会条例の一部を改正,null,null,null
381,鹿児島県,平成23年５月,1,23,5,11,臨時,平成23年５月臨時会（第１日目）,議長（金子万寿夫君）,議長,議長,金子万寿夫,する条例制定の件,null,null,null
382,鹿児島県,平成23年５月,1,23,5,11,臨時,平成23年５月臨時会（第１日目）,議長（金子万寿夫君）,議長,議長,金子万寿夫,━━━━━━━━━━━━━,null,null,null
383,鹿児島県,平成23年５月,1,23,5,11,臨時,平成23年５月臨時会（第１日目）,議長（金子万寿夫君）,議長,議長,金子万寿夫,お諮りいたします。,null,null,null
384,鹿児島県,平成23年５月,1,23,5,11,臨時,平成23年５月臨時会（第１日目）,議長（金子万寿夫君）,議長,議長,金子万寿夫,この議案は、会議規則第三十九条第三項の規定によって、提案理由の説明及び委員会付託を省略し、直ちに本会議で審議いたしたいと思いますが、御異議ありませんか。,null,null,null
385,鹿児島県,平成23年５月,1,23,5,11,臨時,平成23年５月臨時会（第１日目）,議長（金子万寿夫君）,議長,議長,金子万寿夫,［「異議なし」と呼ぶ者あり］,null,null,null
386,鹿児島県,平成23年５月,1,23,5,11,臨時,平成23年５月臨時会（第１日目）,議長（金子万寿夫君）,議長,議長,金子万寿夫,御異議なしと認めます。,null,null,null
387,鹿児島県,平成23年５月,1,23,5,11,臨時,平成23年５月臨時会（第１日目）,議長（金子万寿夫君）,議長,議長,金子万寿夫,よって、そのように決定いたしました。,null,null,null
388,鹿児島県,平成23年５月,1,23,5,11,臨時,平成23年５月臨時会（第１日目）,議長（金子万寿夫君）,議長,議長,金子万寿夫,御質疑はありませんか。,null,null,null
389,鹿児島県,平成23年５月,1,23,5,11,臨時,平成23年５月臨時会（第１日目）,議長（金子万寿夫君）,議長,議長,金子万寿夫,［「なし」と呼ぶ者あり］,null,null,null
390,鹿児島県,平成23年５月,1,23,5,11,臨時,平成23年５月臨時会（第１日目）,議長（金子万寿夫君）,議長,議長,金子万寿夫,御質疑はありませんので、質疑は終結いたします。,null,null,null
391,鹿児島県,平成23年５月,1,23,5,11,臨時,平成23年５月臨時会（第１日目）,議長（金子万寿夫君）,議長,議長,金子万寿夫,討論の通告はありませんので、これより議案議第三号を採決いたします。,null,null,null
392,鹿児島県,平成23年５月,1,23,5,11,臨時,平成23年５月臨時会（第１日目）,議長（金子万寿夫君）,議長,議長,金子万寿夫,─────────────,null,null,null
393,鹿児島県,平成23年５月,1,23,5,11,臨時,平成23年５月臨時会（第１日目）,議長（金子万寿夫君）,議長,議長,金子万寿夫,△　議案議第三号可決,null,null,null
394,鹿児島県,平成23年５月,1,23,5,11,臨時,平成23年５月臨時会（第１日目）,議長（金子万寿夫君）,議長,議長,金子万寿夫,お諮りいたします。,null,null,null
395,鹿児島県,平成23年５月,1,23,5,11,臨時,平成23年５月臨時会（第１日目）,議長（金子万寿夫君）,議長,議長,金子万寿夫,この議案は、原案のとおり決することに御異議ありませんか。,null,null,null
396,鹿児島県,平成23年５月,1,23,5,11,臨時,平成23年５月臨時会（第１日目）,議長（金子万寿夫君）,議長,議長,金子万寿夫,［「異議なし」と呼ぶ者あり］,null,null,null
397,鹿児島県,平成23年５月,1,23,5,11,臨時,平成23年５月臨時会（第１日目）,議長（金子万寿夫君）,議長,議長,金子万寿夫,御異議なしと認めます。,null,null,null
398,鹿児島県,平成23年５月,1,23,5,11,臨時,平成23年５月臨時会（第１日目）,議長（金子万寿夫君）,議長,議長,金子万寿夫,よって、議案議第三号は原案のとおり可決いたしました。,null,null,null
399,鹿児島県,平成23年５月,1,23,5,11,臨時,平成23年５月臨時会（第１日目）,議長（金子万寿夫君）,議長,議長,金子万寿夫,─────────────,null,null,null
400,鹿児島県,平成23年５月,1,23,5,11,臨時,平成23年５月臨時会（第１日目）,議長（金子万寿夫君）,議長,議長,金子万寿夫,△　報告第二号上程,null,null,null
401,鹿児島県,平成23年５月,1,23,5,11,臨時,平成23年５月臨時会（第１日目）,議長（金子万寿夫君）,議長,議長,金子万寿夫,次に、報告第二号「専決処分報告の件」を議題といたします。,null,null,null
402,鹿児島県,平成23年５月,1,23,5,11,臨時,平成23年５月臨時会（第１日目）,議長（金子万寿夫君）,議長,議長,金子万寿夫,━━━━━━━━━━━━━,null,null,null
403,鹿児島県,平成23年５月,1,23,5,11,臨時,平成23年５月臨時会（第１日目）,議長（金子万寿夫君）,議長,議長,金子万寿夫,報告第二号　専決処分報告の件,null,null,null
404,鹿児島県,平成23年５月,1,23,5,11,臨時,平成23年５月臨時会（第１日目）,議長（金子万寿夫君）,議長,議長,金子万寿夫,専第二号　　平成二十二年度鹿児島県一般会計予算補,null,null,null
405,鹿児島県,平成23年５月,1,23,5,11,臨時,平成23年５月臨時会（第１日目）,議長（金子万寿夫君）,議長,議長,金子万寿夫,正の件,null,null,null
406,鹿児島県,平成23年５月,1,23,5,11,臨時,平成23年５月臨時会（第１日目）,議長（金子万寿夫君）,議長,議長,金子万寿夫,━━━━━━━━━━━━━,null,null,null
407,鹿児島県,平成23年５月,1,23,5,11,臨時,平成23年５月臨時会（第１日目）,議長（金子万寿夫君）,議長,議長,金子万寿夫,△　知事の提案理由説明,null,null,null
408,鹿児島県,平成23年５月,1,23,5,11,臨時,平成23年５月臨時会（第１日目）,議長（金子万寿夫君）,議長,議長,金子万寿夫,知事に提案理由の説明を求めます。,null,null,null
409,鹿児島県,平成23年５月,1,23,5,11,臨時,平成23年５月臨時会（第１日目）,議長（金子万寿夫君）,議長,議長,金子万寿夫,［知事伊藤祐一郎君登壇］,null,null,null
410,鹿児島県,平成23年５月,1,23,5,11,臨時,平成23年５月臨時会（第１日目）,知事（伊藤祐一郎君）,知事,知事,伊藤祐一郎,今回御承認をお願いいたしております報告案件につきまして、御説明申し上げます。,null,null,null
411,鹿児島県,平成23年５月,1,23,5,11,臨時,平成23年５月臨時会（第１日目）,知事（伊藤祐一郎君）,知事,知事,伊藤祐一郎,報告第二号中、専第二号は、地方譲与税、地方交付税及び県債の額の確定等に伴い早急に予算措置を行う必要がありましたので、専決処分をしたものでございます。,null,null,null
412,鹿児島県,平成23年５月,1,23,5,11,臨時,平成23年５月臨時会（第１日目）,知事（伊藤祐一郎君）,知事,知事,伊藤祐一郎,何とぞよろしく御審議の上、御承認くださいますようお願い申し上げます。,null,null,null
413,鹿児島県,平成23年５月,1,23,5,11,臨時,平成23年５月臨時会（第１日目）,議長（金子万寿夫君）,議長,議長,金子万寿夫,御質疑はありませんか。,null,null,null
414,鹿児島県,平成23年５月,1,23,5,11,臨時,平成23年５月臨時会（第１日目）,議長（金子万寿夫君）,議長,議長,金子万寿夫,［まつざき真琴君登壇］,null,null,null
415,鹿児島県,平成23年５月,1,23,5,11,臨時,平成23年５月臨時会（第１日目）,まつざき真琴君,4600010000017,（議員）,まつざき真琴,私は、日本共産党県議団として、ただいま提案されました専第二号「平成二十二年度鹿児島県一般会計予算補正の件」について、質疑を行います。,null,null,null
416,鹿児島県,平成23年５月,1,23,5,11,臨時,平成23年５月臨時会（第１日目）,まつざき真琴君,4600010000017,（議員）,まつざき真琴,これは、地方消費税や地方譲与税、地方交付税、交通安全対策特別交付金などの確定に伴い生じた十八億二千六百四十九万二千円の増収分について、十八億二千六百十四万円、基金の取り崩しを減らし、新たに県債を二十九億八千六百六十四万八千円発行し、総務管理費として県有施設整備積立基金に二十九億八千七百万円を積み立てるというものです。,null,null,null
417,鹿児島県,平成23年５月,1,23,5,11,臨時,平成23年５月臨時会（第１日目）,まつざき真琴君,4600010000017,（議員）,まつざき真琴,平成十七年度から取り組まれてきた県政刷新大綱においては、公債管理の基本方針として、今後新規に発行する県債を抑制することにより、県債残高とともに公債費が増加しないように管理する方向で取り組むとされています。,null,null,null
418,鹿児島県,平成23年５月,1,23,5,11,臨時,平成23年５月臨時会（第１日目）,まつざき真琴君,4600010000017,（議員）,まつざき真琴,この間の県財政の厳しい状況を招いている大きな要因の一つが、過去に積み重ねた県債の償還である公債費の増大であります。,null,null,null
419,鹿児島県,平成23年５月,1,23,5,11,臨時,平成23年５月臨時会（第１日目）,まつざき真琴君,4600010000017,（議員）,まつざき真琴,今回の補正の起債について、後に交付税措置のある有利な起債と説明されますが、一〇〇％交付税で返ってくるものではないはずです。,null,null,null
420,鹿児島県,平成23年５月,1,23,5,11,臨時,平成23年５月臨時会（第１日目）,まつざき真琴君,4600010000017,（議員）,まつざき真琴,当然、金利も生じます。,null,null,null
421,鹿児島県,平成23年５月,1,23,5,11,臨時,平成23年５月臨時会（第１日目）,まつざき真琴君,4600010000017,（議員）,まつざき真琴,二十三年度当初予算において収支不足額がゼロとなり、県債残高も臨時財政対策債を除き四百六十八億円の減少、総額でも十三億円の減となったとされています。,null,null,null
422,鹿児島県,平成23年５月,1,23,5,11,臨時,平成23年５月臨時会（第１日目）,まつざき真琴君,4600010000017,（議員）,まつざき真琴,今回増収となった十八億余万円を、その分だけを県有施設整備積立基金に積み立てれば、県債の発行は必要ないはずです。,null,null,null
423,鹿児島県,平成23年５月,1,23,5,11,臨時,平成23年５月臨時会（第１日目）,まつざき真琴君,4600010000017,（議員）,まつざき真琴,どうしても県有施設整備積立基金に二十九億円が必要だとすれば、十八億円からの不足分だけを新たな県債発行で賄い、極力新規の県債発行額を抑制することも可能であると思われます。,null,null,null
424,鹿児島県,平成23年５月,1,23,5,11,臨時,平成23年５月臨時会（第１日目）,まつざき真琴君,4600010000017,（議員）,まつざき真琴,どうして新たに二十九億円の県債発行が必要なのでしょうか。,null,null,null
425,鹿児島県,平成23年５月,1,23,5,11,臨時,平成23年５月臨時会（第１日目）,まつざき真琴君,4600010000017,（議員）,まつざき真琴,そこでお尋ねいたします。,null,null,null
426,鹿児島県,平成23年５月,1,23,5,11,臨時,平成23年５月臨時会（第１日目）,まつざき真琴君,4600010000017,（議員）,まつざき真琴,第一に、今回の補正について、県政刷新大綱の県債についての方針との整合性も含めて、理由をお聞かせください。,null,null,null
427,鹿児島県,平成23年５月,1,23,5,11,臨時,平成23年５月臨時会（第１日目）,まつざき真琴君,4600010000017,（議員）,まつざき真琴,第二に、今回の補正により県債残高は幾らになるのか。,null,null,null
428,鹿児島県,平成23年５月,1,23,5,11,臨時,平成23年５月臨時会（第１日目）,まつざき真琴君,4600010000017,（議員）,まつざき真琴,また、それに占める交付税措置率は何％になるものか。,null,null,null
429,鹿児島県,平成23年５月,1,23,5,11,臨時,平成23年５月臨時会（第１日目）,まつざき真琴君,4600010000017,（議員）,まつざき真琴,また、生じる金利の負担も含めて、有利な起債と言えるのか。,null,null,null
430,鹿児島県,平成23年５月,1,23,5,11,臨時,平成23年５月臨時会（第１日目）,まつざき真琴君,4600010000017,（議員）,まつざき真琴,以上、答弁願います。,null,null,null
431,鹿児島県,平成23年５月,1,23,5,11,臨時,平成23年５月臨時会（第１日目）,まつざき真琴君,4600010000017,（議員）,まつざき真琴,以上で質疑といたします。,null,null,null
432,鹿児島県,平成23年５月,1,23,5,11,臨時,平成23年５月臨時会（第１日目）,総務部長（三橋一彦君）,その他,総務部長,三橋一彦,専決処分の補正理由等についてのお尋ねがございました。,null,null,null
433,鹿児島県,平成23年５月,1,23,5,11,臨時,平成23年５月臨時会（第１日目）,総務部長（三橋一彦君）,その他,総務部長,三橋一彦,今回の専決処分につきましては、地方譲与税や地方交付税の最終確定に伴う歳入増や事業費の確定及び有利な県債を確保できたことに伴う県債の調整等を整理しつつ、今後の財政需要に対応するための基金を確保することとして予算措置を行ったものでございます。,null,null,null
434,鹿児島県,平成23年５月,1,23,5,11,臨時,平成23年５月臨時会（第１日目）,総務部長（三橋一彦君）,その他,総務部長,三橋一彦,このうち、県債の増につきましては、事業費の増に伴うものではなく、あくまで既定の事業の財源更正によるものでありまして、また、今回の補正により、平成二十二年度末の財政調整活用可能な基金残高につきまして、四十八億円増の二百十三億円を発行いたしますとともに、後ほど述べますように、本県独自発行ベースの県債残高について着実に減少傾向を維持しておりまして、持続可能な財政構造の構築を図るとする県政刷新大綱の基本的な考え方を踏まえているものであります。,null,null,null
435,鹿児島県,平成23年５月,1,23,5,11,臨時,平成23年５月臨時会（第１日目）,総務部長（三橋一彦君）,その他,総務部長,三橋一彦,専決処分後の県債残高、交付税措置等についてのお尋ねがございました。,null,null,null
436,鹿児島県,平成23年５月,1,23,5,11,臨時,平成23年５月臨時会（第１日目）,総務部長（三橋一彦君）,その他,総務部長,三橋一彦,専決処分後の平成二十二年度末の県債残高につきましては、一兆六千五百二十九億円となる見込みでございますが、地方交付税の振りかえであります臨時財政対策債等を除いた本県独自に発行する県債の残高ベースでは、平成二十一年度末の一兆三千九百四十九億円から三百四十億円減の一兆三千六百九億円となる見込みでございまして、県政刷新大綱の基本的なフレームに沿った取り組みにより着実に減少しているところでございます。,null,null,null
437,鹿児島県,平成23年５月,1,23,5,11,臨時,平成23年５月臨時会（第１日目）,総務部長（三橋一彦君）,その他,総務部長,三橋一彦,また、今回増額した県債につきましては、その金利も含め、償還金の二分の一が交付税措置されるものでございまして、これを含めまして、平成二十二年度末の県債残高に対する交付税措置の割合は、五二・二％の見込みでございます。,null,null,null
438,鹿児島県,平成23年５月,1,23,5,11,臨時,平成23年５月臨時会（第１日目）,議長（金子万寿夫君）,議長,議長,金子万寿夫,以上で、質疑は終結いたします。,null,null,null
439,鹿児島県,平成23年５月,1,23,5,11,臨時,平成23年５月臨時会（第１日目）,議長（金子万寿夫君）,議長,議長,金子万寿夫,これで、本日の日程は終了いたしました。,null,null,null
440,鹿児島県,平成23年５月,1,23,5,11,臨時,平成23年５月臨時会（第１日目）,議長（金子万寿夫君）,議長,議長,金子万寿夫,─────────────,null,null,null
441,鹿児島県,平成23年５月,1,23,5,11,臨時,平成23年５月臨時会（第１日目）,議長（金子万寿夫君）,議長,議長,金子万寿夫,△　日程報告,null,null,null
442,鹿児島県,平成23年５月,1,23,5,11,臨時,平成23年５月臨時会（第１日目）,議長（金子万寿夫君）,議長,議長,金子万寿夫,明五月十二日は、議案等調査のため休会いたします。,null,null,null
443,鹿児島県,平成23年５月,1,23,5,11,臨時,平成23年５月臨時会（第１日目）,議長（金子万寿夫君）,議長,議長,金子万寿夫,五月十三日は、午前十時から本会議を開きます。,null,null,null
444,鹿児島県,平成23年５月,1,23,5,11,臨時,平成23年５月臨時会（第１日目）,議長（金子万寿夫君）,議長,議長,金子万寿夫,日程は、常任委員及び議会運営委員の選任、報告第二号の委員会付託、委員長報告、質疑、討論、表決などであります。,null,null,null
445,鹿児島県,平成23年５月,1,23,5,11,臨時,平成23年５月臨時会（第１日目）,議長（金子万寿夫君）,議長,議長,金子万寿夫,─────────────,null,null,null
446,鹿児島県,平成23年５月,1,23,5,11,臨時,平成23年５月臨時会（第１日目）,議長（金子万寿夫君）,議長,議長,金子万寿夫,△　散　　会,null,null,null
447,鹿児島県,平成23年５月,1,23,5,11,臨時,平成23年５月臨時会（第１日目）,議長（金子万寿夫君）,議長,議長,金子万寿夫,本日は、これで散会いたします。,null,null,null
448,鹿児島県,平成23年５月,1,23,5,11,臨時,平成23年５月臨時会（第１日目）,議長（金子万寿夫君）,議長,議長,金子万寿夫,午前十時五十一分散会,null,null,null
