270311_1,北海道,平成27年第１回,6,27,3,11,定例,平成27年第１回定例会03月11日-06号,,,,,平成27年第１回定例会,NULL,NULL,NULL
270311_2,北海道,平成27年第１回,6,27,3,11,定例,平成27年第１回定例会03月11日-06号,,,,,平成,NULL,NULL,NULL
270311_3,北海道,平成27年第１回,6,27,3,11,定例,平成27年第１回定例会03月11日-06号,,,,,第１回北海道議会定例会会議録,NULL,NULL,NULL
270311_4,北海道,平成27年第１回,6,27,3,11,定例,平成27年第１回定例会03月11日-06号,,,,,27年　　　　　　　　　　　　　　　　　　　　　　第６号,NULL,NULL,NULL
270311_5,北海道,平成27年第１回,6,27,3,11,定例,平成27年第１回定例会03月11日-06号,,,,,─────────────────────────────────,NULL,NULL,NULL
270311_6,北海道,平成27年第１回,6,27,3,11,定例,平成27年第１回定例会03月11日-06号,,,,,平成27年３月11日（水曜日）,NULL,NULL,NULL
270311_7,北海道,平成27年第１回,6,27,3,11,定例,平成27年第１回定例会03月11日-06号,,,,,─────────────────────────────────,NULL,NULL,NULL
270311_8,北海道,平成27年第１回,6,27,3,11,定例,平成27年第１回定例会03月11日-06号,,,,,議事日程　第６号,NULL,NULL,NULL
270311_9,北海道,平成27年第１回,6,27,3,11,定例,平成27年第１回定例会03月11日-06号,,,,,３月11日午後１時開議,NULL,NULL,NULL
270311_10,北海道,平成27年第１回,6,27,3,11,定例,平成27年第１回定例会03月11日-06号,,,,,日程第１、議案第１号ないし第59号、第61号ないし第75号及び諮問第１号,NULL,NULL,NULL
270311_11,北海道,平成27年第１回,6,27,3,11,定例,平成27年第１回定例会03月11日-06号,,,,,日程第２、議案第76号及び第77号,NULL,NULL,NULL
270311_12,北海道,平成27年第１回,6,27,3,11,定例,平成27年第１回定例会03月11日-06号,,,,,日程第３、会議案第１号及び第２号,NULL,NULL,NULL
270311_13,北海道,平成27年第１回,6,27,3,11,定例,平成27年第１回定例会03月11日-06号,,,,,日程第４、決議案第１号,NULL,NULL,NULL
270311_14,北海道,平成27年第１回,6,27,3,11,定例,平成27年第１回定例会03月11日-06号,,,,,日程第５、意見案第１号,NULL,NULL,NULL
270311_15,北海道,平成27年第１回,6,27,3,11,定例,平成27年第１回定例会03月11日-06号,,,,,日程第６、請願第19号,NULL,NULL,NULL
270311_16,北海道,平成27年第１回,6,27,3,11,定例,平成27年第１回定例会03月11日-06号,,,,,─────────────────────────────────,NULL,NULL,NULL
270311_17,北海道,平成27年第１回,6,27,3,11,定例,平成27年第１回定例会03月11日-06号,,,,,●本日の会議に付した案件,NULL,NULL,NULL
270311_18,北海道,平成27年第１回,6,27,3,11,定例,平成27年第１回定例会03月11日-06号,,,,,１．日程第１から日程第６,NULL,NULL,NULL
270311_19,北海道,平成27年第１回,6,27,3,11,定例,平成27年第１回定例会03月11日-06号,,,,,１．閉会中事務継続調査の件,NULL,NULL,NULL
270311_20,北海道,平成27年第１回,6,27,3,11,定例,平成27年第１回定例会03月11日-06号,,,,,─────────────────────────────────,NULL,NULL,NULL
270311_21,北海道,平成27年第１回,6,27,3,11,定例,平成27年第１回定例会03月11日-06号,,,,,出席議員（95人）,NULL,NULL,NULL
270311_22,北海道,平成27年第１回,6,27,3,11,定例,平成27年第１回定例会03月11日-06号,,,,,議長　　　104番　　加藤礼一君,NULL,NULL,NULL
270311_23,北海道,平成27年第１回,6,27,3,11,定例,平成27年第１回定例会03月11日-06号,,,,,副議長 　　72番　　木村峰行君,NULL,NULL,NULL
270311_24,北海道,平成27年第１回,6,27,3,11,定例,平成27年第１回定例会03月11日-06号,,,,,１番　　川畑　悟君,NULL,NULL,NULL
270311_25,北海道,平成27年第１回,6,27,3,11,定例,平成27年第１回定例会03月11日-06号,,,,,２番　　鳥越良孝君,NULL,NULL,NULL
270311_26,北海道,平成27年第１回,6,27,3,11,定例,平成27年第１回定例会03月11日-06号,,,,,３番　　荒当聖吾君,NULL,NULL,NULL
270311_27,北海道,平成27年第１回,6,27,3,11,定例,平成27年第１回定例会03月11日-06号,,,,,４番　　赤根広介君,NULL,NULL,NULL
270311_28,北海道,平成27年第１回,6,27,3,11,定例,平成27年第１回定例会03月11日-06号,,,,,５番　　沖田清志君,NULL,NULL,NULL
270311_29,北海道,平成27年第１回,6,27,3,11,定例,平成27年第１回定例会03月11日-06号,,,,,６番　　笹田　浩君,NULL,NULL,NULL
270311_30,北海道,平成27年第１回,6,27,3,11,定例,平成27年第１回定例会03月11日-06号,,,,,７番　　松山丈史君,NULL,NULL,NULL
270311_31,北海道,平成27年第１回,6,27,3,11,定例,平成27年第１回定例会03月11日-06号,,,,,８番　　梅尾要一君,NULL,NULL,NULL
270311_32,北海道,平成27年第１回,6,27,3,11,定例,平成27年第１回定例会03月11日-06号,,,,,９番　　笠井龍司君,NULL,NULL,NULL
270311_33,北海道,平成27年第１回,6,27,3,11,定例,平成27年第１回定例会03月11日-06号,,,,,10番　　佐藤禎洋君,NULL,NULL,NULL
270311_34,北海道,平成27年第１回,6,27,3,11,定例,平成27年第１回定例会03月11日-06号,,,,,11番　　中野秀敏君,NULL,NULL,NULL
270311_35,北海道,平成27年第１回,6,27,3,11,定例,平成27年第１回定例会03月11日-06号,,,,,12番　　野原　薫君,NULL,NULL,NULL
270311_36,北海道,平成27年第１回,6,27,3,11,定例,平成27年第１回定例会03月11日-06号,,,,,13番　　花崎　勝君,NULL,NULL,NULL
270311_37,北海道,平成27年第１回,6,27,3,11,定例,平成27年第１回定例会03月11日-06号,,,,,14番　　三好　雅君,NULL,NULL,NULL
270311_38,北海道,平成27年第１回,6,27,3,11,定例,平成27年第１回定例会03月11日-06号,,,,,15番　　村木　中君,NULL,NULL,NULL
270311_39,北海道,平成27年第１回,6,27,3,11,定例,平成27年第１回定例会03月11日-06号,,,,,16番　　吉川隆雅君,NULL,NULL,NULL
270311_40,北海道,平成27年第１回,6,27,3,11,定例,平成27年第１回定例会03月11日-06号,,,,,17番　　吉田祐樹君,NULL,NULL,NULL
270311_41,北海道,平成27年第１回,6,27,3,11,定例,平成27年第１回定例会03月11日-06号,,,,,18番　　北原秀一郎君,NULL,NULL,NULL
270311_42,北海道,平成27年第１回,6,27,3,11,定例,平成27年第１回定例会03月11日-06号,,,,,19番　　佐々木俊雄君,NULL,NULL,NULL
270311_43,北海道,平成27年第１回,6,27,3,11,定例,平成27年第１回定例会03月11日-06号,,,,,20番　　田中芳憲君,NULL,NULL,NULL
270311_44,北海道,平成27年第１回,6,27,3,11,定例,平成27年第１回定例会03月11日-06号,,,,,21番　　向井昭彦君,NULL,NULL,NULL
270311_45,北海道,平成27年第１回,6,27,3,11,定例,平成27年第１回定例会03月11日-06号,,,,,22番　　市橋修治君,NULL,NULL,NULL
270311_46,北海道,平成27年第１回,6,27,3,11,定例,平成27年第１回定例会03月11日-06号,,,,,23番　　稲村久男君,NULL,NULL,NULL
270311_47,北海道,平成27年第１回,6,27,3,11,定例,平成27年第１回定例会03月11日-06号,,,,,24番　　梶谷大志君,NULL,NULL,NULL
270311_48,北海道,平成27年第１回,6,27,3,11,定例,平成27年第１回定例会03月11日-06号,,,,,25番　　北口雄幸君,NULL,NULL,NULL
270311_49,北海道,平成27年第１回,6,27,3,11,定例,平成27年第１回定例会03月11日-06号,,,,,26番　　小林郁子君,NULL,NULL,NULL
270311_50,北海道,平成27年第１回,6,27,3,11,定例,平成27年第１回定例会03月11日-06号,,,,,27番　　安藤邦夫君,NULL,NULL,NULL
270311_51,北海道,平成27年第１回,6,27,3,11,定例,平成27年第１回定例会03月11日-06号,,,,,28番　　志賀谷　隆君,NULL,NULL,NULL
270311_52,北海道,平成27年第１回,6,27,3,11,定例,平成27年第１回定例会03月11日-06号,,,,,29番　　山崎　泉君,NULL,NULL,NULL
270311_53,北海道,平成27年第１回,6,27,3,11,定例,平成27年第１回定例会03月11日-06号,,,,,30番　　真下紀子君,NULL,NULL,NULL
270311_54,北海道,平成27年第１回,6,27,3,11,定例,平成27年第１回定例会03月11日-06号,,,,,32番　　吉井　透君,NULL,NULL,NULL
270311_55,北海道,平成27年第１回,6,27,3,11,定例,平成27年第１回定例会03月11日-06号,,,,,33番　　包國嘉介君,NULL,NULL,NULL
270311_56,北海道,平成27年第１回,6,27,3,11,定例,平成27年第１回定例会03月11日-06号,,,,,34番　　佐藤伸弥君,NULL,NULL,NULL
270311_57,北海道,平成27年第１回,6,27,3,11,定例,平成27年第１回定例会03月11日-06号,,,,,35番　　中山智康君,NULL,NULL,NULL
270311_58,北海道,平成27年第１回,6,27,3,11,定例,平成27年第１回定例会03月11日-06号,,,,,36番　　橋本豊行君,NULL,NULL,NULL
270311_59,北海道,平成27年第１回,6,27,3,11,定例,平成27年第１回定例会03月11日-06号,,,,,37番　　広田まゆみ君,NULL,NULL,NULL
270311_60,北海道,平成27年第１回,6,27,3,11,定例,平成27年第１回定例会03月11日-06号,,,,,38番　　道下大樹君,NULL,NULL,NULL
270311_61,北海道,平成27年第１回,6,27,3,11,定例,平成27年第１回定例会03月11日-06号,,,,,39番　　池田隆一君,NULL,NULL,NULL
270311_62,北海道,平成27年第１回,6,27,3,11,定例,平成27年第１回定例会03月11日-06号,,,,,41番　　北　準一君,NULL,NULL,NULL
270311_63,北海道,平成27年第１回,6,27,3,11,定例,平成27年第１回定例会03月11日-06号,,,,,42番　　道見重信君,NULL,NULL,NULL
270311_64,北海道,平成27年第１回,6,27,3,11,定例,平成27年第１回定例会03月11日-06号,,,,,43番　　冨原　亮君,NULL,NULL,NULL
270311_65,北海道,平成27年第１回,6,27,3,11,定例,平成27年第１回定例会03月11日-06号,,,,,44番　　八田盛茂君,NULL,NULL,NULL
270311_66,北海道,平成27年第１回,6,27,3,11,定例,平成27年第１回定例会03月11日-06号,,,,,45番　　松浦宗信君,NULL,NULL,NULL
270311_67,北海道,平成27年第１回,6,27,3,11,定例,平成27年第１回定例会03月11日-06号,,,,,47番　　石塚正寛君,NULL,NULL,NULL
270311_68,北海道,平成27年第１回,6,27,3,11,定例,平成27年第１回定例会03月11日-06号,,,,,48番　　内海英〓ｺ君,NULL,NULL,NULL
270311_69,北海道,平成27年第１回,6,27,3,11,定例,平成27年第１回定例会03月11日-06号,,,,,49番　　大崎誠子君,NULL,NULL,NULL
270311_70,北海道,平成27年第１回,6,27,3,11,定例,平成27年第１回定例会03月11日-06号,,,,,53番　　小野寺　秀君,NULL,NULL,NULL
270311_71,北海道,平成27年第１回,6,27,3,11,定例,平成27年第１回定例会03月11日-06号,,,,,55番　　角谷隆司君,NULL,NULL,NULL
270311_72,北海道,平成27年第１回,6,27,3,11,定例,平成27年第１回定例会03月11日-06号,,,,,56番　　小松　茂君,NULL,NULL,NULL
270311_73,北海道,平成27年第１回,6,27,3,11,定例,平成27年第１回定例会03月11日-06号,,,,,57番　　千葉英守君,NULL,NULL,NULL
270311_74,北海道,平成27年第１回,6,27,3,11,定例,平成27年第１回定例会03月11日-06号,,,,,58番　　中司哲雄君,NULL,NULL,NULL
270311_75,北海道,平成27年第１回,6,27,3,11,定例,平成27年第１回定例会03月11日-06号,,,,,59番　　藤沢澄雄君,NULL,NULL,NULL
270311_76,北海道,平成27年第１回,6,27,3,11,定例,平成27年第１回定例会03月11日-06号,,,,,60番　　村田憲俊君,NULL,NULL,NULL
270311_77,北海道,平成27年第１回,6,27,3,11,定例,平成27年第１回定例会03月11日-06号,,,,,61番　　吉田正人君,NULL,NULL,NULL
270311_78,北海道,平成27年第１回,6,27,3,11,定例,平成27年第１回定例会03月11日-06号,,,,,62番　　岩本剛人君,NULL,NULL,NULL
270311_79,北海道,平成27年第１回,6,27,3,11,定例,平成27年第１回定例会03月11日-06号,,,,,63番　　遠藤　連君,NULL,NULL,NULL
270311_80,北海道,平成27年第１回,6,27,3,11,定例,平成27年第１回定例会03月11日-06号,,,,,64番　　大谷　亨君,NULL,NULL,NULL
270311_81,北海道,平成27年第１回,6,27,3,11,定例,平成27年第１回定例会03月11日-06号,,,,,65番　　須田靖子君,NULL,NULL,NULL
270311_82,北海道,平成27年第１回,6,27,3,11,定例,平成27年第１回定例会03月11日-06号,,,,,66番　　高橋　亨君,NULL,NULL,NULL
270311_83,北海道,平成27年第１回,6,27,3,11,定例,平成27年第１回定例会03月11日-06号,,,,,67番　　田村龍治君,NULL,NULL,NULL
270311_84,北海道,平成27年第１回,6,27,3,11,定例,平成27年第１回定例会03月11日-06号,,,,,68番　　長尾信秀君,NULL,NULL,NULL
270311_85,北海道,平成27年第１回,6,27,3,11,定例,平成27年第１回定例会03月11日-06号,,,,,69番　　福原賢孝君,NULL,NULL,NULL
270311_86,北海道,平成27年第１回,6,27,3,11,定例,平成27年第１回定例会03月11日-06号,,,,,70番　　池本柳次君,NULL,NULL,NULL
270311_87,北海道,平成27年第１回,6,27,3,11,定例,平成27年第１回定例会03月11日-06号,,,,,71番　　岡田　篤君,NULL,NULL,NULL
270311_88,北海道,平成27年第１回,6,27,3,11,定例,平成27年第１回定例会03月11日-06号,,,,,73番　　日下太朗君,NULL,NULL,NULL
270311_89,北海道,平成27年第１回,6,27,3,11,定例,平成27年第１回定例会03月11日-06号,,,,,74番　　戸田芳美君,NULL,NULL,NULL
270311_90,北海道,平成27年第１回,6,27,3,11,定例,平成27年第１回定例会03月11日-06号,,,,,75番　　大河昭彦君,NULL,NULL,NULL
270311_91,北海道,平成27年第１回,6,27,3,11,定例,平成27年第１回定例会03月11日-06号,,,,,76番　　織田展嘉君,NULL,NULL,NULL
270311_92,北海道,平成27年第１回,6,27,3,11,定例,平成27年第１回定例会03月11日-06号,,,,,77番　　金岩武吉君,NULL,NULL,NULL
270311_93,北海道,平成27年第１回,6,27,3,11,定例,平成27年第１回定例会03月11日-06号,,,,,78番　　森　成之君,NULL,NULL,NULL
270311_94,北海道,平成27年第１回,6,27,3,11,定例,平成27年第１回定例会03月11日-06号,,,,,79番　　久保雅司君,NULL,NULL,NULL
270311_95,北海道,平成27年第１回,6,27,3,11,定例,平成27年第１回定例会03月11日-06号,,,,,80番　　斉藤　博君,NULL,NULL,NULL
270311_96,北海道,平成27年第１回,6,27,3,11,定例,平成27年第１回定例会03月11日-06号,,,,,81番　　佐々木恵美子君,NULL,NULL,NULL
270311_97,北海道,平成27年第１回,6,27,3,11,定例,平成27年第１回定例会03月11日-06号,,,,,82番　　三井あき子君,NULL,NULL,NULL
270311_98,北海道,平成27年第１回,6,27,3,11,定例,平成27年第１回定例会03月11日-06号,,,,,83番　　滝口信喜君,NULL,NULL,NULL
270311_99,北海道,平成27年第１回,6,27,3,11,定例,平成27年第１回定例会03月11日-06号,,,,,84番　　林　大記君,NULL,NULL,NULL
270311_100,北海道,平成27年第１回,6,27,3,11,定例,平成27年第１回定例会03月11日-06号,,,,,85番　　星野高志君,NULL,NULL,NULL
270311_101,北海道,平成27年第１回,6,27,3,11,定例,平成27年第１回定例会03月11日-06号,,,,,87番　　伊藤政信君,NULL,NULL,NULL
270311_102,北海道,平成27年第１回,6,27,3,11,定例,平成27年第１回定例会03月11日-06号,,,,,88番　　段坂繁美君,NULL,NULL,NULL
270311_103,北海道,平成27年第１回,6,27,3,11,定例,平成27年第１回定例会03月11日-06号,,,,,89番　　平出陽子君,NULL,NULL,NULL
270311_104,北海道,平成27年第１回,6,27,3,11,定例,平成27年第１回定例会03月11日-06号,,,,,90番　　柿木克弘君,NULL,NULL,NULL
270311_105,北海道,平成27年第１回,6,27,3,11,定例,平成27年第１回定例会03月11日-06号,,,,,91番　　布川義治君,NULL,NULL,NULL
270311_106,北海道,平成27年第１回,6,27,3,11,定例,平成27年第１回定例会03月11日-06号,,,,,92番　　喜多龍一君,NULL,NULL,NULL
270311_107,北海道,平成27年第１回,6,27,3,11,定例,平成27年第１回定例会03月11日-06号,,,,,93番　　工藤敏郎君,NULL,NULL,NULL
270311_108,北海道,平成27年第１回,6,27,3,11,定例,平成27年第１回定例会03月11日-06号,,,,,94番　　竹内英順君,NULL,NULL,NULL
270311_109,北海道,平成27年第１回,6,27,3,11,定例,平成27年第１回定例会03月11日-06号,,,,,95番　　本間　勲君,NULL,NULL,NULL
270311_110,北海道,平成27年第１回,6,27,3,11,定例,平成27年第１回定例会03月11日-06号,,,,,96番　　丸岩公充君,NULL,NULL,NULL
270311_111,北海道,平成27年第１回,6,27,3,11,定例,平成27年第１回定例会03月11日-06号,,,,,97番　　伊藤条一君,NULL,NULL,NULL
270311_112,北海道,平成27年第１回,6,27,3,11,定例,平成27年第１回定例会03月11日-06号,,,,,98番　　川尻秀之君,NULL,NULL,NULL
270311_113,北海道,平成27年第１回,6,27,3,11,定例,平成27年第１回定例会03月11日-06号,,,,,99番　　釣部　勲君,NULL,NULL,NULL
270311_114,北海道,平成27年第１回,6,27,3,11,定例,平成27年第１回定例会03月11日-06号,,,,,100番　　神戸典臣君,NULL,NULL,NULL
270311_115,北海道,平成27年第１回,6,27,3,11,定例,平成27年第１回定例会03月11日-06号,,,,,101番　　高橋文明君,NULL,NULL,NULL
270311_116,北海道,平成27年第１回,6,27,3,11,定例,平成27年第１回定例会03月11日-06号,,,,,102番　　和田敬友君,NULL,NULL,NULL
270311_117,北海道,平成27年第１回,6,27,3,11,定例,平成27年第１回定例会03月11日-06号,,,,,欠席議員（１人）,NULL,NULL,NULL
270311_118,北海道,平成27年第１回,6,27,3,11,定例,平成27年第１回定例会03月11日-06号,,,,,31番　　八田信之君,NULL,NULL,NULL
270311_119,北海道,平成27年第１回,6,27,3,11,定例,平成27年第１回定例会03月11日-06号,,,,,欠員（８人）,NULL,NULL,NULL
270311_120,北海道,平成27年第１回,6,27,3,11,定例,平成27年第１回定例会03月11日-06号,,,,,40番,NULL,NULL,NULL
270311_121,北海道,平成27年第１回,6,27,3,11,定例,平成27年第１回定例会03月11日-06号,,,,,46番,NULL,NULL,NULL
270311_122,北海道,平成27年第１回,6,27,3,11,定例,平成27年第１回定例会03月11日-06号,,,,,50番,NULL,NULL,NULL
270311_123,北海道,平成27年第１回,6,27,3,11,定例,平成27年第１回定例会03月11日-06号,,,,,51番,NULL,NULL,NULL
270311_124,北海道,平成27年第１回,6,27,3,11,定例,平成27年第１回定例会03月11日-06号,,,,,52番,NULL,NULL,NULL
270311_125,北海道,平成27年第１回,6,27,3,11,定例,平成27年第１回定例会03月11日-06号,,,,,54番,NULL,NULL,NULL
270311_126,北海道,平成27年第１回,6,27,3,11,定例,平成27年第１回定例会03月11日-06号,,,,,86番,NULL,NULL,NULL
270311_127,北海道,平成27年第１回,6,27,3,11,定例,平成27年第１回定例会03月11日-06号,,,,,103番,NULL,NULL,NULL
270311_128,北海道,平成27年第１回,6,27,3,11,定例,平成27年第１回定例会03月11日-06号,,,,,─────────────────────────────────,NULL,NULL,NULL
270311_129,北海道,平成27年第１回,6,27,3,11,定例,平成27年第１回定例会03月11日-06号,,,,,出席説明員,NULL,NULL,NULL
270311_130,北海道,平成27年第１回,6,27,3,11,定例,平成27年第１回定例会03月11日-06号,,,,,知事　　　　　　　　高橋はるみ君,NULL,NULL,NULL
270311_131,北海道,平成27年第１回,6,27,3,11,定例,平成27年第１回定例会03月11日-06号,,,,,副知事　　　　　　　高井　修君,NULL,NULL,NULL
270311_132,北海道,平成27年第１回,6,27,3,11,定例,平成27年第１回定例会03月11日-06号,,,,,同　　　　　　　　　荒川裕生君,NULL,NULL,NULL
270311_133,北海道,平成27年第１回,6,27,3,11,定例,平成27年第１回定例会03月11日-06号,,,,,同　　　　　　　　　山谷吉宏君,NULL,NULL,NULL
270311_134,北海道,平成27年第１回,6,27,3,11,定例,平成27年第１回定例会03月11日-06号,,,,,公営企業管理者　　　伊藤邦宏君,NULL,NULL,NULL
270311_135,北海道,平成27年第１回,6,27,3,11,定例,平成27年第１回定例会03月11日-06号,,,,,総務部長　　　　　　的井宏樹君,NULL,NULL,NULL
270311_136,北海道,平成27年第１回,6,27,3,11,定例,平成27年第１回定例会03月11日-06号,,,,,兼北方領土対策,NULL,NULL,NULL
270311_137,北海道,平成27年第１回,6,27,3,11,定例,平成27年第１回定例会03月11日-06号,,,,,本部長,NULL,NULL,NULL
270311_138,北海道,平成27年第１回,6,27,3,11,定例,平成27年第１回定例会03月11日-06号,,,,,総務部危機管理監　　加藤　聡君,NULL,NULL,NULL
270311_139,北海道,平成27年第１回,6,27,3,11,定例,平成27年第１回定例会03月11日-06号,,,,,総合政策部長　　　　柴田達夫君,NULL,NULL,NULL
270311_140,北海道,平成27年第１回,6,27,3,11,定例,平成27年第１回定例会03月11日-06号,,,,,兼地域振興監,NULL,NULL,NULL
270311_141,北海道,平成27年第１回,6,27,3,11,定例,平成27年第１回定例会03月11日-06号,,,,,総合政策部　　　　　越前雅裕君,NULL,NULL,NULL
270311_142,北海道,平成27年第１回,6,27,3,11,定例,平成27年第１回定例会03月11日-06号,,,,,交通企画監,NULL,NULL,NULL
270311_143,北海道,平成27年第１回,6,27,3,11,定例,平成27年第１回定例会03月11日-06号,,,,,環境生活部長　　　　川城邦彦君,NULL,NULL,NULL
270311_144,北海道,平成27年第１回,6,27,3,11,定例,平成27年第１回定例会03月11日-06号,,,,,保健福祉部長　　　　高田　久君,NULL,NULL,NULL
270311_145,北海道,平成27年第１回,6,27,3,11,定例,平成27年第１回定例会03月11日-06号,,,,,経済部長　　　　　　辻　泰弘君,NULL,NULL,NULL
270311_146,北海道,平成27年第１回,6,27,3,11,定例,平成27年第１回定例会03月11日-06号,,,,,経済部観光振興監　　神　姿子君,NULL,NULL,NULL
270311_147,北海道,平成27年第１回,6,27,3,11,定例,平成27年第１回定例会03月11日-06号,,,,,経済部食産業振興監　土屋俊亮君,NULL,NULL,NULL
270311_148,北海道,平成27年第１回,6,27,3,11,定例,平成27年第１回定例会03月11日-06号,,,,,農政部長　　　　　　竹林　孝君,NULL,NULL,NULL
270311_149,北海道,平成27年第１回,6,27,3,11,定例,平成27年第１回定例会03月11日-06号,,,,,農政部　　　　　　　中島克彦君,NULL,NULL,NULL
270311_150,北海道,平成27年第１回,6,27,3,11,定例,平成27年第１回定例会03月11日-06号,,,,,食の安全推進監,NULL,NULL,NULL
270311_151,北海道,平成27年第１回,6,27,3,11,定例,平成27年第１回定例会03月11日-06号,,,,,水産林務部長　　　　山崎峰男君,NULL,NULL,NULL
270311_152,北海道,平成27年第１回,6,27,3,11,定例,平成27年第１回定例会03月11日-06号,,,,,建設部長　　　　　　下出育生君,NULL,NULL,NULL
270311_153,北海道,平成27年第１回,6,27,3,11,定例,平成27年第１回定例会03月11日-06号,,,,,会計管理者　　　　　石橋秀規君,NULL,NULL,NULL
270311_154,北海道,平成27年第１回,6,27,3,11,定例,平成27年第１回定例会03月11日-06号,,,,,兼出納局長,NULL,NULL,NULL
270311_155,北海道,平成27年第１回,6,27,3,11,定例,平成27年第１回定例会03月11日-06号,,,,,企業局長　　　　　　武田裕二君,NULL,NULL,NULL
270311_156,北海道,平成27年第１回,6,27,3,11,定例,平成27年第１回定例会03月11日-06号,,,,,財政局長　　　　　　赤石剛司君,NULL,NULL,NULL
270311_157,北海道,平成27年第１回,6,27,3,11,定例,平成27年第１回定例会03月11日-06号,,,,,財政課長　　　　　　小林弘史君,NULL,NULL,NULL
270311_158,北海道,平成27年第１回,6,27,3,11,定例,平成27年第１回定例会03月11日-06号,,,,,秘書課長　　　　　　梅田禎氏君,NULL,NULL,NULL
270311_159,北海道,平成27年第１回,6,27,3,11,定例,平成27年第１回定例会03月11日-06号,,,,,─────────────────────────────────,NULL,NULL,NULL
270311_160,北海道,平成27年第１回,6,27,3,11,定例,平成27年第１回定例会03月11日-06号,,,,,教育長　　　　　　　立川　宏君,NULL,NULL,NULL
270311_161,北海道,平成27年第１回,6,27,3,11,定例,平成27年第１回定例会03月11日-06号,,,,,教育次長(総括)　　　谷藤雅人君,NULL,NULL,NULL
270311_162,北海道,平成27年第１回,6,27,3,11,定例,平成27年第１回定例会03月11日-06号,,,,,兼教育職員監,NULL,NULL,NULL
270311_163,北海道,平成27年第１回,6,27,3,11,定例,平成27年第１回定例会03月11日-06号,,,,,教育次長　　　　　　杉本昭則君,NULL,NULL,NULL
270311_164,北海道,平成27年第１回,6,27,3,11,定例,平成27年第１回定例会03月11日-06号,,,,,総務課長　　　　　　土井寿彦君,NULL,NULL,NULL
270311_165,北海道,平成27年第１回,6,27,3,11,定例,平成27年第１回定例会03月11日-06号,,,,,─────────────────────────────────,NULL,NULL,NULL
270311_166,北海道,平成27年第１回,6,27,3,11,定例,平成27年第１回定例会03月11日-06号,,,,,選挙管理委員会　　　加門　清君,NULL,NULL,NULL
270311_167,北海道,平成27年第１回,6,27,3,11,定例,平成27年第１回定例会03月11日-06号,,,,,事務局長,NULL,NULL,NULL
270311_168,北海道,平成27年第１回,6,27,3,11,定例,平成27年第１回定例会03月11日-06号,,,,,─────────────────────────────────,NULL,NULL,NULL
270311_169,北海道,平成27年第１回,6,27,3,11,定例,平成27年第１回定例会03月11日-06号,,,,,人事委員会　　　　　赤塚善彦君,NULL,NULL,NULL
270311_170,北海道,平成27年第１回,6,27,3,11,定例,平成27年第１回定例会03月11日-06号,,,,,事務局長,NULL,NULL,NULL
270311_171,北海道,平成27年第１回,6,27,3,11,定例,平成27年第１回定例会03月11日-06号,,,,,─────────────────────────────────,NULL,NULL,NULL
270311_172,北海道,平成27年第１回,6,27,3,11,定例,平成27年第１回定例会03月11日-06号,,,,,警察本部長　　　　　室城信之君,NULL,NULL,NULL
270311_173,北海道,平成27年第１回,6,27,3,11,定例,平成27年第１回定例会03月11日-06号,,,,,総務部長　　　　　　藤田裕二君,NULL,NULL,NULL
270311_174,北海道,平成27年第１回,6,27,3,11,定例,平成27年第１回定例会03月11日-06号,,,,,総務部参事官　　　　遠堂展義君,NULL,NULL,NULL
270311_175,北海道,平成27年第１回,6,27,3,11,定例,平成27年第１回定例会03月11日-06号,,,,,兼総務課長,NULL,NULL,NULL
270311_176,北海道,平成27年第１回,6,27,3,11,定例,平成27年第１回定例会03月11日-06号,,,,,─────────────────────────────────,NULL,NULL,NULL
270311_177,北海道,平成27年第１回,6,27,3,11,定例,平成27年第１回定例会03月11日-06号,,,,,労働委員会　　　　　吉田一昭君,NULL,NULL,NULL
270311_178,北海道,平成27年第１回,6,27,3,11,定例,平成27年第１回定例会03月11日-06号,,,,,事務局長,NULL,NULL,NULL
270311_179,北海道,平成27年第１回,6,27,3,11,定例,平成27年第１回定例会03月11日-06号,,,,,─────────────────────────────────,NULL,NULL,NULL
270311_180,北海道,平成27年第１回,6,27,3,11,定例,平成27年第１回定例会03月11日-06号,,,,,代表監査委員　　　　飴谷長藏君,NULL,NULL,NULL
270311_181,北海道,平成27年第１回,6,27,3,11,定例,平成27年第１回定例会03月11日-06号,,,,,監査委員事務局長　　中西猛雄君,NULL,NULL,NULL
270311_182,北海道,平成27年第１回,6,27,3,11,定例,平成27年第１回定例会03月11日-06号,,,,,─────────────────────────────────,NULL,NULL,NULL
270311_183,北海道,平成27年第１回,6,27,3,11,定例,平成27年第１回定例会03月11日-06号,,,,,収用委員会　　　　　田中　勝君,NULL,NULL,NULL
270311_184,北海道,平成27年第１回,6,27,3,11,定例,平成27年第１回定例会03月11日-06号,,,,,事務局長,NULL,NULL,NULL
270311_185,北海道,平成27年第１回,6,27,3,11,定例,平成27年第１回定例会03月11日-06号,,,,,─────────────────────────────────,NULL,NULL,NULL
270311_186,北海道,平成27年第１回,6,27,3,11,定例,平成27年第１回定例会03月11日-06号,,,,,議会事務局職員出席者,NULL,NULL,NULL
270311_187,北海道,平成27年第１回,6,27,3,11,定例,平成27年第１回定例会03月11日-06号,,,,,事務局長　　　　　　戸沢孝一君,NULL,NULL,NULL
270311_188,北海道,平成27年第１回,6,27,3,11,定例,平成27年第１回定例会03月11日-06号,,,,,議事課長　　　　　　高間　亨君,NULL,NULL,NULL
270311_189,北海道,平成27年第１回,6,27,3,11,定例,平成27年第１回定例会03月11日-06号,,,,,議事課主幹　　　　　樫山博哉君,NULL,NULL,NULL
270311_190,北海道,平成27年第１回,6,27,3,11,定例,平成27年第１回定例会03月11日-06号,,,,,議事課主査　　　　　高橋　究君,NULL,NULL,NULL
270311_191,北海道,平成27年第１回,6,27,3,11,定例,平成27年第１回定例会03月11日-06号,,,,,議事課主任　　　　　伊勢洋紀君,NULL,NULL,NULL
270311_192,北海道,平成27年第１回,6,27,3,11,定例,平成27年第１回定例会03月11日-06号,,,,,議事課主事　　　　　渡邉博重君,NULL,NULL,NULL
270311_193,北海道,平成27年第１回,6,27,3,11,定例,平成27年第１回定例会03月11日-06号,,,,,─────────────────────────────────,NULL,NULL,NULL
270311_194,北海道,平成27年第１回,6,27,3,11,定例,平成27年第１回定例会03月11日-06号,,,,,午後２時１分開議,NULL,NULL,NULL
270311_195,北海道,平成27年第１回,6,27,3,11,定例,平成27年第１回定例会03月11日-06号,議長加藤礼一君,議長,加藤礼一,議長,これより本日の会議を開きます。,NULL,NULL,NULL
270311_196,北海道,平成27年第１回,6,27,3,11,定例,平成27年第１回定例会03月11日-06号,議長加藤礼一君,議長,加藤礼一,議長,報告をさせます。,NULL,NULL,NULL
270311_197,北海道,平成27年第１回,6,27,3,11,定例,平成27年第１回定例会03月11日-06号,議長加藤礼一君,議長,加藤礼一,議長,─────────────────────────────────,NULL,NULL,NULL
270311_198,北海道,平成27年第１回,6,27,3,11,定例,平成27年第１回定例会03月11日-06号,議長加藤礼一君,議長,加藤礼一,議長,〔高間議事課長朗読〕,NULL,NULL,NULL
270311_199,北海道,平成27年第１回,6,27,3,11,定例,平成27年第１回定例会03月11日-06号,議長加藤礼一君,議長,加藤礼一,議長,１．予算特別委員会の,NULL,NULL,NULL
270311_200,北海道,平成27年第１回,6,27,3,11,定例,平成27年第１回定例会03月11日-06号,議長加藤礼一君,議長,加藤礼一,議長,委員長に　　　小野寺　秀委員,NULL,NULL,NULL
270311_201,北海道,平成27年第１回,6,27,3,11,定例,平成27年第１回定例会03月11日-06号,議長加藤礼一君,議長,加藤礼一,議長,副委員長に　　市橋修治委員,NULL,NULL,NULL
270311_202,北海道,平成27年第１回,6,27,3,11,定例,平成27年第１回定例会03月11日-06号,議長加藤礼一君,議長,加藤礼一,議長,をそれぞれ選任した旨報告がありました。,NULL,NULL,NULL
270311_203,北海道,平成27年第１回,6,27,3,11,定例,平成27年第１回定例会03月11日-06号,議長加藤礼一君,議長,加藤礼一,議長,─────────────────────────────────,NULL,NULL,NULL
270311_204,北海道,平成27年第１回,6,27,3,11,定例,平成27年第１回定例会03月11日-06号,議長加藤礼一君,議長,加藤礼一,議長,１．知事から、議案第76号及び第77号の提出がありました。,NULL,NULL,NULL
270311_205,北海道,平成27年第１回,6,27,3,11,定例,平成27年第１回定例会03月11日-06号,議長加藤礼一君,議長,加藤礼一,議長,─────────────────────────────────,NULL,NULL,NULL
270311_206,北海道,平成27年第１回,6,27,3,11,定例,平成27年第１回定例会03月11日-06号,議長加藤礼一君,議長,加藤礼一,議長,議案第76号　北海道函館方面公安委員会委員の選任につき同意を求める件,NULL,NULL,NULL
270311_207,北海道,平成27年第１回,6,27,3,11,定例,平成27年第１回定例会03月11日-06号,議長加藤礼一君,議長,加藤礼一,議長,議案第77号　北海道人事委員会委員の選任につき同意を求める件,NULL,NULL,NULL
270311_208,北海道,平成27年第１回,6,27,3,11,定例,平成27年第１回定例会03月11日-06号,議長加藤礼一君,議長,加藤礼一,議長,（上の議案は巻末議案の部に掲載する）,NULL,NULL,NULL
270311_209,北海道,平成27年第１回,6,27,3,11,定例,平成27年第１回定例会03月11日-06号,議長加藤礼一君,議長,加藤礼一,議長,─────────────────────────────────,NULL,NULL,NULL
270311_210,北海道,平成27年第１回,6,27,3,11,定例,平成27年第１回定例会03月11日-06号,議長加藤礼一君,議長,加藤礼一,議長,１．議員、関係常任委員長及び議会運営委員長から、,NULL,NULL,NULL
270311_211,北海道,平成27年第１回,6,27,3,11,定例,平成27年第１回定例会03月11日-06号,議長加藤礼一君,議長,加藤礼一,議長,会議案第１号、第２号、決議案第１号及び意見案第１号の提出が,NULL,NULL,NULL
270311_212,北海道,平成27年第１回,6,27,3,11,定例,平成27年第１回定例会03月11日-06号,議長加藤礼一君,議長,加藤礼一,議長,ありました。,NULL,NULL,NULL
270311_213,北海道,平成27年第１回,6,27,3,11,定例,平成27年第１回定例会03月11日-06号,議長加藤礼一君,議長,加藤礼一,議長,─────────────────────────────────,NULL,NULL,NULL
270311_214,北海道,平成27年第１回,6,27,3,11,定例,平成27年第１回定例会03月11日-06号,議長加藤礼一君,議長,加藤礼一,議長,会議案第１号　北海道議会委員会条例の一部を改正する条例案,NULL,NULL,NULL
270311_215,北海道,平成27年第１回,6,27,3,11,定例,平成27年第１回定例会03月11日-06号,議長加藤礼一君,議長,加藤礼一,議長,会議案第２号　北海道議会会議規則の一部を改正する規則案,NULL,NULL,NULL
270311_216,北海道,平成27年第１回,6,27,3,11,定例,平成27年第１回定例会03月11日-06号,議長加藤礼一君,議長,加藤礼一,議長,決議案第１号　大間原発の建設工事中断も含めた慎重な対応を求める決議,NULL,NULL,NULL
270311_217,北海道,平成27年第１回,6,27,3,11,定例,平成27年第１回定例会03月11日-06号,議長加藤礼一君,議長,加藤礼一,議長,意見案第１号　新規漁業就業者に対する支援制度の充実・強化を求める意見書,NULL,NULL,NULL
270311_218,北海道,平成27年第１回,6,27,3,11,定例,平成27年第１回定例会03月11日-06号,議長加藤礼一君,議長,加藤礼一,議長,（上の会議案、決議案及び意見案は巻末会議案の部、,NULL,NULL,NULL
270311_219,北海道,平成27年第１回,6,27,3,11,定例,平成27年第１回定例会03月11日-06号,議長加藤礼一君,議長,加藤礼一,議長,決議案の部及び意見案の部に掲載する　　　　　　）,NULL,NULL,NULL
270311_220,北海道,平成27年第１回,6,27,3,11,定例,平成27年第１回定例会03月11日-06号,議長加藤礼一君,議長,加藤礼一,議長,─────────────────────────────────,NULL,NULL,NULL
270311_221,北海道,平成27年第１回,6,27,3,11,定例,平成27年第１回定例会03月11日-06号,議長加藤礼一君,議長,加藤礼一,議長,１．関係常任委員長、予算特別委員長及び関係特別委員長から、,NULL,NULL,NULL
270311_222,北海道,平成27年第１回,6,27,3,11,定例,平成27年第１回定例会03月11日-06号,議長加藤礼一君,議長,加藤礼一,議長,議案審査の結果について報告がありました。,NULL,NULL,NULL
270311_223,北海道,平成27年第１回,6,27,3,11,定例,平成27年第１回定例会03月11日-06号,議長加藤礼一君,議長,加藤礼一,議長,（上の委員会審査報告書一覧及び報告書は,NULL,NULL,NULL
270311_224,北海道,平成27年第１回,6,27,3,11,定例,平成27年第１回定例会03月11日-06号,議長加藤礼一君,議長,加藤礼一,議長,巻末議案の部に掲載する　　　　　　　）,NULL,NULL,NULL
270311_225,北海道,平成27年第１回,6,27,3,11,定例,平成27年第１回定例会03月11日-06号,議長加藤礼一君,議長,加藤礼一,議長,─────────────────────────────────,NULL,NULL,NULL
270311_226,北海道,平成27年第１回,6,27,3,11,定例,平成27年第１回定例会03月11日-06号,議長加藤礼一君,議長,加藤礼一,議長,１．監査委員から、例月出納検査の結果について報告がありました。,NULL,NULL,NULL
270311_227,北海道,平成27年第１回,6,27,3,11,定例,平成27年第１回定例会03月11日-06号,議長加藤礼一君,議長,加藤礼一,議長,─────────────────────────────────,NULL,NULL,NULL
270311_228,北海道,平成27年第１回,6,27,3,11,定例,平成27年第１回定例会03月11日-06号,議長加藤礼一君,議長,加藤礼一,議長,１．包括外部監査人から、監査の結果について報告がありました。,NULL,NULL,NULL
270311_229,北海道,平成27年第１回,6,27,3,11,定例,平成27年第１回定例会03月11日-06号,議長加藤礼一君,議長,加藤礼一,議長,─────────────────────────────────,NULL,NULL,NULL
270311_230,北海道,平成27年第１回,6,27,3,11,定例,平成27年第１回定例会03月11日-06号,議長加藤礼一君,議長,加藤礼一,議長,１．関係常任委員長から、請願審査の結果について報告がありました。,NULL,NULL,NULL
270311_231,北海道,平成27年第１回,6,27,3,11,定例,平成27年第１回定例会03月11日-06号,議長加藤礼一君,議長,加藤礼一,議長,（上の請願審査報告書一覧は巻末請願・陳情の部に掲載する）,NULL,NULL,NULL
270311_232,北海道,平成27年第１回,6,27,3,11,定例,平成27年第１回定例会03月11日-06号,議長加藤礼一君,議長,加藤礼一,議長,─────────────────────────────────,NULL,NULL,NULL
270311_233,北海道,平成27年第１回,6,27,3,11,定例,平成27年第１回定例会03月11日-06号,議長加藤礼一君,議長,加藤礼一,議長,１．各常任委員長及び議会運営委員長から、,NULL,NULL,NULL
270311_234,北海道,平成27年第１回,6,27,3,11,定例,平成27年第１回定例会03月11日-06号,議長加藤礼一君,議長,加藤礼一,議長,閉会中事務継続調査について申し出がありました。,NULL,NULL,NULL
270311_235,北海道,平成27年第１回,6,27,3,11,定例,平成27年第１回定例会03月11日-06号,議長加藤礼一君,議長,加藤礼一,議長,（上の閉会中事務継続調査申出書一覧は,NULL,NULL,NULL
270311_236,北海道,平成27年第１回,6,27,3,11,定例,平成27年第１回定例会03月11日-06号,議長加藤礼一君,議長,加藤礼一,議長,巻末その他に掲載する　　　　　　　）,NULL,NULL,NULL
270311_237,北海道,平成27年第１回,6,27,3,11,定例,平成27年第１回定例会03月11日-06号,議長加藤礼一君,議長,加藤礼一,議長,─────────────────────────────────,NULL,NULL,NULL
270311_238,北海道,平成27年第１回,6,27,3,11,定例,平成27年第１回定例会03月11日-06号,議長加藤礼一君,議長,加藤礼一,議長,１．本日の会議録署名議員は、,NULL,NULL,NULL
270311_239,北海道,平成27年第１回,6,27,3,11,定例,平成27年第１回定例会03月11日-06号,議長加藤礼一君,議長,加藤礼一,議長,佐藤禎洋議員,NULL,NULL,NULL
270311_240,北海道,平成27年第１回,6,27,3,11,定例,平成27年第１回定例会03月11日-06号,議長加藤礼一君,議長,加藤礼一,議長,中野秀敏議員,NULL,NULL,NULL
270311_241,北海道,平成27年第１回,6,27,3,11,定例,平成27年第１回定例会03月11日-06号,議長加藤礼一君,議長,加藤礼一,議長,野原　薫議員,NULL,NULL,NULL
270311_242,北海道,平成27年第１回,6,27,3,11,定例,平成27年第１回定例会03月11日-06号,議長加藤礼一君,議長,加藤礼一,議長,であります。,NULL,NULL,NULL
270311_243,北海道,平成27年第１回,6,27,3,11,定例,平成27年第１回定例会03月11日-06号,議長加藤礼一君,議長,加藤礼一,議長,─────────────────────────────────,NULL,NULL,NULL
270311_244,北海道,平成27年第１回,6,27,3,11,定例,平成27年第１回定例会03月11日-06号,議長加藤礼一君,議長,加藤礼一,議長,△１．黙祷,NULL,NULL,NULL
270311_245,北海道,平成27年第１回,6,27,3,11,定例,平成27年第１回定例会03月11日-06号,議長加藤礼一君,議長,加藤礼一,議長,本日は、東日本大震災が発生してから４年目に当たります。,NULL,NULL,NULL
270311_246,北海道,平成27年第１回,6,27,3,11,定例,平成27年第１回定例会03月11日-06号,議長加藤礼一君,議長,加藤礼一,議長,東日本大震災は、被災地域が広範に及び、極めて多数の犠牲者を出すとともに、国民生活に多大な影響を及ぼした未曽有の大災害でありました。,NULL,NULL,NULL
270311_247,北海道,平成27年第１回,6,27,3,11,定例,平成27年第１回定例会03月11日-06号,議長加藤礼一君,議長,加藤礼一,議長,この震災により犠牲となられた方々に対し、哀悼の意を表するため、黙祷をささげたいと思います。,NULL,NULL,NULL
270311_248,北海道,平成27年第１回,6,27,3,11,定例,平成27年第１回定例会03月11日-06号,議長加藤礼一君,議長,加藤礼一,議長,御起立を願います。,NULL,NULL,NULL
270311_249,北海道,平成27年第１回,6,27,3,11,定例,平成27年第１回定例会03月11日-06号,議長加藤礼一君,議長,加藤礼一,議長,黙祷。,NULL,NULL,NULL
270311_250,北海道,平成27年第１回,6,27,3,11,定例,平成27年第１回定例会03月11日-06号,議長加藤礼一君,議長,加藤礼一,議長,〔全員起立・黙祷〕,NULL,NULL,NULL
270311_251,北海道,平成27年第１回,6,27,3,11,定例,平成27年第１回定例会03月11日-06号,議長加藤礼一君,議長,加藤礼一,議長,黙祷を終わります。,NULL,NULL,NULL
270311_252,北海道,平成27年第１回,6,27,3,11,定例,平成27年第１回定例会03月11日-06号,議長加藤礼一君,議長,加藤礼一,議長,御着席を願います。,NULL,NULL,NULL
270311_253,北海道,平成27年第１回,6,27,3,11,定例,平成27年第１回定例会03月11日-06号,議長加藤礼一君,議長,加藤礼一,議長,ありがとうございました。,NULL,NULL,NULL
270311_254,北海道,平成27年第１回,6,27,3,11,定例,平成27年第１回定例会03月11日-06号,議長加藤礼一君,議長,加藤礼一,議長,△１．日程第１、議案第１号ないし第59号、第61号ないし第75号及び諮問第１号,NULL,NULL,NULL
270311_255,北海道,平成27年第１回,6,27,3,11,定例,平成27年第１回定例会03月11日-06号,議長加藤礼一君,議長,加藤礼一,議長,日程第１、議案第１号ないし第59号、第61号ないし第75号及び諮問第１号を議題といたします。,NULL,NULL,NULL
270311_256,北海道,平成27年第１回,6,27,3,11,定例,平成27年第１回定例会03月11日-06号,議長加藤礼一君,議長,加藤礼一,議長,本件に関し、順次、委員長の報告を求めます。,NULL,NULL,NULL
270311_257,北海道,平成27年第１回,6,27,3,11,定例,平成27年第１回定例会03月11日-06号,議長加藤礼一君,議長,加藤礼一,議長,予算特別委員長小野寺秀君。,NULL,NULL,NULL
270311_258,北海道,平成27年第１回,6,27,3,11,定例,平成27年第１回定例会03月11日-06号,議長加藤礼一君,議長,加藤礼一,議長,△１．議案第１号ないし第17号、第19号、第22号、第47号、第48号、第50号、第51号及び第61号ないし第73号に関する報告,NULL,NULL,NULL
270311_259,北海道,平成27年第１回,6,27,3,11,定例,平成27年第１回定例会03月11日-06号,53番小野寺秀君,0100060000050,小野寺秀,53番,（登壇・拍手）私は、予算特別委員会に付託されました議案審査の経過と結果について御報告申し上げます。,NULL,NULL,NULL
270311_260,北海道,平成27年第１回,6,27,3,11,定例,平成27年第１回定例会03月11日-06号,53番小野寺秀君,0100060000050,小野寺秀,53番,御承知のとおり、本委員会は３月２日に設置され、平成27年度各会計予算案及び平成26年度各会計補正予算案並びに関連する議案36件が付託され、同日、直ちに正・副委員長の互選を行うとともに、付託議案の審査方法等につきまして協議を行い、３月４日から各部所管の審査に入り、３月６日をもって一切の質疑を終結した次第であります。,NULL,NULL,NULL
270311_261,北海道,平成27年第１回,6,27,3,11,定例,平成27年第１回定例会03月11日-06号,53番小野寺秀君,0100060000050,小野寺秀,53番,今回付託されました平成27年度各会計予算案につきましては、道政運営の基本となる経費を中心とした、いわゆる骨格予算として編成することとし、人件費、義務的経費のほか、実施時期などを勘案し、行政の中断を避けるため、当初予算に計上を必要と認められるものについて、所要の措置を講じたものであります。,NULL,NULL,NULL
270311_262,北海道,平成27年第１回,6,27,3,11,定例,平成27年第１回定例会03月11日-06号,53番小野寺秀君,0100060000050,小野寺秀,53番,また、これらの議案のほか、平成26年度各会計補正予算案並びにその他の議案について、道政全般にわたり熱心な質疑が交わされた次第であります。,NULL,NULL,NULL
270311_263,北海道,平成27年第１回,6,27,3,11,定例,平成27年第１回定例会03月11日-06号,53番小野寺秀君,0100060000050,小野寺秀,53番,各部所管の質疑を通じ論議の対象となりました主な事項につきましては、お手元に配付の審査概要により御承知願いたいと存じます。,NULL,NULL,NULL
270311_264,北海道,平成27年第１回,6,27,3,11,定例,平成27年第１回定例会03月11日-06号,53番小野寺秀君,0100060000050,小野寺秀,53番,なお、総括質疑におきましては、,NULL,NULL,NULL
270311_265,北海道,平成27年第１回,6,27,3,11,定例,平成27年第１回定例会03月11日-06号,53番小野寺秀君,0100060000050,小野寺秀,53番,１．人口減少問題に対する取り組みについて,NULL,NULL,NULL
270311_266,北海道,平成27年第１回,6,27,3,11,定例,平成27年第１回定例会03月11日-06号,53番小野寺秀君,0100060000050,小野寺秀,53番,１．北海道新幹線開業関連について,NULL,NULL,NULL
270311_267,北海道,平成27年第１回,6,27,3,11,定例,平成27年第１回定例会03月11日-06号,53番小野寺秀君,0100060000050,小野寺秀,53番,１．地域振興について,NULL,NULL,NULL
270311_268,北海道,平成27年第１回,6,27,3,11,定例,平成27年第１回定例会03月11日-06号,53番小野寺秀君,0100060000050,小野寺秀,53番,１．観光振興について,NULL,NULL,NULL
270311_269,北海道,平成27年第１回,6,27,3,11,定例,平成27年第１回定例会03月11日-06号,53番小野寺秀君,0100060000050,小野寺秀,53番,１．雇用対策について,NULL,NULL,NULL
270311_270,北海道,平成27年第１回,6,27,3,11,定例,平成27年第１回定例会03月11日-06号,53番小野寺秀君,0100060000050,小野寺秀,53番,１．地域医療について,NULL,NULL,NULL
270311_271,北海道,平成27年第１回,6,27,3,11,定例,平成27年第１回定例会03月11日-06号,53番小野寺秀君,0100060000050,小野寺秀,53番,１．ＴＰＰについて,NULL,NULL,NULL
270311_272,北海道,平成27年第１回,6,27,3,11,定例,平成27年第１回定例会03月11日-06号,53番小野寺秀君,0100060000050,小野寺秀,53番,１．知事名の文書配付について,NULL,NULL,NULL
270311_273,北海道,平成27年第１回,6,27,3,11,定例,平成27年第１回定例会03月11日-06号,53番小野寺秀君,0100060000050,小野寺秀,53番,１．子ども・子育て支援について,NULL,NULL,NULL
270311_274,北海道,平成27年第１回,6,27,3,11,定例,平成27年第１回定例会03月11日-06号,53番小野寺秀君,0100060000050,小野寺秀,53番,１．高齢者の介護サービスについて,NULL,NULL,NULL
270311_275,北海道,平成27年第１回,6,27,3,11,定例,平成27年第１回定例会03月11日-06号,53番小野寺秀君,0100060000050,小野寺秀,53番,１．海外との経済交流等について,NULL,NULL,NULL
270311_276,北海道,平成27年第１回,6,27,3,11,定例,平成27年第１回定例会03月11日-06号,53番小野寺秀君,0100060000050,小野寺秀,53番,１．天下り等について,NULL,NULL,NULL
270311_277,北海道,平成27年第１回,6,27,3,11,定例,平成27年第１回定例会03月11日-06号,53番小野寺秀君,0100060000050,小野寺秀,53番,それぞれ論議が交わされた次第であります。,NULL,NULL,NULL
270311_278,北海道,平成27年第１回,6,27,3,11,定例,平成27年第１回定例会03月11日-06号,53番小野寺秀君,0100060000050,小野寺秀,53番,質疑終結後、直ちに付託議案について意見の調整を図りました結果、議案第１号ないし第17号、第19号、第22号、第47号、第48号、第50号、第51号及び第61号ないし第73号につきましては、いずれも全会一致、原案可決と決定した次第であります。,NULL,NULL,NULL
270311_279,北海道,平成27年第１回,6,27,3,11,定例,平成27年第１回定例会03月11日-06号,53番小野寺秀君,0100060000050,小野寺秀,53番,なお、審査の経過に鑑み、次の意見、すなわち、,NULL,NULL,NULL
270311_280,北海道,平成27年第１回,6,27,3,11,定例,平成27年第１回定例会03月11日-06号,53番小野寺秀君,0100060000050,小野寺秀,53番,１．人口減少問題の対応に当たっては、道は、地方版総合戦略、,NULL,NULL,NULL
270311_281,北海道,平成27年第１回,6,27,3,11,定例,平成27年第１回定例会03月11日-06号,53番小野寺秀君,0100060000050,小野寺秀,53番,地方人口ビジョンをできるだけ早期に策定するとともに、,NULL,NULL,NULL
270311_282,北海道,平成27年第１回,6,27,3,11,定例,平成27年第１回定例会03月11日-06号,53番小野寺秀君,0100060000050,小野寺秀,53番,その検討過程において、将来展望の考え方などを共有するため、,NULL,NULL,NULL
270311_283,北海道,平成27年第１回,6,27,3,11,定例,平成27年第１回定例会03月11日-06号,53番小野寺秀君,0100060000050,小野寺秀,53番,道内市町村と、十分な意見交換、協議等を行うべきである。,NULL,NULL,NULL
270311_284,北海道,平成27年第１回,6,27,3,11,定例,平成27年第１回定例会03月11日-06号,53番小野寺秀君,0100060000050,小野寺秀,53番,また、各市町村が策定する地方版総合戦略等が、,NULL,NULL,NULL
270311_285,北海道,平成27年第１回,6,27,3,11,定例,平成27年第１回定例会03月11日-06号,53番小野寺秀君,0100060000050,小野寺秀,53番,将来にわたる、あらゆる課題を解決する道しるべとなるよう、,NULL,NULL,NULL
270311_286,北海道,平成27年第１回,6,27,3,11,定例,平成27年第１回定例会03月11日-06号,53番小野寺秀君,0100060000050,小野寺秀,53番,道は、各部局間の連携を図ることはもとより、各振興局が,NULL,NULL,NULL
270311_287,北海道,平成27年第１回,6,27,3,11,定例,平成27年第１回定例会03月11日-06号,53番小野寺秀君,0100060000050,小野寺秀,53番,中心となった、きめ細かな支援に全庁一丸となって,NULL,NULL,NULL
270311_288,北海道,平成27年第１回,6,27,3,11,定例,平成27年第１回定例会03月11日-06号,53番小野寺秀君,0100060000050,小野寺秀,53番,取り組むべきである。,NULL,NULL,NULL
270311_289,北海道,平成27年第１回,6,27,3,11,定例,平成27年第１回定例会03月11日-06号,53番小野寺秀君,0100060000050,小野寺秀,53番,１．少子化の進行は、将来の国と地方を支える人材を,NULL,NULL,NULL
270311_290,北海道,平成27年第１回,6,27,3,11,定例,平成27年第１回定例会03月11日-06号,53番小野寺秀君,0100060000050,小野寺秀,53番,失うことにつながる極めて重大な問題であり、,NULL,NULL,NULL
270311_291,北海道,平成27年第１回,6,27,3,11,定例,平成27年第１回定例会03月11日-06号,53番小野寺秀君,0100060000050,小野寺秀,53番,社会保障制度のみならず、地域経済にも甚大な影響を,NULL,NULL,NULL
270311_292,北海道,平成27年第１回,6,27,3,11,定例,平成27年第１回定例会03月11日-06号,53番小野寺秀君,0100060000050,小野寺秀,53番,与えるものである。,NULL,NULL,NULL
270311_293,北海道,平成27年第１回,6,27,3,11,定例,平成27年第１回定例会03月11日-06号,53番小野寺秀君,0100060000050,小野寺秀,53番,よって、道は、これまでの少子化対策の課題等の検証と,NULL,NULL,NULL
270311_294,北海道,平成27年第１回,6,27,3,11,定例,平成27年第１回定例会03月11日-06号,53番小野寺秀君,0100060000050,小野寺秀,53番,抜本的な見直しを検討するとともに、人口の維持につながる、,NULL,NULL,NULL
270311_295,北海道,平成27年第１回,6,27,3,11,定例,平成27年第１回定例会03月11日-06号,53番小野寺秀君,0100060000050,小野寺秀,53番,より具体的な目標を設定し、少子化の流れに歯どめをかける,NULL,NULL,NULL
270311_296,北海道,平成27年第１回,6,27,3,11,定例,平成27年第１回定例会03月11日-06号,53番小野寺秀君,0100060000050,小野寺秀,53番,実効ある取り組みを、国、市町村等と一体となって,NULL,NULL,NULL
270311_297,北海道,平成27年第１回,6,27,3,11,定例,平成27年第１回定例会03月11日-06号,53番小野寺秀君,0100060000050,小野寺秀,53番,推進すべきである。,NULL,NULL,NULL
270311_298,北海道,平成27年第１回,6,27,3,11,定例,平成27年第１回定例会03月11日-06号,53番小野寺秀君,0100060000050,小野寺秀,53番,１．地域における、医師、看護師を初めとする医療スタッフの不足は,NULL,NULL,NULL
270311_299,北海道,平成27年第１回,6,27,3,11,定例,平成27年第１回定例会03月11日-06号,53番小野寺秀君,0100060000050,小野寺秀,53番,極めて深刻な状況にあり、このまま推移すれば、,NULL,NULL,NULL
270311_300,北海道,平成27年第１回,6,27,3,11,定例,平成27年第１回定例会03月11日-06号,53番小野寺秀君,0100060000050,小野寺秀,53番,地域で住み続けることが困難になることも危惧され、,NULL,NULL,NULL
270311_301,北海道,平成27年第１回,6,27,3,11,定例,平成27年第１回定例会03月11日-06号,53番小野寺秀君,0100060000050,小野寺秀,53番,喫緊の課題である人口減少対策にも影響する。,NULL,NULL,NULL
270311_302,北海道,平成27年第１回,6,27,3,11,定例,平成27年第１回定例会03月11日-06号,53番小野寺秀君,0100060000050,小野寺秀,53番,よって、道は、医師などの医療スタッフの確保が,NULL,NULL,NULL
270311_303,北海道,平成27年第１回,6,27,3,11,定例,平成27年第１回定例会03月11日-06号,53番小野寺秀君,0100060000050,小野寺秀,53番,医療機関の経営にも直結する課題であることも踏まえ、,NULL,NULL,NULL
270311_304,北海道,平成27年第１回,6,27,3,11,定例,平成27年第１回定例会03月11日-06号,53番小野寺秀君,0100060000050,小野寺秀,53番,自治体病院等広域化・連携構想等に基づく実効性ある,NULL,NULL,NULL
270311_305,北海道,平成27年第１回,6,27,3,11,定例,平成27年第１回定例会03月11日-06号,53番小野寺秀君,0100060000050,小野寺秀,53番,医師・看護師確保対策に取り組むべきである。,NULL,NULL,NULL
270311_306,北海道,平成27年第１回,6,27,3,11,定例,平成27年第１回定例会03月11日-06号,53番小野寺秀君,0100060000050,小野寺秀,53番,１．外国人観光客300万人を目標とする,NULL,NULL,NULL
270311_307,北海道,平成27年第１回,6,27,3,11,定例,平成27年第１回定例会03月11日-06号,53番小野寺秀君,0100060000050,小野寺秀,53番,観光立国・北海道の実現のためには、毎年約40万人増の誘客を,NULL,NULL,NULL
270311_308,北海道,平成27年第１回,6,27,3,11,定例,平成27年第１回定例会03月11日-06号,53番小野寺秀君,0100060000050,小野寺秀,53番,図らなければならず、そのためには、国や道内市町村等と連携し、,NULL,NULL,NULL
270311_309,北海道,平成27年第１回,6,27,3,11,定例,平成27年第１回定例会03月11日-06号,53番小野寺秀君,0100060000050,小野寺秀,53番,多くの課題を解決していく必要がある。,NULL,NULL,NULL
270311_310,北海道,平成27年第１回,6,27,3,11,定例,平成27年第１回定例会03月11日-06号,53番小野寺秀君,0100060000050,小野寺秀,53番,よって、道は、新千歳空港を中心とした,NULL,NULL,NULL
270311_311,北海道,平成27年第１回,6,27,3,11,定例,平成27年第１回定例会03月11日-06号,53番小野寺秀君,0100060000050,小野寺秀,53番,道内空港の発着枠の拡大や、ＣＩＱ体制の整備、,NULL,NULL,NULL
270311_312,北海道,平成27年第１回,6,27,3,11,定例,平成27年第１回定例会03月11日-06号,53番小野寺秀君,0100060000050,小野寺秀,53番,関係機関との連携による一層の規制緩和などを,NULL,NULL,NULL
270311_313,北海道,平成27年第１回,6,27,3,11,定例,平成27年第１回定例会03月11日-06号,53番小野寺秀君,0100060000050,小野寺秀,53番,国に積極的に働きかけるとともに、宿泊施設や,NULL,NULL,NULL
270311_314,北海道,平成27年第１回,6,27,3,11,定例,平成27年第１回定例会03月11日-06号,53番小野寺秀君,0100060000050,小野寺秀,53番,大型バス運転手の不足といった諸課題の解決に向け、,NULL,NULL,NULL
270311_315,北海道,平成27年第１回,6,27,3,11,定例,平成27年第１回定例会03月11日-06号,53番小野寺秀君,0100060000050,小野寺秀,53番,その具体策を早期に検討すべきである。,NULL,NULL,NULL
270311_316,北海道,平成27年第１回,6,27,3,11,定例,平成27年第１回定例会03月11日-06号,53番小野寺秀君,0100060000050,小野寺秀,53番,との意見を付されたい旨の動議が提出され、全会一致をもってこれを決定した次第であります。,NULL,NULL,NULL
270311_317,北海道,平成27年第１回,6,27,3,11,定例,平成27年第１回定例会03月11日-06号,53番小野寺秀君,0100060000050,小野寺秀,53番,以上、本委員会に付託されました議案審査の経過と結果を申し上げ、私の報告を終わります。（拍手）,NULL,NULL,NULL
270311_318,北海道,平成27年第１回,6,27,3,11,定例,平成27年第１回定例会03月11日-06号,議長加藤礼一君,議長,加藤礼一,議長,総務委員長千葉英守君。,NULL,NULL,NULL
270311_319,北海道,平成27年第１回,6,27,3,11,定例,平成27年第１回定例会03月11日-06号,議長加藤礼一君,議長,加藤礼一,議長,△１．議案第18号、第20号、第21号、第49号、第52号、第56号及び諮問第１号に関する報告,NULL,NULL,NULL
270311_320,北海道,平成27年第１回,6,27,3,11,定例,平成27年第１回定例会03月11日-06号,57番千葉英守君,0100060000001,千葉英守,57番,（登壇・拍手）私は、総務委員会に付託されました議案審査の経過と結果について御報告を申し上げます。,NULL,NULL,NULL
270311_321,北海道,平成27年第１回,6,27,3,11,定例,平成27年第１回定例会03月11日-06号,57番千葉英守君,0100060000001,千葉英守,57番,議案第18号北海道行政手続条例の一部を改正する条例案は、行政手続法の改正に鑑み、法律または条例の要件に適合しない行政指導の中止等を求める制度、法令に違反する事実の是正のための処分または行政指導を求める制度等を整備することとするため、この条例を制定しようとするものであり、,NULL,NULL,NULL
270311_322,北海道,平成27年第１回,6,27,3,11,定例,平成27年第１回定例会03月11日-06号,57番千葉英守君,0100060000001,千葉英守,57番,議案第20号北海道職員等の退職手当に関する条例の一部を改正する条例案は、北海道職員等の給料の支給水準の改定等に鑑み、退職手当の調整額の改定を行うとともに、退職手当の額の算出に係る基礎在職期間について、研究休職の特例を定めることとし、あわせて規定の整備を行うため、この条例を制定しようとするものであり、,NULL,NULL,NULL
270311_323,北海道,平成27年第１回,6,27,3,11,定例,平成27年第１回定例会03月11日-06号,57番千葉英守君,0100060000001,千葉英守,57番,議案第21号北海道特別職職員の給与等に関する条例の一部を改正する条例案は、非常勤の行政委員会委員について、その勤務実態に応じた算定方法による報酬の支給等を行うこととするため、この条例を制定しようとするものであり、,NULL,NULL,NULL
270311_324,北海道,平成27年第１回,6,27,3,11,定例,平成27年第１回定例会03月11日-06号,57番千葉英守君,0100060000001,千葉英守,57番,議案第49号北海道公安委員会手数料条例の一部を改正する条例案は、道路交通法等の改正に鑑み、自転車の運転による交通の危険を防止するための講習の事務に係る手数料について定めるとともに、運転免許試験手数料等の額を改定することとするため、この条例を制定しようとするものであり、,NULL,NULL,NULL
270311_325,北海道,平成27年第１回,6,27,3,11,定例,平成27年第１回定例会03月11日-06号,57番千葉英守君,0100060000001,千葉英守,57番,議案第52号北海道暴力団の排除の推進に関する条例の一部を改正する条例案は、少年院法及び少年鑑別所法の制定に伴い、規定の整備を行うため、この条例を制定しようとするものであり、,NULL,NULL,NULL
270311_326,北海道,平成27年第１回,6,27,3,11,定例,平成27年第１回定例会03月11日-06号,57番千葉英守君,0100060000001,千葉英守,57番,議案第56号包括外部監査契約の締結に関する件は、包括外部監査契約の締結について、地方自治法第252条の36第１項の規定により議決を得ようとするものであり、,NULL,NULL,NULL
270311_327,北海道,平成27年第１回,6,27,3,11,定例,平成27年第１回定例会03月11日-06号,57番千葉英守君,0100060000001,千葉英守,57番,諮問第１号審査請求に係る諮問に関する件は、北海道教育委員会が行った退職手当の支給制限処分に係る審査請求について、地方自治法第206条第４項の規定により意見を求めようとするものでありまして、昨日、委員会を開き審査を行った結果、議案第18号、第20号、第21号、第49号、第52号及び第56号は、全会一致、原案可決、諮問第１号は、全会一致、棄却すべき旨答申することと、それぞれ決定した次第であります。,NULL,NULL,NULL
270311_328,北海道,平成27年第１回,6,27,3,11,定例,平成27年第１回定例会03月11日-06号,57番千葉英守君,0100060000001,千葉英守,57番,以上をもって私の報告を終わります。（拍手）,NULL,NULL,NULL
270311_329,北海道,平成27年第１回,6,27,3,11,定例,平成27年第１回定例会03月11日-06号,議長加藤礼一君,議長,加藤礼一,議長,総合政策委員長長尾信秀君。,NULL,NULL,NULL
270311_330,北海道,平成27年第１回,6,27,3,11,定例,平成27年第１回定例会03月11日-06号,議長加藤礼一君,議長,加藤礼一,議長,△１．議案第23号、第58号及び第59号に関する報告,NULL,NULL,NULL
270311_331,北海道,平成27年第１回,6,27,3,11,定例,平成27年第１回定例会03月11日-06号,68番長尾信秀君,0100060000076,長尾信秀,68番,（登壇・拍手）私は、総合政策委員会に付託されました議案審査の経過と結果について御報告を申し上げます。,NULL,NULL,NULL
270311_332,北海道,平成27年第１回,6,27,3,11,定例,平成27年第１回定例会03月11日-06号,68番長尾信秀君,0100060000076,長尾信秀,68番,議案第23号住民基本台帳法施行条例の一部を改正する条例案は、不当景品類及び不当表示防止法の改正に伴い、規定の整備を行うため、この条例を制定しようとするものであり、,NULL,NULL,NULL
270311_333,北海道,平成27年第１回,6,27,3,11,定例,平成27年第１回定例会03月11日-06号,68番長尾信秀君,0100060000076,長尾信秀,68番,議案第58号地方独立行政法人北海道立総合研究機構の定款の変更に関する件は、地方独立行政法人北海道立総合研究機構の定款の変更を行うため、地方独立行政法人法第８条第２項本文の規定により議決を得ようとするものであり、,NULL,NULL,NULL
270311_334,北海道,平成27年第１回,6,27,3,11,定例,平成27年第１回定例会03月11日-06号,68番長尾信秀君,0100060000076,長尾信秀,68番,議案第59号地方独立行政法人北海道立総合研究機構が業務に関して徴収する料金の上限の定めの変更の認可に関する件は、地方独立行政法人北海道立総合研究機構が業務に関して徴収する料金の上限の定めの変更の認可について、地方独立行政法人法第23条第２項の規定により議決を得ようとするものでありまして、昨日、委員会を開き審査を行った結果、いずれも全会一致、原案可決と決定した次第であります。,NULL,NULL,NULL
270311_335,北海道,平成27年第１回,6,27,3,11,定例,平成27年第１回定例会03月11日-06号,68番長尾信秀君,0100060000076,長尾信秀,68番,以上をもって私の報告を終わります。（拍手）,NULL,NULL,NULL
270311_336,北海道,平成27年第１回,6,27,3,11,定例,平成27年第１回定例会03月11日-06号,議長加藤礼一君,議長,加藤礼一,議長,環境生活委員長森成之君。,NULL,NULL,NULL
270311_337,北海道,平成27年第１回,6,27,3,11,定例,平成27年第１回定例会03月11日-06号,議長加藤礼一君,議長,加藤礼一,議長,△１．議案第24号ないし第27号及び第55号に関する報告,NULL,NULL,NULL
270311_338,北海道,平成27年第１回,6,27,3,11,定例,平成27年第１回定例会03月11日-06号,78番森成之君,0100060000012,森成之,78番,（登壇・拍手）私は、環境生活委員会に付託されました議案審査の経過と結果について御報告申し上げます。,NULL,NULL,NULL
270311_339,北海道,平成27年第１回,6,27,3,11,定例,平成27年第１回定例会03月11日-06号,78番森成之君,0100060000012,森成之,78番,議案第24号北海道環境生活部手数料条例の一部を改正する条例案は、特定製品に係るフロン類の回収及び破壊の実施の確保等に関する法律の改正に伴い、規定の整備を行うため、この条例を制定しようとするものであり、,NULL,NULL,NULL
270311_340,北海道,平成27年第１回,6,27,3,11,定例,平成27年第１回定例会03月11日-06号,78番森成之君,0100060000012,森成之,78番,議案第25号鳥獣の保護及び狩猟の適正化に関する法律の一部改正に伴う関係条例の整理に関する条例案は、鳥獣の保護及び狩猟の適正化に関する法律の改正に伴い、規定の整備を行うため、この条例を制定しようとするものであり、,NULL,NULL,NULL
270311_341,北海道,平成27年第１回,6,27,3,11,定例,平成27年第１回定例会03月11日-06号,78番森成之君,0100060000012,森成之,78番,議案第26号北海道控除対象特定非営利活動法人等を定める条例の一部を改正する条例案は、地方税法に基づき、新たに個人の道民税の寄附金税額控除の対象となる特定非営利活動法人を定めることとするため、この条例を制定しようとするものであり、,NULL,NULL,NULL
270311_342,北海道,平成27年第１回,6,27,3,11,定例,平成27年第１回定例会03月11日-06号,78番森成之君,0100060000012,森成之,78番,議案第27号北海道消費者行政活性化基金条例の一部を改正する条例案は、道内の消費生活相談窓口の機能強化等を引き続き図るよう、北海道消費者行政活性化基金条例の有効期限を延長することとするため、この条例を制定しようとするものであり、,NULL,NULL,NULL
270311_343,北海道,平成27年第１回,6,27,3,11,定例,平成27年第１回定例会03月11日-06号,78番森成之君,0100060000012,森成之,78番,議案第55号公の施設の指定管理者の指定に関する件は、北海道立総合博物館の指定管理者の指定について、地方自治法第244条の２第６項の規定により議決を得ようとするものでありまして、昨日、委員会を開き審査を行った結果、いずれも全会一致、原案可決と決定した次第であります。,NULL,NULL,NULL
270311_344,北海道,平成27年第１回,6,27,3,11,定例,平成27年第１回定例会03月11日-06号,78番森成之君,0100060000012,森成之,78番,以上をもって私の報告を終わります。（拍手）,NULL,NULL,NULL
270311_345,北海道,平成27年第１回,6,27,3,11,定例,平成27年第１回定例会03月11日-06号,議長加藤礼一君,議長,加藤礼一,議長,保健福祉委員長三井あき子君。,NULL,NULL,NULL
270311_346,北海道,平成27年第１回,6,27,3,11,定例,平成27年第１回定例会03月11日-06号,議長加藤礼一君,議長,加藤礼一,議長,△１．議案第28号ないし第33号、第36号、第38号及び第39号に関する報告,NULL,NULL,NULL
270311_347,北海道,平成27年第１回,6,27,3,11,定例,平成27年第１回定例会03月11日-06号,82番三井あき子君,0100060000040,三井あき子,82番,（登壇・拍手）私は、保健福祉委員会に付託されました議案審査の経過と結果について御報告を申し上げます。,NULL,NULL,NULL
270311_348,北海道,平成27年第１回,6,27,3,11,定例,平成27年第１回定例会03月11日-06号,82番三井あき子君,0100060000040,三井あき子,82番,議案第28号北海道保健福祉部手数料条例の一部を改正する条例案は、登録免許税法等の改正に鑑み、学校法人等が認定こども園の用に供する不動産の登記に関する証明の事務に係る手数料について定めることとし、あわせて規定の整備を行うため、この条例を制定しようとするものであり、,NULL,NULL,NULL
270311_349,北海道,平成27年第１回,6,27,3,11,定例,平成27年第１回定例会03月11日-06号,82番三井あき子君,0100060000040,三井あき子,82番,議案第29号北海道保健福祉部の事務処理の特例に関する条例の一部を改正する条例案は、市町村への権限移譲の推進を図るよう、医療法に基づく国等の開設する病院に係る事務の一部を函館市、小樽市及び旭川市が処理することとし、あわせて規定の整備を行うため、この条例を制定しようとするものであり、,NULL,NULL,NULL
270311_350,北海道,平成27年第１回,6,27,3,11,定例,平成27年第１回定例会03月11日-06号,82番三井あき子君,0100060000040,三井あき子,82番,議案第30号北海道看護職員養成修学資金貸付条例の一部を改正する条例案は、保健師助産師看護師法の改正に伴い、規定の整備を行うため、この条例を制定しようとするものであり、,NULL,NULL,NULL
270311_351,北海道,平成27年第１回,6,27,3,11,定例,平成27年第１回定例会03月11日-06号,82番三井あき子君,0100060000040,三井あき子,82番,議案第31号北海道病院及び診療所の人員及び施設等に関する基準を定める条例の一部を改正する条例案は、医療法の改正に伴い、規定の整備を行うため、この条例を制定しようとするものであり、,NULL,NULL,NULL
270311_352,北海道,平成27年第１回,6,27,3,11,定例,平成27年第１回定例会03月11日-06号,82番三井あき子君,0100060000040,三井あき子,82番,議案第32号興行場法施行条例の一部を改正する条例案は、各種施設における受動喫煙防止対策の進展に鑑み、興行場において喫煙所を設ける場合の公衆衛生上、必要な構造設備の基準を定めることとするため、この条例を制定しようとするものであり、,NULL,NULL,NULL
270311_353,北海道,平成27年第１回,6,27,3,11,定例,平成27年第１回定例会03月11日-06号,82番三井あき子君,0100060000040,三井あき子,82番,議案第33号食品衛生法施行条例の一部を改正する条例案は、食品の安全性の向上を図るよう、営業者が公衆衛生上、講ずべき措置に関する基準について、新たに危害分析・重要管理点方式を用いて衛生管理を行う場合の基準を定めるとともに、食品等の苦情に関する報告義務を加えることとするため、この条例を制定しようとするものであり、,NULL,NULL,NULL
270311_354,北海道,平成27年第１回,6,27,3,11,定例,平成27年第１回定例会03月11日-06号,82番三井あき子君,0100060000040,三井あき子,82番,議案第36号北海道指定障害福祉サービスの事業等の人員、設備及び運営に関する基準等を定める条例の一部を改正する条例案は、国が定める指定障害福祉サービスの事業等の人員、設備及び運営に関する基準の改正に鑑み、基準該当生活介護及び基準該当短期入所について、指定看護小規模多機能型居宅介護事業所に関する特例等を定めるとともに、指定共同生活援助事業所における居宅介護等の利用に係る特例措置を延長することとするため、この条例を制定しようとするものであり、,NULL,NULL,NULL
270311_355,北海道,平成27年第１回,6,27,3,11,定例,平成27年第１回定例会03月11日-06号,82番三井あき子君,0100060000040,三井あき子,82番,議案第38号北海道地域自殺対策緊急強化基金条例の一部を改正する条例案は、北海道における自殺対策を引き続き強化するよう、北海道地域自殺対策緊急強化基金条例の有効期限を延長することとするため、この条例を制定しようとするものであり、,NULL,NULL,NULL
270311_356,北海道,平成27年第１回,6,27,3,11,定例,平成27年第１回定例会03月11日-06号,82番三井あき子君,0100060000040,三井あき子,82番,議案第39号北海道指定通所支援の事業等の人員、設備及び運営に関する基準等を定める条例の一部を改正する条例案は、国が定める指定通所支援の事業等の人員、設備及び運営に関する基準の改正に鑑み、児童発達支援センターが援助を行う対象の拡大等を行うとともに、主として重症心身障がい児を通わせる指定放課後等デイサービス事業所の運営基準の特例を定めることとするため、この条例を制定しようとするものでありまして、昨日、委員会を開き審査を行った結果、いずれも全会一致、原案可決と決定した次第であります。,NULL,NULL,NULL
270311_357,北海道,平成27年第１回,6,27,3,11,定例,平成27年第１回定例会03月11日-06号,82番三井あき子君,0100060000040,三井あき子,82番,以上をもって私の報告を終わります。（拍手）,NULL,NULL,NULL
270311_358,北海道,平成27年第１回,6,27,3,11,定例,平成27年第１回定例会03月11日-06号,議長加藤礼一君,議長,加藤礼一,議長,少子・高齢社会対策特別委員長須田靖子君。,NULL,NULL,NULL
270311_359,北海道,平成27年第１回,6,27,3,11,定例,平成27年第１回定例会03月11日-06号,議長加藤礼一君,議長,加藤礼一,議長,△１．議案第34号、第35号及び第37号に関する報告,NULL,NULL,NULL
270311_360,北海道,平成27年第１回,6,27,3,11,定例,平成27年第１回定例会03月11日-06号,65番須田靖子君,0100060000027,須田靖子,65番,（登壇・拍手）私は、少子・高齢社会対策特別委員会に付託されました議案審査の経過と結果について御報告申し上げます。,NULL,NULL,NULL
270311_361,北海道,平成27年第１回,6,27,3,11,定例,平成27年第１回定例会03月11日-06号,65番須田靖子君,0100060000027,須田靖子,65番,議案第34号北海道指定居宅サービス等の事業の人員、設備及び運営に関する基準等を定める条例の一部を改正する条例案は、国が定める指定居宅サービス等の事業の人員、設備及び運営に関する基準の改正に鑑み、短期入所生活介護における緊急時の受け入れに係る特例等を定めることとするため、この条例を制定しようとするものであり、,NULL,NULL,NULL
270311_362,北海道,平成27年第１回,6,27,3,11,定例,平成27年第１回定例会03月11日-06号,65番須田靖子君,0100060000027,須田靖子,65番,議案第35号北海道指定介護予防サービス等の事業の人員、設備及び運営に関する基準等を定める条例の一部を改正する条例案は、国が定める指定介護予防サービス等の事業の人員、設備及び運営に関する基準の改正に鑑み、介護予防短期入所生活介護における緊急時の受け入れに係る特例等を定めることとし、あわせて規定の整備を行うため、この条例を制定しようとするものであり、,NULL,NULL,NULL
270311_363,北海道,平成27年第１回,6,27,3,11,定例,平成27年第１回定例会03月11日-06号,65番須田靖子君,0100060000027,須田靖子,65番,議案第37号北海道指定居宅介護支援等の事業の人員及び運営に関する基準等を定める条例の一部を改正する条例案は、国が定める指定居宅介護支援等の事業の人員及び運営に関する基準の改正に鑑み、指定居宅介護支援の具体的取り扱い方針に介護支援専門員が指定居宅サービス事業者等に対して個別サービス計画の提出を求めることなどの項目を加えることとするため、この条例を制定しようとするものでありまして、昨日、委員会を開き審査を行った結果、いずれも全会一致、原案可決と決定した次第であります。,NULL,NULL,NULL
270311_364,北海道,平成27年第１回,6,27,3,11,定例,平成27年第１回定例会03月11日-06号,65番須田靖子君,0100060000027,須田靖子,65番,以上をもって私の報告を終わります。（拍手）,NULL,NULL,NULL
270311_365,北海道,平成27年第１回,6,27,3,11,定例,平成27年第１回定例会03月11日-06号,議長加藤礼一君,議長,加藤礼一,議長,経済委員長斉藤博君。,NULL,NULL,NULL
270311_366,北海道,平成27年第１回,6,27,3,11,定例,平成27年第１回定例会03月11日-06号,議長加藤礼一君,議長,加藤礼一,議長,△１．議案第40号、第41号及び第44号に関する報告,NULL,NULL,NULL
270311_367,北海道,平成27年第１回,6,27,3,11,定例,平成27年第１回定例会03月11日-06号,80番斉藤博君,0100060000032,斉藤博,80番,（登壇・拍手）私は、経済委員会に付託されました議案審査の経過と結果について御報告申し上げます。,NULL,NULL,NULL
270311_368,北海道,平成27年第１回,6,27,3,11,定例,平成27年第１回定例会03月11日-06号,80番斉藤博君,0100060000032,斉藤博,80番,議案第40号北海道経済部の事務処理の特例に関する条例の一部を改正する条例案は、市町村への権限移譲の推進を図るよう、中小企業等協同組合法に基づく事務の一部を市町村が処理することとするため、この条例を制定しようとするものであり、,NULL,NULL,NULL
270311_369,北海道,平成27年第１回,6,27,3,11,定例,平成27年第１回定例会03月11日-06号,80番斉藤博君,0100060000032,斉藤博,80番,議案第41号北海道地域商業の活性化に関する条例の一部を改正する条例案は、中心市街地の活性化に関する法律の改正に鑑み、同法に基づく認定特例大規模小売店舗について、特定小売事業施設の新設の届け出の対象から除外することとし、あわせて規定の整備を行うため、この条例を制定しようとするものであり、,NULL,NULL,NULL
270311_370,北海道,平成27年第１回,6,27,3,11,定例,平成27年第１回定例会03月11日-06号,80番斉藤博君,0100060000032,斉藤博,80番,議案第44号北海道公営企業条例の一部を改正する条例案は、新たにシューパロ発電所を経営することとするため、この条例を制定しようとするものでありまして、昨日、委員会を開き審査を行った結果、いずれも全会一致、原案可決と決定した次第であります。,NULL,NULL,NULL
270311_371,北海道,平成27年第１回,6,27,3,11,定例,平成27年第１回定例会03月11日-06号,80番斉藤博君,0100060000032,斉藤博,80番,以上をもって私の報告を終わります。（拍手）,NULL,NULL,NULL
270311_372,北海道,平成27年第１回,6,27,3,11,定例,平成27年第１回定例会03月11日-06号,議長加藤礼一君,議長,加藤礼一,議長,建設委員長石塚正寛君。,NULL,NULL,NULL
270311_373,北海道,平成27年第１回,6,27,3,11,定例,平成27年第１回定例会03月11日-06号,議長加藤礼一君,議長,加藤礼一,議長,△１．議案第42号、第43号、第54号、第57号及び第75号に関する報告,NULL,NULL,NULL
270311_374,北海道,平成27年第１回,6,27,3,11,定例,平成27年第１回定例会03月11日-06号,47番石塚正寛君,0100060000057,石塚正寛,47番,（登壇・拍手）私は、建設委員会に付託されました議案審査の経過と結果について御報告申し上げます。,NULL,NULL,NULL
270311_375,北海道,平成27年第１回,6,27,3,11,定例,平成27年第１回定例会03月11日-06号,47番石塚正寛君,0100060000057,石塚正寛,47番,議案第42号北海道建設部手数料条例の一部を改正する条例案は、建築基準法の改正等に鑑み、既存建築物の移転制限の適用除外に係る範囲の認定等の事務に係る手数料について定めるとともに、構造計算適合性判定手数料等の額を改定することとし、あわせて規定の整備を行うため、この条例を制定しようとするものであり、,NULL,NULL,NULL
270311_376,北海道,平成27年第１回,6,27,3,11,定例,平成27年第１回定例会03月11日-06号,47番石塚正寛君,0100060000057,石塚正寛,47番,議案第43号北海道建築基準法施行条例の一部を改正する条例案は、建築基準法施行令の改正に伴い、規定の整備を行うため、この条例を制定しようとするものであり、,NULL,NULL,NULL
270311_377,北海道,平成27年第１回,6,27,3,11,定例,平成27年第１回定例会03月11日-06号,47番石塚正寛君,0100060000057,石塚正寛,47番,議案第54号訴えの提起に関する件は、訴えの提起について、地方自治法第96条第１項の規定により議決を得ようとするものであり、,NULL,NULL,NULL
270311_378,北海道,平成27年第１回,6,27,3,11,定例,平成27年第１回定例会03月11日-06号,47番石塚正寛君,0100060000057,石塚正寛,47番,議案第57号河川法に基づく一級河川の指定の変更についての意見に関する件は、河川法第４条第６項の規定により、一級河川の指定の変更に関し、知事が意見を述べることについて議決を得ようとするものであり、,NULL,NULL,NULL
270311_379,北海道,平成27年第１回,6,27,3,11,定例,平成27年第１回定例会03月11日-06号,47番石塚正寛君,0100060000057,石塚正寛,47番,議案第75号都市公園事業に伴う地方公共団体の負担金に関する件は、平成26年度において国が行う都市公園事業に伴う地元負担金について、都市公園法第12条の４第２項の規定より議決を得ようとするものでありまして、昨日、委員会を開き審査を行った結果、いずれも全会一致、原案可決と決定した次第であります。,NULL,NULL,NULL
270311_380,北海道,平成27年第１回,6,27,3,11,定例,平成27年第１回定例会03月11日-06号,47番石塚正寛君,0100060000057,石塚正寛,47番,以上をもって私の報告を終わります。（拍手）,NULL,NULL,NULL
270311_381,北海道,平成27年第１回,6,27,3,11,定例,平成27年第１回定例会03月11日-06号,議長加藤礼一君,議長,加藤礼一,議長,文教委員長大崎誠子君。,NULL,NULL,NULL
270311_382,北海道,平成27年第１回,6,27,3,11,定例,平成27年第１回定例会03月11日-06号,議長加藤礼一君,議長,加藤礼一,議長,△１．議案第45号及び第46号に関する報告,NULL,NULL,NULL
270311_383,北海道,平成27年第１回,6,27,3,11,定例,平成27年第１回定例会03月11日-06号,49番大崎誠子君,0100060000008,大崎誠子,49番,（登壇・拍手）私は、文教委員会に付託されました議案審査の経過と結果について御報告申し上げます。,NULL,NULL,NULL
270311_384,北海道,平成27年第１回,6,27,3,11,定例,平成27年第１回定例会03月11日-06号,49番大崎誠子君,0100060000008,大崎誠子,49番,議案第45号地方教育行政の組織及び運営に関する法律の一部改正に伴う関係条例の整理に関する条例案は、地方教育行政の組織及び運営に関する法律の改正に伴い、規定の整備を行うため、この条例を制定しようとするものであり、,NULL,NULL,NULL
270311_385,北海道,平成27年第１回,6,27,3,11,定例,平成27年第１回定例会03月11日-06号,49番大崎誠子君,0100060000008,大崎誠子,49番,議案第46号北海道学校職員の勤務時間、休暇等に関する条例及び北海道学校職員等の特殊勤務手当に関する条例の一部を改正する条例案は、道立学校に主幹教諭を配置することに伴い、主幹教諭の勤務時間等及び特殊勤務手当について必要な事項を定めることとするため、この条例を制定しようとするものでありまして、昨日、委員会を開き審査を行った結果、いずれも全会一致、原案可決と決定した次第であります。,NULL,NULL,NULL
270311_386,北海道,平成27年第１回,6,27,3,11,定例,平成27年第１回定例会03月11日-06号,49番大崎誠子君,0100060000008,大崎誠子,49番,以上をもって私の報告を終わります。（拍手）,NULL,NULL,NULL
270311_387,北海道,平成27年第１回,6,27,3,11,定例,平成27年第１回定例会03月11日-06号,議長加藤礼一君,議長,加藤礼一,議長,農政委員長藤沢澄雄君。,NULL,NULL,NULL
270311_388,北海道,平成27年第１回,6,27,3,11,定例,平成27年第１回定例会03月11日-06号,議長加藤礼一君,議長,加藤礼一,議長,△１．議案第53号及び第74号に関する報告,NULL,NULL,NULL
270311_389,北海道,平成27年第１回,6,27,3,11,定例,平成27年第１回定例会03月11日-06号,59番藤沢澄雄君,0100060000096,藤沢澄雄,59番,（登壇・拍手）私は、農政委員会に付託されました議案審査の経過と結果について御報告申し上げます。,NULL,NULL,NULL
270311_390,北海道,平成27年第１回,6,27,3,11,定例,平成27年第１回定例会03月11日-06号,59番藤沢澄雄君,0100060000096,藤沢澄雄,59番,議案第53号国営土地改良事業に伴う地方公共団体の負担金に関する件は、国営土地改良事業に伴う地元負担金について、土地改良法第90条第10項の規定により議決を得ようとするものであり、,NULL,NULL,NULL
270311_391,北海道,平成27年第１回,6,27,3,11,定例,平成27年第１回定例会03月11日-06号,59番藤沢澄雄君,0100060000096,藤沢澄雄,59番,議案第74号国営造成施設管理事業に伴う地方公共団体の負担金に関する件は、平成25年度国営造成施設管理事業に伴う地元負担金について、土地改良法第90条第10項の規定により議決を得ようとするものでありまして、昨日、委員会を開き審査を行った結果、いずれも全会一致、原案可決と決定した次第であります。,NULL,NULL,NULL
270311_392,北海道,平成27年第１回,6,27,3,11,定例,平成27年第１回定例会03月11日-06号,59番藤沢澄雄君,0100060000096,藤沢澄雄,59番,以上をもって私の報告を終わります。（拍手）,NULL,NULL,NULL
270311_393,北海道,平成27年第１回,6,27,3,11,定例,平成27年第１回定例会03月11日-06号,59番藤沢澄雄君,0100060000096,藤沢澄雄,59番,△１．討論,NULL,NULL,NULL
270311_394,北海道,平成27年第１回,6,27,3,11,定例,平成27年第１回定例会03月11日-06号,議長加藤礼一君,議長,加藤礼一,議長,これより討論に入ります。,NULL,NULL,NULL
270311_395,北海道,平成27年第１回,6,27,3,11,定例,平成27年第１回定例会03月11日-06号,議長加藤礼一君,議長,加藤礼一,議長,討論の通告がありますので、発言を許します。,NULL,NULL,NULL
270311_396,北海道,平成27年第１回,6,27,3,11,定例,平成27年第１回定例会03月11日-06号,議長加藤礼一君,議長,加藤礼一,議長,真下紀子君。,NULL,NULL,NULL
270311_397,北海道,平成27年第１回,6,27,3,11,定例,平成27年第１回定例会03月11日-06号,30番真下紀子君,0100060000043,真下紀子,30番,（登壇）日本共産党の真下紀子です。,NULL,NULL,NULL
270311_398,北海道,平成27年第１回,6,27,3,11,定例,平成27年第１回定例会03月11日-06号,30番真下紀子君,0100060000043,真下紀子,30番,議案第１号、第５号、第６号、第10号、第12号、第13号、第17号、第19号、第22号、第39号、第45号、第47号、第48号及び第51号について、反対の立場から討論を行います。,NULL,NULL,NULL
270311_399,北海道,平成27年第１回,6,27,3,11,定例,平成27年第１回定例会03月11日-06号,30番真下紀子君,0100060000043,真下紀子,30番,議案第１号は、平成27年度北海道一般会計予算です。,NULL,NULL,NULL
270311_400,北海道,平成27年第１回,6,27,3,11,定例,平成27年第１回定例会03月11日-06号,30番真下紀子君,0100060000043,真下紀子,30番,今回の予算は、いわゆる骨格予算であり、政策的な予算については、第２回定例会で検討されると承知をしておりますが、乳幼児医療給付事業や、地域づくり総合交付金で実施をされている福祉灯油等助成事業など、道民生活を温かく支える予算の拡充が先送りされ、知事の任期中に制度の改正や拡充が実現されなかったことは非常に残念であり、賛成することはできません。,NULL,NULL,NULL
270311_401,北海道,平成27年第１回,6,27,3,11,定例,平成27年第１回定例会03月11日-06号,30番真下紀子君,0100060000043,真下紀子,30番,議案第５号と第６号は、それぞれ、苫東開発、石狩湾新港開発のための特別会計です。,NULL,NULL,NULL
270311_402,北海道,平成27年第１回,6,27,3,11,定例,平成27年第１回定例会03月11日-06号,30番真下紀子君,0100060000043,真下紀子,30番,両地域の開発は、分譲目標と実績に大幅な乖離が生じ、その赤字を埋めるための一般会計からの借入金は、苫東開発が62億9000万円、石狩湾新港のほうは14億9000万円に膨らんでいます。,NULL,NULL,NULL
270311_403,北海道,平成27年第１回,6,27,3,11,定例,平成27年第１回定例会03月11日-06号,30番真下紀子君,0100060000043,真下紀子,30番,過剰需要予測に基づく無駄な事業の継続であり、反対です。,NULL,NULL,NULL
270311_404,北海道,平成27年第１回,6,27,3,11,定例,平成27年第１回定例会03月11日-06号,30番真下紀子君,0100060000043,真下紀子,30番,議案第10号の公共下水道事業特別会計予算は、石狩湾新港地域の開発に関連して、過大な水需要予測に基づく事業であり、歳入歳出の不足額に対して、毎年、税金を投入し続けることに反対です。,NULL,NULL,NULL
270311_405,北海道,平成27年第１回,6,27,3,11,定例,平成27年第１回定例会03月11日-06号,30番真下紀子君,0100060000043,真下紀子,30番,議案第12号は、道営住宅事業特別会計予算です。,NULL,NULL,NULL
270311_406,北海道,平成27年第１回,6,27,3,11,定例,平成27年第１回定例会03月11日-06号,30番真下紀子君,0100060000043,真下紀子,30番,昨年度の入居応募倍率は10倍を超えていますが、この５年間で、管理戸数は逆に約1000戸減っています。,NULL,NULL,NULL
270311_407,北海道,平成27年第１回,6,27,3,11,定例,平成27年第１回定例会03月11日-06号,30番真下紀子君,0100060000043,真下紀子,30番,予算も、５年前と比べて40億円の減額となっています。,NULL,NULL,NULL
270311_408,北海道,平成27年第１回,6,27,3,11,定例,平成27年第１回定例会03月11日-06号,30番真下紀子君,0100060000043,真下紀子,30番,本来、低廉で良質な住宅を供給するという道が果たすべき役割を果たしていないと言わざるを得ず、賛成できません。,NULL,NULL,NULL
270311_409,北海道,平成27年第１回,6,27,3,11,定例,平成27年第１回定例会03月11日-06号,30番真下紀子君,0100060000043,真下紀子,30番,人口減・少子化対策としても、子育て世帯等への住宅支援は重要な課題であり、必要な戸数を整備すべきだということを申し添えます。,NULL,NULL,NULL
270311_410,北海道,平成27年第１回,6,27,3,11,定例,平成27年第１回定例会03月11日-06号,30番真下紀子君,0100060000043,真下紀子,30番,議案第13号住宅供給公社経営健全化資金貸付事業特別会計予算は、破綻の責任が明確にされないまま、長期貸付金の金利差を道民の税金で補填する枠組みを見直すことなく、今日に至っており、反対です。,NULL,NULL,NULL
270311_411,北海道,平成27年第１回,6,27,3,11,定例,平成27年第１回定例会03月11日-06号,30番真下紀子君,0100060000043,真下紀子,30番,議案第17号は、工業用水道事業会計予算ですが、特に、石狩工水は過大な開発計画に基づくものであり、契約率が25％程度に低迷しています。,NULL,NULL,NULL
270311_412,北海道,平成27年第１回,6,27,3,11,定例,平成27年第１回定例会03月11日-06号,30番真下紀子君,0100060000043,真下紀子,30番,一般会計からの繰入金は、苫小牧工水が199億円、石狩工水が107億円に上っており、道財政の硬直化の一因となるものであり、反対です。,NULL,NULL,NULL
270311_413,北海道,平成27年第１回,6,27,3,11,定例,平成27年第１回定例会03月11日-06号,30番真下紀子君,0100060000043,真下紀子,30番,議案第19号は、道職員の給与に関する条例等の一部改正ですが、人事委員会勧告に従って、道職員の月額給与を２％削減し、2006年の給与構造改革の経過措置を段階的に廃止することなどが柱です。,NULL,NULL,NULL
270311_414,北海道,平成27年第１回,6,27,3,11,定例,平成27年第１回定例会03月11日-06号,30番真下紀子君,0100060000043,真下紀子,30番,両方で影響額は95億円に及びます。,NULL,NULL,NULL
270311_415,北海道,平成27年第１回,6,27,3,11,定例,平成27年第１回定例会03月11日-06号,30番真下紀子君,0100060000043,真下紀子,30番,1999年以降、累計で4142億円にも及ぶ給与独自削減をやめると明言しないもとでのさらなる給与削減に、到底賛成するわけにはまいりません。,NULL,NULL,NULL
270311_416,北海道,平成27年第１回,6,27,3,11,定例,平成27年第１回定例会03月11日-06号,30番真下紀子君,0100060000043,真下紀子,30番,同様の理由で、学校職員、警察職員給与に関する議案第47号と第48号、第51号についても反対です。,NULL,NULL,NULL
270311_417,北海道,平成27年第１回,6,27,3,11,定例,平成27年第１回定例会03月11日-06号,30番真下紀子君,0100060000043,真下紀子,30番,議案第22号は、公立学校の教職員の定数を改定する案件ですが、道立高校等では160人、市町村立の小中学校では89人減らすとしており、賛成できません。,NULL,NULL,NULL
270311_418,北海道,平成27年第１回,6,27,3,11,定例,平成27年第１回定例会03月11日-06号,30番真下紀子君,0100060000043,真下紀子,30番,行き届いた教育に寄与することこそ、道の使命であり、少子化を理由として学校の統合と学級減を推し進めるのではなく、少人数学級を早急に実現することこそ、求められています。,NULL,NULL,NULL
270311_419,北海道,平成27年第１回,6,27,3,11,定例,平成27年第１回定例会03月11日-06号,30番真下紀子君,0100060000043,真下紀子,30番,議案第39号は、障がいのある子どもたちの通所支援の見直しについてです。,NULL,NULL,NULL
270311_420,北海道,平成27年第１回,6,27,3,11,定例,平成27年第１回定例会03月11日-06号,30番真下紀子君,0100060000043,真下紀子,30番,児童発達支援センターの援助対象の拡大や、放課後等デイサービスが重度障がいの子どもを受け入れた場合の従業者の資格要件等を定めることにしたことは評価できます。,NULL,NULL,NULL
270311_421,北海道,平成27年第１回,6,27,3,11,定例,平成27年第１回定例会03月11日-06号,30番真下紀子君,0100060000043,真下紀子,30番,しかし、重度障がいの子どもが主でない放課後等デイサービスについては、引き続き、指導員の資格要件は問われず、保育所のような面積基準も定められておりません。,NULL,NULL,NULL
270311_422,北海道,平成27年第１回,6,27,3,11,定例,平成27年第１回定例会03月11日-06号,30番真下紀子君,0100060000043,真下紀子,30番,子どもを支援する姿勢が余りに弱いと言わざるを得ません。,NULL,NULL,NULL
270311_423,北海道,平成27年第１回,6,27,3,11,定例,平成27年第１回定例会03月11日-06号,30番真下紀子君,0100060000043,真下紀子,30番,よって、反対です。,NULL,NULL,NULL
270311_424,北海道,平成27年第１回,6,27,3,11,定例,平成27年第１回定例会03月11日-06号,30番真下紀子君,0100060000043,真下紀子,30番,議案第45号は、自治体の首長が任命する新教育長を教育行政の責任者とする法改正に伴う条例の改正です。,NULL,NULL,NULL
270311_425,北海道,平成27年第１回,6,27,3,11,定例,平成27年第１回定例会03月11日-06号,30番真下紀子君,0100060000043,真下紀子,30番,文科省のパンフレットでも、教育に関する大綱を首長が策定するとされております。,NULL,NULL,NULL
270311_426,北海道,平成27年第１回,6,27,3,11,定例,平成27年第１回定例会03月11日-06号,30番真下紀子君,0100060000043,真下紀子,30番,大綱は、国の方針を参酌してつくるとされ、教育委員会は、その大綱にのっとって教育行政を行わなければならない仕組みとなります。,NULL,NULL,NULL
270311_427,北海道,平成27年第１回,6,27,3,11,定例,平成27年第１回定例会03月11日-06号,30番真下紀子君,0100060000043,真下紀子,30番,首長が直接任命する新教育長が、教育委員会の会務を総理し、教育委員会を代表することが明確にされています。,NULL,NULL,NULL
270311_428,北海道,平成27年第１回,6,27,3,11,定例,平成27年第１回定例会03月11日-06号,30番真下紀子君,0100060000043,真下紀子,30番,文部科学省や首長の教育への政治介入に道を開くことにつながりかねないことに対して、教育や教育行政の関係者から多くの危惧の声が上がっており、独立性を奪うものであり、本条例案に反対するものです。,NULL,NULL,NULL
270311_429,北海道,平成27年第１回,6,27,3,11,定例,平成27年第１回定例会03月11日-06号,30番真下紀子君,0100060000043,真下紀子,30番,以上をもって反対討論といたします。,NULL,NULL,NULL
270311_430,北海道,平成27年第１回,6,27,3,11,定例,平成27年第１回定例会03月11日-06号,議長加藤礼一君,議長,加藤礼一,議長,以上で通告の討論は終わりました。,NULL,NULL,NULL
270311_431,北海道,平成27年第１回,6,27,3,11,定例,平成27年第１回定例会03月11日-06号,議長加藤礼一君,議長,加藤礼一,議長,これをもって討論を終結いたします。,NULL,NULL,NULL
270311_432,北海道,平成27年第１回,6,27,3,11,定例,平成27年第１回定例会03月11日-06号,議長加藤礼一君,議長,加藤礼一,議長,日程第１のうち、議案第１号、第５号、第６号、第10号、第12号、第13号、第17号、第19号、第22号、第39号、第45号、第47号、第48号及び第51号を問題といたします。,NULL,NULL,NULL
270311_433,北海道,平成27年第１回,6,27,3,11,定例,平成27年第１回定例会03月11日-06号,議長加藤礼一君,議長,加藤礼一,議長,これより採決いたします。,NULL,NULL,NULL
270311_434,北海道,平成27年第１回,6,27,3,11,定例,平成27年第１回定例会03月11日-06号,議長加藤礼一君,議長,加藤礼一,議長,この採決は起立によります。,NULL,NULL,NULL
270311_435,北海道,平成27年第１回,6,27,3,11,定例,平成27年第１回定例会03月11日-06号,議長加藤礼一君,議長,加藤礼一,議長,本件に関する委員長報告は全て可決であります。,NULL,NULL,NULL
270311_436,北海道,平成27年第１回,6,27,3,11,定例,平成27年第１回定例会03月11日-06号,議長加藤礼一君,議長,加藤礼一,議長,本件を委員長報告のとおり決することに賛成の諸君の起立を求めます。,NULL,NULL,NULL
270311_437,北海道,平成27年第１回,6,27,3,11,定例,平成27年第１回定例会03月11日-06号,議長加藤礼一君,議長,加藤礼一,議長,〔賛成者起立〕,NULL,NULL,NULL
270311_438,北海道,平成27年第１回,6,27,3,11,定例,平成27年第１回定例会03月11日-06号,議長加藤礼一君,議長,加藤礼一,議長,起立多数であります。,NULL,NULL,NULL
270311_439,北海道,平成27年第１回,6,27,3,11,定例,平成27年第１回定例会03月11日-06号,議長加藤礼一君,議長,加藤礼一,議長,よって、本件はそのように決定いたしました。,NULL,NULL,NULL
270311_440,北海道,平成27年第１回,6,27,3,11,定例,平成27年第１回定例会03月11日-06号,議長加藤礼一君,議長,加藤礼一,議長,日程第１のうち、議案第２号ないし第４号、第７号ないし第９号、第11号、第14号ないし第16号、第18号、第20号、第21号、第23号ないし第38号、第40号ないし第44号、第46号、第49号、第50号、第52号ないし第59号、第61号ないし第75号及び諮問第１号を問題といたします。,NULL,NULL,NULL
270311_441,北海道,平成27年第１回,6,27,3,11,定例,平成27年第１回定例会03月11日-06号,議長加藤礼一君,議長,加藤礼一,議長,本件に関する委員長報告は、議案は全て可決、諮問は棄却すべき旨の答申であります。,NULL,NULL,NULL
270311_442,北海道,平成27年第１回,6,27,3,11,定例,平成27年第１回定例会03月11日-06号,議長加藤礼一君,議長,加藤礼一,議長,お諮りいたします。,NULL,NULL,NULL
270311_443,北海道,平成27年第１回,6,27,3,11,定例,平成27年第１回定例会03月11日-06号,議長加藤礼一君,議長,加藤礼一,議長,別に御発言もなければ、本件は、いずれも委員長報告のとおり決することに御異議ありませんか。,NULL,NULL,NULL
270311_444,北海道,平成27年第１回,6,27,3,11,定例,平成27年第１回定例会03月11日-06号,議長加藤礼一君,議長,加藤礼一,議長,〔「異議なし」と呼ぶ者あり〕,NULL,NULL,NULL
270311_445,北海道,平成27年第１回,6,27,3,11,定例,平成27年第１回定例会03月11日-06号,議長加藤礼一君,議長,加藤礼一,議長,御異議なしと認めます。,NULL,NULL,NULL
270311_446,北海道,平成27年第１回,6,27,3,11,定例,平成27年第１回定例会03月11日-06号,議長加藤礼一君,議長,加藤礼一,議長,よって、本件は、いずれもそのように決定いたしました。,NULL,NULL,NULL
270311_447,北海道,平成27年第１回,6,27,3,11,定例,平成27年第１回定例会03月11日-06号,議長加藤礼一君,議長,加藤礼一,議長,△１．日程第２、議案第76号及び第77号,NULL,NULL,NULL
270311_448,北海道,平成27年第１回,6,27,3,11,定例,平成27年第１回定例会03月11日-06号,議長加藤礼一君,議長,加藤礼一,議長,日程第２、議案第76号及び第77号を議題といたします。,NULL,NULL,NULL
270311_449,北海道,平成27年第１回,6,27,3,11,定例,平成27年第１回定例会03月11日-06号,議長加藤礼一君,議長,加藤礼一,議長,提出者の説明を求めます。,NULL,NULL,NULL
270311_450,北海道,平成27年第１回,6,27,3,11,定例,平成27年第１回定例会03月11日-06号,議長加藤礼一君,議長,加藤礼一,議長,知事高橋はるみ君。,NULL,NULL,NULL
270311_451,北海道,平成27年第１回,6,27,3,11,定例,平成27年第１回定例会03月11日-06号,議長加藤礼一君,議長,加藤礼一,議長,△１．議案第76号及び第77号に関する説明,NULL,NULL,NULL
270311_452,北海道,平成27年第１回,6,27,3,11,定例,平成27年第１回定例会03月11日-06号,知事高橋はるみ君,知事,高橋はるみ,知事,（登壇）ただいま議題となりました議案第76号及び第77号について御説明を申し上げます。,NULL,NULL,NULL
270311_453,北海道,平成27年第１回,6,27,3,11,定例,平成27年第１回定例会03月11日-06号,知事高橋はるみ君,知事,高橋はるみ,知事,まず、議案第76号は、欠員となっております,NULL,NULL,NULL
270311_454,北海道,平成27年第１回,6,27,3,11,定例,平成27年第１回定例会03月11日-06号,知事高橋はるみ君,知事,高橋はるみ,知事,北海道函館方面公安委員会委員に　　宮崎加奈古さん,NULL,NULL,NULL
270311_455,北海道,平成27年第１回,6,27,3,11,定例,平成27年第１回定例会03月11日-06号,知事高橋はるみ君,知事,高橋はるみ,知事,を、,NULL,NULL,NULL
270311_456,北海道,平成27年第１回,6,27,3,11,定例,平成27年第１回定例会03月11日-06号,知事高橋はるみ君,知事,高橋はるみ,知事,議案第77号は、,NULL,NULL,NULL
270311_457,北海道,平成27年第１回,6,27,3,11,定例,平成27年第１回定例会03月11日-06号,知事高橋はるみ君,知事,高橋はるみ,知事,平成27年３月31日をもって辞任する,NULL,NULL,NULL
270311_458,北海道,平成27年第１回,6,27,3,11,定例,平成27年第１回定例会03月11日-06号,知事高橋はるみ君,知事,高橋はるみ,知事,北海道人事委員会委員　　中澤義則さん,NULL,NULL,NULL
270311_459,北海道,平成27年第１回,6,27,3,11,定例,平成27年第１回定例会03月11日-06号,知事高橋はるみ君,知事,高橋はるみ,知事,の後任として、,NULL,NULL,NULL
270311_460,北海道,平成27年第１回,6,27,3,11,定例,平成27年第１回定例会03月11日-06号,知事高橋はるみ君,知事,高橋はるみ,知事,鍬田信知さん,NULL,NULL,NULL
270311_461,北海道,平成27年第１回,6,27,3,11,定例,平成27年第１回定例会03月11日-06号,知事高橋はるみ君,知事,高橋はるみ,知事,を、いずれも適任と認め、新たに選任しようとするものであります。,NULL,NULL,NULL
270311_462,北海道,平成27年第１回,6,27,3,11,定例,平成27年第１回定例会03月11日-06号,知事高橋はるみ君,知事,高橋はるみ,知事,よろしく御審議のほどをお願い申し上げます。,NULL,NULL,NULL
270311_463,北海道,平成27年第１回,6,27,3,11,定例,平成27年第１回定例会03月11日-06号,議長加藤礼一君,議長,加藤礼一,議長,お諮りいたします。,NULL,NULL,NULL
270311_464,北海道,平成27年第１回,6,27,3,11,定例,平成27年第１回定例会03月11日-06号,議長加藤礼一君,議長,加藤礼一,議長,本件は、いずれも委員会付託を省略いたしたいと思います。,NULL,NULL,NULL
270311_465,北海道,平成27年第１回,6,27,3,11,定例,平成27年第１回定例会03月11日-06号,議長加藤礼一君,議長,加藤礼一,議長,これに御異議ありませんか。,NULL,NULL,NULL
270311_466,北海道,平成27年第１回,6,27,3,11,定例,平成27年第１回定例会03月11日-06号,議長加藤礼一君,議長,加藤礼一,議長,〔「異議なし」と呼ぶ者あり〕,NULL,NULL,NULL
270311_467,北海道,平成27年第１回,6,27,3,11,定例,平成27年第１回定例会03月11日-06号,議長加藤礼一君,議長,加藤礼一,議長,御異議なしと認めます。,NULL,NULL,NULL
270311_468,北海道,平成27年第１回,6,27,3,11,定例,平成27年第１回定例会03月11日-06号,議長加藤礼一君,議長,加藤礼一,議長,よって、本件は、いずれもそのように決定いたしました。,NULL,NULL,NULL
270311_469,北海道,平成27年第１回,6,27,3,11,定例,平成27年第１回定例会03月11日-06号,議長加藤礼一君,議長,加藤礼一,議長,日程第２のうち、議案第76号を問題といたします。,NULL,NULL,NULL
270311_470,北海道,平成27年第１回,6,27,3,11,定例,平成27年第１回定例会03月11日-06号,議長加藤礼一君,議長,加藤礼一,議長,これより採決いたします。,NULL,NULL,NULL
270311_471,北海道,平成27年第１回,6,27,3,11,定例,平成27年第１回定例会03月11日-06号,議長加藤礼一君,議長,加藤礼一,議長,この採決は起立によります。,NULL,NULL,NULL
270311_472,北海道,平成27年第１回,6,27,3,11,定例,平成27年第１回定例会03月11日-06号,議長加藤礼一君,議長,加藤礼一,議長,本件を原案のとおり同意することに賛成の諸君の起立を求めます。,NULL,NULL,NULL
270311_473,北海道,平成27年第１回,6,27,3,11,定例,平成27年第１回定例会03月11日-06号,議長加藤礼一君,議長,加藤礼一,議長,〔賛成者起立〕,NULL,NULL,NULL
270311_474,北海道,平成27年第１回,6,27,3,11,定例,平成27年第１回定例会03月11日-06号,議長加藤礼一君,議長,加藤礼一,議長,起立多数であります。,NULL,NULL,NULL
270311_475,北海道,平成27年第１回,6,27,3,11,定例,平成27年第１回定例会03月11日-06号,議長加藤礼一君,議長,加藤礼一,議長,よって、本件は原案のとおり同意議決されました。,NULL,NULL,NULL
270311_476,北海道,平成27年第１回,6,27,3,11,定例,平成27年第１回定例会03月11日-06号,議長加藤礼一君,議長,加藤礼一,議長,日程第２のうち、議案第77号を問題といたします。,NULL,NULL,NULL
270311_477,北海道,平成27年第１回,6,27,3,11,定例,平成27年第１回定例会03月11日-06号,議長加藤礼一君,議長,加藤礼一,議長,お諮りいたします。,NULL,NULL,NULL
270311_478,北海道,平成27年第１回,6,27,3,11,定例,平成27年第１回定例会03月11日-06号,議長加藤礼一君,議長,加藤礼一,議長,別に御発言もなければ、本件は原案のとおり同意することに御異議ありませんか。,NULL,NULL,NULL
270311_479,北海道,平成27年第１回,6,27,3,11,定例,平成27年第１回定例会03月11日-06号,議長加藤礼一君,議長,加藤礼一,議長,〔「異議なし」と呼ぶ者あり〕,NULL,NULL,NULL
270311_480,北海道,平成27年第１回,6,27,3,11,定例,平成27年第１回定例会03月11日-06号,議長加藤礼一君,議長,加藤礼一,議長,御異議なしと認めます。,NULL,NULL,NULL
270311_481,北海道,平成27年第１回,6,27,3,11,定例,平成27年第１回定例会03月11日-06号,議長加藤礼一君,議長,加藤礼一,議長,よって、本件は原案のとおり同意議決されました。,NULL,NULL,NULL
270311_482,北海道,平成27年第１回,6,27,3,11,定例,平成27年第１回定例会03月11日-06号,議長加藤礼一君,議長,加藤礼一,議長,△１．日程第３、会議案第１号及び第２号,NULL,NULL,NULL
270311_483,北海道,平成27年第１回,6,27,3,11,定例,平成27年第１回定例会03月11日-06号,議長加藤礼一君,議長,加藤礼一,議長,日程第３、会議案第１号及び第２号を議題といたします。,NULL,NULL,NULL
270311_484,北海道,平成27年第１回,6,27,3,11,定例,平成27年第１回定例会03月11日-06号,議長加藤礼一君,議長,加藤礼一,議長,お諮りいたします。,NULL,NULL,NULL
270311_485,北海道,平成27年第１回,6,27,3,11,定例,平成27年第１回定例会03月11日-06号,議長加藤礼一君,議長,加藤礼一,議長,本件は、いずれも提出者の説明を省略することにいたしたいと思います。,NULL,NULL,NULL
270311_486,北海道,平成27年第１回,6,27,3,11,定例,平成27年第１回定例会03月11日-06号,議長加藤礼一君,議長,加藤礼一,議長,これに御異議ありませんか。,NULL,NULL,NULL
270311_487,北海道,平成27年第１回,6,27,3,11,定例,平成27年第１回定例会03月11日-06号,議長加藤礼一君,議長,加藤礼一,議長,〔「異議なし」と呼ぶ者あり〕,NULL,NULL,NULL
270311_488,北海道,平成27年第１回,6,27,3,11,定例,平成27年第１回定例会03月11日-06号,議長加藤礼一君,議長,加藤礼一,議長,御異議なしと認めます。,NULL,NULL,NULL
270311_489,北海道,平成27年第１回,6,27,3,11,定例,平成27年第１回定例会03月11日-06号,議長加藤礼一君,議長,加藤礼一,議長,よって、本件は、いずれもそのように決定いたしました。,NULL,NULL,NULL
270311_490,北海道,平成27年第１回,6,27,3,11,定例,平成27年第１回定例会03月11日-06号,議長加藤礼一君,議長,加藤礼一,議長,お諮りいたします。,NULL,NULL,NULL
270311_491,北海道,平成27年第１回,6,27,3,11,定例,平成27年第１回定例会03月11日-06号,議長加藤礼一君,議長,加藤礼一,議長,別に御発言もなければ、本件は、いずれも原案のとおり決することに御異議ありませんか。,NULL,NULL,NULL
270311_492,北海道,平成27年第１回,6,27,3,11,定例,平成27年第１回定例会03月11日-06号,議長加藤礼一君,議長,加藤礼一,議長,〔「異議なし」と呼ぶ者あり〕,NULL,NULL,NULL
270311_493,北海道,平成27年第１回,6,27,3,11,定例,平成27年第１回定例会03月11日-06号,議長加藤礼一君,議長,加藤礼一,議長,御異議なしと認めます。,NULL,NULL,NULL
270311_494,北海道,平成27年第１回,6,27,3,11,定例,平成27年第１回定例会03月11日-06号,議長加藤礼一君,議長,加藤礼一,議長,よって、本件は、いずれも原案のとおり可決されました。,NULL,NULL,NULL
270311_495,北海道,平成27年第１回,6,27,3,11,定例,平成27年第１回定例会03月11日-06号,議長加藤礼一君,議長,加藤礼一,議長,△１．日程第４、決議案第１号,NULL,NULL,NULL
270311_496,北海道,平成27年第１回,6,27,3,11,定例,平成27年第１回定例会03月11日-06号,議長加藤礼一君,議長,加藤礼一,議長,日程第４、決議案第１号を議題といたします。,NULL,NULL,NULL
270311_497,北海道,平成27年第１回,6,27,3,11,定例,平成27年第１回定例会03月11日-06号,議長加藤礼一君,議長,加藤礼一,議長,お諮りいたします。,NULL,NULL,NULL
270311_498,北海道,平成27年第１回,6,27,3,11,定例,平成27年第１回定例会03月11日-06号,議長加藤礼一君,議長,加藤礼一,議長,本件は、提出者の説明及び委員会付託を省略することにいたしたいと思います。,NULL,NULL,NULL
270311_499,北海道,平成27年第１回,6,27,3,11,定例,平成27年第１回定例会03月11日-06号,議長加藤礼一君,議長,加藤礼一,議長,これに御異議ありませんか。,NULL,NULL,NULL
270311_500,北海道,平成27年第１回,6,27,3,11,定例,平成27年第１回定例会03月11日-06号,議長加藤礼一君,議長,加藤礼一,議長,〔「異議なし」と呼ぶ者あり〕,NULL,NULL,NULL
270311_501,北海道,平成27年第１回,6,27,3,11,定例,平成27年第１回定例会03月11日-06号,議長加藤礼一君,議長,加藤礼一,議長,御異議なしと認めます。,NULL,NULL,NULL
270311_502,北海道,平成27年第１回,6,27,3,11,定例,平成27年第１回定例会03月11日-06号,議長加藤礼一君,議長,加藤礼一,議長,よって、本件はそのように決定いたしました。,NULL,NULL,NULL
270311_503,北海道,平成27年第１回,6,27,3,11,定例,平成27年第１回定例会03月11日-06号,議長加藤礼一君,議長,加藤礼一,議長,△１．討論,NULL,NULL,NULL
270311_504,北海道,平成27年第１回,6,27,3,11,定例,平成27年第１回定例会03月11日-06号,議長加藤礼一君,議長,加藤礼一,議長,これより討論に入ります。,NULL,NULL,NULL
270311_505,北海道,平成27年第１回,6,27,3,11,定例,平成27年第１回定例会03月11日-06号,議長加藤礼一君,議長,加藤礼一,議長,討論の通告がありますので、発言を許します。,NULL,NULL,NULL
270311_506,北海道,平成27年第１回,6,27,3,11,定例,平成27年第１回定例会03月11日-06号,議長加藤礼一君,議長,加藤礼一,議長,真下紀子君。,NULL,NULL,NULL
270311_507,北海道,平成27年第１回,6,27,3,11,定例,平成27年第１回定例会03月11日-06号,30番真下紀子君,0100060000043,真下紀子,30番,（登壇）日本共産党の真下紀子です。,NULL,NULL,NULL
270311_508,北海道,平成27年第１回,6,27,3,11,定例,平成27年第１回定例会03月11日-06号,30番真下紀子君,0100060000043,真下紀子,30番,決議案第１号大間原発の建設工事中断も含めた慎重な対応を求める決議に対して、反対の立場から討論いたします。,NULL,NULL,NULL
270311_509,北海道,平成27年第１回,6,27,3,11,定例,平成27年第１回定例会03月11日-06号,30番真下紀子君,0100060000043,真下紀子,30番,本決議案では、道南地域が大間原発建設予定地から最短で23キロメートルしか離れておらず、大間原発で過酷事故が起きれば影響ははかり知れないこと、特に、函館市が、昨年４月、国は電源開発に対して大間原発の建設停止を命じることなどを求め、東京地裁に提訴したことにも言及しています。,NULL,NULL,NULL
270311_510,北海道,平成27年第１回,6,27,3,11,定例,平成27年第１回定例会03月11日-06号,30番真下紀子君,0100060000043,真下紀子,30番,しかし、決議案の結論は、国と電源開発に対して、エネルギー政策上の位置づけや必要性などについて、道民の理解を得るまでは、建設工事の中断も含め、立ちどまって、慎重に対応すべきことを求めるにとどまっています。,NULL,NULL,NULL
270311_511,北海道,平成27年第１回,6,27,3,11,定例,平成27年第１回定例会03月11日-06号,30番真下紀子君,0100060000043,真下紀子,30番,これでは、函館市が訴訟にまで踏み切り、また、函館市議会が2012年９月に上げた決議の中で、道南地域における住民の生命と安全、安心と産業を守るため、大間原発建設の無期限凍結を断固求めるとした思いに応えるものとなっていません。,NULL,NULL,NULL
270311_512,北海道,平成27年第１回,6,27,3,11,定例,平成27年第１回定例会03月11日-06号,30番真下紀子君,0100060000043,真下紀子,30番,慎重な対応を求めるとする決議案では、国と電源開発が慎重に対応した結果、建設を進めると言えば、それを認めるという立場にあり、建設を進めることが大前提となっていると言えます。,NULL,NULL,NULL
270311_513,北海道,平成27年第１回,6,27,3,11,定例,平成27年第１回定例会03月11日-06号,30番真下紀子君,0100060000043,真下紀子,30番,工藤壽樹函館市長は、ＵＰＺ圏内の自治体は避難計画を義務づけられているにもかかわらず、原発の建設、運転に関する同意権がないことは理不尽である、一たび、大間原発で事故が起きれば、北斗市や七飯町を含む道南の35万人が国道５号線を北に向かうしかなく、避難計画は立てようがないと、住民の命と安全に責任を負う自治体首長としての苦しい胸の内を語っています。,NULL,NULL,NULL
270311_514,北海道,平成27年第１回,6,27,3,11,定例,平成27年第１回定例会03月11日-06号,30番真下紀子君,0100060000043,真下紀子,30番,昨年５月、福井地裁は、大飯原発の運転再開を認めないとの判決を下し、多くの人の生存そのものにかかわる権利と電気代の問題を並べて判断することは法的に許されない、豊かな国土と国民が根をおろして生活していることを取り戻せなくなることが国の財産の喪失だと述べる、画期的な判断を示しました。,NULL,NULL,NULL
270311_515,北海道,平成27年第１回,6,27,3,11,定例,平成27年第１回定例会03月11日-06号,30番真下紀子君,0100060000043,真下紀子,30番,判決文で、「大飯原発から250キロメートル圏内に居住する者は、本件原発の運転によって直接的にその人格権が侵害される具体的な危険があると認められる」と明快に述べています。,NULL,NULL,NULL
270311_516,北海道,平成27年第１回,6,27,3,11,定例,平成27年第１回定例会03月11日-06号,30番真下紀子君,0100060000043,真下紀子,30番,これが、福島原発事故後の教訓から学んだ到達点ではないでしょうか。,NULL,NULL,NULL
270311_517,北海道,平成27年第１回,6,27,3,11,定例,平成27年第１回定例会03月11日-06号,30番真下紀子君,0100060000043,真下紀子,30番,福井地裁判決に照らせば、ＵＰＺ圏内に位置する函館市と市民の意思が当然尊重されるべきではないでしょうか。,NULL,NULL,NULL
270311_518,北海道,平成27年第１回,6,27,3,11,定例,平成27年第１回定例会03月11日-06号,30番真下紀子君,0100060000043,真下紀子,30番,函館市民の総意である建設凍結に及ばず、福井地裁判決の趣旨に沿っているとは言いがたいこの決議案第１号は、賛成するわけにはまいりません。,NULL,NULL,NULL
270311_519,北海道,平成27年第１回,6,27,3,11,定例,平成27年第１回定例会03月11日-06号,30番真下紀子君,0100060000043,真下紀子,30番,私は、この際、議員各位に訴えたいと思います。,NULL,NULL,NULL
270311_520,北海道,平成27年第１回,6,27,3,11,定例,平成27年第１回定例会03月11日-06号,30番真下紀子君,0100060000043,真下紀子,30番,きょうは、東日本大震災、福島第一原発事故が発生してから４年目の３月11日です。,NULL,NULL,NULL
270311_521,北海道,平成27年第１回,6,27,3,11,定例,平成27年第１回定例会03月11日-06号,30番真下紀子君,0100060000043,真下紀子,30番,事故の収束は全く見通せず、いまだ放射能汚染水が海に流されています。,NULL,NULL,NULL
270311_522,北海道,平成27年第１回,6,27,3,11,定例,平成27年第１回定例会03月11日-06号,30番真下紀子君,0100060000043,真下紀子,30番,まさにその３月11日に、大間原発建設の余地を残すような決議を北海道議会が上げるべきではないと考えます。,NULL,NULL,NULL
270311_523,北海道,平成27年第１回,6,27,3,11,定例,平成27年第１回定例会03月11日-06号,30番真下紀子君,0100060000043,真下紀子,30番,私は、議員の皆さんが、いま一度、再考されて、反対の立場に立たれることを心から訴え、反対討論といたします。（拍手）,NULL,NULL,NULL
270311_524,北海道,平成27年第１回,6,27,3,11,定例,平成27年第１回定例会03月11日-06号,議長加藤礼一君,議長,加藤礼一,議長,以上で通告の討論は終わりました。,NULL,NULL,NULL
270311_525,北海道,平成27年第１回,6,27,3,11,定例,平成27年第１回定例会03月11日-06号,議長加藤礼一君,議長,加藤礼一,議長,これをもって討論を終結いたします。,NULL,NULL,NULL
270311_526,北海道,平成27年第１回,6,27,3,11,定例,平成27年第１回定例会03月11日-06号,議長加藤礼一君,議長,加藤礼一,議長,これより採決いたします。,NULL,NULL,NULL
270311_527,北海道,平成27年第１回,6,27,3,11,定例,平成27年第１回定例会03月11日-06号,議長加藤礼一君,議長,加藤礼一,議長,この採決は起立によります。,NULL,NULL,NULL
270311_528,北海道,平成27年第１回,6,27,3,11,定例,平成27年第１回定例会03月11日-06号,議長加藤礼一君,議長,加藤礼一,議長,本件を原案のとおり決することに賛成の諸君の起立を求めます。,NULL,NULL,NULL
270311_529,北海道,平成27年第１回,6,27,3,11,定例,平成27年第１回定例会03月11日-06号,議長加藤礼一君,議長,加藤礼一,議長,〔賛成者起立〕,NULL,NULL,NULL
270311_530,北海道,平成27年第１回,6,27,3,11,定例,平成27年第１回定例会03月11日-06号,議長加藤礼一君,議長,加藤礼一,議長,起立多数であります。,NULL,NULL,NULL
270311_531,北海道,平成27年第１回,6,27,3,11,定例,平成27年第１回定例会03月11日-06号,議長加藤礼一君,議長,加藤礼一,議長,よって、本件は原案のとおり可決されました。,NULL,NULL,NULL
270311_532,北海道,平成27年第１回,6,27,3,11,定例,平成27年第１回定例会03月11日-06号,議長加藤礼一君,議長,加藤礼一,議長,△１．日程第５、意見案第１号,NULL,NULL,NULL
270311_533,北海道,平成27年第１回,6,27,3,11,定例,平成27年第１回定例会03月11日-06号,議長加藤礼一君,議長,加藤礼一,議長,日程第５、意見案第１号を議題といたします。,NULL,NULL,NULL
270311_534,北海道,平成27年第１回,6,27,3,11,定例,平成27年第１回定例会03月11日-06号,議長加藤礼一君,議長,加藤礼一,議長,お諮りいたします。,NULL,NULL,NULL
270311_535,北海道,平成27年第１回,6,27,3,11,定例,平成27年第１回定例会03月11日-06号,議長加藤礼一君,議長,加藤礼一,議長,本件は、提出者の説明を省略することにいたしたいと思います。,NULL,NULL,NULL
270311_536,北海道,平成27年第１回,6,27,3,11,定例,平成27年第１回定例会03月11日-06号,議長加藤礼一君,議長,加藤礼一,議長,これに御異議ありませんか。,NULL,NULL,NULL
270311_537,北海道,平成27年第１回,6,27,3,11,定例,平成27年第１回定例会03月11日-06号,議長加藤礼一君,議長,加藤礼一,議長,〔「異議なし」と呼ぶ者あり〕,NULL,NULL,NULL
270311_538,北海道,平成27年第１回,6,27,3,11,定例,平成27年第１回定例会03月11日-06号,議長加藤礼一君,議長,加藤礼一,議長,御異議なしと認めます。,NULL,NULL,NULL
270311_539,北海道,平成27年第１回,6,27,3,11,定例,平成27年第１回定例会03月11日-06号,議長加藤礼一君,議長,加藤礼一,議長,よって、本件はそのように決定いたしました。,NULL,NULL,NULL
270311_540,北海道,平成27年第１回,6,27,3,11,定例,平成27年第１回定例会03月11日-06号,議長加藤礼一君,議長,加藤礼一,議長,お諮りいたします。,NULL,NULL,NULL
270311_541,北海道,平成27年第１回,6,27,3,11,定例,平成27年第１回定例会03月11日-06号,議長加藤礼一君,議長,加藤礼一,議長,別に御発言もなければ、本件は原案のとおり決することに御異議ありませんか。,NULL,NULL,NULL
270311_542,北海道,平成27年第１回,6,27,3,11,定例,平成27年第１回定例会03月11日-06号,議長加藤礼一君,議長,加藤礼一,議長,〔「異議なし」と呼ぶ者あり〕,NULL,NULL,NULL
270311_543,北海道,平成27年第１回,6,27,3,11,定例,平成27年第１回定例会03月11日-06号,議長加藤礼一君,議長,加藤礼一,議長,御異議なしと認めます。,NULL,NULL,NULL
270311_544,北海道,平成27年第１回,6,27,3,11,定例,平成27年第１回定例会03月11日-06号,議長加藤礼一君,議長,加藤礼一,議長,よって、本件は原案のとおり可決されました。,NULL,NULL,NULL
270311_545,北海道,平成27年第１回,6,27,3,11,定例,平成27年第１回定例会03月11日-06号,議長加藤礼一君,議長,加藤礼一,議長,△１．日程第６、請願第19号,NULL,NULL,NULL
270311_546,北海道,平成27年第１回,6,27,3,11,定例,平成27年第１回定例会03月11日-06号,議長加藤礼一君,議長,加藤礼一,議長,日程第６、請願第19号を議題といたします。,NULL,NULL,NULL
270311_547,北海道,平成27年第１回,6,27,3,11,定例,平成27年第１回定例会03月11日-06号,議長加藤礼一君,議長,加藤礼一,議長,お諮りいたします。,NULL,NULL,NULL
270311_548,北海道,平成27年第１回,6,27,3,11,定例,平成27年第１回定例会03月11日-06号,議長加藤礼一君,議長,加藤礼一,議長,本件は、委員長報告を省略することにいたしたいと思います。,NULL,NULL,NULL
270311_549,北海道,平成27年第１回,6,27,3,11,定例,平成27年第１回定例会03月11日-06号,議長加藤礼一君,議長,加藤礼一,議長,これに御異議ありませんか。,NULL,NULL,NULL
270311_550,北海道,平成27年第１回,6,27,3,11,定例,平成27年第１回定例会03月11日-06号,議長加藤礼一君,議長,加藤礼一,議長,〔「異議なし」と呼ぶ者あり〕,NULL,NULL,NULL
270311_551,北海道,平成27年第１回,6,27,3,11,定例,平成27年第１回定例会03月11日-06号,議長加藤礼一君,議長,加藤礼一,議長,御異議なしと認めます。,NULL,NULL,NULL
270311_552,北海道,平成27年第１回,6,27,3,11,定例,平成27年第１回定例会03月11日-06号,議長加藤礼一君,議長,加藤礼一,議長,よって、本件はそのように決定いたしました。,NULL,NULL,NULL
270311_553,北海道,平成27年第１回,6,27,3,11,定例,平成27年第１回定例会03月11日-06号,議長加藤礼一君,議長,加藤礼一,議長,本件に関する請願審査報告書は採択であります。,NULL,NULL,NULL
270311_554,北海道,平成27年第１回,6,27,3,11,定例,平成27年第１回定例会03月11日-06号,議長加藤礼一君,議長,加藤礼一,議長,お諮りいたします。,NULL,NULL,NULL
270311_555,北海道,平成27年第１回,6,27,3,11,定例,平成27年第１回定例会03月11日-06号,議長加藤礼一君,議長,加藤礼一,議長,別に御発言もなければ、本件は報告書のとおり決することに御異議ありませんか。,NULL,NULL,NULL
270311_556,北海道,平成27年第１回,6,27,3,11,定例,平成27年第１回定例会03月11日-06号,議長加藤礼一君,議長,加藤礼一,議長,〔「異議なし」と呼ぶ者あり〕,NULL,NULL,NULL
270311_557,北海道,平成27年第１回,6,27,3,11,定例,平成27年第１回定例会03月11日-06号,議長加藤礼一君,議長,加藤礼一,議長,御異議なしと認めます。,NULL,NULL,NULL
270311_558,北海道,平成27年第１回,6,27,3,11,定例,平成27年第１回定例会03月11日-06号,議長加藤礼一君,議長,加藤礼一,議長,よって、本件はそのように決定いたしました。,NULL,NULL,NULL
270311_559,北海道,平成27年第１回,6,27,3,11,定例,平成27年第１回定例会03月11日-06号,議長加藤礼一君,議長,加藤礼一,議長,△１．閉会中事務継続調査の件,NULL,NULL,NULL
270311_560,北海道,平成27年第１回,6,27,3,11,定例,平成27年第１回定例会03月11日-06号,議長加藤礼一君,議長,加藤礼一,議長,各常任委員長並びに議会運営委員長から、委員会において調査中の案件について、会議規則第80条の規定により、お手元に配付の申出書一覧のとおり、継続調査の申し出があります。,NULL,NULL,NULL
270311_561,北海道,平成27年第１回,6,27,3,11,定例,平成27年第１回定例会03月11日-06号,議長加藤礼一君,議長,加藤礼一,議長,お諮りいたします。,NULL,NULL,NULL
270311_562,北海道,平成27年第１回,6,27,3,11,定例,平成27年第１回定例会03月11日-06号,議長加藤礼一君,議長,加藤礼一,議長,各委員長から申し出のとおり、閉会中の継続調査に付することにいたしたいと思います。,NULL,NULL,NULL
270311_563,北海道,平成27年第１回,6,27,3,11,定例,平成27年第１回定例会03月11日-06号,議長加藤礼一君,議長,加藤礼一,議長,これに御異議ありませんか。,NULL,NULL,NULL
270311_564,北海道,平成27年第１回,6,27,3,11,定例,平成27年第１回定例会03月11日-06号,議長加藤礼一君,議長,加藤礼一,議長,〔「異議なし」と呼ぶ者あり〕,NULL,NULL,NULL
270311_565,北海道,平成27年第１回,6,27,3,11,定例,平成27年第１回定例会03月11日-06号,議長加藤礼一君,議長,加藤礼一,議長,御異議なしと認めます。,NULL,NULL,NULL
270311_566,北海道,平成27年第１回,6,27,3,11,定例,平成27年第１回定例会03月11日-06号,議長加藤礼一君,議長,加藤礼一,議長,よって、そのように決定いたしました。,NULL,NULL,NULL
270311_567,北海道,平成27年第１回,6,27,3,11,定例,平成27年第１回定例会03月11日-06号,議長加藤礼一君,議長,加藤礼一,議長,以上をもって、今期定例会の会議に付議された案件は全て議了いたしました。,NULL,NULL,NULL
270311_568,北海道,平成27年第１回,6,27,3,11,定例,平成27年第１回定例会03月11日-06号,議長加藤礼一君,議長,加藤礼一,議長,知事から、任期最終の議会に当たり、特に発言を求められておりますので、この際、これを許します。,NULL,NULL,NULL
270311_569,北海道,平成27年第１回,6,27,3,11,定例,平成27年第１回定例会03月11日-06号,議長加藤礼一君,議長,加藤礼一,議長,知事高橋はるみ君。,NULL,NULL,NULL
270311_570,北海道,平成27年第１回,6,27,3,11,定例,平成27年第１回定例会03月11日-06号,議長加藤礼一君,議長,加藤礼一,議長,△１．知事の挨拶,NULL,NULL,NULL
270311_571,北海道,平成27年第１回,6,27,3,11,定例,平成27年第１回定例会03月11日-06号,知事高橋はるみ君,知事,高橋はるみ,知事,（登壇）道議会議員の皆様、皆様と私の任期最終の議会の閉会に当たりまして、一言御挨拶を申し上げます。,NULL,NULL,NULL
270311_572,北海道,平成27年第１回,6,27,3,11,定例,平成27年第１回定例会03月11日-06号,知事高橋はるみ君,知事,高橋はるみ,知事,４年前のきょう、３月11日、未曽有の被害をもたらした東日本大震災が発生いたしました。,NULL,NULL,NULL
270311_573,北海道,平成27年第１回,6,27,3,11,定例,平成27年第１回定例会03月11日-06号,知事高橋はるみ君,知事,高橋はるみ,知事,全ての日本人にとって忘れることのできない日であり、亡くなられた多くの方々に対し、謹んで哀悼の意を表します。,NULL,NULL,NULL
270311_574,北海道,平成27年第１回,6,27,3,11,定例,平成27年第１回定例会03月11日-06号,知事高橋はるみ君,知事,高橋はるみ,知事,この４年間は、震災からの復旧、復興に我が国が総力を挙げて取り組む一方で、国内外の経済社会情勢が大きく変化をし、本道においても、人口減少が進行する中、地域や経済の活性化が強く求められた時期であったと思います。,NULL,NULL,NULL
270311_575,北海道,平成27年第１回,6,27,3,11,定例,平成27年第１回定例会03月11日-06号,知事高橋はるみ君,知事,高橋はるみ,知事,こうした中にあって、道政におきましては、多くの困難に直面してまいりましたが、道議会議員の皆様方と幅広く議論を重ね、道民の皆様の温かい御協力をいただきながら、地域それぞれの個性が輝き、希望に満ちた北海道づくりに向けて、道政を着実に前進させることができましたことに、改めて心から感謝を申し上げる次第であります。,NULL,NULL,NULL
270311_576,北海道,平成27年第１回,6,27,3,11,定例,平成27年第１回定例会03月11日-06号,知事高橋はるみ君,知事,高橋はるみ,知事,特に、今期限りで勇退されます議員の皆様方には、これまでの道政への御尽力と本道発展への御功績に対し、心から敬意を表し、また、感謝を申し上げる次第でございます。,NULL,NULL,NULL
270311_577,北海道,平成27年第１回,6,27,3,11,定例,平成27年第１回定例会03月11日-06号,知事高橋はるみ君,知事,高橋はるみ,知事,今後におきましても、新たなお立場から、私たちが愛するこの北海道のためにお力添えを賜りますよう、心からお願いを申し上げる次第であります。,NULL,NULL,NULL
270311_578,北海道,平成27年第１回,6,27,3,11,定例,平成27年第１回定例会03月11日-06号,知事高橋はるみ君,知事,高橋はるみ,知事,また、引き続き道議選に立起されます皆様方には、こぞって勝利の栄冠をかち取られ、重ねて道政の進展に寄与されますことを、心からお祈りをいたす次第であります。,NULL,NULL,NULL
270311_579,北海道,平成27年第１回,6,27,3,11,定例,平成27年第１回定例会03月11日-06号,知事高橋はるみ君,知事,高橋はるみ,知事,この４年間、議員の皆様方の私にお寄せくださいました数々の御支援と御鞭撻に対し、改めて衷心より厚く御礼を申し上げますとともに、皆様方の御健勝を心よりお祈りいたしまして、御挨拶とさせていただきます。,NULL,NULL,NULL
270311_580,北海道,平成27年第１回,6,27,3,11,定例,平成27年第１回定例会03月11日-06号,知事高橋はるみ君,知事,高橋はるみ,知事,ありがとうございました。（拍手）（発言する者あり）,NULL,NULL,NULL
270311_581,北海道,平成27年第１回,6,27,3,11,定例,平成27年第１回定例会03月11日-06号,知事高橋はるみ君,知事,高橋はるみ,知事,△１．議長の挨拶,NULL,NULL,NULL
270311_582,北海道,平成27年第１回,6,27,3,11,定例,平成27年第１回定例会03月11日-06号,知事高橋はるみ君,知事,高橋はるみ,知事,△１．閉会,NULL,NULL,NULL
270311_583,北海道,平成27年第１回,6,27,3,11,定例,平成27年第１回定例会03月11日-06号,議長加藤礼一君,議長,加藤礼一,議長,（登壇）私からも、一言御挨拶をさせていただきたいと思います。,NULL,NULL,NULL
270311_584,北海道,平成27年第１回,6,27,3,11,定例,平成27年第１回定例会03月11日-06号,議長加藤礼一君,議長,加藤礼一,議長,今議会は、２月20日に招集されまして、本日をもって終わるわけでありますけれども、同時に、私たちの任期の最終議会ということでもございます。,NULL,NULL,NULL
270311_585,北海道,平成27年第１回,6,27,3,11,定例,平成27年第１回定例会03月11日-06号,議長加藤礼一君,議長,加藤礼一,議長,平成23年４月、あの震災の中での選挙を闘ってきて勝ち上がってきた皆さんと一緒に、この４年間、東北復興支援を初め、エネルギー問題、さらには経済・景気対策、雇用対策など、さまざまな問題に対して、本当に全力で御活躍されてきた議員の皆さんに、心から敬意を表したいと思います。,NULL,NULL,NULL
270311_586,北海道,平成27年第１回,6,27,3,11,定例,平成27年第１回定例会03月11日-06号,議長加藤礼一君,議長,加藤礼一,議長,本当にありがとうございました。,NULL,NULL,NULL
270311_587,北海道,平成27年第１回,6,27,3,11,定例,平成27年第１回定例会03月11日-06号,議長加藤礼一君,議長,加藤礼一,議長,と同時に、今期限りで御勇退をされる16人の先輩たちには、これから地域に戻っても、健康に留意されて、御自愛の上、ぜひとも北海道発展のために御助力いただきたいと心から願う次第でございます。,NULL,NULL,NULL
270311_588,北海道,平成27年第１回,6,27,3,11,定例,平成27年第１回定例会03月11日-06号,議長加藤礼一君,議長,加藤礼一,議長,さらに、高橋はるみ知事を初め、執行機関の皆さんには、いろんな厳しい状況の中にありましても確実な執行をしてこられたことに対しまして、心からお礼を申し上げる次第であります。,NULL,NULL,NULL
270311_589,北海道,平成27年第１回,6,27,3,11,定例,平成27年第１回定例会03月11日-06号,議長加藤礼一君,議長,加藤礼一,議長,また、報道機関の皆様におかれましては、道民と道議会をつなぐ役割として御協力をいただきましたことに対しまして、お礼を申し上げる次第でございます。,NULL,NULL,NULL
270311_590,北海道,平成27年第１回,6,27,3,11,定例,平成27年第１回定例会03月11日-06号,議長加藤礼一君,議長,加藤礼一,議長,最後になりますけれども、この２年間、議長という重責を担うことができましたのも、本当に、副議長を初め、議員各位の御協力と御理解のたまものと改めてお礼を申し上げる次第でございます。,NULL,NULL,NULL
270311_591,北海道,平成27年第１回,6,27,3,11,定例,平成27年第１回定例会03月11日-06号,議長加藤礼一君,議長,加藤礼一,議長,私も、この２年間、先駆的に行動する北海道議会を目指してというテーマを持って、議長として取り組んできたつもりでありますけれども、今後とも、そのような気概を持って精進してまいりたいと思う次第であります。,NULL,NULL,NULL
270311_592,北海道,平成27年第１回,6,27,3,11,定例,平成27年第１回定例会03月11日-06号,議長加藤礼一君,議長,加藤礼一,議長,最終議会に当たりまして、皆様に心からの感謝を申し上げ、一言お礼の御挨拶とさせていただきます。,NULL,NULL,NULL
270311_593,北海道,平成27年第１回,6,27,3,11,定例,平成27年第１回定例会03月11日-06号,議長加藤礼一君,議長,加藤礼一,議長,ありがとうございました。,NULL,NULL,NULL
270311_594,北海道,平成27年第１回,6,27,3,11,定例,平成27年第１回定例会03月11日-06号,議長加藤礼一君,議長,加藤礼一,議長,これをもって閉会いたします。（拍手）,NULL,NULL,NULL
270311_595,北海道,平成27年第１回,6,27,3,11,定例,平成27年第１回定例会03月11日-06号,議長加藤礼一君,議長,加藤礼一,議長,午後３時２分閉会,NULL,NULL,NULL
