261218_1,栃木県,平成２６年度栃木県議会第３２６回,05,26,12,18,通常会議,平成２６年度栃木県議会第３２６回通常会議12月18日-05号,,,,,平成２６年度栃木県議会第３２６回通常会議,,,
261218_2,栃木県,平成２６年度栃木県議会第３２６回,05,26,12,18,通常会議,平成２６年度栃木県議会第３２６回通常会議12月18日-05号,,,,,〇十二月十八日（木曜日）,,,
261218_3,栃木県,平成２６年度栃木県議会第３２６回,05,26,12,18,通常会議,平成２６年度栃木県議会第３２６回通常会議12月18日-05号,,,,,出席議員　四十七名,,,
261218_4,栃木県,平成２６年度栃木県議会第３２６回,05,26,12,18,通常会議,平成２６年度栃木県議会第３２６回通常会議12月18日-05号,,,,,一　番　　　齋　　　藤　　　淳　一　郎,,,
261218_5,栃木県,平成２６年度栃木県議会第３２６回,05,26,12,18,通常会議,平成２６年度栃木県議会第３２６回通常会議12月18日-05号,,,,,二　番　　　佐　　　原　　　吉　　　大,,,
261218_6,栃木県,平成２６年度栃木県議会第３２６回,05,26,12,18,通常会議,平成２６年度栃木県議会第３２６回通常会議12月18日-05号,,,,,三　番　　　相　　　馬　　　政　　　二,,,
261218_7,栃木県,平成２６年度栃木県議会第３２６回,05,26,12,18,通常会議,平成２６年度栃木県議会第３２６回通常会議12月18日-05号,,,,,四　番　　　阿　　　部　　　博　　　美,,,
261218_8,栃木県,平成２６年度栃木県議会第３２６回,05,26,12,18,通常会議,平成２６年度栃木県議会第３２６回通常会議12月18日-05号,,,,,五　番　　　池　　　田　　　　　　　忠,,,
261218_9,栃木県,平成２６年度栃木県議会第３２６回,05,26,12,18,通常会議,平成２６年度栃木県議会第３２６回通常会議12月18日-05号,,,,,六　番　　　五　十　畑　　　一　　　幸,,,
261218_10,栃木県,平成２６年度栃木県議会第３２６回,05,26,12,18,通常会議,平成２６年度栃木県議会第３２６回通常会議12月18日-05号,,,,,七　番　　　亀　　　田　　　　　　　清,,,
261218_11,栃木県,平成２６年度栃木県議会第３２６回,05,26,12,18,通常会議,平成２６年度栃木県議会第３２６回通常会議12月18日-05号,,,,,八　番　　　欠　　　　　　　　　　　員,,,
261218_12,栃木県,平成２６年度栃木県議会第３２６回,05,26,12,18,通常会議,平成２６年度栃木県議会第３２６回通常会議12月18日-05号,,,,,九　番　　　鶴　　　貝　　　大　　　祐,,,
261218_13,栃木県,平成２６年度栃木県議会第３２６回,05,26,12,18,通常会議,平成２６年度栃木県議会第３２６回通常会議12月18日-05号,,,,,十　番　　　早　　　川　　　け　い　こ,,,
261218_14,栃木県,平成２６年度栃木県議会第３２６回,05,26,12,18,通常会議,平成２６年度栃木県議会第３２６回通常会議12月18日-05号,,,,,十一番　　　渡　　　辺　　　さ　ち　こ,,,
261218_15,栃木県,平成２６年度栃木県議会第３２６回,05,26,12,18,通常会議,平成２６年度栃木県議会第３２６回通常会議12月18日-05号,,,,,十二番　　　加　　　藤　　　正　　　一,,,
261218_16,栃木県,平成２６年度栃木県議会第３２６回,05,26,12,18,通常会議,平成２６年度栃木県議会第３２６回通常会議12月18日-05号,,,,,十三番　　　角　　　田　　　ま さ の ぶ,,,
261218_17,栃木県,平成２６年度栃木県議会第３２６回,05,26,12,18,通常会議,平成２６年度栃木県議会第３２６回通常会議12月18日-05号,,,,,十四番　　　白　　　石　　　資　　　隆,,,
261218_18,栃木県,平成２６年度栃木県議会第３２６回,05,26,12,18,通常会議,平成２６年度栃木県議会第３２６回通常会議12月18日-05号,,,,,十五番　　　西　　　村　　　し　ん　じ,,,
261218_19,栃木県,平成２６年度栃木県議会第３２６回,05,26,12,18,通常会議,平成２６年度栃木県議会第３２６回通常会議12月18日-05号,,,,,十六番　　　野　　　澤　　　和　　　一,,,
261218_20,栃木県,平成２６年度栃木県議会第３２６回,05,26,12,18,通常会議,平成２６年度栃木県議会第３２６回通常会議12月18日-05号,,,,,十七番　　　神　　　林　　　秀　　　治,,,
261218_21,栃木県,平成２６年度栃木県議会第３２６回,05,26,12,18,通常会議,平成２６年度栃木県議会第３２６回通常会議12月18日-05号,,,,,十八番　　　関　　　谷　　　暢　　　之,,,
261218_22,栃木県,平成２６年度栃木県議会第３２６回,05,26,12,18,通常会議,平成２６年度栃木県議会第３２６回通常会議12月18日-05号,,,,,十九番　　　中　　　島　　　　　　　宏,,,
261218_23,栃木県,平成２６年度栃木県議会第３２６回,05,26,12,18,通常会議,平成２６年度栃木県議会第３２６回通常会議12月18日-05号,,,,,二十番　　　横　　　松　　　盛　　　人,,,
261218_24,栃木県,平成２６年度栃木県議会第３２６回,05,26,12,18,通常会議,平成２６年度栃木県議会第３２６回通常会議12月18日-05号,,,,,二十一番　　　阿　　　部　　　寿　　　一,,,
261218_25,栃木県,平成２６年度栃木県議会第３２６回,05,26,12,18,通常会議,平成２６年度栃木県議会第３２６回通常会議12月18日-05号,,,,,二十二番　　　金　　　子　　　　　　　裕,,,
261218_26,栃木県,平成２６年度栃木県議会第３２６回,05,26,12,18,通常会議,平成２６年度栃木県議会第３２６回通常会議12月18日-05号,,,,,二十四番　　　中　　　川　　　幹　　　雄,,,
261218_27,栃木県,平成２６年度栃木県議会第３２６回,05,26,12,18,通常会議,平成２６年度栃木県議会第３２６回通常会議12月18日-05号,,,,,二十五番　　　増　　　渕　　　三　津　男,,,
261218_28,栃木県,平成２６年度栃木県議会第３２６回,05,26,12,18,通常会議,平成２６年度栃木県議会第３２６回通常会議12月18日-05号,,,,,二十六番　　　斉　　　藤　　　孝　　　明,,,
261218_29,栃木県,平成２６年度栃木県議会第３２６回,05,26,12,18,通常会議,平成２６年度栃木県議会第３２６回通常会議12月18日-05号,,,,,二十七番　　　松　　　井　　　正　　　一,,,
261218_30,栃木県,平成２６年度栃木県議会第３２６回,05,26,12,18,通常会議,平成２６年度栃木県議会第３２６回通常会議12月18日-05号,,,,,二十八番　　　保　　　母　　　欽　一　郎,,,
261218_31,栃木県,平成２６年度栃木県議会第３２６回,05,26,12,18,通常会議,平成２６年度栃木県議会第３２６回通常会議12月18日-05号,,,,,二十九番　　　一　　　木　　　弘　　　司,,,
261218_32,栃木県,平成２６年度栃木県議会第３２６回,05,26,12,18,通常会議,平成２６年度栃木県議会第３２６回通常会議12月18日-05号,,,,,三十番　　　山　　　口　　　恒　　　夫,,,
261218_33,栃木県,平成２６年度栃木県議会第３２６回,05,26,12,18,通常会議,平成２６年度栃木県議会第３２６回通常会議12月18日-05号,,,,,三十一番　　　佐　　　藤　　　　　　　良,,,
261218_34,栃木県,平成２６年度栃木県議会第３２６回,05,26,12,18,通常会議,平成２６年度栃木県議会第３２６回通常会議12月18日-05号,,,,,三十二番　　　山　　　形　　　修　　　治,,,
261218_35,栃木県,平成２６年度栃木県議会第３２６回,05,26,12,18,通常会議,平成２６年度栃木県議会第３２６回通常会議12月18日-05号,,,,,三十三番　　　若　　　林　　　和　　　雄,,,
261218_36,栃木県,平成２６年度栃木県議会第３２６回,05,26,12,18,通常会議,平成２６年度栃木県議会第３２６回通常会議12月18日-05号,,,,,三十四番　　　五　十　嵐　　　　　　　清,,,
261218_37,栃木県,平成２６年度栃木県議会第３２６回,05,26,12,18,通常会議,平成２６年度栃木県議会第３２６回通常会議12月18日-05号,,,,,三十五番　　　岩　　　崎　　　　　　　信,,,
261218_38,栃木県,平成２６年度栃木県議会第３２６回,05,26,12,18,通常会議,平成２６年度栃木県議会第３２６回通常会議12月18日-05号,,,,,三十六番　　　小　　　林　　　幹　　　夫,,,
261218_39,栃木県,平成２６年度栃木県議会第３２６回,05,26,12,18,通常会議,平成２６年度栃木県議会第３２６回通常会議12月18日-05号,,,,,三十七番　　　五　月　女　　　裕　久　彦,,,
261218_40,栃木県,平成２６年度栃木県議会第３２６回,05,26,12,18,通常会議,平成２６年度栃木県議会第３２６回通常会議12月18日-05号,,,,,三十八番　　　花　　　塚　　　隆　　　志,,,
261218_41,栃木県,平成２６年度栃木県議会第３２６回,05,26,12,18,通常会議,平成２６年度栃木県議会第３２６回通常会議12月18日-05号,,,,,三十九番　　　早　　　川　　　尚　　　秀,,,
261218_42,栃木県,平成２６年度栃木県議会第３２６回,05,26,12,18,通常会議,平成２６年度栃木県議会第３２６回通常会議12月18日-05号,,,,,四十番　　　佐　　　藤　　　　　　　栄,,,
261218_43,栃木県,平成２６年度栃木県議会第３２６回,05,26,12,18,通常会議,平成２６年度栃木県議会第３２６回通常会議12月18日-05号,,,,,四十一番　　　神　　　谷　　　幸　　　伸,,,
261218_44,栃木県,平成２６年度栃木県議会第３２６回,05,26,12,18,通常会議,平成２６年度栃木県議会第３２６回通常会議12月18日-05号,,,,,四十三番　　　螺　　　良　　　昭　　　人,,,
261218_45,栃木県,平成２６年度栃木県議会第３２６回,05,26,12,18,通常会議,平成２６年度栃木県議会第３２６回通常会議12月18日-05号,,,,,四十四番　　　三　　　森　　　文　　　徳,,,
261218_46,栃木県,平成２６年度栃木県議会第３２６回,05,26,12,18,通常会議,平成２６年度栃木県議会第３２６回通常会議12月18日-05号,,,,,四十五番　　　石　　　坂　　　真　　　一,,,
261218_47,栃木県,平成２６年度栃木県議会第３２６回,05,26,12,18,通常会議,平成２６年度栃木県議会第３２６回通常会議12月18日-05号,,,,,四十六番　　　木　　　村　　　好　　　文,,,
261218_48,栃木県,平成２６年度栃木県議会第３２６回,05,26,12,18,通常会議,平成２６年度栃木県議会第３２６回通常会議12月18日-05号,,,,,四十七番　　　〓〓　　　橋　　　文　　　吉,,,
261218_49,栃木県,平成２６年度栃木県議会第３２６回,05,26,12,18,通常会議,平成２６年度栃木県議会第３２６回通常会議12月18日-05号,,,,,四十八番　　　平　　　池　　　秀　　　光,,,
261218_50,栃木県,平成２６年度栃木県議会第３２６回,05,26,12,18,通常会議,平成２６年度栃木県議会第３２６回通常会議12月18日-05号,,,,,五十番　　　渡　　　辺　　　　　　　渡,,,
261218_51,栃木県,平成２６年度栃木県議会第３２６回,05,26,12,18,通常会議,平成２６年度栃木県議会第３２６回通常会議12月18日-05号,,,,,五十一番　　　欠　　　　　　　　　　　員,,,
261218_52,栃木県,平成２６年度栃木県議会第３２６回,05,26,12,18,通常会議,平成２６年度栃木県議会第３２６回通常会議12月18日-05号,,,,,五十二番　　　板　　　橋　　　一　　　好,,,
261218_53,栃木県,平成２６年度栃木県議会第３２６回,05,26,12,18,通常会議,平成２６年度栃木県議会第３２６回通常会議12月18日-05号,,,,,欠席議員一名,,,
261218_54,栃木県,平成２６年度栃木県議会第３２６回,05,26,12,18,通常会議,平成２６年度栃木県議会第３２６回通常会議12月18日-05号,,,,,二十三番　　　相　　　馬　　　憲　　　一,,,
261218_55,栃木県,平成２６年度栃木県議会第３２６回,05,26,12,18,通常会議,平成２６年度栃木県議会第３２６回通常会議12月18日-05号,,,,,地方自治法第百二十一条の規定による出席要求によって出席した者,,,
261218_56,栃木県,平成２６年度栃木県議会第３２６回,05,26,12,18,通常会議,平成２６年度栃木県議会第３２６回通常会議12月18日-05号,,,,,知事　　　　　　　福　　　田　　　富　　　一,,,
261218_57,栃木県,平成２６年度栃木県議会第３２６回,05,26,12,18,通常会議,平成２６年度栃木県議会第３２６回通常会議12月18日-05号,,,,,副知事　　　　　　鈴　　　木　　　誠　　　一,,,
261218_58,栃木県,平成２６年度栃木県議会第３２６回,05,26,12,18,通常会議,平成２６年度栃木県議会第３２６回通常会議12月18日-05号,,,,,副知事　　　　　　馬　　　場　　　竹　次　郎,,,
261218_59,栃木県,平成２６年度栃木県議会第３２６回,05,26,12,18,通常会議,平成２６年度栃木県議会第３２６回通常会議12月18日-05号,,,,,総合政策部長　　　関　　　根　　　房　　　三,,,
261218_60,栃木県,平成２６年度栃木県議会第３２６回,05,26,12,18,通常会議,平成２６年度栃木県議会第３２６回通常会議12月18日-05号,,,,,経営管理部長　　　池　　　田　　　清　　　貴,,,
261218_61,栃木県,平成２６年度栃木県議会第３２６回,05,26,12,18,通常会議,平成２６年度栃木県議会第３２６回通常会議12月18日-05号,,,,,県民生活部長　　　平　　　野　　　博　　　章,,,
261218_62,栃木県,平成２６年度栃木県議会第３２６回,05,26,12,18,通常会議,平成２６年度栃木県議会第３２６回通常会議12月18日-05号,,,,,環境森林部長　　　櫻　　　井　　　康　　　雄,,,
261218_63,栃木県,平成２６年度栃木県議会第３２６回,05,26,12,18,通常会議,平成２６年度栃木県議会第３２６回通常会議12月18日-05号,,,,,保健福祉部長　　　名　　　越　　　　　　　究,,,
261218_64,栃木県,平成２６年度栃木県議会第３２６回,05,26,12,18,通常会議,平成２６年度栃木県議会第３２６回通常会議12月18日-05号,,,,,産業労働観光部長　荒　　　川　　　政　　　利,,,
261218_65,栃木県,平成２６年度栃木県議会第３２６回,05,26,12,18,通常会議,平成２６年度栃木県議会第３２６回通常会議12月18日-05号,,,,,農政部長　　　　　水　　　沼　　　裕　　　治,,,
261218_66,栃木県,平成２６年度栃木県議会第３２６回,05,26,12,18,通常会議,平成２６年度栃木県議会第３２６回通常会議12月18日-05号,,,,,県土整備部長　　　吉　　　田　　　　　　　隆,,,
261218_67,栃木県,平成２６年度栃木県議会第３２６回,05,26,12,18,通常会議,平成２６年度栃木県議会第３２６回通常会議12月18日-05号,,,,,会計管理者会計局長,,,
261218_68,栃木県,平成２６年度栃木県議会第３２６回,05,26,12,18,通常会議,平成２６年度栃木県議会第３２６回通常会議12月18日-05号,,,,,川　　　上　　　　　　　丈,,,
261218_69,栃木県,平成２６年度栃木県議会第３２６回,05,26,12,18,通常会議,平成２６年度栃木県議会第３２６回通常会議12月18日-05号,,,,,企業局長　　　　　北　　　村　　　一　　　郎,,,
261218_70,栃木県,平成２６年度栃木県議会第３２６回,05,26,12,18,通常会議,平成２６年度栃木県議会第３２６回通常会議12月18日-05号,,,,,総合政策部次長兼総合政策課長,,,
261218_71,栃木県,平成２６年度栃木県議会第３２６回,05,26,12,18,通常会議,平成２６年度栃木県議会第３２６回通常会議12月18日-05号,,,,,金　　　田　　　尊　　　男,,,
261218_72,栃木県,平成２６年度栃木県議会第３２６回,05,26,12,18,通常会議,平成２６年度栃木県議会第３２６回通常会議12月18日-05号,,,,,財政課長　　　　　矢　　　野　　　哲　　　也,,,
261218_73,栃木県,平成２６年度栃木県議会第３２６回,05,26,12,18,通常会議,平成２６年度栃木県議会第３２６回通常会議12月18日-05号,,,,,教育長　　　　　　古　　　澤　　　利　　　通,,,
261218_74,栃木県,平成２６年度栃木県議会第３２６回,05,26,12,18,通常会議,平成２６年度栃木県議会第３２６回通常会議12月18日-05号,,,,,代表監査委員　　　石　　　〓ｱ　　　　　　　均,,,
261218_75,栃木県,平成２６年度栃木県議会第３２６回,05,26,12,18,通常会議,平成２６年度栃木県議会第３２６回通常会議12月18日-05号,,,,,人事委員会事務局長,,,
261218_76,栃木県,平成２６年度栃木県議会第３２６回,05,26,12,18,通常会議,平成２６年度栃木県議会第３２６回通常会議12月18日-05号,,,,,角　　　田　　　孝　　　之,,,
261218_77,栃木県,平成２６年度栃木県議会第３２６回,05,26,12,18,通常会議,平成２６年度栃木県議会第３２６回通常会議12月18日-05号,,,,,労働委員会事務局長,,,
261218_78,栃木県,平成２６年度栃木県議会第３２６回,05,26,12,18,通常会議,平成２６年度栃木県議会第３２６回通常会議12月18日-05号,,,,,山　　　中　　　　　　　晃,,,
261218_79,栃木県,平成２６年度栃木県議会第３２６回,05,26,12,18,通常会議,平成２６年度栃木県議会第３２６回通常会議12月18日-05号,,,,,警察本部長　　　　桑　　　原　　　振　一　郎,,,
261218_80,栃木県,平成２６年度栃木県議会第３２６回,05,26,12,18,通常会議,平成２６年度栃木県議会第３２６回通常会議12月18日-05号,,,,,―――――――――――――――――――――――――――――,,,
261218_81,栃木県,平成２６年度栃木県議会第３２６回,05,26,12,18,通常会議,平成２６年度栃木県議会第３２６回通常会議12月18日-05号,坂東哲夫　事務局長,その他,坂東哲夫,事務局長,出席議員数を報告いたします。,,,
261218_82,栃木県,平成２６年度栃木県議会第３２６回,05,26,12,18,通常会議,平成２６年度栃木県議会第３２６回通常会議12月18日-05号,坂東哲夫　事務局長,その他,坂東哲夫,事務局長,ただいまの出席議員数は四十七名であります。,,,
261218_83,栃木県,平成２６年度栃木県議会第３２６回,05,26,12,18,通常会議,平成２６年度栃木県議会第３２６回通常会議12月18日-05号,坂東哲夫　事務局長,その他,坂東哲夫,事務局長,―――――――――――――――――――――――――――――,,,
261218_84,栃木県,平成２６年度栃木県議会第３２６回,05,26,12,18,通常会議,平成２６年度栃木県議会第３２６回通常会議12月18日-05号,坂東哲夫　事務局長,その他,坂東哲夫,事務局長,午前十時　開議,,,
261218_85,栃木県,平成２６年度栃木県議会第３２６回,05,26,12,18,通常会議,平成２６年度栃木県議会第３２６回通常会議12月18日-05号,螺良昭人　議長,議長,螺良昭人,議長,ただいまから本日の会議を開きます。,,,
261218_86,栃木県,平成２６年度栃木県議会第３２６回,05,26,12,18,通常会議,平成２６年度栃木県議会第３２６回通常会議12月18日-05号,螺良昭人　議長,議長,螺良昭人,議長,日程第一　第一号議案から第四号議案まで、第七号議案、第九号議案から第十一号議案まで及び第十三号議案から第十六号議案までを一括して議題とし、審議に入ります。,,,
261218_87,栃木県,平成２６年度栃木県議会第３２６回,05,26,12,18,通常会議,平成２６年度栃木県議会第３２６回通常会議12月18日-05号,螺良昭人　議長,議長,螺良昭人,議長,関係常任委員会に付託した議案については、審査の結果、いずれも原案を可とする旨の報告書が、お手元に配付のとおり、それぞれの委員長から議長に提出されております。,,,
261218_88,栃木県,平成２６年度栃木県議会第３２６回,05,26,12,18,通常会議,平成２６年度栃木県議会第３２６回通常会議12月18日-05号,螺良昭人　議長,議長,螺良昭人,議長,報告書は朗読を省略して会議録に記載することとし、関係常任委員長の審査経過及び結果の報告は、これを省略いたします。,,,
261218_89,栃木県,平成２６年度栃木県議会第３２６回,05,26,12,18,通常会議,平成２６年度栃木県議会第３２６回通常会議12月18日-05号,螺良昭人　議長,議長,螺良昭人,議長,ご了承願います。,,,
261218_90,栃木県,平成２６年度栃木県議会第３２６回,05,26,12,18,通常会議,平成２６年度栃木県議会第３２６回通常会議12月18日-05号,螺良昭人　議長,議長,螺良昭人,議長,―――――――――――――――――――――――――――――,,,
261218_91,栃木県,平成２６年度栃木県議会第３２６回,05,26,12,18,通常会議,平成２６年度栃木県議会第３２６回通常会議12月18日-05号,螺良昭人　議長,議長,螺良昭人,議長,平成二十六年十二月五日,,,
261218_92,栃木県,平成２６年度栃木県議会第３２６回,05,26,12,18,通常会議,平成２６年度栃木県議会第３２６回通常会議12月18日-05号,螺良昭人　議長,議長,螺良昭人,議長,県政経営委員長　　岩　　　崎　　　　　　　信,,,
261218_93,栃木県,平成２６年度栃木県議会第３２６回,05,26,12,18,通常会議,平成２６年度栃木県議会第３２６回通常会議12月18日-05号,螺良昭人　議長,議長,螺良昭人,議長,栃木県議会議長　　螺　良　昭　人　様,,,
261218_94,栃木県,平成２６年度栃木県議会第３２６回,05,26,12,18,通常会議,平成２６年度栃木県議会第３２６回通常会議12月18日-05号,螺良昭人　議長,議長,螺良昭人,議長,委員会審査報告書,,,
261218_95,栃木県,平成２６年度栃木県議会第３２６回,05,26,12,18,通常会議,平成２６年度栃木県議会第３２６回通常会議12月18日-05号,螺良昭人　議長,議長,螺良昭人,議長,本議会において県政経営委員会に付託された事件は、審査の結果、左記のとおり決しましたから、栃木県議会会議規則第七十六条の規定により報告します。,,,
261218_96,栃木県,平成２６年度栃木県議会第３２６回,05,26,12,18,通常会議,平成２６年度栃木県議会第３２６回通常会議12月18日-05号,螺良昭人　議長,議長,螺良昭人,議長,記,,,
261218_97,栃木県,平成２６年度栃木県議会第３２６回,05,26,12,18,通常会議,平成２６年度栃木県議会第３２６回通常会議12月18日-05号,螺良昭人　議長,議長,螺良昭人,議長,一　第一号議案　平成二十六年度栃木県一般会計補正予算（第五号）第一条歳入,,,
261218_98,栃木県,平成２６年度栃木県議会第３２６回,05,26,12,18,通常会議,平成２６年度栃木県議会第３２６回通常会議12月18日-05号,螺良昭人　議長,議長,螺良昭人,議長,一　第七号議案　栃木県知事の権限に属する事務の処理の特例に関する条例の一部改正について,,,
261218_99,栃木県,平成２６年度栃木県議会第３２６回,05,26,12,18,通常会議,平成２６年度栃木県議会第３２６回通常会議12月18日-05号,螺良昭人　議長,議長,螺良昭人,議長,一　第十三号議案　当せん金付証票の発売について,,,
261218_100,栃木県,平成２６年度栃木県議会第３２６回,05,26,12,18,通常会議,平成２６年度栃木県議会第３２６回通常会議12月18日-05号,螺良昭人　議長,議長,螺良昭人,議長,一　第十四号議案　当せん金付証票の発売について,,,
261218_101,栃木県,平成２６年度栃木県議会第３２６回,05,26,12,18,通常会議,平成２６年度栃木県議会第３２６回通常会議12月18日-05号,螺良昭人　議長,議長,螺良昭人,議長,右は原案を可とする。,,,
261218_102,栃木県,平成２６年度栃木県議会第３２６回,05,26,12,18,通常会議,平成２６年度栃木県議会第３２６回通常会議12月18日-05号,螺良昭人　議長,議長,螺良昭人,議長,―――――――――――――――――――――――――――――,,,
261218_103,栃木県,平成２６年度栃木県議会第３２６回,05,26,12,18,通常会議,平成２６年度栃木県議会第３２６回通常会議12月18日-05号,螺良昭人　議長,議長,螺良昭人,議長,平成二十六年十二月五日,,,
261218_104,栃木県,平成２６年度栃木県議会第３２６回,05,26,12,18,通常会議,平成２６年度栃木県議会第３２６回通常会議12月18日-05号,螺良昭人　議長,議長,螺良昭人,議長,生活保健福祉委員長　　阿　　　部　　　博　　　美,,,
261218_105,栃木県,平成２６年度栃木県議会第３２６回,05,26,12,18,通常会議,平成２６年度栃木県議会第３２６回通常会議12月18日-05号,螺良昭人　議長,議長,螺良昭人,議長,栃木県議会議長　　螺　良　昭　人　様,,,
261218_106,栃木県,平成２６年度栃木県議会第３２６回,05,26,12,18,通常会議,平成２６年度栃木県議会第３２６回通常会議12月18日-05号,螺良昭人　議長,議長,螺良昭人,議長,委員会審査報告書,,,
261218_107,栃木県,平成２６年度栃木県議会第３２６回,05,26,12,18,通常会議,平成２６年度栃木県議会第３２６回通常会議12月18日-05号,螺良昭人　議長,議長,螺良昭人,議長,本議会において生活保健福祉委員会に付託された事件は、審査の結果、左記のとおり決しましたから、栃木県議会会議規則第七十六条の規定により報告します。,,,
261218_108,栃木県,平成２６年度栃木県議会第３２６回,05,26,12,18,通常会議,平成２６年度栃木県議会第３２６回通常会議12月18日-05号,螺良昭人　議長,議長,螺良昭人,議長,記,,,
261218_109,栃木県,平成２６年度栃木県議会第３２６回,05,26,12,18,通常会議,平成２６年度栃木県議会第３２６回通常会議12月18日-05号,螺良昭人　議長,議長,螺良昭人,議長,一　第一号議案　平成二十六年度栃木県一般会計補正予算（第五号）第一条歳出,,,
261218_110,栃木県,平成２６年度栃木県議会第３２６回,05,26,12,18,通常会議,平成２６年度栃木県議会第３２６回通常会議12月18日-05号,螺良昭人　議長,議長,螺良昭人,議長,一　第二号議案　栃木県民生委員定数条例の制定について,,,
261218_111,栃木県,平成２６年度栃木県議会第３２６回,05,26,12,18,通常会議,平成２６年度栃木県議会第３２６回通常会議12月18日-05号,螺良昭人　議長,議長,螺良昭人,議長,一　第三号議案　栃木県地域医療介護総合確保基金条例の制定について,,,
261218_112,栃木県,平成２６年度栃木県議会第３２６回,05,26,12,18,通常会議,平成２６年度栃木県議会第３２６回通常会議12月18日-05号,螺良昭人　議長,議長,螺良昭人,議長,一　第四号議案　指定居宅介護支援等の事業の人員及び運営に関する基準等を定める条例の制定について,,,
261218_113,栃木県,平成２６年度栃木県議会第３２６回,05,26,12,18,通常会議,平成２６年度栃木県議会第３２６回通常会議12月18日-05号,螺良昭人　議長,議長,螺良昭人,議長,一　第九号議案　とちぎリハビリテーションセンター設置、管理及び使用料条例等の一部改正について,,,
261218_114,栃木県,平成２６年度栃木県議会第３２６回,05,26,12,18,通常会議,平成２６年度栃木県議会第３２６回通常会議12月18日-05号,螺良昭人　議長,議長,螺良昭人,議長,右は原案を可とする。,,,
261218_115,栃木県,平成２６年度栃木県議会第３２６回,05,26,12,18,通常会議,平成２６年度栃木県議会第３２６回通常会議12月18日-05号,螺良昭人　議長,議長,螺良昭人,議長,―――――――――――――――――――――――――――――,,,
261218_116,栃木県,平成２６年度栃木県議会第３２６回,05,26,12,18,通常会議,平成２６年度栃木県議会第３２６回通常会議12月18日-05号,螺良昭人　議長,議長,螺良昭人,議長,平成二十六年十二月五日,,,
261218_117,栃木県,平成２６年度栃木県議会第３２６回,05,26,12,18,通常会議,平成２６年度栃木県議会第３２６回通常会議12月18日-05号,螺良昭人　議長,議長,螺良昭人,議長,農林環境委員長　　亀　　　田　　　　　　　清,,,
261218_118,栃木県,平成２６年度栃木県議会第３２６回,05,26,12,18,通常会議,平成２６年度栃木県議会第３２６回通常会議12月18日-05号,螺良昭人　議長,議長,螺良昭人,議長,栃木県議会議長　　螺　良　昭　人　様,,,
261218_119,栃木県,平成２６年度栃木県議会第３２６回,05,26,12,18,通常会議,平成２６年度栃木県議会第３２６回通常会議12月18日-05号,螺良昭人　議長,議長,螺良昭人,議長,委員会審査報告書,,,
261218_120,栃木県,平成２６年度栃木県議会第３２６回,05,26,12,18,通常会議,平成２６年度栃木県議会第３２６回通常会議12月18日-05号,螺良昭人　議長,議長,螺良昭人,議長,本議会において農林環境委員会に付託された事件は、審査の結果、左記のとおり決しましたから、栃木県議会会議規則第七十六条の規定により報告します。,,,
261218_121,栃木県,平成２６年度栃木県議会第３２６回,05,26,12,18,通常会議,平成２６年度栃木県議会第３２６回通常会議12月18日-05号,螺良昭人　議長,議長,螺良昭人,議長,記,,,
261218_122,栃木県,平成２６年度栃木県議会第３２６回,05,26,12,18,通常会議,平成２６年度栃木県議会第３２６回通常会議12月18日-05号,螺良昭人　議長,議長,螺良昭人,議長,一　第十五号議案　市町村が負担する金額の変更について,,,
261218_123,栃木県,平成２６年度栃木県議会第３２６回,05,26,12,18,通常会議,平成２６年度栃木県議会第３２６回通常会議12月18日-05号,螺良昭人　議長,議長,螺良昭人,議長,一　第十六号議案　訴えの提起について,,,
261218_124,栃木県,平成２６年度栃木県議会第３２６回,05,26,12,18,通常会議,平成２６年度栃木県議会第３２６回通常会議12月18日-05号,螺良昭人　議長,議長,螺良昭人,議長,右は原案を可とする。,,,
261218_125,栃木県,平成２６年度栃木県議会第３２６回,05,26,12,18,通常会議,平成２６年度栃木県議会第３２６回通常会議12月18日-05号,螺良昭人　議長,議長,螺良昭人,議長,―――――――――――――――――――――――――――――,,,
261218_126,栃木県,平成２６年度栃木県議会第３２６回,05,26,12,18,通常会議,平成２６年度栃木県議会第３２６回通常会議12月18日-05号,螺良昭人　議長,議長,螺良昭人,議長,平成二十六年十二月八日,,,
261218_127,栃木県,平成２６年度栃木県議会第３２６回,05,26,12,18,通常会議,平成２６年度栃木県議会第３２６回通常会議12月18日-05号,螺良昭人　議長,議長,螺良昭人,議長,県土整備委員長　　早　　　川　　　尚　　　秀,,,
261218_128,栃木県,平成２６年度栃木県議会第３２６回,05,26,12,18,通常会議,平成２６年度栃木県議会第３２６回通常会議12月18日-05号,螺良昭人　議長,議長,螺良昭人,議長,栃木県議会議長　　螺　良　昭　人　様,,,
261218_129,栃木県,平成２６年度栃木県議会第３２６回,05,26,12,18,通常会議,平成２６年度栃木県議会第３２６回通常会議12月18日-05号,螺良昭人　議長,議長,螺良昭人,議長,委員会審査報告書,,,
261218_130,栃木県,平成２６年度栃木県議会第３２６回,05,26,12,18,通常会議,平成２６年度栃木県議会第３２６回通常会議12月18日-05号,螺良昭人　議長,議長,螺良昭人,議長,本議会において県土整備委員会に付託された事件は、審査の結果、左記のとおり決しましたから、栃木県議会会議規則第七十六条の規定により報告します。,,,
261218_131,栃木県,平成２６年度栃木県議会第３２６回,05,26,12,18,通常会議,平成２６年度栃木県議会第３２６回通常会議12月18日-05号,螺良昭人　議長,議長,螺良昭人,議長,記,,,
261218_132,栃木県,平成２６年度栃木県議会第３２６回,05,26,12,18,通常会議,平成２６年度栃木県議会第３２６回通常会議12月18日-05号,螺良昭人　議長,議長,螺良昭人,議長,一　第十号議案　栃木県道路占用料徴収条例の一部改正について,,,
261218_133,栃木県,平成２６年度栃木県議会第３２６回,05,26,12,18,通常会議,平成２６年度栃木県議会第３２６回通常会議12月18日-05号,螺良昭人　議長,議長,螺良昭人,議長,一　第十一号議案　栃木県屋外広告物条例及び栃木県知事の権限に属する事務の処理の特例に関する条例の一部改正について,,,
261218_134,栃木県,平成２６年度栃木県議会第３２６回,05,26,12,18,通常会議,平成２６年度栃木県議会第３２６回通常会議12月18日-05号,螺良昭人　議長,議長,螺良昭人,議長,右は原案を可とする。,,,
261218_135,栃木県,平成２６年度栃木県議会第３２６回,05,26,12,18,通常会議,平成２６年度栃木県議会第３２６回通常会議12月18日-05号,螺良昭人　議長,議長,螺良昭人,議長,―――――――――――――――――――――――――――――,,,
261218_136,栃木県,平成２６年度栃木県議会第３２６回,05,26,12,18,通常会議,平成２６年度栃木県議会第３２６回通常会議12月18日-05号,螺良昭人　議長,議長,螺良昭人,議長,これから採決に入ります。,,,
261218_137,栃木県,平成２６年度栃木県議会第３２６回,05,26,12,18,通常会議,平成２６年度栃木県議会第３２６回通常会議12月18日-05号,螺良昭人　議長,議長,螺良昭人,議長,第一号議案から第四号議案まで、第七号議案、第九号議案から第十一号議案まで及び第十三号議案から第十六号議案までを一括して採決いたします。,,,
261218_138,栃木県,平成２６年度栃木県議会第３２６回,05,26,12,18,通常会議,平成２６年度栃木県議会第３２６回通常会議12月18日-05号,螺良昭人　議長,議長,螺良昭人,議長,本案はそれぞれ原案のとおり決定することにご賛成の議員の起立を求めます。,,,
261218_139,栃木県,平成２６年度栃木県議会第３２６回,05,26,12,18,通常会議,平成２６年度栃木県議会第３２６回通常会議12月18日-05号,螺良昭人　議長,議長,螺良昭人,議長,（賛成者　起立）,,,
261218_140,栃木県,平成２６年度栃木県議会第３２６回,05,26,12,18,通常会議,平成２６年度栃木県議会第３２６回通常会議12月18日-05号,螺良昭人　議長,議長,螺良昭人,議長,起立全員であります。,,,
261218_141,栃木県,平成２６年度栃木県議会第３２６回,05,26,12,18,通常会議,平成２６年度栃木県議会第３２６回通常会議12月18日-05号,螺良昭人　議長,議長,螺良昭人,議長,したがって、第一号議案から第四号議案まで、第七号議案、第九号議案から第十一号議案まで及び第十三号議案から第十六号議案までは、それぞれ原案のとおり可決されました。,,,
261218_142,栃木県,平成２６年度栃木県議会第３２６回,05,26,12,18,通常会議,平成２６年度栃木県議会第３２６回通常会議12月18日-05号,螺良昭人　議長,議長,螺良昭人,議長,―――――――――――――――――――――――――――――,,,
261218_143,栃木県,平成２６年度栃木県議会第３２６回,05,26,12,18,通常会議,平成２６年度栃木県議会第３２６回通常会議12月18日-05号,螺良昭人　議長,議長,螺良昭人,議長,日程第二　関係常任委員会に付託しておきました請願・陳情七件を一括して議題といたします。,,,
261218_144,栃木県,平成２６年度栃木県議会第３２６回,05,26,12,18,通常会議,平成２６年度栃木県議会第３２６回通常会議12月18日-05号,螺良昭人　議長,議長,螺良昭人,議長,請願・陳情に対する関係常任委員長からの審査報告は、お手元に配付の結果表のとおりであります。,,,
261218_145,栃木県,平成２６年度栃木県議会第３２６回,05,26,12,18,通常会議,平成２６年度栃木県議会第３２６回通常会議12月18日-05号,螺良昭人　議長,議長,螺良昭人,議長,結果表は朗読を省略して会議録に記載することにいたします。,,,
261218_146,栃木県,平成２６年度栃木県議会第３２６回,05,26,12,18,通常会議,平成２６年度栃木県議会第３２６回通常会議12月18日-05号,螺良昭人　議長,議長,螺良昭人,議長,ご了承願います。,,,
261218_147,栃木県,平成２６年度栃木県議会第３２６回,05,26,12,18,通常会議,平成２６年度栃木県議会第３２６回通常会議12月18日-05号,螺良昭人　議長,議長,螺良昭人,議長,―――――――――――――――――――――――――――――,,,
261218_148,栃木県,平成２６年度栃木県議会第３２６回,05,26,12,18,通常会議,平成２６年度栃木県議会第３２６回通常会議12月18日-05号,螺良昭人　議長,議長,螺良昭人,議長,新規付託分,,,
261218_149,栃木県,平成２６年度栃木県議会第３２６回,05,26,12,18,通常会議,平成２６年度栃木県議会第３２６回通常会議12月18日-05号,螺良昭人　議長,議長,螺良昭人,議長,委員会名　農林環境委員会,,,
261218_150,栃木県,平成２６年度栃木県議会第３２６回,05,26,12,18,通常会議,平成２６年度栃木県議会第３２６回通常会議12月18日-05号,螺良昭人　議長,議長,螺良昭人,議長,受理番号　40,,,
261218_151,栃木県,平成２６年度栃木県議会第３２６回,05,26,12,18,通常会議,平成２６年度栃木県議会第３２６回通常会議12月18日-05号,螺良昭人　議長,議長,螺良昭人,議長,件名　　　Ａ市Ｂ地区への産業廃棄物処理施設の設置に関し不許可を求める陳情,,,
261218_152,栃木県,平成２６年度栃木県議会第３２６回,05,26,12,18,通常会議,平成２６年度栃木県議会第３２６回通常会議12月18日-05号,螺良昭人　議長,議長,螺良昭人,議長,審査結果　継続,,,
261218_153,栃木県,平成２６年度栃木県議会第３２６回,05,26,12,18,通常会議,平成２６年度栃木県議会第３２６回通常会議12月18日-05号,螺良昭人　議長,議長,螺良昭人,議長,理由　　　なお調査検討する必要がある。,,,
261218_154,栃木県,平成２６年度栃木県議会第３２６回,05,26,12,18,通常会議,平成２６年度栃木県議会第３２６回通常会議12月18日-05号,螺良昭人　議長,議長,螺良昭人,議長,委員会名　文教警察委員会,,,
261218_155,栃木県,平成２６年度栃木県議会第３２６回,05,26,12,18,通常会議,平成２６年度栃木県議会第３２６回通常会議12月18日-05号,螺良昭人　議長,議長,螺良昭人,議長,受理番号　41,,,
261218_156,栃木県,平成２６年度栃木県議会第３２６回,05,26,12,18,通常会議,平成２６年度栃木県議会第３２６回通常会議12月18日-05号,螺良昭人　議長,議長,螺良昭人,議長,件名　　　中学校社会科教科用図書（歴史・公民分野）の適正な採択を求める請願,,,
261218_157,栃木県,平成２６年度栃木県議会第３２６回,05,26,12,18,通常会議,平成２６年度栃木県議会第３２６回通常会議12月18日-05号,螺良昭人　議長,議長,螺良昭人,議長,審査結果　採択,,,
261218_158,栃木県,平成２６年度栃木県議会第３２６回,05,26,12,18,通常会議,平成２６年度栃木県議会第３２６回通常会議12月18日-05号,螺良昭人　議長,議長,螺良昭人,議長,理由　　　願意妥当である。,,,
261218_159,栃木県,平成２６年度栃木県議会第３２６回,05,26,12,18,通常会議,平成２６年度栃木県議会第３２６回通常会議12月18日-05号,螺良昭人　議長,議長,螺良昭人,議長,継続審査分,,,
261218_160,栃木県,平成２６年度栃木県議会第３２６回,05,26,12,18,通常会議,平成２６年度栃木県議会第３２６回通常会議12月18日-05号,螺良昭人　議長,議長,螺良昭人,議長,委員会名　県政経営委員会,,,
261218_161,栃木県,平成２６年度栃木県議会第３２６回,05,26,12,18,通常会議,平成２６年度栃木県議会第３２６回通常会議12月18日-05号,螺良昭人　議長,議長,螺良昭人,議長,受理番号　22,,,
261218_162,栃木県,平成２６年度栃木県議会第３２６回,05,26,12,18,通常会議,平成２６年度栃木県議会第３２６回通常会議12月18日-05号,螺良昭人　議長,議長,螺良昭人,議長,件名　　　弁護士人口激増に関する陳情,,,
261218_163,栃木県,平成２６年度栃木県議会第３２６回,05,26,12,18,通常会議,平成２６年度栃木県議会第３２６回通常会議12月18日-05号,螺良昭人　議長,議長,螺良昭人,議長,審査結果　継続,,,
261218_164,栃木県,平成２６年度栃木県議会第３２６回,05,26,12,18,通常会議,平成２６年度栃木県議会第３２６回通常会議12月18日-05号,螺良昭人　議長,議長,螺良昭人,議長,理由　　　なお調査検討する必要がある。,,,
261218_165,栃木県,平成２６年度栃木県議会第３２６回,05,26,12,18,通常会議,平成２６年度栃木県議会第３２６回通常会議12月18日-05号,螺良昭人　議長,議長,螺良昭人,議長,委員会名　農林環境委員会,,,
261218_166,栃木県,平成２６年度栃木県議会第３２６回,05,26,12,18,通常会議,平成２６年度栃木県議会第３２６回通常会議12月18日-05号,螺良昭人　議長,議長,螺良昭人,議長,受理番号　3,,,
261218_167,栃木県,平成２６年度栃木県議会第３２６回,05,26,12,18,通常会議,平成２６年度栃木県議会第３２６回通常会議12月18日-05号,螺良昭人　議長,議長,螺良昭人,議長,件名　　　農地に放置された産業廃棄物の行政による撤去に関する請願,,,
261218_168,栃木県,平成２６年度栃木県議会第３２６回,05,26,12,18,通常会議,平成２６年度栃木県議会第３２６回通常会議12月18日-05号,螺良昭人　議長,議長,螺良昭人,議長,審査結果　継続,,,
261218_169,栃木県,平成２６年度栃木県議会第３２６回,05,26,12,18,通常会議,平成２６年度栃木県議会第３２６回通常会議12月18日-05号,螺良昭人　議長,議長,螺良昭人,議長,理由　　　なお調査検討する必要がある。,,,
261218_170,栃木県,平成２６年度栃木県議会第３２６回,05,26,12,18,通常会議,平成２６年度栃木県議会第３２６回通常会議12月18日-05号,螺良昭人　議長,議長,螺良昭人,議長,委員会名　農林環境委員会,,,
261218_171,栃木県,平成２６年度栃木県議会第３２６回,05,26,12,18,通常会議,平成２６年度栃木県議会第３２６回通常会議12月18日-05号,螺良昭人　議長,議長,螺良昭人,議長,受理番号　4,,,
261218_172,栃木県,平成２６年度栃木県議会第３２６回,05,26,12,18,通常会議,平成２６年度栃木県議会第３２６回通常会議12月18日-05号,螺良昭人　議長,議長,螺良昭人,議長,件名　　　産業廃棄物最終処分場設置反対陳情,,,
261218_173,栃木県,平成２６年度栃木県議会第３２６回,05,26,12,18,通常会議,平成２６年度栃木県議会第３２６回通常会議12月18日-05号,螺良昭人　議長,議長,螺良昭人,議長,審査結果　継続,,,
261218_174,栃木県,平成２６年度栃木県議会第３２６回,05,26,12,18,通常会議,平成２６年度栃木県議会第３２６回通常会議12月18日-05号,螺良昭人　議長,議長,螺良昭人,議長,理由　　　なお調査検討する必要がある。,,,
261218_175,栃木県,平成２６年度栃木県議会第３２６回,05,26,12,18,通常会議,平成２６年度栃木県議会第３２６回通常会議12月18日-05号,螺良昭人　議長,議長,螺良昭人,議長,委員会名　農林環境委員会,,,
261218_176,栃木県,平成２６年度栃木県議会第３２６回,05,26,12,18,通常会議,平成２６年度栃木県議会第３２６回通常会議12月18日-05号,螺良昭人　議長,議長,螺良昭人,議長,受理番号　10,,,
261218_177,栃木県,平成２６年度栃木県議会第３２６回,05,26,12,18,通常会議,平成２６年度栃木県議会第３２６回通常会議12月18日-05号,螺良昭人　議長,議長,螺良昭人,議長,件名　　　原発から再生可能エネルギーの推進へエネルギー政策の転換を求める陳情,,,
261218_178,栃木県,平成２６年度栃木県議会第３２６回,05,26,12,18,通常会議,平成２６年度栃木県議会第３２６回通常会議12月18日-05号,螺良昭人　議長,議長,螺良昭人,議長,審査結果　継続,,,
261218_179,栃木県,平成２６年度栃木県議会第３２６回,05,26,12,18,通常会議,平成２６年度栃木県議会第３２６回通常会議12月18日-05号,螺良昭人　議長,議長,螺良昭人,議長,理由　　　なお調査検討する必要がある。,,,
261218_180,栃木県,平成２６年度栃木県議会第３２６回,05,26,12,18,通常会議,平成２６年度栃木県議会第３２６回通常会議12月18日-05号,螺良昭人　議長,議長,螺良昭人,議長,委員会名　経済企業委員会,,,
261218_181,栃木県,平成２６年度栃木県議会第３２６回,05,26,12,18,通常会議,平成２６年度栃木県議会第３２６回通常会議12月18日-05号,螺良昭人　議長,議長,螺良昭人,議長,受理番号　37,,,
261218_182,栃木県,平成２６年度栃木県議会第３２６回,05,26,12,18,通常会議,平成２６年度栃木県議会第３２６回通常会議12月18日-05号,螺良昭人　議長,議長,螺良昭人,議長,件名　　　「最低賃金の改善と中小企業支援の拡充を求める意見書」の採択を求める陳情,,,
261218_183,栃木県,平成２６年度栃木県議会第３２６回,05,26,12,18,通常会議,平成２６年度栃木県議会第３２６回通常会議12月18日-05号,螺良昭人　議長,議長,螺良昭人,議長,審査結果　継続,,,
261218_184,栃木県,平成２６年度栃木県議会第３２６回,05,26,12,18,通常会議,平成２６年度栃木県議会第３２６回通常会議12月18日-05号,螺良昭人　議長,議長,螺良昭人,議長,理由　　　なお調査検討する必要がある。,,,
261218_185,栃木県,平成２６年度栃木県議会第３２６回,05,26,12,18,通常会議,平成２６年度栃木県議会第３２６回通常会議12月18日-05号,螺良昭人　議長,議長,螺良昭人,議長,―――――――――――――――――――――――――――――,,,
261218_186,栃木県,平成２６年度栃木県議会第３２６回,05,26,12,18,通常会議,平成２６年度栃木県議会第３２６回通常会議12月18日-05号,螺良昭人　議長,議長,螺良昭人,議長,これから採決に入ります。,,,
261218_187,栃木県,平成２６年度栃木県議会第３２６回,05,26,12,18,通常会議,平成２６年度栃木県議会第３２６回通常会議12月18日-05号,螺良昭人　議長,議長,螺良昭人,議長,請願・陳情結果表七件を一括して採決いたします。,,,
261218_188,栃木県,平成２６年度栃木県議会第３２６回,05,26,12,18,通常会議,平成２６年度栃木県議会第３２６回通常会議12月18日-05号,螺良昭人　議長,議長,螺良昭人,議長,本件はそれぞれ委員長報告のとおり決定することにご賛成の議員の起立を求めます。,,,
261218_189,栃木県,平成２６年度栃木県議会第３２６回,05,26,12,18,通常会議,平成２６年度栃木県議会第３２６回通常会議12月18日-05号,螺良昭人　議長,議長,螺良昭人,議長,（賛成者　起立）,,,
261218_190,栃木県,平成２６年度栃木県議会第３２６回,05,26,12,18,通常会議,平成２６年度栃木県議会第３２６回通常会議12月18日-05号,螺良昭人　議長,議長,螺良昭人,議長,起立全員であります。,,,
261218_191,栃木県,平成２６年度栃木県議会第３２６回,05,26,12,18,通常会議,平成２６年度栃木県議会第３２６回通常会議12月18日-05号,螺良昭人　議長,議長,螺良昭人,議長,したがって、請願・陳情結果表七件は、それぞれ委員長報告のとおり決定いたしました。,,,
261218_192,栃木県,平成２６年度栃木県議会第３２６回,05,26,12,18,通常会議,平成２６年度栃木県議会第３２６回通常会議12月18日-05号,螺良昭人　議長,議長,螺良昭人,議長,―――――――――――――――――――――――――――――,,,
261218_193,栃木県,平成２６年度栃木県議会第３２６回,05,26,12,18,通常会議,平成２６年度栃木県議会第３２６回通常会議12月18日-05号,螺良昭人　議長,議長,螺良昭人,議長,日程第三　知事から、お手元に配付のとおり追加議案が提出されております。,,,
261218_194,栃木県,平成２６年度栃木県議会第３２６回,05,26,12,18,通常会議,平成２６年度栃木県議会第３２６回通常会議12月18日-05号,螺良昭人　議長,議長,螺良昭人,議長,―――――――――――――――――――――――――――――,,,
261218_195,栃木県,平成２６年度栃木県議会第３２６回,05,26,12,18,通常会議,平成２６年度栃木県議会第３２６回通常会議12月18日-05号,螺良昭人　議長,議長,螺良昭人,議長,財第百二十七号,,,
261218_196,栃木県,平成２６年度栃木県議会第３２６回,05,26,12,18,通常会議,平成２６年度栃木県議会第３２６回通常会議12月18日-05号,螺良昭人　議長,議長,螺良昭人,議長,平成二十六年十二月十八日,,,
261218_197,栃木県,平成２６年度栃木県議会第３２６回,05,26,12,18,通常会議,平成２６年度栃木県議会第３２６回通常会議12月18日-05号,螺良昭人　議長,議長,螺良昭人,議長,栃木県知事　　福　　　田　　　富　　　一,,,
261218_198,栃木県,平成２６年度栃木県議会第３２６回,05,26,12,18,通常会議,平成２６年度栃木県議会第３２６回通常会議12月18日-05号,螺良昭人　議長,議長,螺良昭人,議長,栃木県議会議長　　螺　良　昭　人　様,,,
261218_199,栃木県,平成２６年度栃木県議会第３２６回,05,26,12,18,通常会議,平成２６年度栃木県議会第３２６回通常会議12月18日-05号,螺良昭人　議長,議長,螺良昭人,議長,議案の提出について,,,
261218_200,栃木県,平成２６年度栃木県議会第３２６回,05,26,12,18,通常会議,平成２６年度栃木県議会第３２６回通常会議12月18日-05号,螺良昭人　議長,議長,螺良昭人,議長,このことについて、第三百二十六回通常会議に係る追加議案を次のとおり提出いたします。,,,
261218_201,栃木県,平成２６年度栃木県議会第３２６回,05,26,12,18,通常会議,平成２６年度栃木県議会第３２６回通常会議12月18日-05号,螺良昭人　議長,議長,螺良昭人,議長,追第一号議案　職員の給与に関する条例等の一部改正について,,,
261218_202,栃木県,平成２６年度栃木県議会第３２６回,05,26,12,18,通常会議,平成２６年度栃木県議会第３２６回通常会議12月18日-05号,螺良昭人　議長,議長,螺良昭人,議長,追第二号議案　栃木県公立学校職員給与条例等の一部改正について,,,
261218_203,栃木県,平成２６年度栃木県議会第３２６回,05,26,12,18,通常会議,平成２６年度栃木県議会第３２６回通常会議12月18日-05号,螺良昭人　議長,議長,螺良昭人,議長,追第三号議案　栃木県企業局企業職員の給与の種類及び基準に関する条例の一部改正について,,,
261218_204,栃木県,平成２６年度栃木県議会第３２６回,05,26,12,18,通常会議,平成２６年度栃木県議会第３２６回通常会議12月18日-05号,螺良昭人　議長,議長,螺良昭人,議長,―――――――――――――――――――――――――――――,,,
261218_205,栃木県,平成２６年度栃木県議会第３２６回,05,26,12,18,通常会議,平成２６年度栃木県議会第３２６回通常会議12月18日-05号,螺良昭人　議長,議長,螺良昭人,議長,追第一号議案から追第三号議案までを一括して議題といたします。,,,
261218_206,栃木県,平成２６年度栃木県議会第３２６回,05,26,12,18,通常会議,平成２６年度栃木県議会第３２６回通常会議12月18日-05号,螺良昭人　議長,議長,螺良昭人,議長,上程議案について、知事の説明を求めます。,,,
261218_207,栃木県,平成２６年度栃木県議会第３２６回,05,26,12,18,通常会議,平成２６年度栃木県議会第３２６回通常会議12月18日-05号,螺良昭人　議長,議長,螺良昭人,議長,福田富一知事。,,,
261218_208,栃木県,平成２６年度栃木県議会第３２６回,05,26,12,18,通常会議,平成２６年度栃木県議会第３２６回通常会議12月18日-05号,螺良昭人　議長,議長,螺良昭人,議長,（福田富一知事登壇）,,,
261218_209,栃木県,平成２６年度栃木県議会第３２６回,05,26,12,18,通常会議,平成２６年度栃木県議会第３２６回通常会議12月18日-05号,福田富一　知事,知事,福田富一,知事,ただいま上程されました追加議案の概要についてご説明を申し上げます前に、一言ご報告を申し上げます。,,,
261218_210,栃木県,平成２６年度栃木県議会第３２６回,05,26,12,18,通常会議,平成２６年度栃木県議会第３２６回通常会議12月18日-05号,福田富一　知事,知事,福田富一,知事,先ごろ開催されました第八十二回全日本アイスホッケー選手権大会におきまして、栃木日光アイスバックスが、平成十一年のチーム創設以来初となる、日本一の栄冠を手にいたしました。,,,
261218_211,栃木県,平成２６年度栃木県議会第３２６回,05,26,12,18,通常会議,平成２６年度栃木県議会第３２６回通常会議12月18日-05号,福田富一　知事,知事,福田富一,知事,地域に根差し、地域から愛されるクラブチームの快挙は、県民にとって大きな感動をもたらし、また、次代を担う子供たちの希望となるものであります。,,,
261218_212,栃木県,平成２６年度栃木県議会第３２６回,05,26,12,18,通常会議,平成２６年度栃木県議会第３２６回通常会議12月18日-05号,福田富一　知事,知事,福田富一,知事,県民の皆様とともに心から祝福をいたしますとともに、この優勝を弾みとして、アジアリーグでのさらなる活躍を期待するところであります。,,,
261218_213,栃木県,平成２６年度栃木県議会第３２６回,05,26,12,18,通常会議,平成２６年度栃木県議会第３２６回通常会議12月18日-05号,福田富一　知事,知事,福田富一,知事,次に、追加議案の概要についてご説明申し上げます。,,,
261218_214,栃木県,平成２６年度栃木県議会第３２６回,05,26,12,18,通常会議,平成２６年度栃木県議会第３２６回通常会議12月18日-05号,福田富一　知事,知事,福田富一,知事,今回提出いたしました議案は、条例三件であります。,,,
261218_215,栃木県,平成２６年度栃木県議会第３２６回,05,26,12,18,通常会議,平成２６年度栃木県議会第３２６回通常会議12月18日-05号,福田富一　知事,知事,福田富一,知事,追第一号議案から追第三号議案は、去る十月十四日付の人事委員会勧告等に基づき、職員の給与に関する条例など給与に関連する条例の一部を改正するものであります。,,,
261218_216,栃木県,平成２６年度栃木県議会第３２６回,05,26,12,18,通常会議,平成２６年度栃木県議会第３２６回通常会議12月18日-05号,福田富一　知事,知事,福田富一,知事,以上が今回提出いたしました追加議案の概要であります。,,,
261218_217,栃木県,平成２６年度栃木県議会第３２６回,05,26,12,18,通常会議,平成２６年度栃木県議会第３２６回通常会議12月18日-05号,福田富一　知事,知事,福田富一,知事,何とぞよろしくご審議の上、議決されますようお願い申し上げます。,,,
261218_218,栃木県,平成２６年度栃木県議会第３２６回,05,26,12,18,通常会議,平成２６年度栃木県議会第３２６回通常会議12月18日-05号,螺良昭人　議長,議長,螺良昭人,議長,この際、申し上げます。,,,
261218_219,栃木県,平成２６年度栃木県議会第３２６回,05,26,12,18,通常会議,平成２６年度栃木県議会第３２６回通常会議12月18日-05号,螺良昭人　議長,議長,螺良昭人,議長,ただいま上程中の追第一号議案及び追第二号議案については、地方公務員法第五条第二項の規定により、人事委員会の意見を求めることにいたします。,,,
261218_220,栃木県,平成２６年度栃木県議会第３２６回,05,26,12,18,通常会議,平成２６年度栃木県議会第３２６回通常会議12月18日-05号,螺良昭人　議長,議長,螺良昭人,議長,ご了承願います。,,,
261218_221,栃木県,平成２６年度栃木県議会第３２６回,05,26,12,18,通常会議,平成２６年度栃木県議会第３２６回通常会議12月18日-05号,螺良昭人　議長,議長,螺良昭人,議長,次に、申し上げます。,,,
261218_222,栃木県,平成２６年度栃木県議会第３２６回,05,26,12,18,通常会議,平成２６年度栃木県議会第３２６回通常会議12月18日-05号,螺良昭人　議長,議長,螺良昭人,議長,ただいま上程中の追第一号議案から追第三号議案までについては、お手元に配付いたしました議案付託表二のとおり、議案審査のため、それぞれ関係常任委員会に付託いたします。,,,
261218_223,栃木県,平成２６年度栃木県議会第３２６回,05,26,12,18,通常会議,平成２６年度栃木県議会第３２６回通常会議12月18日-05号,螺良昭人　議長,議長,螺良昭人,議長,ご了承願います。,,,
261218_224,栃木県,平成２６年度栃木県議会第３２６回,05,26,12,18,通常会議,平成２６年度栃木県議会第３２６回通常会議12月18日-05号,螺良昭人　議長,議長,螺良昭人,議長,―――――――――――――――――――――――――――――,,,
261218_225,栃木県,平成２６年度栃木県議会第３２６回,05,26,12,18,通常会議,平成２６年度栃木県議会第３２６回通常会議12月18日-05号,螺良昭人　議長,議長,螺良昭人,議長,議　案　付　託　表　二,,,
261218_226,栃木県,平成２６年度栃木県議会第３２６回,05,26,12,18,通常会議,平成２６年度栃木県議会第３２６回通常会議12月18日-05号,螺良昭人　議長,議長,螺良昭人,議長,〇県政経営委員会,,,
261218_227,栃木県,平成２６年度栃木県議会第３２６回,05,26,12,18,通常会議,平成２６年度栃木県議会第３２６回通常会議12月18日-05号,螺良昭人　議長,議長,螺良昭人,議長,追第一号議案　職員の給与に関する条例等の一部改正について,,,
261218_228,栃木県,平成２６年度栃木県議会第３２６回,05,26,12,18,通常会議,平成２６年度栃木県議会第３２６回通常会議12月18日-05号,螺良昭人　議長,議長,螺良昭人,議長,〇経済企業委員会,,,
261218_229,栃木県,平成２６年度栃木県議会第３２６回,05,26,12,18,通常会議,平成２６年度栃木県議会第３２６回通常会議12月18日-05号,螺良昭人　議長,議長,螺良昭人,議長,追第三号議案　栃木県企業局企業職員の給与の種類及び基準に関する条例の一部改正について,,,
261218_230,栃木県,平成２６年度栃木県議会第３２６回,05,26,12,18,通常会議,平成２６年度栃木県議会第３２６回通常会議12月18日-05号,螺良昭人　議長,議長,螺良昭人,議長,〇文教警察委員会,,,
261218_231,栃木県,平成２６年度栃木県議会第３２６回,05,26,12,18,通常会議,平成２６年度栃木県議会第３２６回通常会議12月18日-05号,螺良昭人　議長,議長,螺良昭人,議長,追第二号議案　栃木県公立学校職員給与条例等の一部改正について,,,
261218_232,栃木県,平成２６年度栃木県議会第３２６回,05,26,12,18,通常会議,平成２６年度栃木県議会第３２６回通常会議12月18日-05号,螺良昭人　議長,議長,螺良昭人,議長,―――――――――――――――――――――――――――――,,,
261218_233,栃木県,平成２６年度栃木県議会第３２６回,05,26,12,18,通常会議,平成２６年度栃木県議会第３２６回通常会議12月18日-05号,螺良昭人　議長,議長,螺良昭人,議長,委員会開催のため、暫時休憩いたします。,,,
261218_234,栃木県,平成２６年度栃木県議会第３２６回,05,26,12,18,通常会議,平成２６年度栃木県議会第３２６回通常会議12月18日-05号,螺良昭人　議長,議長,螺良昭人,議長,午前十時四分　休憩,,,
261218_235,栃木県,平成２６年度栃木県議会第３２６回,05,26,12,18,通常会議,平成２６年度栃木県議会第３２６回通常会議12月18日-05号,螺良昭人　議長,議長,螺良昭人,議長,―――――――――――――――――――――――――――――,,,
261218_236,栃木県,平成２６年度栃木県議会第３２６回,05,26,12,18,通常会議,平成２６年度栃木県議会第３２６回通常会議12月18日-05号,坂東哲夫　事務局長,その他,坂東哲夫,事務局長,出席議員数を報告いたします。,,,
261218_237,栃木県,平成２６年度栃木県議会第３２６回,05,26,12,18,通常会議,平成２６年度栃木県議会第３２６回通常会議12月18日-05号,坂東哲夫　事務局長,その他,坂東哲夫,事務局長,ただいまの出席議員数は四十六名であります。,,,
261218_238,栃木県,平成２６年度栃木県議会第３２６回,05,26,12,18,通常会議,平成２６年度栃木県議会第３２６回通常会議12月18日-05号,坂東哲夫　事務局長,その他,坂東哲夫,事務局長,―――――――――――――――――――――――――――――,,,
261218_239,栃木県,平成２６年度栃木県議会第３２６回,05,26,12,18,通常会議,平成２６年度栃木県議会第３２６回通常会議12月18日-05号,坂東哲夫　事務局長,その他,坂東哲夫,事務局長,午前十時二十七分　再開,,,
261218_240,栃木県,平成２６年度栃木県議会第３２６回,05,26,12,18,通常会議,平成２６年度栃木県議会第３２６回通常会議12月18日-05号,螺良昭人　議長,議長,螺良昭人,議長,ただいまから会議を開きます。,,,
261218_241,栃木県,平成２６年度栃木県議会第３２６回,05,26,12,18,通常会議,平成２６年度栃木県議会第３２６回通常会議12月18日-05号,螺良昭人　議長,議長,螺良昭人,議長,この際、申し上げます。,,,
261218_242,栃木県,平成２６年度栃木県議会第３２６回,05,26,12,18,通常会議,平成２６年度栃木県議会第３２６回通常会議12月18日-05号,螺良昭人　議長,議長,螺良昭人,議長,さきに人事委員会の意見を求めておりました追第一号議案及び追第二号議案については、お手元に配付のとおり人事委員会委員長から回答がありました。,,,
261218_243,栃木県,平成２６年度栃木県議会第３２６回,05,26,12,18,通常会議,平成２６年度栃木県議会第３２６回通常会議12月18日-05号,螺良昭人　議長,議長,螺良昭人,議長,朗読を省略して会議録に記載することにいたします。,,,
261218_244,栃木県,平成２６年度栃木県議会第３２６回,05,26,12,18,通常会議,平成２６年度栃木県議会第３２６回通常会議12月18日-05号,螺良昭人　議長,議長,螺良昭人,議長,ご了承願います。,,,
261218_245,栃木県,平成２６年度栃木県議会第３２６回,05,26,12,18,通常会議,平成２６年度栃木県議会第３２６回通常会議12月18日-05号,螺良昭人　議長,議長,螺良昭人,議長,―――――――――――――――――――――――――――――,,,
261218_246,栃木県,平成２６年度栃木県議会第３２６回,05,26,12,18,通常会議,平成２６年度栃木県議会第３２６回通常会議12月18日-05号,螺良昭人　議長,議長,螺良昭人,議長,人委第二百一号,,,
261218_247,栃木県,平成２６年度栃木県議会第３２６回,05,26,12,18,通常会議,平成２６年度栃木県議会第３２６回通常会議12月18日-05号,螺良昭人　議長,議長,螺良昭人,議長,平成二十六年十二月十八日,,,
261218_248,栃木県,平成２６年度栃木県議会第３２６回,05,26,12,18,通常会議,平成２６年度栃木県議会第３２６回通常会議12月18日-05号,螺良昭人　議長,議長,螺良昭人,議長,栃木県人事委員会委員長　　田　　　村　　　澄　　　夫,,,
261218_249,栃木県,平成２６年度栃木県議会第３２６回,05,26,12,18,通常会議,平成２６年度栃木県議会第３２６回通常会議12月18日-05号,螺良昭人　議長,議長,螺良昭人,議長,栃木県議会議長　　螺　良　昭　人　様,,,
261218_250,栃木県,平成２６年度栃木県議会第３２６回,05,26,12,18,通常会議,平成２６年度栃木県議会第３２６回通常会議12月18日-05号,螺良昭人　議長,議長,螺良昭人,議長,条例の一部改正案に対する意見について（回答）,,,
261218_251,栃木県,平成２６年度栃木県議会第３２６回,05,26,12,18,通常会議,平成２６年度栃木県議会第３２６回通常会議12月18日-05号,螺良昭人　議長,議長,螺良昭人,議長,平成二十六年十二月十八日付け栃議第二百二十一号で、地方公務員法第五条第二項の規定に基づき意見照会のありました左記議案については、適当なものと考えます。,,,
261218_252,栃木県,平成２６年度栃木県議会第３２６回,05,26,12,18,通常会議,平成２６年度栃木県議会第３２６回通常会議12月18日-05号,螺良昭人　議長,議長,螺良昭人,議長,記,,,
261218_253,栃木県,平成２６年度栃木県議会第３２６回,05,26,12,18,通常会議,平成２６年度栃木県議会第３２６回通常会議12月18日-05号,螺良昭人　議長,議長,螺良昭人,議長,追第一号議案　職員の給与に関する条例等の一部改正について,,,
261218_254,栃木県,平成２６年度栃木県議会第３２６回,05,26,12,18,通常会議,平成２６年度栃木県議会第３２６回通常会議12月18日-05号,螺良昭人　議長,議長,螺良昭人,議長,追第二号議案　栃木県公立学校職員給与条例等の一部改正について,,,
261218_255,栃木県,平成２６年度栃木県議会第３２６回,05,26,12,18,通常会議,平成２６年度栃木県議会第３２６回通常会議12月18日-05号,螺良昭人　議長,議長,螺良昭人,議長,―――――――――――――――――――――――――――――,,,
261218_256,栃木県,平成２６年度栃木県議会第３２６回,05,26,12,18,通常会議,平成２６年度栃木県議会第３２６回通常会議12月18日-05号,螺良昭人　議長,議長,螺良昭人,議長,お諮りいたします。,,,
261218_257,栃木県,平成２６年度栃木県議会第３２６回,05,26,12,18,通常会議,平成２６年度栃木県議会第３２６回通常会議12月18日-05号,螺良昭人　議長,議長,螺良昭人,議長,この際、日程を追加変更して、追第一号議案から追第三号議案までを一括して議題とし、審議に入りたいと思いますが、ご異議ありませんか。,,,
261218_258,栃木県,平成２６年度栃木県議会第３２６回,05,26,12,18,通常会議,平成２６年度栃木県議会第３２６回通常会議12月18日-05号,螺良昭人　議長,議長,螺良昭人,議長,（「異議なし」と呼ぶ者あり）,,,
261218_259,栃木県,平成２６年度栃木県議会第３２６回,05,26,12,18,通常会議,平成２６年度栃木県議会第３２６回通常会議12月18日-05号,螺良昭人　議長,議長,螺良昭人,議長,ご異議がないと認めます。,,,
261218_260,栃木県,平成２６年度栃木県議会第３２６回,05,26,12,18,通常会議,平成２６年度栃木県議会第３２６回通常会議12月18日-05号,螺良昭人　議長,議長,螺良昭人,議長,したがって、これより日程を追加変更して、追第一号議案から追第三号議案までを一括して議題とし、審議に入ります。,,,
261218_261,栃木県,平成２６年度栃木県議会第３２６回,05,26,12,18,通常会議,平成２６年度栃木県議会第３２６回通常会議12月18日-05号,螺良昭人　議長,議長,螺良昭人,議長,関係常任委員会に付託した追第一号議案から追第三号議案までについては、審査の結果、いずれも原案を可とする旨の報告書が、お手元に配付のとおり、それぞれの委員長から議長に提出されております。,,,
261218_262,栃木県,平成２６年度栃木県議会第３２６回,05,26,12,18,通常会議,平成２６年度栃木県議会第３２６回通常会議12月18日-05号,螺良昭人　議長,議長,螺良昭人,議長,報告書は朗読を省略して会議録に記載することとし、委員長の審査経過及び結果の報告は、これを省略いたします。,,,
261218_263,栃木県,平成２６年度栃木県議会第３２６回,05,26,12,18,通常会議,平成２６年度栃木県議会第３２６回通常会議12月18日-05号,螺良昭人　議長,議長,螺良昭人,議長,ご了承願います。,,,
261218_264,栃木県,平成２６年度栃木県議会第３２６回,05,26,12,18,通常会議,平成２６年度栃木県議会第３２６回通常会議12月18日-05号,螺良昭人　議長,議長,螺良昭人,議長,―――――――――――――――――――――――――――――,,,
261218_265,栃木県,平成２６年度栃木県議会第３２６回,05,26,12,18,通常会議,平成２６年度栃木県議会第３２６回通常会議12月18日-05号,螺良昭人　議長,議長,螺良昭人,議長,平成二十六年十二月十八日,,,
261218_266,栃木県,平成２６年度栃木県議会第３２６回,05,26,12,18,通常会議,平成２６年度栃木県議会第３２６回通常会議12月18日-05号,螺良昭人　議長,議長,螺良昭人,議長,県政経営委員長　　岩　　　崎　　　　　　　信,,,
261218_267,栃木県,平成２６年度栃木県議会第３２６回,05,26,12,18,通常会議,平成２６年度栃木県議会第３２６回通常会議12月18日-05号,螺良昭人　議長,議長,螺良昭人,議長,栃木県議会議長　　螺　良　昭　人　様,,,
261218_268,栃木県,平成２６年度栃木県議会第３２６回,05,26,12,18,通常会議,平成２６年度栃木県議会第３２６回通常会議12月18日-05号,螺良昭人　議長,議長,螺良昭人,議長,委員会審査報告書,,,
261218_269,栃木県,平成２６年度栃木県議会第３２６回,05,26,12,18,通常会議,平成２６年度栃木県議会第３２６回通常会議12月18日-05号,螺良昭人　議長,議長,螺良昭人,議長,本議会において県政経営委員会に付託された事件は、審査の結果、左記のとおり決しましたから、栃木県議会会議規則第七十六条の規定により報告します。,,,
261218_270,栃木県,平成２６年度栃木県議会第３２６回,05,26,12,18,通常会議,平成２６年度栃木県議会第３２６回通常会議12月18日-05号,螺良昭人　議長,議長,螺良昭人,議長,記,,,
261218_271,栃木県,平成２６年度栃木県議会第３２６回,05,26,12,18,通常会議,平成２６年度栃木県議会第３２６回通常会議12月18日-05号,螺良昭人　議長,議長,螺良昭人,議長,一　追第一号議案　職員の給与に関する条例等の一部改正について,,,
261218_272,栃木県,平成２６年度栃木県議会第３２６回,05,26,12,18,通常会議,平成２６年度栃木県議会第３２６回通常会議12月18日-05号,螺良昭人　議長,議長,螺良昭人,議長,右は原案を可とする。,,,
261218_273,栃木県,平成２６年度栃木県議会第３２６回,05,26,12,18,通常会議,平成２６年度栃木県議会第３２６回通常会議12月18日-05号,螺良昭人　議長,議長,螺良昭人,議長,―――――――――――――――――――――――――――――,,,
261218_274,栃木県,平成２６年度栃木県議会第３２６回,05,26,12,18,通常会議,平成２６年度栃木県議会第３２６回通常会議12月18日-05号,螺良昭人　議長,議長,螺良昭人,議長,平成二十六年十二月十八日,,,
261218_275,栃木県,平成２６年度栃木県議会第３２６回,05,26,12,18,通常会議,平成２６年度栃木県議会第３２６回通常会議12月18日-05号,螺良昭人　議長,議長,螺良昭人,議長,経済企業委員長　　横　　　松　　　盛　　　人,,,
261218_276,栃木県,平成２６年度栃木県議会第３２６回,05,26,12,18,通常会議,平成２６年度栃木県議会第３２６回通常会議12月18日-05号,螺良昭人　議長,議長,螺良昭人,議長,栃木県議会議長　　螺　良　昭　人　様,,,
261218_277,栃木県,平成２６年度栃木県議会第３２６回,05,26,12,18,通常会議,平成２６年度栃木県議会第３２６回通常会議12月18日-05号,螺良昭人　議長,議長,螺良昭人,議長,委員会審査報告書,,,
261218_278,栃木県,平成２６年度栃木県議会第３２６回,05,26,12,18,通常会議,平成２６年度栃木県議会第３２６回通常会議12月18日-05号,螺良昭人　議長,議長,螺良昭人,議長,本議会において経済企業委員会に付託された事件は、審査の結果、左記のとおり決しましたから、栃木県議会会議規則第七十六条の規定により報告します。,,,
261218_279,栃木県,平成２６年度栃木県議会第３２６回,05,26,12,18,通常会議,平成２６年度栃木県議会第３２６回通常会議12月18日-05号,螺良昭人　議長,議長,螺良昭人,議長,記,,,
261218_280,栃木県,平成２６年度栃木県議会第３２６回,05,26,12,18,通常会議,平成２６年度栃木県議会第３２６回通常会議12月18日-05号,螺良昭人　議長,議長,螺良昭人,議長,一　追第三号議案　栃木県企業局企業職員の給与の種類及び基準に関する条例の一部改正について,,,
261218_281,栃木県,平成２６年度栃木県議会第３２６回,05,26,12,18,通常会議,平成２６年度栃木県議会第３２６回通常会議12月18日-05号,螺良昭人　議長,議長,螺良昭人,議長,右は原案を可とする。,,,
261218_282,栃木県,平成２６年度栃木県議会第３２６回,05,26,12,18,通常会議,平成２６年度栃木県議会第３２６回通常会議12月18日-05号,螺良昭人　議長,議長,螺良昭人,議長,―――――――――――――――――――――――――――――,,,
261218_283,栃木県,平成２６年度栃木県議会第３２６回,05,26,12,18,通常会議,平成２６年度栃木県議会第３２６回通常会議12月18日-05号,螺良昭人　議長,議長,螺良昭人,議長,平成二十六年十二月十八日,,,
261218_284,栃木県,平成２６年度栃木県議会第３２６回,05,26,12,18,通常会議,平成２６年度栃木県議会第３２６回通常会議12月18日-05号,螺良昭人　議長,議長,螺良昭人,議長,文教警察委員長　　中　　　島　　　　　　　宏,,,
261218_285,栃木県,平成２６年度栃木県議会第３２６回,05,26,12,18,通常会議,平成２６年度栃木県議会第３２６回通常会議12月18日-05号,螺良昭人　議長,議長,螺良昭人,議長,栃木県議会議長　　螺　良　昭　人　様,,,
261218_286,栃木県,平成２６年度栃木県議会第３２６回,05,26,12,18,通常会議,平成２６年度栃木県議会第３２６回通常会議12月18日-05号,螺良昭人　議長,議長,螺良昭人,議長,委員会審査報告書,,,
261218_287,栃木県,平成２６年度栃木県議会第３２６回,05,26,12,18,通常会議,平成２６年度栃木県議会第３２６回通常会議12月18日-05号,螺良昭人　議長,議長,螺良昭人,議長,本議会において文教警察委員会に付託された事件は、審査の結果、左記のとおり決しましたから、栃木県議会会議規則第七十六条の規定により報告します。,,,
261218_288,栃木県,平成２６年度栃木県議会第３２６回,05,26,12,18,通常会議,平成２６年度栃木県議会第３２６回通常会議12月18日-05号,螺良昭人　議長,議長,螺良昭人,議長,記,,,
261218_289,栃木県,平成２６年度栃木県議会第３２６回,05,26,12,18,通常会議,平成２６年度栃木県議会第３２６回通常会議12月18日-05号,螺良昭人　議長,議長,螺良昭人,議長,一　追第二号議案　栃木県公立学校職員給与条例等の一部改正について,,,
261218_290,栃木県,平成２６年度栃木県議会第３２６回,05,26,12,18,通常会議,平成２６年度栃木県議会第３２６回通常会議12月18日-05号,螺良昭人　議長,議長,螺良昭人,議長,右は原案を可とする。,,,
261218_291,栃木県,平成２６年度栃木県議会第３２６回,05,26,12,18,通常会議,平成２６年度栃木県議会第３２６回通常会議12月18日-05号,螺良昭人　議長,議長,螺良昭人,議長,―――――――――――――――――――――――――――――,,,
261218_292,栃木県,平成２６年度栃木県議会第３２６回,05,26,12,18,通常会議,平成２６年度栃木県議会第３２６回通常会議12月18日-05号,螺良昭人　議長,議長,螺良昭人,議長,これから採決に入ります。,,,
261218_293,栃木県,平成２６年度栃木県議会第３２６回,05,26,12,18,通常会議,平成２６年度栃木県議会第３２６回通常会議12月18日-05号,螺良昭人　議長,議長,螺良昭人,議長,追第一号議案から追第三号議案までを一括して採決いたします。,,,
261218_294,栃木県,平成２６年度栃木県議会第３２６回,05,26,12,18,通常会議,平成２６年度栃木県議会第３２６回通常会議12月18日-05号,螺良昭人　議長,議長,螺良昭人,議長,本案はそれぞれ原案のとおり決定することにご賛成の議員の起立を求めます。,,,
261218_295,栃木県,平成２６年度栃木県議会第３２６回,05,26,12,18,通常会議,平成２６年度栃木県議会第３２６回通常会議12月18日-05号,螺良昭人　議長,議長,螺良昭人,議長,（賛成者　起立）,,,
261218_296,栃木県,平成２６年度栃木県議会第３２６回,05,26,12,18,通常会議,平成２６年度栃木県議会第３２６回通常会議12月18日-05号,螺良昭人　議長,議長,螺良昭人,議長,起立全員であります。,,,
261218_297,栃木県,平成２６年度栃木県議会第３２６回,05,26,12,18,通常会議,平成２６年度栃木県議会第３２６回通常会議12月18日-05号,螺良昭人　議長,議長,螺良昭人,議長,したがって、追第一号議案から追第三号議案までは、それぞれ原案のとおり可決されました。,,,
261218_298,栃木県,平成２６年度栃木県議会第３２６回,05,26,12,18,通常会議,平成２６年度栃木県議会第３２６回通常会議12月18日-05号,螺良昭人　議長,議長,螺良昭人,議長,―――――――――――――――――――――――――――――,,,
261218_299,栃木県,平成２６年度栃木県議会第３２６回,05,26,12,18,通常会議,平成２６年度栃木県議会第３２６回通常会議12月18日-05号,螺良昭人　議長,議長,螺良昭人,議長,日程第四　五月女裕久彦議員ほか十三名の議員から議案が提出されております。,,,
261218_300,栃木県,平成２６年度栃木県議会第３２６回,05,26,12,18,通常会議,平成２６年度栃木県議会第３２６回通常会議12月18日-05号,螺良昭人　議長,議長,螺良昭人,議長,―――――――――――――――――――――――――――――,,,
261218_301,栃木県,平成２６年度栃木県議会第３２６回,05,26,12,18,通常会議,平成２６年度栃木県議会第３２６回通常会議12月18日-05号,螺良昭人　議長,議長,螺良昭人,議長,平成二十六年度栃木県議会第三百二十六回通常会議意見書（案）,,,
261218_302,栃木県,平成２６年度栃木県議会第３２６回,05,26,12,18,通常会議,平成２６年度栃木県議会第３２６回通常会議12月18日-05号,螺良昭人　議長,議長,螺良昭人,議長,議第十五号　子ども・子育て支援対策の充実強化を求める意見書（案）,,,
261218_303,栃木県,平成２６年度栃木県議会第３２６回,05,26,12,18,通常会議,平成２６年度栃木県議会第３２６回通常会議12月18日-05号,螺良昭人　議長,議長,螺良昭人,議長,議第十六号　地域の中小企業振興策の充実強化を求める意見書（案）,,,
261218_304,栃木県,平成２６年度栃木県議会第３２６回,05,26,12,18,通常会議,平成２６年度栃木県議会第３２６回通常会議12月18日-05号,螺良昭人　議長,議長,螺良昭人,議長,議第十七号　少人数学級の堅持を求める意見書（案）,,,
261218_305,栃木県,平成２６年度栃木県議会第３２６回,05,26,12,18,通常会議,平成２６年度栃木県議会第３２６回通常会議12月18日-05号,螺良昭人　議長,議長,螺良昭人,議長,右の議案を別紙のとおり、栃木県議会会議規則第十五条第一項の規定により提出します。,,,
261218_306,栃木県,平成２６年度栃木県議会第３２６回,05,26,12,18,通常会議,平成２６年度栃木県議会第３２６回通常会議12月18日-05号,螺良昭人　議長,議長,螺良昭人,議長,平成二十六年十二月十八日,,,
261218_307,栃木県,平成２６年度栃木県議会第３２６回,05,26,12,18,通常会議,平成２６年度栃木県議会第３２６回通常会議12月18日-05号,螺良昭人　議長,議長,螺良昭人,議長,提出者　栃木県議会議員　　五　月　女　　　裕　久　彦,,,
261218_308,栃木県,平成２６年度栃木県議会第３２６回,05,26,12,18,通常会議,平成２６年度栃木県議会第３２６回通常会議12月18日-05号,螺良昭人　議長,議長,螺良昭人,議長,同　　　　　　　　池　　　田　　　　　　　忠,,,
261218_309,栃木県,平成２６年度栃木県議会第３２６回,05,26,12,18,通常会議,平成２６年度栃木県議会第３２６回通常会議12月18日-05号,螺良昭人　議長,議長,螺良昭人,議長,同　　　　　　　　山　　　口　　　恒　　　夫,,,
261218_310,栃木県,平成２６年度栃木県議会第３２６回,05,26,12,18,通常会議,平成２６年度栃木県議会第３２６回通常会議12月18日-05号,螺良昭人　議長,議長,螺良昭人,議長,同　　　　　　　　佐　　　原　　　吉　　　大,,,
261218_311,栃木県,平成２６年度栃木県議会第３２６回,05,26,12,18,通常会議,平成２６年度栃木県議会第３２６回通常会議12月18日-05号,螺良昭人　議長,議長,螺良昭人,議長,同　　　　　　　　五　十　畑　　　一　　　幸,,,
261218_312,栃木県,平成２６年度栃木県議会第３２６回,05,26,12,18,通常会議,平成２６年度栃木県議会第３２６回通常会議12月18日-05号,螺良昭人　議長,議長,螺良昭人,議長,同　　　　　　　　鶴　　　貝　　　大　　　祐,,,
261218_313,栃木県,平成２６年度栃木県議会第３２６回,05,26,12,18,通常会議,平成２６年度栃木県議会第３２６回通常会議12月18日-05号,螺良昭人　議長,議長,螺良昭人,議長,同　　　　　　　　加　　　藤　　　正　　　一,,,
261218_314,栃木県,平成２６年度栃木県議会第３２６回,05,26,12,18,通常会議,平成２６年度栃木県議会第３２６回通常会議12月18日-05号,螺良昭人　議長,議長,螺良昭人,議長,同　　　　　　　　中　　　島　　　　　　　宏,,,
261218_315,栃木県,平成２６年度栃木県議会第３２６回,05,26,12,18,通常会議,平成２６年度栃木県議会第３２６回通常会議12月18日-05号,螺良昭人　議長,議長,螺良昭人,議長,同　　　　　　　　金　　　子　　　　　　　裕,,,
261218_316,栃木県,平成２６年度栃木県議会第３２６回,05,26,12,18,通常会議,平成２６年度栃木県議会第３２６回通常会議12月18日-05号,螺良昭人　議長,議長,螺良昭人,議長,同　　　　　　　　中　　　川　　　幹　　　雄,,,
261218_317,栃木県,平成２６年度栃木県議会第３２６回,05,26,12,18,通常会議,平成２６年度栃木県議会第３２６回通常会議12月18日-05号,螺良昭人　議長,議長,螺良昭人,議長,同　　　　　　　　小　　　林　　　幹　　　夫,,,
261218_318,栃木県,平成２６年度栃木県議会第３２６回,05,26,12,18,通常会議,平成２６年度栃木県議会第３２６回通常会議12月18日-05号,螺良昭人　議長,議長,螺良昭人,議長,同　　　　　　　　早　　　川　　　尚　　　秀,,,
261218_319,栃木県,平成２６年度栃木県議会第３２６回,05,26,12,18,通常会議,平成２６年度栃木県議会第３２６回通常会議12月18日-05号,螺良昭人　議長,議長,螺良昭人,議長,同　　　　　　　　〓〓　　　橋　　　文　　　吉,,,
261218_320,栃木県,平成２６年度栃木県議会第３２６回,05,26,12,18,通常会議,平成２６年度栃木県議会第３２６回通常会議12月18日-05号,螺良昭人　議長,議長,螺良昭人,議長,同　　　　　　　　平　　　池　　　秀　　　光,,,
261218_321,栃木県,平成２６年度栃木県議会第３２６回,05,26,12,18,通常会議,平成２６年度栃木県議会第３２６回通常会議12月18日-05号,螺良昭人　議長,議長,螺良昭人,議長,栃木県議会議長　　螺　良　昭　人　様,,,
261218_322,栃木県,平成２６年度栃木県議会第３２６回,05,26,12,18,通常会議,平成２６年度栃木県議会第３２６回通常会議12月18日-05号,螺良昭人　議長,議長,螺良昭人,議長,―――――――――――――――――――――――――――――,,,
261218_323,栃木県,平成２６年度栃木県議会第３２６回,05,26,12,18,通常会議,平成２６年度栃木県議会第３２６回通常会議12月18日-05号,螺良昭人　議長,議長,螺良昭人,議長,議第十五号,,,
261218_324,栃木県,平成２６年度栃木県議会第３２６回,05,26,12,18,通常会議,平成２６年度栃木県議会第３２６回通常会議12月18日-05号,螺良昭人　議長,議長,螺良昭人,議長,子ども・子育て支援対策の充実強化を求める意見書（案）,,,
261218_325,栃木県,平成２６年度栃木県議会第３２６回,05,26,12,18,通常会議,平成２６年度栃木県議会第３２６回通常会議12月18日-05号,螺良昭人　議長,議長,螺良昭人,議長,現在、我が国においては、急速な少子化が続いており、依然としてその進行に歯止めがかからない状況である。,,,
261218_326,栃木県,平成２６年度栃木県議会第３２６回,05,26,12,18,通常会議,平成２６年度栃木県議会第３２６回通常会議12月18日-05号,螺良昭人　議長,議長,螺良昭人,議長,子どもや子育てをめぐる環境は、核家族化や地域のつながりの希薄化等により、子育てに対する家族等の孤立感や負担感の増大に加え、保育所における待機児童の発生等、仕事と子育てを両立することが困難な状況が生じ、子どもを持つ希望を十分にかなえられない等の厳しい現実がある。,,,
261218_327,栃木県,平成２６年度栃木県議会第３２６回,05,26,12,18,通常会議,平成２６年度栃木県議会第３２６回通常会議12月18日-05号,螺良昭人　議長,議長,螺良昭人,議長,また、幼児教育や保育は、子どもの健全な心身の発達を図りつつ生涯にわたる人格形成の基礎を培う重要なものであり、質の高い幼児教育や保育を総合的に提供するための仕組みが求められている。,,,
261218_328,栃木県,平成２６年度栃木県議会第３２６回,05,26,12,18,通常会議,平成２６年度栃木県議会第３２６回通常会議12月18日-05号,螺良昭人　議長,議長,螺良昭人,議長,こうした状況の中、来年四月から、子ども・子育て支援新制度の本格施行が予定されているが、その施行に当たっては、平成二十四年八月の参議院社会保障と税の一体改革に関する特別委員会附帯決議において施設型給付等について制度設計の詳細を丁寧に検討することや幼児教育・保育・子育て支援の質・量の充実を図るためには一兆円超の財源が必要であり最大限努力すること等が盛り込まれている。,,,
261218_329,栃木県,平成２６年度栃木県議会第３２６回,05,26,12,18,通常会議,平成２６年度栃木県議会第３２６回通常会議12月18日-05号,螺良昭人　議長,議長,螺良昭人,議長,このため、国においては、子ども・子育て支援新制度の本格施行に当たり、次の対策を講ずるよう強く要望する。,,,
261218_330,栃木県,平成２６年度栃木県議会第３２６回,05,26,12,18,通常会議,平成２６年度栃木県議会第３２６回通常会議12月18日-05号,螺良昭人　議長,議長,螺良昭人,議長,記,,,
261218_331,栃木県,平成２６年度栃木県議会第３２６回,05,26,12,18,通常会議,平成２６年度栃木県議会第３２６回通常会議12月18日-05号,螺良昭人　議長,議長,螺良昭人,議長,一　消費税の税率にかかわらず、新制度の本格施行に当たっては、毎年度必要となる財源を確実に確保すること。,,,
261218_332,栃木県,平成２６年度栃木県議会第３２６回,05,26,12,18,通常会議,平成２６年度栃木県議会第３２６回通常会議12月18日-05号,螺良昭人　議長,議長,螺良昭人,議長,二　私立幼稚園を母体とした認定こども園の公定価格は、園児数の規模等にかかわらず、現行の私学助成の水準以上の額を確保できるように設定すること。,,,
261218_333,栃木県,平成２６年度栃木県議会第３２６回,05,26,12,18,通常会議,平成２６年度栃木県議会第３２６回通常会議12月18日-05号,螺良昭人　議長,議長,螺良昭人,議長,三　新制度の本格施行後も必要な保育所整備等の事業については、安心こども基金による事業実施期間の延長等、必要な財政措置を講ずること。,,,
261218_334,栃木県,平成２６年度栃木県議会第３２６回,05,26,12,18,通常会議,平成２６年度栃木県議会第３２６回通常会議12月18日-05号,螺良昭人　議長,議長,螺良昭人,議長,以上、地方自治法第九十九条の規定により意見書を提出する。,,,
261218_335,栃木県,平成２６年度栃木県議会第３２６回,05,26,12,18,通常会議,平成２６年度栃木県議会第３２６回通常会議12月18日-05号,螺良昭人　議長,議長,螺良昭人,議長,平成二十六年十二月十八日,,,
261218_336,栃木県,平成２６年度栃木県議会第３２６回,05,26,12,18,通常会議,平成２６年度栃木県議会第３２６回通常会議12月18日-05号,螺良昭人　議長,議長,螺良昭人,議長,栃木県議会議長　　螺　　　良　　　昭　　　人,,,
261218_337,栃木県,平成２６年度栃木県議会第３２６回,05,26,12,18,通常会議,平成２６年度栃木県議会第３２６回通常会議12月18日-05号,螺良昭人　議長,議長,螺良昭人,議長,内閣総理大臣,,,
261218_338,栃木県,平成２６年度栃木県議会第３２６回,05,26,12,18,通常会議,平成２６年度栃木県議会第３２６回通常会議12月18日-05号,螺良昭人　議長,議長,螺良昭人,議長,総務大臣,,,
261218_339,栃木県,平成２６年度栃木県議会第３２６回,05,26,12,18,通常会議,平成２６年度栃木県議会第３２６回通常会議12月18日-05号,螺良昭人　議長,議長,螺良昭人,議長,財務大臣,,,
261218_340,栃木県,平成２６年度栃木県議会第３２６回,05,26,12,18,通常会議,平成２６年度栃木県議会第３２６回通常会議12月18日-05号,螺良昭人　議長,議長,螺良昭人,議長,厚生労働大臣　　　　　あて,,,
261218_341,栃木県,平成２６年度栃木県議会第３２６回,05,26,12,18,通常会議,平成２６年度栃木県議会第３２６回通常会議12月18日-05号,螺良昭人　議長,議長,螺良昭人,議長,内閣府特命担当大臣,,,
261218_342,栃木県,平成２６年度栃木県議会第３２６回,05,26,12,18,通常会議,平成２６年度栃木県議会第３２６回通常会議12月18日-05号,螺良昭人　議長,議長,螺良昭人,議長,（少子化対策）,,,
261218_343,栃木県,平成２６年度栃木県議会第３２６回,05,26,12,18,通常会議,平成２６年度栃木県議会第３２６回通常会議12月18日-05号,螺良昭人　議長,議長,螺良昭人,議長,文部科学大臣,,,
261218_344,栃木県,平成２６年度栃木県議会第３２６回,05,26,12,18,通常会議,平成２６年度栃木県議会第３２６回通常会議12月18日-05号,螺良昭人　議長,議長,螺良昭人,議長,衆参両院議長,,,
261218_345,栃木県,平成２６年度栃木県議会第３２６回,05,26,12,18,通常会議,平成２６年度栃木県議会第３２６回通常会議12月18日-05号,螺良昭人　議長,議長,螺良昭人,議長,―――――――――――――――――――――――――――――,,,
261218_346,栃木県,平成２６年度栃木県議会第３２６回,05,26,12,18,通常会議,平成２６年度栃木県議会第３２６回通常会議12月18日-05号,螺良昭人　議長,議長,螺良昭人,議長,議第十六号,,,
261218_347,栃木県,平成２６年度栃木県議会第３２６回,05,26,12,18,通常会議,平成２６年度栃木県議会第３２６回通常会議12月18日-05号,螺良昭人　議長,議長,螺良昭人,議長,地域の中小企業振興策の充実強化を求める意見書（案）,,,
261218_348,栃木県,平成２６年度栃木県議会第３２６回,05,26,12,18,通常会議,平成２６年度栃木県議会第３２６回通常会議12月18日-05号,螺良昭人　議長,議長,螺良昭人,議長,急速な円安の進行により、多くを輸入に頼るエネルギーをはじめ、資源、食料品など幅広い分野で価格が押し上げられ、中小企業の経営が悪化するなど深刻な影響が懸念されている。,,,
261218_349,栃木県,平成２６年度栃木県議会第３２６回,05,26,12,18,通常会議,平成２６年度栃木県議会第３２６回通常会議12月18日-05号,螺良昭人　議長,議長,螺良昭人,議長,中小企業は、生産拠点の海外移転等で為替変動の影響を吸収できる大企業と違い、多くの経営現場は国内が中心であり、中小企業の経営基盤を強固にすることにより、多くの国内雇用が守られる。,,,
261218_350,栃木県,平成２６年度栃木県議会第３２６回,05,26,12,18,通常会議,平成２６年度栃木県議会第３２６回通常会議12月18日-05号,螺良昭人　議長,議長,螺良昭人,議長,また、中小企業は価格転嫁が難しいことから、利益を削らざるを得ず、企業努力の範疇を超えた厳しい事業環境に陥っている。,,,
261218_351,栃木県,平成２６年度栃木県議会第３２６回,05,26,12,18,通常会議,平成２６年度栃木県議会第３２６回通常会議12月18日-05号,螺良昭人　議長,議長,螺良昭人,議長,このような状況に対しては、政府・日銀が協調して為替の安定に努めることが重要であるとともに、地方創生を進めるためには、地域経済と雇用を支えている中小企業の振興策が不可欠である。,,,
261218_352,栃木県,平成２６年度栃木県議会第３２６回,05,26,12,18,通常会議,平成２６年度栃木県議会第３２６回通常会議12月18日-05号,螺良昭人　議長,議長,螺良昭人,議長,よって国においては、地域の中小企業振興を図るに当たり、次の対策を講ずるよう強く要望する。,,,
261218_353,栃木県,平成２６年度栃木県議会第３２６回,05,26,12,18,通常会議,平成２６年度栃木県議会第３２６回通常会議12月18日-05号,螺良昭人　議長,議長,螺良昭人,議長,記,,,
261218_354,栃木県,平成２６年度栃木県議会第３２６回,05,26,12,18,通常会議,平成２６年度栃木県議会第３２６回通常会議12月18日-05号,螺良昭人　議長,議長,螺良昭人,議長,一　地域の公設試験場等と連携した研究開発、中小企業基盤整備機構等と連携した販路開拓など、切れ目の無い支援体制を構築すること。,,,
261218_355,栃木県,平成２６年度栃木県議会第３２６回,05,26,12,18,通常会議,平成２６年度栃木県議会第３２６回通常会議12月18日-05号,螺良昭人　議長,議長,螺良昭人,議長,二　地域産業資源を活用した地域発のビジネスモデル構築に向けた積極的な支援を展開すること。,,,
261218_356,栃木県,平成２６年度栃木県議会第３２６回,05,26,12,18,通常会議,平成２６年度栃木県議会第３２６回通常会議12月18日-05号,螺良昭人　議長,議長,螺良昭人,議長,三　地域の中小企業と人材をマッチングさせる地域人材バンクの創設など人手不足の抜本的解消のための対策を講じること。,,,
261218_357,栃木県,平成２６年度栃木県議会第３２６回,05,26,12,18,通常会議,平成２６年度栃木県議会第３２６回通常会議12月18日-05号,螺良昭人　議長,議長,螺良昭人,議長,以上、地方自治法第九十九条の規定により意見書を提出する。,,,
261218_358,栃木県,平成２６年度栃木県議会第３２６回,05,26,12,18,通常会議,平成２６年度栃木県議会第３２６回通常会議12月18日-05号,螺良昭人　議長,議長,螺良昭人,議長,平成二十六年十二月十八日,,,
261218_359,栃木県,平成２６年度栃木県議会第３２６回,05,26,12,18,通常会議,平成２６年度栃木県議会第３２６回通常会議12月18日-05号,螺良昭人　議長,議長,螺良昭人,議長,栃木県議会議長　　螺　　　良　　　昭　　　人,,,
261218_360,栃木県,平成２６年度栃木県議会第３２６回,05,26,12,18,通常会議,平成２６年度栃木県議会第３２６回通常会議12月18日-05号,螺良昭人　議長,議長,螺良昭人,議長,内閣総理大臣,,,
261218_361,栃木県,平成２６年度栃木県議会第３２６回,05,26,12,18,通常会議,平成２６年度栃木県議会第３２６回通常会議12月18日-05号,螺良昭人　議長,議長,螺良昭人,議長,総務大臣,,,
261218_362,栃木県,平成２６年度栃木県議会第３２６回,05,26,12,18,通常会議,平成２６年度栃木県議会第３２６回通常会議12月18日-05号,螺良昭人　議長,議長,螺良昭人,議長,財務大臣,,,
261218_363,栃木県,平成２６年度栃木県議会第３２６回,05,26,12,18,通常会議,平成２６年度栃木県議会第３２６回通常会議12月18日-05号,螺良昭人　議長,議長,螺良昭人,議長,厚生労働大臣,,,
261218_364,栃木県,平成２６年度栃木県議会第３２６回,05,26,12,18,通常会議,平成２６年度栃木県議会第３２６回通常会議12月18日-05号,螺良昭人　議長,議長,螺良昭人,議長,経済産業大臣,,,
261218_365,栃木県,平成２６年度栃木県議会第３２６回,05,26,12,18,通常会議,平成２６年度栃木県議会第３２６回通常会議12月18日-05号,螺良昭人　議長,議長,螺良昭人,議長,内閣府特命担当大臣　　あて,,,
261218_366,栃木県,平成２６年度栃木県議会第３２６回,05,26,12,18,通常会議,平成２６年度栃木県議会第３２６回通常会議12月18日-05号,螺良昭人　議長,議長,螺良昭人,議長,（経済財政政策）,,,
261218_367,栃木県,平成２６年度栃木県議会第３２６回,05,26,12,18,通常会議,平成２６年度栃木県議会第３２６回通常会議12月18日-05号,螺良昭人　議長,議長,螺良昭人,議長,内閣府特命担当大臣,,,
261218_368,栃木県,平成２６年度栃木県議会第３２６回,05,26,12,18,通常会議,平成２６年度栃木県議会第３２６回通常会議12月18日-05号,螺良昭人　議長,議長,螺良昭人,議長,（国家戦略特別区域）,,,
261218_369,栃木県,平成２６年度栃木県議会第３２６回,05,26,12,18,通常会議,平成２６年度栃木県議会第３２６回通常会議12月18日-05号,螺良昭人　議長,議長,螺良昭人,議長,文部科学大臣,,,
261218_370,栃木県,平成２６年度栃木県議会第３２６回,05,26,12,18,通常会議,平成２６年度栃木県議会第３２６回通常会議12月18日-05号,螺良昭人　議長,議長,螺良昭人,議長,衆参両院議長,,,
261218_371,栃木県,平成２６年度栃木県議会第３２６回,05,26,12,18,通常会議,平成２６年度栃木県議会第３２６回通常会議12月18日-05号,螺良昭人　議長,議長,螺良昭人,議長,―――――――――――――――――――――――――――――,,,
261218_372,栃木県,平成２６年度栃木県議会第３２６回,05,26,12,18,通常会議,平成２６年度栃木県議会第３２６回通常会議12月18日-05号,螺良昭人　議長,議長,螺良昭人,議長,議第十七号,,,
261218_373,栃木県,平成２６年度栃木県議会第３２６回,05,26,12,18,通常会議,平成２６年度栃木県議会第３２６回通常会議12月18日-05号,螺良昭人　議長,議長,螺良昭人,議長,少人数学級の堅持を求める意見書（案）,,,
261218_374,栃木県,平成２６年度栃木県議会第３２６回,05,26,12,18,通常会議,平成２６年度栃木県議会第３２６回通常会議12月18日-05号,螺良昭人　議長,議長,螺良昭人,議長,近年、社会状況等の変化により、いじめや不登校、暴力行為等の児童・生徒指導上の問題や、特別な支援を必要とする児童生徒数の増加等、学校が抱える教育課題は複雑・多様化している。,,,
261218_375,栃木県,平成２６年度栃木県議会第３２６回,05,26,12,18,通常会議,平成２６年度栃木県議会第３２６回通常会議12月18日-05号,螺良昭人　議長,議長,螺良昭人,議長,さらに、災害対策や不審者対応等、教員にはより広範な役割が求められている。,,,
261218_376,栃木県,平成２６年度栃木県議会第３２６回,05,26,12,18,通常会議,平成２６年度栃木県議会第３２６回通常会議12月18日-05号,螺良昭人　議長,議長,螺良昭人,議長,このような学校を取り巻く環境の中で、教員が子どもたちと正面から向き合い、一人一人に目の行き届いた丁寧な指導を行うためには、学級規模そのものを縮小する必要がある。,,,
261218_377,栃木県,平成２６年度栃木県議会第３２６回,05,26,12,18,通常会議,平成２６年度栃木県議会第３２６回通常会議12月18日-05号,螺良昭人　議長,議長,螺良昭人,議長,本県で取り組んでいる、少人数学級と非常勤講師配置による「とちまる・いきいき・スマイルプラン」のように、地方が独自に工夫して実施する少人数学級は高く評価されている。,,,
261218_378,栃木県,平成２６年度栃木県議会第３２６回,05,26,12,18,通常会議,平成２６年度栃木県議会第３２６回通常会議12月18日-05号,螺良昭人　議長,議長,螺良昭人,議長,こうした中、十月下旬、財政制度等審議会財政制度分科会において、財政的な見地から、小学校第一学年を四十人学級に戻すべきとの議論がなされているが、我が国の将来を担う子どもたちが、夢と希望を持ち、生き生きと学び、心豊かでたくましく成長していけるよう、よりきめ細かな指導ができる教育環境を一層整えていくことが重要である。,,,
261218_379,栃木県,平成２６年度栃木県議会第３２６回,05,26,12,18,通常会議,平成２６年度栃木県議会第３２６回通常会議12月18日-05号,螺良昭人　議長,議長,螺良昭人,議長,よって、国においては、小学校第一学年での三十五人以下学級を堅持するとともに、少人数学級の更なる拡大ができるよう、教育予算の拡充を強く要望する。,,,
261218_380,栃木県,平成２６年度栃木県議会第３２６回,05,26,12,18,通常会議,平成２６年度栃木県議会第３２６回通常会議12月18日-05号,螺良昭人　議長,議長,螺良昭人,議長,以上、地方自治法第九十九条の規定により意見書を提出する。,,,
261218_381,栃木県,平成２６年度栃木県議会第３２６回,05,26,12,18,通常会議,平成２６年度栃木県議会第３２６回通常会議12月18日-05号,螺良昭人　議長,議長,螺良昭人,議長,平成二十六年十二月十八日,,,
261218_382,栃木県,平成２６年度栃木県議会第３２６回,05,26,12,18,通常会議,平成２６年度栃木県議会第３２６回通常会議12月18日-05号,螺良昭人　議長,議長,螺良昭人,議長,栃木県議会議長　　螺　　　良　　　昭　　　人,,,
261218_383,栃木県,平成２６年度栃木県議会第３２６回,05,26,12,18,通常会議,平成２６年度栃木県議会第３２６回通常会議12月18日-05号,螺良昭人　議長,議長,螺良昭人,議長,内閣総理大臣,,,
261218_384,栃木県,平成２６年度栃木県議会第３２６回,05,26,12,18,通常会議,平成２６年度栃木県議会第３２６回通常会議12月18日-05号,螺良昭人　議長,議長,螺良昭人,議長,総務大臣,,,
261218_385,栃木県,平成２６年度栃木県議会第３２６回,05,26,12,18,通常会議,平成２６年度栃木県議会第３２６回通常会議12月18日-05号,螺良昭人　議長,議長,螺良昭人,議長,財務大臣　　　　あて,,,
261218_386,栃木県,平成２６年度栃木県議会第３２６回,05,26,12,18,通常会議,平成２６年度栃木県議会第３２６回通常会議12月18日-05号,螺良昭人　議長,議長,螺良昭人,議長,文部科学大臣,,,
261218_387,栃木県,平成２６年度栃木県議会第３２６回,05,26,12,18,通常会議,平成２６年度栃木県議会第３２６回通常会議12月18日-05号,螺良昭人　議長,議長,螺良昭人,議長,衆参両院議長,,,
261218_388,栃木県,平成２６年度栃木県議会第３２６回,05,26,12,18,通常会議,平成２６年度栃木県議会第３２６回通常会議12月18日-05号,螺良昭人　議長,議長,螺良昭人,議長,―――――――――――――――――――――――――――――,,,
261218_389,栃木県,平成２６年度栃木県議会第３２６回,05,26,12,18,通常会議,平成２６年度栃木県議会第３２６回通常会議12月18日-05号,螺良昭人　議長,議長,螺良昭人,議長,平成二十六年度栃木県議会第三百二十六回通常会議決議（案）,,,
261218_390,栃木県,平成２６年度栃木県議会第３２６回,05,26,12,18,通常会議,平成２６年度栃木県議会第３２６回通常会議12月18日-05号,螺良昭人　議長,議長,螺良昭人,議長,議第十八号　北海道新幹線及び東北新幹線「はやぶさ」のＪＲ宇都宮駅停車実現に関する決議（案）,,,
261218_391,栃木県,平成２６年度栃木県議会第３２６回,05,26,12,18,通常会議,平成２６年度栃木県議会第３２６回通常会議12月18日-05号,螺良昭人　議長,議長,螺良昭人,議長,右の議案を別紙のとおり、栃木県議会会議規則第十五条第一項の規定により提出します。,,,
261218_392,栃木県,平成２６年度栃木県議会第３２６回,05,26,12,18,通常会議,平成２６年度栃木県議会第３２６回通常会議12月18日-05号,螺良昭人　議長,議長,螺良昭人,議長,平成二十六年十二月十八日,,,
261218_393,栃木県,平成２６年度栃木県議会第３２６回,05,26,12,18,通常会議,平成２６年度栃木県議会第３２６回通常会議12月18日-05号,螺良昭人　議長,議長,螺良昭人,議長,提出者　栃木県議会議員　　五　月　女　　　裕　久　彦,,,
261218_394,栃木県,平成２６年度栃木県議会第３２６回,05,26,12,18,通常会議,平成２６年度栃木県議会第３２６回通常会議12月18日-05号,螺良昭人　議長,議長,螺良昭人,議長,同　　　　　　　　池　　　田　　　　　　　忠,,,
261218_395,栃木県,平成２６年度栃木県議会第３２６回,05,26,12,18,通常会議,平成２６年度栃木県議会第３２６回通常会議12月18日-05号,螺良昭人　議長,議長,螺良昭人,議長,同　　　　　　　　山　　　口　　　恒　　　夫,,,
261218_396,栃木県,平成２６年度栃木県議会第３２６回,05,26,12,18,通常会議,平成２６年度栃木県議会第３２６回通常会議12月18日-05号,螺良昭人　議長,議長,螺良昭人,議長,同　　　　　　　　佐　　　原　　　吉　　　大,,,
261218_397,栃木県,平成２６年度栃木県議会第３２６回,05,26,12,18,通常会議,平成２６年度栃木県議会第３２６回通常会議12月18日-05号,螺良昭人　議長,議長,螺良昭人,議長,同　　　　　　　　五　十　畑　　　一　　　幸,,,
261218_398,栃木県,平成２６年度栃木県議会第３２６回,05,26,12,18,通常会議,平成２６年度栃木県議会第３２６回通常会議12月18日-05号,螺良昭人　議長,議長,螺良昭人,議長,同　　　　　　　　鶴　　　貝　　　大　　　祐,,,
261218_399,栃木県,平成２６年度栃木県議会第３２６回,05,26,12,18,通常会議,平成２６年度栃木県議会第３２６回通常会議12月18日-05号,螺良昭人　議長,議長,螺良昭人,議長,同　　　　　　　　加　　　藤　　　正　　　一,,,
261218_400,栃木県,平成２６年度栃木県議会第３２６回,05,26,12,18,通常会議,平成２６年度栃木県議会第３２６回通常会議12月18日-05号,螺良昭人　議長,議長,螺良昭人,議長,同　　　　　　　　中　　　島　　　　　　　宏,,,
261218_401,栃木県,平成２６年度栃木県議会第３２６回,05,26,12,18,通常会議,平成２６年度栃木県議会第３２６回通常会議12月18日-05号,螺良昭人　議長,議長,螺良昭人,議長,同　　　　　　　　金　　　子　　　　　　　裕,,,
261218_402,栃木県,平成２６年度栃木県議会第３２６回,05,26,12,18,通常会議,平成２６年度栃木県議会第３２６回通常会議12月18日-05号,螺良昭人　議長,議長,螺良昭人,議長,同　　　　　　　　中　　　川　　　幹　　　雄,,,
261218_403,栃木県,平成２６年度栃木県議会第３２６回,05,26,12,18,通常会議,平成２６年度栃木県議会第３２６回通常会議12月18日-05号,螺良昭人　議長,議長,螺良昭人,議長,同　　　　　　　　小　　　林　　　幹　　　夫,,,
261218_404,栃木県,平成２６年度栃木県議会第３２６回,05,26,12,18,通常会議,平成２６年度栃木県議会第３２６回通常会議12月18日-05号,螺良昭人　議長,議長,螺良昭人,議長,同　　　　　　　　早　　　川　　　尚　　　秀,,,
261218_405,栃木県,平成２６年度栃木県議会第３２６回,05,26,12,18,通常会議,平成２６年度栃木県議会第３２６回通常会議12月18日-05号,螺良昭人　議長,議長,螺良昭人,議長,同　　　　　　　　〓〓　　　橋　　　文　　　吉,,,
261218_406,栃木県,平成２６年度栃木県議会第３２６回,05,26,12,18,通常会議,平成２６年度栃木県議会第３２６回通常会議12月18日-05号,螺良昭人　議長,議長,螺良昭人,議長,同　　　　　　　　平　　　池　　　秀　　　光,,,
261218_407,栃木県,平成２６年度栃木県議会第３２６回,05,26,12,18,通常会議,平成２６年度栃木県議会第３２６回通常会議12月18日-05号,螺良昭人　議長,議長,螺良昭人,議長,栃木県議会議長　　螺　良　昭　人　様,,,
261218_408,栃木県,平成２６年度栃木県議会第３２６回,05,26,12,18,通常会議,平成２６年度栃木県議会第３２６回通常会議12月18日-05号,螺良昭人　議長,議長,螺良昭人,議長,―――――――――――――――――――――――――――――,,,
261218_409,栃木県,平成２６年度栃木県議会第３２６回,05,26,12,18,通常会議,平成２６年度栃木県議会第３２６回通常会議12月18日-05号,螺良昭人　議長,議長,螺良昭人,議長,議第十八号,,,
261218_410,栃木県,平成２６年度栃木県議会第３２６回,05,26,12,18,通常会議,平成２６年度栃木県議会第３２６回通常会議12月18日-05号,螺良昭人　議長,議長,螺良昭人,議長,北海道新幹線及び東北新幹線「はやぶさ」のＪＲ宇都宮駅停車実現に関する決議（案）,,,
261218_411,栃木県,平成２６年度栃木県議会第３２６回,05,26,12,18,通常会議,平成２６年度栃木県議会第３２６回通常会議12月18日-05号,螺良昭人　議長,議長,螺良昭人,議長,平成二十八年三月に開業が予定されている北海道新幹線は、東北新幹線との相互乗り入れにより、北海道と首都圏を結ぶ交通の大動脈となることが期待されている。,,,
261218_412,栃木県,平成２６年度栃木県議会第３２６回,05,26,12,18,通常会議,平成２６年度栃木県議会第３２６回通常会議12月18日-05号,螺良昭人　議長,議長,螺良昭人,議長,また、北海道新幹線の開業は、乗り継ぎ回数の減少や移動時間の短縮など利便性向上が図られることから、栃木県内各市町においても新幹線利用者の増加による北海道と経済交流の拡大や観光振興など、様々な効果が大いに期待されるところである。,,,
261218_413,栃木県,平成２６年度栃木県議会第３２６回,05,26,12,18,通常会議,平成２６年度栃木県議会第３２６回通常会議12月18日-05号,螺良昭人　議長,議長,螺良昭人,議長,こうした中、現在、東京と新青森間全線を走る東北新幹線「はやぶさ」は、全列車がＪＲ宇都宮駅を通過していることから、これまでも栃木県では宇都宮市とともに「はやぶさ」のＪＲ宇都宮駅停車について東日本旅客鉄道株式会社に対して要望してきたところである。,,,
261218_414,栃木県,平成２６年度栃木県議会第３２６回,05,26,12,18,通常会議,平成２６年度栃木県議会第３２６回通常会議12月18日-05号,螺良昭人　議長,議長,螺良昭人,議長,今後、北海道新幹線の開業を契機として北海道並びに東北地方の各都市と栃木県とのアクセス強化を図っていくことで、交流拡大による経済・産業等の相互発展につながり、本県の更なる成長の追い風となることが大いに期待できる。,,,
261218_415,栃木県,平成２６年度栃木県議会第３２６回,05,26,12,18,通常会議,平成２６年度栃木県議会第３２６回通常会議12月18日-05号,螺良昭人　議長,議長,螺良昭人,議長,このようなことから、関係諸機関においては、利用者の利便性や地域経済に与える影響などを十分に考慮し、平成二十八年三月の北海道新幹線開業時における北海道新幹線の新車両（Ｈ５系）及び東北新幹線「はやぶさ」（Ｅ５系）のＪＲ宇都宮駅停車について、格段の配慮をされるよう強く要望する。,,,
261218_416,栃木県,平成２６年度栃木県議会第３２６回,05,26,12,18,通常会議,平成２６年度栃木県議会第３２６回通常会議12月18日-05号,螺良昭人　議長,議長,螺良昭人,議長,以上、決議する。,,,
261218_417,栃木県,平成２６年度栃木県議会第３２６回,05,26,12,18,通常会議,平成２６年度栃木県議会第３２６回通常会議12月18日-05号,螺良昭人　議長,議長,螺良昭人,議長,平成二十六年十二月十八日,,,
261218_418,栃木県,平成２６年度栃木県議会第３２６回,05,26,12,18,通常会議,平成２６年度栃木県議会第３２６回通常会議12月18日-05号,螺良昭人　議長,議長,螺良昭人,議長,栃　　　木　　　県　　　議　　　会,,,
261218_419,栃木県,平成２６年度栃木県議会第３２６回,05,26,12,18,通常会議,平成２６年度栃木県議会第３２６回通常会議12月18日-05号,螺良昭人　議長,議長,螺良昭人,議長,―――――――――――――――――――――――――――――,,,
261218_420,栃木県,平成２６年度栃木県議会第３２６回,05,26,12,18,通常会議,平成２６年度栃木県議会第３２６回通常会議12月18日-05号,螺良昭人　議長,議長,螺良昭人,議長,議第十五号から議第十八号までを一括して議題とし、審議に入ります。,,,
261218_421,栃木県,平成２６年度栃木県議会第３２６回,05,26,12,18,通常会議,平成２６年度栃木県議会第３２６回通常会議12月18日-05号,螺良昭人　議長,議長,螺良昭人,議長,最初に、議第十五号から議第十七号までについて提出者の説明を求めます。,,,
261218_422,栃木県,平成２６年度栃木県議会第３２６回,05,26,12,18,通常会議,平成２６年度栃木県議会第３２６回通常会議12月18日-05号,螺良昭人　議長,議長,螺良昭人,議長,中川幹雄議員。,,,
261218_423,栃木県,平成２６年度栃木県議会第３２６回,05,26,12,18,通常会議,平成２６年度栃木県議会第３２６回通常会議12月18日-05号,螺良昭人　議長,議長,螺良昭人,議長,（二十四番　中川幹雄議員登壇）,,,
261218_424,栃木県,平成２６年度栃木県議会第３２６回,05,26,12,18,通常会議,平成２６年度栃木県議会第３２６回通常会議12月18日-05号,二十四番（中川幹雄議員）,0900000000013,中川幹雄,二十四番,提出者を代表いたしまして、ただいま上程されました議第十五号から議第十七号につきまして、提案理由を説明いたします。,,,
261218_425,栃木県,平成２６年度栃木県議会第３２６回,05,26,12,18,通常会議,平成２６年度栃木県議会第３２６回通常会議12月18日-05号,二十四番（中川幹雄議員）,0900000000013,中川幹雄,二十四番,まず、議第十五号子ども・子育て支援対策の充実強化を求める意見書であります。,,,
261218_426,栃木県,平成２６年度栃木県議会第３２６回,05,26,12,18,通常会議,平成２６年度栃木県議会第３２６回通常会議12月18日-05号,二十四番（中川幹雄議員）,0900000000013,中川幹雄,二十四番,子育て等をめぐる環境は、核家族化や地域のつながりの希薄化等により、子育てに対する家族等の孤立感や負担感の増大に加え、保育所における待機児童の発生等、仕事と子育てを両立することが困難な状況が生じ、子供を持つ希望を十分にかなえられない等の厳しい現実があります。,,,
261218_427,栃木県,平成２６年度栃木県議会第３２６回,05,26,12,18,通常会議,平成２６年度栃木県議会第３２６回通常会議12月18日-05号,二十四番（中川幹雄議員）,0900000000013,中川幹雄,二十四番,また、幼児教育や保育は、子供の健全な心身の発達を図りつつ、生涯にわたる人格形成の基礎を培う重要なものであり、質の高い幼児教育や保育を総合的に提供するための仕組みが求められております。,,,
261218_428,栃木県,平成２６年度栃木県議会第３２６回,05,26,12,18,通常会議,平成２６年度栃木県議会第３２６回通常会議12月18日-05号,二十四番（中川幹雄議員）,0900000000013,中川幹雄,二十四番,こうした状況の中、来年四月から、子ども・子育て支援新制度の本格施行が予定されておりますが、平成二十四年八月の参議院社会保障と税の一体改革に関する特別委員会附帯決議におきましては、子育て支援等の質・量の充実を図るためには一兆円を超える財源が必要であり最大限努力すること等が盛り込まれております。,,,
261218_429,栃木県,平成２６年度栃木県議会第３２６回,05,26,12,18,通常会議,平成２６年度栃木県議会第３２６回通常会議12月18日-05号,二十四番（中川幹雄議員）,0900000000013,中川幹雄,二十四番,このため、国におかれましては、子ども・子育て支援新制度の本格施行に当たりまして、一、消費税の税率にかかわらず、毎年度必要となる財源を確実に確保すること。,,,
261218_430,栃木県,平成２６年度栃木県議会第３２６回,05,26,12,18,通常会議,平成２６年度栃木県議会第３２６回通常会議12月18日-05号,二十四番（中川幹雄議員）,0900000000013,中川幹雄,二十四番,二、認定こども園の公定価格は、園児数の規模等にかかわらず、現行の私学助成の水準以上の額を確保できるように設定すること。,,,
261218_431,栃木県,平成２６年度栃木県議会第３２６回,05,26,12,18,通常会議,平成２６年度栃木県議会第３２６回通常会議12月18日-05号,二十四番（中川幹雄議員）,0900000000013,中川幹雄,二十四番,三、新制度の本格施行後も、必要な保育所整備等の事業については、安心こども基金による事業実施期間の延長等、必要な財政措置を講ずること。,,,
261218_432,栃木県,平成２６年度栃木県議会第３２６回,05,26,12,18,通常会議,平成２６年度栃木県議会第３２６回通常会議12月18日-05号,二十四番（中川幹雄議員）,0900000000013,中川幹雄,二十四番,以上の三点について対策を講じるよう強く要望するものであります。,,,
261218_433,栃木県,平成２６年度栃木県議会第３２６回,05,26,12,18,通常会議,平成２６年度栃木県議会第３２６回通常会議12月18日-05号,二十四番（中川幹雄議員）,0900000000013,中川幹雄,二十四番,次に、議第十六号地域の中小企業振興策の充実強化を求める意見書であります。,,,
261218_434,栃木県,平成２６年度栃木県議会第３２６回,05,26,12,18,通常会議,平成２６年度栃木県議会第３２６回通常会議12月18日-05号,二十四番（中川幹雄議員）,0900000000013,中川幹雄,二十四番,急速な円安の進行によりまして、多くを輸入に頼るエネルギーを初め、幅広い分野で価格が押し上げられ、価格転嫁が難しい中小企業の経営状況は、企業努力の範疇を超えた厳しい状況に陥っております。,,,
261218_435,栃木県,平成２６年度栃木県議会第３２６回,05,26,12,18,通常会議,平成２６年度栃木県議会第３２６回通常会議12月18日-05号,二十四番（中川幹雄議員）,0900000000013,中川幹雄,二十四番,このような状況に対しましては、政府・日銀が協調して為替の安定に努めることが重要であるとともに、地方創生を進めるためには、地域経済と雇用を支えている中小企業の振興策が不可欠となっております。,,,
261218_436,栃木県,平成２６年度栃木県議会第３２６回,05,26,12,18,通常会議,平成２６年度栃木県議会第３２６回通常会議12月18日-05号,二十四番（中川幹雄議員）,0900000000013,中川幹雄,二十四番,よって、国におかれましては、地域の中小企業振興を図るに当たり、一、公設試験場等と連携した研究開発、中小企業基盤整備機構等と連携した販路開拓など、切れ目のない支援体制を構築すること。,,,
261218_437,栃木県,平成２６年度栃木県議会第３２６回,05,26,12,18,通常会議,平成２６年度栃木県議会第３２６回通常会議12月18日-05号,二十四番（中川幹雄議員）,0900000000013,中川幹雄,二十四番,二、地域産業資源を活用した地域発のビジネスモデル構築に向けた積極的な支援を展開すること。,,,
261218_438,栃木県,平成２６年度栃木県議会第３２６回,05,26,12,18,通常会議,平成２６年度栃木県議会第３２６回通常会議12月18日-05号,二十四番（中川幹雄議員）,0900000000013,中川幹雄,二十四番,三、地域人材バンクの創設など人手不足の抜本的解消のための対策を講じること。,,,
261218_439,栃木県,平成２６年度栃木県議会第３２６回,05,26,12,18,通常会議,平成２６年度栃木県議会第３２６回通常会議12月18日-05号,二十四番（中川幹雄議員）,0900000000013,中川幹雄,二十四番,以上の三点について、対策を講じるよう強く要望するものであります。,,,
261218_440,栃木県,平成２６年度栃木県議会第３２６回,05,26,12,18,通常会議,平成２６年度栃木県議会第３２６回通常会議12月18日-05号,二十四番（中川幹雄議員）,0900000000013,中川幹雄,二十四番,次に、議第十七号少人数学級の堅持を求める意見書であります。,,,
261218_441,栃木県,平成２６年度栃木県議会第３２６回,05,26,12,18,通常会議,平成２６年度栃木県議会第３２６回通常会議12月18日-05号,二十四番（中川幹雄議員）,0900000000013,中川幹雄,二十四番,近年、教員を取り巻く環境は、社会状況等の変化により複雑・多様化する教育課題への対応に加え、災害対策や不審者対応等、より広範な役割が求められる状況であります。,,,
261218_442,栃木県,平成２６年度栃木県議会第３２６回,05,26,12,18,通常会議,平成２６年度栃木県議会第３２６回通常会議12月18日-05号,二十四番（中川幹雄議員）,0900000000013,中川幹雄,二十四番,教員が子供たちと正面から向き合い、一人一人に目の行き届いた指導を行うためには、学級規模そのものを縮小する必要があり、本県で取り組んでいるとちまる・いきいき・スマイルプランのように、地方が独自に工夫して実施する少人数学級は高く評価されているところであります。,,,
261218_443,栃木県,平成２６年度栃木県議会第３２６回,05,26,12,18,通常会議,平成２６年度栃木県議会第３２６回通常会議12月18日-05号,二十四番（中川幹雄議員）,0900000000013,中川幹雄,二十四番,こうした中、先日、財政制度等審議会財政制度分科会において、財政的な見地から、小学校第一学年を四十人学級に戻すべきとの議論があったところでありますが、我が国の将来を担う子供たちが、夢と希望を持ち、生き生きと学び、心豊かでたくましく成長していくためには、よりきめ細かな指導ができる教育環境を一層整えていくことが重要であります。,,,
261218_444,栃木県,平成２６年度栃木県議会第３２６回,05,26,12,18,通常会議,平成２６年度栃木県議会第３２６回通常会議12月18日-05号,二十四番（中川幹雄議員）,0900000000013,中川幹雄,二十四番,よって、国におかれましては、小学校第一学年での三十五人以下学級を堅持するとともに、少人数学級のさらなる拡大ができるよう、教育予算の拡充を強く要望するものであります。,,,
261218_445,栃木県,平成２６年度栃木県議会第３２６回,05,26,12,18,通常会議,平成２６年度栃木県議会第３２６回通常会議12月18日-05号,二十四番（中川幹雄議員）,0900000000013,中川幹雄,二十四番,以上が今回提出いたしました議第十五号から議第十七号の概要であります。,,,
261218_446,栃木県,平成２６年度栃木県議会第３２６回,05,26,12,18,通常会議,平成２６年度栃木県議会第３２６回通常会議12月18日-05号,二十四番（中川幹雄議員）,0900000000013,中川幹雄,二十四番,議員各位におかれましては、何とぞ満場のご賛同をいただきますようお願い申し上げまして、提案説明とさせていただきます。,,,
261218_447,栃木県,平成２６年度栃木県議会第３２６回,05,26,12,18,通常会議,平成２６年度栃木県議会第３２６回通常会議12月18日-05号,螺良昭人　議長,議長,螺良昭人,議長,次に、議第十八号について提出者の説明を求めます。,,,
261218_448,栃木県,平成２６年度栃木県議会第３２６回,05,26,12,18,通常会議,平成２６年度栃木県議会第３２６回通常会議12月18日-05号,螺良昭人　議長,議長,螺良昭人,議長,金子裕議員。,,,
261218_449,栃木県,平成２６年度栃木県議会第３２６回,05,26,12,18,通常会議,平成２６年度栃木県議会第３２６回通常会議12月18日-05号,螺良昭人　議長,議長,螺良昭人,議長,（二十二番　金子　裕議員登壇）,,,
261218_450,栃木県,平成２６年度栃木県議会第３２６回,05,26,12,18,通常会議,平成２６年度栃木県議会第３２６回通常会議12月18日-05号,二十二番（金子裕議員）,0900000000024,金子裕,二十二番,提出者を代表いたしまして、ただいま上程されました議第十八号北海道新幹線及び東北新幹線「はやぶさ」のＪＲ宇都宮駅停車実現に関する決議について、提案理由の説明をいたします。,,,
261218_451,栃木県,平成２６年度栃木県議会第３２６回,05,26,12,18,通常会議,平成２６年度栃木県議会第３２６回通常会議12月18日-05号,二十二番（金子裕議員）,0900000000024,金子裕,二十二番,平成二十八年三月に開業が予定されている北海道新幹線は、東北新幹線との相互乗り入れにより、北海道と首都圏を結ぶ交通の大動脈となることはもとより、本県にとりましても、利便性の向上が図られることから、北海道との交流拡大による観光振興を初め経済・産業等の相互発展につながり、さらなる成長の追い風となることが多いに期待されているところであります。,,,
261218_452,栃木県,平成２６年度栃木県議会第３２６回,05,26,12,18,通常会議,平成２６年度栃木県議会第３２６回通常会議12月18日-05号,二十二番（金子裕議員）,0900000000024,金子裕,二十二番,こうした中、東北新幹線「はやぶさ」の全列車がＪＲ宇都宮駅を通過していることから、これまでも栃木県では宇都宮市とともに「はやぶさ」のＪＲ宇都宮駅停車について東日本旅客鉄道株式会社に対して要望してきたところであります。,,,
261218_453,栃木県,平成２６年度栃木県議会第３２６回,05,26,12,18,通常会議,平成２６年度栃木県議会第３２６回通常会議12月18日-05号,二十二番（金子裕議員）,0900000000024,金子裕,二十二番,よって、栃木県議会は、関係諸機関に対し、北海道新幹線及び東北新幹線「はやぶさ」のＪＲ宇都宮駅停車について、利用者の利便性や地域経済に与える影響などを十分に考慮し、格段の配慮をされるよう強く要望することを決議するものであります。,,,
261218_454,栃木県,平成２６年度栃木県議会第３２６回,05,26,12,18,通常会議,平成２６年度栃木県議会第３２６回通常会議12月18日-05号,二十二番（金子裕議員）,0900000000024,金子裕,二十二番,以上が今回提出いたしました議案の概要であります。,,,
261218_455,栃木県,平成２６年度栃木県議会第３２６回,05,26,12,18,通常会議,平成２６年度栃木県議会第３２６回通常会議12月18日-05号,二十二番（金子裕議員）,0900000000024,金子裕,二十二番,議員各位におかれましては、何とぞ満場のご賛同をいただきますようお願い申し上げ、提案説明とさせていただきます。,,,
261218_456,栃木県,平成２６年度栃木県議会第３２６回,05,26,12,18,通常会議,平成２６年度栃木県議会第３２６回通常会議12月18日-05号,螺良昭人　議長,議長,螺良昭人,議長,この際、お諮りいたします。,,,
261218_457,栃木県,平成２６年度栃木県議会第３２６回,05,26,12,18,通常会議,平成２６年度栃木県議会第３２６回通常会議12月18日-05号,螺良昭人　議長,議長,螺良昭人,議長,議第十五号から議第十八号までは、委員会の付託を省略し、直ちに採決したいと思いますが、ご異議ありませんか。,,,
261218_458,栃木県,平成２６年度栃木県議会第３２６回,05,26,12,18,通常会議,平成２６年度栃木県議会第３２６回通常会議12月18日-05号,螺良昭人　議長,議長,螺良昭人,議長,（「異議なし」と呼ぶ者あり）,,,
261218_459,栃木県,平成２６年度栃木県議会第３２６回,05,26,12,18,通常会議,平成２６年度栃木県議会第３２６回通常会議12月18日-05号,螺良昭人　議長,議長,螺良昭人,議長,ご異議がないと認め、そのように決定いたしました。,,,
261218_460,栃木県,平成２６年度栃木県議会第３２６回,05,26,12,18,通常会議,平成２６年度栃木県議会第３２６回通常会議12月18日-05号,螺良昭人　議長,議長,螺良昭人,議長,議第十五号から議第十八号までを一括して採決いたします。,,,
261218_461,栃木県,平成２６年度栃木県議会第３２６回,05,26,12,18,通常会議,平成２６年度栃木県議会第３２６回通常会議12月18日-05号,螺良昭人　議長,議長,螺良昭人,議長,本案はそれぞれ原案のとおり決定することにご賛成の議員の起立を求めます。,,,
261218_462,栃木県,平成２６年度栃木県議会第３２６回,05,26,12,18,通常会議,平成２６年度栃木県議会第３２６回通常会議12月18日-05号,螺良昭人　議長,議長,螺良昭人,議長,（賛成者　起立）,,,
261218_463,栃木県,平成２６年度栃木県議会第３２６回,05,26,12,18,通常会議,平成２６年度栃木県議会第３２６回通常会議12月18日-05号,螺良昭人　議長,議長,螺良昭人,議長,起立全員であります。,,,
261218_464,栃木県,平成２６年度栃木県議会第３２６回,05,26,12,18,通常会議,平成２６年度栃木県議会第３２６回通常会議12月18日-05号,螺良昭人　議長,議長,螺良昭人,議長,したがって、議第十五号から議第十八号までは、それぞれ原案のとおり可決されました。,,,
261218_465,栃木県,平成２６年度栃木県議会第３２６回,05,26,12,18,通常会議,平成２６年度栃木県議会第３２６回通常会議12月18日-05号,螺良昭人　議長,議長,螺良昭人,議長,次に、お諮りいたします。,,,
261218_466,栃木県,平成２６年度栃木県議会第３２６回,05,26,12,18,通常会議,平成２６年度栃木県議会第３２６回通常会議12月18日-05号,螺良昭人　議長,議長,螺良昭人,議長,あすから次の通常会議までは、本会議を休会したいと思いますが、ご異議ありませんか。,,,
261218_467,栃木県,平成２６年度栃木県議会第３２６回,05,26,12,18,通常会議,平成２６年度栃木県議会第３２６回通常会議12月18日-05号,螺良昭人　議長,議長,螺良昭人,議長,（「異議なし」と呼ぶ者あり）,,,
261218_468,栃木県,平成２６年度栃木県議会第３２６回,05,26,12,18,通常会議,平成２６年度栃木県議会第３２６回通常会議12月18日-05号,螺良昭人　議長,議長,螺良昭人,議長,ご異議がないと認め、そのように決定いたしました。,,,
261218_469,栃木県,平成２６年度栃木県議会第３２６回,05,26,12,18,通常会議,平成２６年度栃木県議会第３２６回通常会議12月18日-05号,螺良昭人　議長,議長,螺良昭人,議長,以上で今通常会議の議事は全て終了いたしました。,,,
261218_470,栃木県,平成２６年度栃木県議会第３２６回,05,26,12,18,通常会議,平成２６年度栃木県議会第３２６回通常会議12月18日-05号,螺良昭人　議長,議長,螺良昭人,議長,通常会議の閉会に当たり、一言ご挨拶を申し上げます。,,,
261218_471,栃木県,平成２６年度栃木県議会第３２６回,05,26,12,18,通常会議,平成２６年度栃木県議会第３２６回通常会議12月18日-05号,螺良昭人　議長,議長,螺良昭人,議長,去る十一月二十七日に開会されました第三百二十六回通常会議は、平成二十六年度一般会計補正予算を初め、数多くの重要議案の審議を全て終了し、本日ここに閉会の運びとなりました。,,,
261218_472,栃木県,平成２６年度栃木県議会第３２６回,05,26,12,18,通常会議,平成２６年度栃木県議会第３２６回通常会議12月18日-05号,螺良昭人　議長,議長,螺良昭人,議長,議員各位には、本会議を初め常任委員会等において終始慎重かつ熱心に審議を賜り、心から敬意を表する次第であります。,,,
261218_473,栃木県,平成２６年度栃木県議会第３２６回,05,26,12,18,通常会議,平成２６年度栃木県議会第３２６回通常会議12月18日-05号,螺良昭人　議長,議長,螺良昭人,議長,執行部におかれましては、審議の過程で議員から表明された意見、要望等につきまして十分検討を加えられ、県政に反映されますよう願うものであります。,,,
261218_474,栃木県,平成２６年度栃木県議会第３２６回,05,26,12,18,通常会議,平成２６年度栃木県議会第３２６回通常会議12月18日-05号,螺良昭人　議長,議長,螺良昭人,議長,また、これから本格的に平成二十七年度の予算編成に入りますが、県民が夢と希望の持てる予算を編成されますよう心から希望するものであります。,,,
261218_475,栃木県,平成２６年度栃木県議会第３２６回,05,26,12,18,通常会議,平成２６年度栃木県議会第３２６回通常会議12月18日-05号,螺良昭人　議長,議長,螺良昭人,議長,結びに、議会の運営に当たりましては、知事を初め、執行部並びに報道関係各位のご協力とご支援を賜りましたことに対し、厚くお礼を申し上げます。,,,
261218_476,栃木県,平成２６年度栃木県議会第３２６回,05,26,12,18,通常会議,平成２６年度栃木県議会第３２６回通常会議12月18日-05号,螺良昭人　議長,議長,螺良昭人,議長,いよいよ本年も残り少なくなり、寒さも一段と厳しさが加わる折から、各位におかれましては、健康に十分留意され、輝かしい新年を迎えられますよう心からお祈り申し上げまして、閉会のご挨拶といたします。,,,
261218_477,栃木県,平成２６年度栃木県議会第３２６回,05,26,12,18,通常会議,平成２６年度栃木県議会第３２６回通常会議12月18日-05号,螺良昭人　議長,議長,螺良昭人,議長,これをもちまして散会いたします。,,,
261218_478,栃木県,平成２６年度栃木県議会第３２６回,05,26,12,18,通常会議,平成２６年度栃木県議会第３２６回通常会議12月18日-05号,坂東哲夫　事務局長,その他,坂東哲夫,事務局長,ご起立願います。,,,
261218_479,栃木県,平成２６年度栃木県議会第３２６回,05,26,12,18,通常会議,平成２６年度栃木県議会第３２６回通常会議12月18日-05号,坂東哲夫　事務局長,その他,坂東哲夫,事務局長,礼。,,,
261218_480,栃木県,平成２６年度栃木県議会第３２６回,05,26,12,18,通常会議,平成２６年度栃木県議会第３２６回通常会議12月18日-05号,坂東哲夫　事務局長,その他,坂東哲夫,事務局長,（総員起立　礼）,,,
261218_481,栃木県,平成２６年度栃木県議会第３２６回,05,26,12,18,通常会議,平成２６年度栃木県議会第３２６回通常会議12月18日-05号,坂東哲夫　事務局長,その他,坂東哲夫,事務局長,午前十時四十一分　散会,,,
261218_482,栃木県,平成２６年度栃木県議会第３２６回,05,26,12,18,通常会議,平成２６年度栃木県議会第３２６回通常会議12月18日-05号,坂東哲夫　事務局長,その他,坂東哲夫,事務局長,～～～～～～～～～～～～～～～～～～～～～～～～～～～～～,,,
261218_483,栃木県,平成２６年度栃木県議会第３２６回,05,26,12,18,通常会議,平成２６年度栃木県議会第３２６回通常会議12月18日-05号,坂東哲夫　事務局長,その他,坂東哲夫,事務局長,栃木県議会永年在職功労者及び栃木県政功労者の表彰式・全国都道府県議会議長会永年勤続功労者表彰の伝達式,,,
261218_484,栃木県,平成２６年度栃木県議会第３２６回,05,26,12,18,通常会議,平成２６年度栃木県議会第３２６回通常会議12月18日-05号,坂東哲夫　事務局長,その他,坂東哲夫,事務局長,（十一月二十七日（木曜日）開会日　本会議散会直後）,,,
261218_485,栃木県,平成２６年度栃木県議会第３２６回,05,26,12,18,通常会議,平成２６年度栃木県議会第３２６回通常会議12月18日-05号,坂東哲夫　事務局長,その他,坂東哲夫,事務局長,申し上げます。,,,
261218_486,栃木県,平成２６年度栃木県議会第３２６回,05,26,12,18,通常会議,平成２６年度栃木県議会第３２６回通常会議12月18日-05号,坂東哲夫　事務局長,その他,坂東哲夫,事務局長,この後、引き続き栃木県議会永年在職功労者及び栃木県政功労者の表彰式並びに全国都道府県議会議長会永年勤続功労者表彰の伝達式を行いますので、そのままお待ち願います。,,,
261218_487,栃木県,平成２６年度栃木県議会第３２６回,05,26,12,18,通常会議,平成２６年度栃木県議会第３２６回通常会議12月18日-05号,坂東哲夫　事務局長,その他,坂東哲夫,事務局長,まず初めに、栃木県議会永年在職功労者の表彰及び全国都道府県議会議長会永年勤続功労者表彰の伝達を行います。,,,
261218_488,栃木県,平成２６年度栃木県議会第３２６回,05,26,12,18,通常会議,平成２６年度栃木県議会第３２６回通常会議12月18日-05号,坂東哲夫　事務局長,その他,坂東哲夫,事務局長,二十年以上在職議員　　石　坂　真　一　議員,,,
261218_489,栃木県,平成２６年度栃木県議会第３２６回,05,26,12,18,通常会議,平成２６年度栃木県議会第３２６回通常会議12月18日-05号,坂東哲夫　事務局長,その他,坂東哲夫,事務局長,（議会からの表彰状・記念品贈呈）（拍手）,,,
261218_490,栃木県,平成２６年度栃木県議会第３２６回,05,26,12,18,通常会議,平成２６年度栃木県議会第３２６回通常会議12月18日-05号,坂東哲夫　事務局長,その他,坂東哲夫,事務局長,（全議からの表彰状・記念品伝達）（拍手）,,,
261218_491,栃木県,平成２６年度栃木県議会第３２６回,05,26,12,18,通常会議,平成２６年度栃木県議会第３２６回通常会議12月18日-05号,坂東哲夫　事務局長,その他,坂東哲夫,事務局長,十五年以上在職議員　　佐　藤　　　栄　議員,,,
261218_492,栃木県,平成２６年度栃木県議会第３２６回,05,26,12,18,通常会議,平成２６年度栃木県議会第３２６回通常会議12月18日-05号,坂東哲夫　事務局長,その他,坂東哲夫,事務局長,神　谷　幸　伸　議員,,,
261218_493,栃木県,平成２６年度栃木県議会第３２６回,05,26,12,18,通常会議,平成２６年度栃木県議会第３２６回通常会議12月18日-05号,坂東哲夫　事務局長,その他,坂東哲夫,事務局長,以上代表いたしまして、佐藤栄議員にお受け取りいただきます。,,,
261218_494,栃木県,平成２６年度栃木県議会第３２６回,05,26,12,18,通常会議,平成２６年度栃木県議会第３２６回通常会議12月18日-05号,坂東哲夫　事務局長,その他,坂東哲夫,事務局長,（議会からの表彰状贈呈）（拍手）,,,
261218_495,栃木県,平成２６年度栃木県議会第３２６回,05,26,12,18,通常会議,平成２６年度栃木県議会第３２６回通常会議12月18日-05号,坂東哲夫　事務局長,その他,坂東哲夫,事務局長,（全議からの表彰状・記念品伝達）（拍手）,,,
261218_496,栃木県,平成２６年度栃木県議会第３２６回,05,26,12,18,通常会議,平成２６年度栃木県議会第３２６回通常会議12月18日-05号,坂東哲夫　事務局長,その他,坂東哲夫,事務局長,十年以上在職議員　　　増　渕　三津男　議員,,,
261218_497,栃木県,平成２６年度栃木県議会第３２６回,05,26,12,18,通常会議,平成２６年度栃木県議会第３２６回通常会議12月18日-05号,坂東哲夫　事務局長,その他,坂東哲夫,事務局長,岩　崎　　　信　議員,,,
261218_498,栃木県,平成２６年度栃木県議会第３２６回,05,26,12,18,通常会議,平成２６年度栃木県議会第３２６回通常会議12月18日-05号,坂東哲夫　事務局長,その他,坂東哲夫,事務局長,以上代表いたしまして、増渕三津男議員にお受け取りいただきます。,,,
261218_499,栃木県,平成２６年度栃木県議会第３２６回,05,26,12,18,通常会議,平成２６年度栃木県議会第３２６回通常会議12月18日-05号,坂東哲夫　事務局長,その他,坂東哲夫,事務局長,（議会からの表彰状贈呈）（拍手）,,,
261218_500,栃木県,平成２６年度栃木県議会第３２６回,05,26,12,18,通常会議,平成２６年度栃木県議会第３２６回通常会議12月18日-05号,坂東哲夫　事務局長,その他,坂東哲夫,事務局長,（全議からの表彰状・記念品伝達）（拍手）,,,
261218_501,栃木県,平成２６年度栃木県議会第３２６回,05,26,12,18,通常会議,平成２６年度栃木県議会第３２６回通常会議12月18日-05号,坂東哲夫　事務局長,その他,坂東哲夫,事務局長,続きまして、栃木県知事から栃木県政功労者の表彰を行います。,,,
261218_502,栃木県,平成２６年度栃木県議会第３２６回,05,26,12,18,通常会議,平成２６年度栃木県議会第３２６回通常会議12月18日-05号,坂東哲夫　事務局長,その他,坂東哲夫,事務局長,二十年以上在職議員　　石　坂　真　一　議員,,,
261218_503,栃木県,平成２６年度栃木県議会第３２６回,05,26,12,18,通常会議,平成２６年度栃木県議会第３２６回通常会議12月18日-05号,坂東哲夫　事務局長,その他,坂東哲夫,事務局長,（県からの表彰状・記念品贈呈）（拍手）,,,
261218_504,栃木県,平成２６年度栃木県議会第３２６回,05,26,12,18,通常会議,平成２６年度栃木県議会第３２６回通常会議12月18日-05号,坂東哲夫　事務局長,その他,坂東哲夫,事務局長,十五年以上在職議員　　佐　藤　　　栄　議員,,,
261218_505,栃木県,平成２６年度栃木県議会第３２６回,05,26,12,18,通常会議,平成２６年度栃木県議会第３２６回通常会議12月18日-05号,坂東哲夫　事務局長,その他,坂東哲夫,事務局長,神　谷　幸　伸　議員,,,
261218_506,栃木県,平成２６年度栃木県議会第３２６回,05,26,12,18,通常会議,平成２６年度栃木県議会第３２６回通常会議12月18日-05号,坂東哲夫　事務局長,その他,坂東哲夫,事務局長,以上代表いたしまして、神谷幸伸議員にお受け取りいただきます。,,,
261218_507,栃木県,平成２６年度栃木県議会第３２６回,05,26,12,18,通常会議,平成２６年度栃木県議会第３２６回通常会議12月18日-05号,坂東哲夫　事務局長,その他,坂東哲夫,事務局長,（県からの表彰状贈呈）（拍手）,,,
261218_508,栃木県,平成２６年度栃木県議会第３２６回,05,26,12,18,通常会議,平成２６年度栃木県議会第３２６回通常会議12月18日-05号,坂東哲夫　事務局長,その他,坂東哲夫,事務局長,十年以上在職議員　　　増　渕　三津男　議員,,,
261218_509,栃木県,平成２６年度栃木県議会第３２６回,05,26,12,18,通常会議,平成２６年度栃木県議会第３２６回通常会議12月18日-05号,坂東哲夫　事務局長,その他,坂東哲夫,事務局長,岩　崎　　　信　議員,,,
261218_510,栃木県,平成２６年度栃木県議会第３２６回,05,26,12,18,通常会議,平成２６年度栃木県議会第３２６回通常会議12月18日-05号,坂東哲夫　事務局長,その他,坂東哲夫,事務局長,以上代表いたしまして、岩崎信議員にお受け取りいただきます。,,,
261218_511,栃木県,平成２６年度栃木県議会第３２６回,05,26,12,18,通常会議,平成２６年度栃木県議会第３２６回通常会議12月18日-05号,坂東哲夫　事務局長,その他,坂東哲夫,事務局長,（県からの表彰状贈呈）（拍手）,,,
261218_512,栃木県,平成２６年度栃木県議会第３２６回,05,26,12,18,通常会議,平成２６年度栃木県議会第３２６回通常会議12月18日-05号,坂東哲夫　事務局長,その他,坂東哲夫,事務局長,以上をもちまして、表彰式及び伝達式を終了いたします。,,,
