97002,佐賀県,平成27年２月,6,27,3,6,定例,平成27年２月定例会（第６日）,,,,,○　開　　　　　議,null,null,null
97003,佐賀県,平成27年２月,6,27,3,6,定例,平成27年２月定例会（第６日）,議長（木原奉文君）,議長,議長,木原奉文,おはようございます。,null,null,null
97004,佐賀県,平成27年２月,6,27,3,6,定例,平成27年２月定例会（第６日）,議長（木原奉文君）,議長,議長,木原奉文,これより本日の会議を開きます。,null,null,null
97005,佐賀県,平成27年２月,6,27,3,6,定例,平成27年２月定例会（第６日）,議長（木原奉文君）,議長,議長,木原奉文,日程によりまして、議第一号議案及び議第二号議案について質疑に入りますが、質疑の通告はあっておりませんので、質疑なしと認めます。,null,null,null
97006,佐賀県,平成27年２月,6,27,3,6,定例,平成27年２月定例会（第６日）,議長（木原奉文君）,議長,議長,木原奉文,よって、質疑を終了いたします。,null,null,null
97007,佐賀県,平成27年２月,6,27,3,6,定例,平成27年２月定例会（第６日）,議長（木原奉文君）,議長,議長,木原奉文,お諮りいたします。,null,null,null
97008,佐賀県,平成27年２月,6,27,3,6,定例,平成27年２月定例会（第６日）,議長（木原奉文君）,議長,議長,木原奉文,議第一号議案及び議第二号議案につきましては、委員会付託を省略いたしたいと思いますが、これに御異議ありませんか。,null,null,null
97009,佐賀県,平成27年２月,6,27,3,6,定例,平成27年２月定例会（第６日）,議長（木原奉文君）,議長,議長,木原奉文,〔「異議なし」と呼ぶ者あり〕,null,null,null
97010,佐賀県,平成27年２月,6,27,3,6,定例,平成27年２月定例会（第６日）,議長（木原奉文君）,議長,議長,木原奉文,御異議なしと認めます。,null,null,null
97011,佐賀県,平成27年２月,6,27,3,6,定例,平成27年２月定例会（第６日）,議長（木原奉文君）,議長,議長,木原奉文,よって、議第一号議案及び議第二号議案につきましては、委員会付託を省略することに決定いたしました。,null,null,null
97012,佐賀県,平成27年２月,6,27,3,6,定例,平成27年２月定例会（第６日）,議長（木原奉文君）,議長,議長,木原奉文,これより議第一号議案及び議第二号議案について討論に入りますが、討論の通告はあっておりませんので、討論なしと認めます。,null,null,null
97013,佐賀県,平成27年２月,6,27,3,6,定例,平成27年２月定例会（第６日）,議長（木原奉文君）,議長,議長,木原奉文,よって、討論を終了し、直ちに採決に入ります。,null,null,null
97014,佐賀県,平成27年２月,6,27,3,6,定例,平成27年２月定例会（第６日）,議長（木原奉文君）,議長,議長,木原奉文,○　採　　　　　決,null,null,null
97015,佐賀県,平成27年２月,6,27,3,6,定例,平成27年２月定例会（第６日）,議長（木原奉文君）,議長,議長,木原奉文,まず、議第一号議案を採決します。,null,null,null
97016,佐賀県,平成27年２月,6,27,3,6,定例,平成27年２月定例会（第６日）,議長（木原奉文君）,議長,議長,木原奉文,これは、県議会委員会条例の一部改正についての議案であります。,null,null,null
97017,佐賀県,平成27年２月,6,27,3,6,定例,平成27年２月定例会（第６日）,議長（木原奉文君）,議長,議長,木原奉文,本案に賛成の方の起立を求めます。,null,null,null
97018,佐賀県,平成27年２月,6,27,3,6,定例,平成27年２月定例会（第６日）,議長（木原奉文君）,議長,議長,木原奉文,〔賛成者起立〕,null,null,null
97019,佐賀県,平成27年２月,6,27,3,6,定例,平成27年２月定例会（第６日）,議長（木原奉文君）,議長,議長,木原奉文,起立者多数と認めます。,null,null,null
97020,佐賀県,平成27年２月,6,27,3,6,定例,平成27年２月定例会（第６日）,議長（木原奉文君）,議長,議長,木原奉文,よって、議第一号議案は原案のとおり可決されました。,null,null,null
97021,佐賀県,平成27年２月,6,27,3,6,定例,平成27年２月定例会（第６日）,議長（木原奉文君）,議長,議長,木原奉文,次に、議第二号議案を採決します。,null,null,null
97022,佐賀県,平成27年２月,6,27,3,6,定例,平成27年２月定例会（第６日）,議長（木原奉文君）,議長,議長,木原奉文,これは、県議会会議規則の一部改正についての議案であります。,null,null,null
97023,佐賀県,平成27年２月,6,27,3,6,定例,平成27年２月定例会（第６日）,議長（木原奉文君）,議長,議長,木原奉文,本案に賛成の方の起立を求めます。,null,null,null
97024,佐賀県,平成27年２月,6,27,3,6,定例,平成27年２月定例会（第６日）,議長（木原奉文君）,議長,議長,木原奉文,〔賛成者起立〕,null,null,null
97025,佐賀県,平成27年２月,6,27,3,6,定例,平成27年２月定例会（第６日）,議長（木原奉文君）,議長,議長,木原奉文,起立者多数と認めます。,null,null,null
97026,佐賀県,平成27年２月,6,27,3,6,定例,平成27年２月定例会（第６日）,議長（木原奉文君）,議長,議長,木原奉文,よって、議第二号議案は原案のとおり可決されました。,null,null,null
97027,佐賀県,平成27年２月,6,27,3,6,定例,平成27年２月定例会（第６日）,議長（木原奉文君）,議長,議長,木原奉文,○　討　　　　　論,null,null,null
97028,佐賀県,平成27年２月,6,27,3,6,定例,平成27年２月定例会（第６日）,議長（木原奉文君）,議長,議長,木原奉文,これより、甲第一号議案について討論に入ります。,null,null,null
97029,佐賀県,平成27年２月,6,27,3,6,定例,平成27年２月定例会（第６日）,議長（木原奉文君）,議長,議長,木原奉文,討論の通告があっておりますので、発言を許可いたします。,null,null,null
97030,佐賀県,平成27年２月,6,27,3,6,定例,平成27年２月定例会（第６日）,武藤明美君,4100040000005,（議員）,武藤明美,おはようございます。,null,null,null
97031,佐賀県,平成27年２月,6,27,3,6,定例,平成27年２月定例会（第６日）,武藤明美君,4100040000005,（議員）,武藤明美,日本共産党の武藤明美でございます。,null,null,null
97032,佐賀県,平成27年２月,6,27,3,6,定例,平成27年２月定例会（第６日）,武藤明美君,4100040000005,（議員）,武藤明美,私は、甲第一号議案「平成二十七年度佐賀県一般会計予算」に反対の立場から討論を行います。,null,null,null
97033,佐賀県,平成27年２月,6,27,3,6,定例,平成27年２月定例会（第６日）,武藤明美君,4100040000005,（議員）,武藤明美,この当初予算は、知事が新しくかわられたことなどにより骨格予算となっていて、六月以降に新規施策を講じるための補正予算を計上することになっているため、当初予算額は三千八百八十一億四千七百万円ですが、アベノミクスの大企業優遇、弱者切り捨ての安倍政権の暴走ぶりも盛り込まれています。,null,null,null
97034,佐賀県,平成27年２月,6,27,3,6,定例,平成27年２月定例会（第６日）,武藤明美君,4100040000005,（議員）,武藤明美,歳入では、国民生活に打撃を与える消費税増税によるものが含まれています。,null,null,null
97035,佐賀県,平成27年２月,6,27,3,6,定例,平成27年２月定例会（第６日）,武藤明美君,4100040000005,（議員）,武藤明美,歳出では、弱い者いじめの生活保護の削減や、廃止すべき後期高齢者医療制度、農地集積を加速化する農地中間管理機構が行う農業構造改革支援事業三億七千五百二十八万円など反映されております。,null,null,null
97036,佐賀県,平成27年２月,6,27,3,6,定例,平成27年２月定例会（第６日）,武藤明美君,4100040000005,（議員）,武藤明美,また、佐賀県が行っている唐津港まき網市場改修整備事業は、利活用の見通しもないのに、平成二十七年度は六億五千六百六十六万円も事業費を注ぎ込むものです。,null,null,null
97037,佐賀県,平成27年２月,6,27,3,6,定例,平成27年２月定例会（第６日）,武藤明美君,4100040000005,（議員）,武藤明美,伊万里工業用水整備事業費補助三億三千三百五十四万円も、伊万里第四工業用水が大型な事業計画を進めながら、使用単価が安いためにいまだに補助を続けなければなりません。,null,null,null
97038,佐賀県,平成27年２月,6,27,3,6,定例,平成27年２月定例会（第６日）,武藤明美君,4100040000005,（議員）,武藤明美,大盤振る舞いのツケがいかに大きいかを示すものです。,null,null,null
97039,佐賀県,平成27年２月,6,27,3,6,定例,平成27年２月定例会（第６日）,武藤明美君,4100040000005,（議員）,武藤明美,当初予算の中には直轄港湾事業負担金四億三千二百七十九万円があり、納得できません。,null,null,null
97040,佐賀県,平成27年２月,6,27,3,6,定例,平成27年２月定例会（第６日）,武藤明美君,4100040000005,（議員）,武藤明美,さらに、新幹線長崎ルート建設負担金六億二千二百万円があります。,null,null,null
97041,佐賀県,平成27年２月,6,27,3,6,定例,平成27年２月定例会（第６日）,武藤明美君,4100040000005,（議員）,武藤明美,用地取得やトンネル工事に要するものです。,null,null,null
97042,佐賀県,平成27年２月,6,27,3,6,定例,平成27年２月定例会（第６日）,武藤明美君,4100040000005,（議員）,武藤明美,しかし、平成二十七年度の国の総額は、三百九十億円であり、それを踏まえた県負担額は約三十五億円になるだろうとのことでした。,null,null,null
97043,佐賀県,平成27年２月,6,27,3,6,定例,平成27年２月定例会（第６日）,武藤明美君,4100040000005,（議員）,武藤明美,県民の多くが長崎ルートは必要ないと言っています。,null,null,null
97044,佐賀県,平成27年２月,6,27,3,6,定例,平成27年２月定例会（第６日）,武藤明美君,4100040000005,（議員）,武藤明美,一部の県民ではなく、多くの県民がそう思っているのです。,null,null,null
97045,佐賀県,平成27年２月,6,27,3,6,定例,平成27年２月定例会（第６日）,武藤明美君,4100040000005,（議員）,武藤明美,現在の事業費は五千億円、そのうち、県負担額は四百八億円あります。,null,null,null
97046,佐賀県,平成27年２月,6,27,3,6,定例,平成27年２月定例会（第６日）,武藤明美君,4100040000005,（議員）,武藤明美,やがて、事業期間が長引けばさらに事業費は増えるでしょう。,null,null,null
97047,佐賀県,平成27年２月,6,27,3,6,定例,平成27年２月定例会（第６日）,武藤明美君,4100040000005,（議員）,武藤明美,佐賀県民から見たらデメリットの方が多い新幹線長崎ルートは反対です。,null,null,null
97048,佐賀県,平成27年２月,6,27,3,6,定例,平成27年２月定例会（第６日）,武藤明美君,4100040000005,（議員）,武藤明美,中止を求めます。,null,null,null
97049,佐賀県,平成27年２月,6,27,3,6,定例,平成27年２月定例会（第６日）,武藤明美君,4100040000005,（議員）,武藤明美,そういう事業にお金を注ぎ込むよりも、県民のくらしを守る事業を進めるべきです。,null,null,null
97050,佐賀県,平成27年２月,6,27,3,6,定例,平成27年２月定例会（第６日）,武藤明美君,4100040000005,（議員）,武藤明美,高すぎる国保税や介護保険への軽減のために県も力を尽くすべきです。,null,null,null
97051,佐賀県,平成27年２月,6,27,3,6,定例,平成27年２月定例会（第６日）,武藤明美君,4100040000005,（議員）,武藤明美,老後を年金頼りで暮らしている方たちが高い家賃の民間アパートや借家住まいがつらくて、県営住宅をふやしてほしいと願っておられます。,null,null,null
97052,佐賀県,平成27年２月,6,27,3,6,定例,平成27年２月定例会（第６日）,武藤明美君,4100040000005,（議員）,武藤明美,県営住宅の建設を求めます。,null,null,null
97053,佐賀県,平成27年２月,6,27,3,6,定例,平成27年２月定例会（第６日）,武藤明美君,4100040000005,（議員）,武藤明美,住宅リフォーム助成制度は、三十億円の県費で一万五千四百件の仕事につながり、四百五十億円の経済波及効果をもたらしました。,null,null,null
97054,佐賀県,平成27年２月,6,27,3,6,定例,平成27年２月定例会（第６日）,武藤明美君,4100040000005,（議員）,武藤明美,この制度を受けたかった人たちも事業の復活を待っています。,null,null,null
97055,佐賀県,平成27年２月,6,27,3,6,定例,平成27年２月定例会（第６日）,武藤明美君,4100040000005,（議員）,武藤明美,山口知事には、多くの人たちがこの制度の復活をしてほしいと期待しておられます。,null,null,null
97056,佐賀県,平成27年２月,6,27,3,6,定例,平成27年２月定例会（第６日）,武藤明美君,4100040000005,（議員）,武藤明美,子供医療費も中学三年の義務教育を終わるまで助成制度を広げてほしいとお母さんたちが願っておられます。,null,null,null
97057,佐賀県,平成27年２月,6,27,3,6,定例,平成27年２月定例会（第６日）,武藤明美君,4100040000005,（議員）,武藤明美,学校の先生たちをふやし、少人数学級で行き届いた教育を進めていただきたいと求めます。,null,null,null
97058,佐賀県,平成27年２月,6,27,3,6,定例,平成27年２月定例会（第６日）,武藤明美君,4100040000005,（議員）,武藤明美,以上、今後の補正予算などにも生かしていただきますよう指摘し、このことを申し上げて当初予算の反対討論といたします。,null,null,null
97059,佐賀県,平成27年２月,6,27,3,6,定例,平成27年２月定例会（第６日）,議長（木原奉文君）,議長,議長,木原奉文,以上をもちまして討論を終了し、採決に入ります。,null,null,null
97060,佐賀県,平成27年２月,6,27,3,6,定例,平成27年２月定例会（第６日）,議長（木原奉文君）,議長,議長,木原奉文,○　採　　　　　決,null,null,null
97061,佐賀県,平成27年２月,6,27,3,6,定例,平成27年２月定例会（第６日）,議長（木原奉文君）,議長,議長,木原奉文,甲第一号議案を採決します。,null,null,null
97062,佐賀県,平成27年２月,6,27,3,6,定例,平成27年２月定例会（第６日）,議長（木原奉文君）,議長,議長,木原奉文,これは、平成二十七年度一般会計予算についての議案であります。,null,null,null
97063,佐賀県,平成27年２月,6,27,3,6,定例,平成27年２月定例会（第６日）,議長（木原奉文君）,議長,議長,木原奉文,甲第一号議案についての委員長の報告は可決であります。,null,null,null
97064,佐賀県,平成27年２月,6,27,3,6,定例,平成27年２月定例会（第６日）,議長（木原奉文君）,議長,議長,木原奉文,本案に賛成の方の起立を求めます。,null,null,null
97065,佐賀県,平成27年２月,6,27,3,6,定例,平成27年２月定例会（第６日）,議長（木原奉文君）,議長,議長,木原奉文,〔賛成者起立〕,null,null,null
97066,佐賀県,平成27年２月,6,27,3,6,定例,平成27年２月定例会（第６日）,議長（木原奉文君）,議長,議長,木原奉文,起立者多数と認めます。,null,null,null
97067,佐賀県,平成27年２月,6,27,3,6,定例,平成27年２月定例会（第６日）,議長（木原奉文君）,議長,議長,木原奉文,よって、甲第一号議案は原案のとおり可決されました。,null,null,null
97068,佐賀県,平成27年２月,6,27,3,6,定例,平成27年２月定例会（第６日）,議長（木原奉文君）,議長,議長,木原奉文,次に、ただいま議決いたしました議案及び乙第三十五号議案を除く他の議案についての討論に入りますが、討論の通告はあっておりませんので、討論なしと認めます。,null,null,null
97069,佐賀県,平成27年２月,6,27,3,6,定例,平成27年２月定例会（第６日）,議長（木原奉文君）,議長,議長,木原奉文,よって、討論を終了し、直ちに採決に入ります。,null,null,null
97070,佐賀県,平成27年２月,6,27,3,6,定例,平成27年２月定例会（第６日）,議長（木原奉文君）,議長,議長,木原奉文,甲第三十三号議案を採決します。,null,null,null
97071,佐賀県,平成27年２月,6,27,3,6,定例,平成27年２月定例会（第６日）,議長（木原奉文君）,議長,議長,木原奉文,これは、平成二十六年度一般会計補正予算（第七号）についての議案であります。,null,null,null
97072,佐賀県,平成27年２月,6,27,3,6,定例,平成27年２月定例会（第６日）,議長（木原奉文君）,議長,議長,木原奉文,甲第三十三号議案についての委員長の報告は可決であります。,null,null,null
97073,佐賀県,平成27年２月,6,27,3,6,定例,平成27年２月定例会（第６日）,議長（木原奉文君）,議長,議長,木原奉文,本案に賛成の方の起立を求めます。,null,null,null
97074,佐賀県,平成27年２月,6,27,3,6,定例,平成27年２月定例会（第６日）,議長（木原奉文君）,議長,議長,木原奉文,〔賛成者起立〕,null,null,null
97075,佐賀県,平成27年２月,6,27,3,6,定例,平成27年２月定例会（第６日）,議長（木原奉文君）,議長,議長,木原奉文,起立者多数と認めます。,null,null,null
97076,佐賀県,平成27年２月,6,27,3,6,定例,平成27年２月定例会（第６日）,議長（木原奉文君）,議長,議長,木原奉文,よって、甲第三十三号議案は原案のとおり可決されました。,null,null,null
97077,佐賀県,平成27年２月,6,27,3,6,定例,平成27年２月定例会（第６日）,議長（木原奉文君）,議長,議長,木原奉文,次に、乙第二十二号議案、乙第二十六号議案、乙第三十二号議案及び乙第三十四号議案、以上四件の議案を一括して採決します。,null,null,null
97078,佐賀県,平成27年２月,6,27,3,6,定例,平成27年２月定例会（第６日）,議長（木原奉文君）,議長,議長,木原奉文,これは、国営土地改良事業負担金条例の一部改正、国営土地改良事業に対する市町の負担、県事業に対する市町の負担、県営土地改良事業に対する市町の負担についての議案であります。,null,null,null
97079,佐賀県,平成27年２月,6,27,3,6,定例,平成27年２月定例会（第６日）,議長（木原奉文君）,議長,議長,木原奉文,以上四件の議案についての委員長の報告は可決であります。,null,null,null
97080,佐賀県,平成27年２月,6,27,3,6,定例,平成27年２月定例会（第６日）,議長（木原奉文君）,議長,議長,木原奉文,本案に賛成の方の起立を求めます。,null,null,null
97081,佐賀県,平成27年２月,6,27,3,6,定例,平成27年２月定例会（第６日）,議長（木原奉文君）,議長,議長,木原奉文,〔賛成者起立〕,null,null,null
97082,佐賀県,平成27年２月,6,27,3,6,定例,平成27年２月定例会（第６日）,議長（木原奉文君）,議長,議長,木原奉文,起立者多数と認めます。,null,null,null
97083,佐賀県,平成27年２月,6,27,3,6,定例,平成27年２月定例会（第６日）,議長（木原奉文君）,議長,議長,木原奉文,よって、以上四件の議案はいずれも原案のとおり可決されました。,null,null,null
97084,佐賀県,平成27年２月,6,27,3,6,定例,平成27年２月定例会（第６日）,議長（木原奉文君）,議長,議長,木原奉文,次に、甲第六号議案、甲第八号議案、甲第十二号議案、甲第十四号議案、甲第十七号議案及び甲第三十号議案、以上六件の議案を一括して採決します。,null,null,null
97085,佐賀県,平成27年２月,6,27,3,6,定例,平成27年２月定例会（第６日）,議長（木原奉文君）,議長,議長,木原奉文,これは、平成二十七年度財政調整積立金特別会計予算、平成二十七年度土地取得特別会計予算、平成二十七年度公債管理特別会計予算、平成二十七年度港湾整備事業特別会計予算、平成二十六年度一般会計補正予算（第六号）、平成二十六年度港湾整備事業特別会計補正予算（第三号）についての議案であります。,null,null,null
97086,佐賀県,平成27年２月,6,27,3,6,定例,平成27年２月定例会（第６日）,議長（木原奉文君）,議長,議長,木原奉文,以上六件の議案についての委員長の報告は可決であります。,null,null,null
97087,佐賀県,平成27年２月,6,27,3,6,定例,平成27年２月定例会（第６日）,議長（木原奉文君）,議長,議長,木原奉文,本案に賛成の方の起立を求めます。,null,null,null
97088,佐賀県,平成27年２月,6,27,3,6,定例,平成27年２月定例会（第６日）,議長（木原奉文君）,議長,議長,木原奉文,〔賛成者起立〕,null,null,null
97089,佐賀県,平成27年２月,6,27,3,6,定例,平成27年２月定例会（第６日）,議長（木原奉文君）,議長,議長,木原奉文,起立者多数と認めます。,null,null,null
97090,佐賀県,平成27年２月,6,27,3,6,定例,平成27年２月定例会（第６日）,議長（木原奉文君）,議長,議長,木原奉文,よって、以上六件の議案は、いずれも原案のとおり可決されました。,null,null,null
97091,佐賀県,平成27年２月,6,27,3,6,定例,平成27年２月定例会（第６日）,議長（木原奉文君）,議長,議長,木原奉文,次に、乙第四号議案、乙第六号議案、乙第八号議案、乙第九号議案、乙第十二号議案、乙第十七号議案から乙第十九号議案まで三件、及び乙第二十五号議案、以上九件の議案を一括して採決します。,null,null,null
97092,佐賀県,平成27年２月,6,27,3,6,定例,平成27年２月定例会（第６日）,議長（木原奉文君）,議長,議長,木原奉文,これは、教育長の勤務時間その他の勤務条件及び職務に専念する義務の特例に関する条例、特別職の職員及び教育長の給与等に関する条例及び知事等の退職手当に関する条例の一部改正、地方教育行政の組織及び運営に関する法律の一部を改正する法律の施行に伴う関係条例の整理に関する条例、手数料条例の一部改正、県立学校職員及び市町立学校県費負担教職員定数条例の一部改正、介護保険財政安定化基金条例の一部改正、介護保険法施行条例の一部改正、工鉱業試験手数料及び使用料条例の一部改正、県営住宅条例等の一部改正についての議案であります。,null,null,null
97093,佐賀県,平成27年２月,6,27,3,6,定例,平成27年２月定例会（第６日）,議長（木原奉文君）,議長,議長,木原奉文,以上九件の議案についての委員長の報告は可決であります。,null,null,null
97094,佐賀県,平成27年２月,6,27,3,6,定例,平成27年２月定例会（第６日）,議長（木原奉文君）,議長,議長,木原奉文,本案に賛成の方の起立を求めます。,null,null,null
97095,佐賀県,平成27年２月,6,27,3,6,定例,平成27年２月定例会（第６日）,議長（木原奉文君）,議長,議長,木原奉文,〔賛成者起立〕,null,null,null
97096,佐賀県,平成27年２月,6,27,3,6,定例,平成27年２月定例会（第６日）,議長（木原奉文君）,議長,議長,木原奉文,起立者多数と認めます。,null,null,null
97097,佐賀県,平成27年２月,6,27,3,6,定例,平成27年２月定例会（第６日）,議長（木原奉文君）,議長,議長,木原奉文,よって、以上九件の議案は、いずれも原案のとおり可決されました。,null,null,null
97098,佐賀県,平成27年２月,6,27,3,6,定例,平成27年２月定例会（第６日）,議長（木原奉文君）,議長,議長,木原奉文,次に、甲第二号議案から甲第五号議案まで四件、甲第七号議案、甲第九号議案から甲第十一号議案まで三件、甲第十三号議案、甲第十五号議案、甲第十六号議案、甲第十八号議案から甲第二十九号議案まで十二件、甲第三十一号議案及び甲第三十二号議案、以上二十五件の議案を一括して採決します。,null,null,null
97099,佐賀県,平成27年２月,6,27,3,6,定例,平成27年２月定例会（第６日）,議長（木原奉文君）,議長,議長,木原奉文,以上二十五件の議案についての委員長の報告は可決であります。,null,null,null
97100,佐賀県,平成27年２月,6,27,3,6,定例,平成27年２月定例会（第６日）,議長（木原奉文君）,議長,議長,木原奉文,本案に賛成の方の起立を求めます。,null,null,null
97101,佐賀県,平成27年２月,6,27,3,6,定例,平成27年２月定例会（第６日）,議長（木原奉文君）,議長,議長,木原奉文,〔賛成者起立〕,null,null,null
97102,佐賀県,平成27年２月,6,27,3,6,定例,平成27年２月定例会（第６日）,議長（木原奉文君）,議長,議長,木原奉文,全員起立と認めます。,null,null,null
97103,佐賀県,平成27年２月,6,27,3,6,定例,平成27年２月定例会（第６日）,議長（木原奉文君）,議長,議長,木原奉文,よって、以上二十五件の議案は、いずれも原案のとおり可決されました。,null,null,null
97104,佐賀県,平成27年２月,6,27,3,6,定例,平成27年２月定例会（第６日）,議長（木原奉文君）,議長,議長,木原奉文,次に、乙第一議案から乙第三号議案まで三件、乙第五号議案、乙第七号議案、乙第十号議案、乙第十一号議案、乙第十三号議案から乙第十六号議案まで四件、乙第二十号議案、乙第二十一号議案、乙第二十三号議案、乙第二十四号議案、乙第二十七号議案から乙第二十九号議案まで三件、乙第三十一号議案及び乙第三十三号議案、以上二十件の議案を一括して採決します。,null,null,null
97105,佐賀県,平成27年２月,6,27,3,6,定例,平成27年２月定例会（第６日）,議長（木原奉文君）,議長,議長,木原奉文,以上二十件の議案についての委員長の報告は可決であります。,null,null,null
97106,佐賀県,平成27年２月,6,27,3,6,定例,平成27年２月定例会（第６日）,議長（木原奉文君）,議長,議長,木原奉文,本案に賛成の方の起立を求めます。,null,null,null
97107,佐賀県,平成27年２月,6,27,3,6,定例,平成27年２月定例会（第６日）,議長（木原奉文君）,議長,議長,木原奉文,〔賛成者起立〕,null,null,null
97108,佐賀県,平成27年２月,6,27,3,6,定例,平成27年２月定例会（第６日）,議長（木原奉文君）,議長,議長,木原奉文,全員起立と認めます。,null,null,null
97109,佐賀県,平成27年２月,6,27,3,6,定例,平成27年２月定例会（第６日）,議長（木原奉文君）,議長,議長,木原奉文,よって、以上二十件の議案は、いずれも原案のとおり可決されました。,null,null,null
97110,佐賀県,平成27年２月,6,27,3,6,定例,平成27年２月定例会（第６日）,議長（木原奉文君）,議長,議長,木原奉文,次に、乙第三十号議案を採決します。,null,null,null
97111,佐賀県,平成27年２月,6,27,3,6,定例,平成27年２月定例会（第６日）,議長（木原奉文君）,議長,議長,木原奉文,これは、監査委員の選任についての議案であります。,null,null,null
97112,佐賀県,平成27年２月,6,27,3,6,定例,平成27年２月定例会（第６日）,議長（木原奉文君）,議長,議長,木原奉文,乙第三十号議案についての委員長の報告は同意であります。,null,null,null
97113,佐賀県,平成27年２月,6,27,3,6,定例,平成27年２月定例会（第６日）,議長（木原奉文君）,議長,議長,木原奉文,本案に賛成の方の起立を求めます。,null,null,null
97114,佐賀県,平成27年２月,6,27,3,6,定例,平成27年２月定例会（第６日）,議長（木原奉文君）,議長,議長,木原奉文,〔賛成者起立〕,null,null,null
97115,佐賀県,平成27年２月,6,27,3,6,定例,平成27年２月定例会（第６日）,議長（木原奉文君）,議長,議長,木原奉文,全員起立と認めます。,null,null,null
97116,佐賀県,平成27年２月,6,27,3,6,定例,平成27年２月定例会（第６日）,議長（木原奉文君）,議長,議長,木原奉文,よって、乙第三十号議案は同意することに決定いたしました。,null,null,null
97117,佐賀県,平成27年２月,6,27,3,6,定例,平成27年２月定例会（第６日）,議長（木原奉文君）,議長,議長,木原奉文,次に、乙第三十五号議案について質疑に入りますが、質疑の通告はあっておりませんので、質疑なしと認めます。,null,null,null
97118,佐賀県,平成27年２月,6,27,3,6,定例,平成27年２月定例会（第６日）,議長（木原奉文君）,議長,議長,木原奉文,よって、質疑を終了いたします。,null,null,null
97119,佐賀県,平成27年２月,6,27,3,6,定例,平成27年２月定例会（第６日）,議長（木原奉文君）,議長,議長,木原奉文,お諮りいたします。,null,null,null
97120,佐賀県,平成27年２月,6,27,3,6,定例,平成27年２月定例会（第６日）,議長（木原奉文君）,議長,議長,木原奉文,乙第三十五号議案につきましては、委員会付託を省略いたしたいと思いますが、これに御異議ありませんか。,null,null,null
97121,佐賀県,平成27年２月,6,27,3,6,定例,平成27年２月定例会（第６日）,議長（木原奉文君）,議長,議長,木原奉文,〔「異議なし」と呼ぶ者あり〕,null,null,null
97122,佐賀県,平成27年２月,6,27,3,6,定例,平成27年２月定例会（第６日）,議長（木原奉文君）,議長,議長,木原奉文,御異議なしと認めます。,null,null,null
97123,佐賀県,平成27年２月,6,27,3,6,定例,平成27年２月定例会（第６日）,議長（木原奉文君）,議長,議長,木原奉文,よって、乙第三十五号議案につきましては、委員会付託を省略することに決定いたしました。,null,null,null
97124,佐賀県,平成27年２月,6,27,3,6,定例,平成27年２月定例会（第６日）,議長（木原奉文君）,議長,議長,木原奉文,これより、乙第三十五号議案について討論に入りますが、討論の通告はあっておりませんので、討論なしと認めます。,null,null,null
97125,佐賀県,平成27年２月,6,27,3,6,定例,平成27年２月定例会（第６日）,議長（木原奉文君）,議長,議長,木原奉文,よって、討論を終了し、直ちに採決に入ります。,null,null,null
97126,佐賀県,平成27年２月,6,27,3,6,定例,平成27年２月定例会（第６日）,議長（木原奉文君）,議長,議長,木原奉文,乙第三十五号議案を採決します。,null,null,null
97127,佐賀県,平成27年２月,6,27,3,6,定例,平成27年２月定例会（第６日）,議長（木原奉文君）,議長,議長,木原奉文,これは、県税条例等の一部改正についての議案であります。,null,null,null
97128,佐賀県,平成27年２月,6,27,3,6,定例,平成27年２月定例会（第６日）,議長（木原奉文君）,議長,議長,木原奉文,本案に賛成の方の起立を求めます。,null,null,null
97129,佐賀県,平成27年２月,6,27,3,6,定例,平成27年２月定例会（第６日）,議長（木原奉文君）,議長,議長,木原奉文,〔賛成者起立〕,null,null,null
97130,佐賀県,平成27年２月,6,27,3,6,定例,平成27年２月定例会（第６日）,議長（木原奉文君）,議長,議長,木原奉文,起立者多数と認めます。,null,null,null
97131,佐賀県,平成27年２月,6,27,3,6,定例,平成27年２月定例会（第６日）,議長（木原奉文君）,議長,議長,木原奉文,よって、乙第三十五号議案は原案のとおり可決されました。,null,null,null
97132,佐賀県,平成27年２月,6,27,3,6,定例,平成27年２月定例会（第６日）,議長（木原奉文君）,議長,議長,木原奉文,○　意　見　書　案　提　出,null,null,null
97133,佐賀県,平成27年２月,6,27,3,6,定例,平成27年２月定例会（第６日）,議長（木原奉文君）,議長,議長,木原奉文,ただいま議長の手元に意見書案が六件提出されました。,null,null,null
97134,佐賀県,平成27年２月,6,27,3,6,定例,平成27年２月定例会（第６日）,議長（木原奉文君）,議長,議長,木原奉文,これはいずれも皆様のお手元に配付いたしておりますとおりのものであります。,null,null,null
97135,佐賀県,平成27年２月,6,27,3,6,定例,平成27年２月定例会（第６日）,議長（木原奉文君）,議長,議長,木原奉文,━━━━━━━━━━━━━━━━━━━━━━━━━━━━━━━━━━━━━━,null,null,null
97136,佐賀県,平成27年２月,6,27,3,6,定例,平成27年２月定例会（第６日）,議長（木原奉文君）,議長,議長,木原奉文,○　意　見　書　案　上　程,null,null,null
97137,佐賀県,平成27年２月,6,27,3,6,定例,平成27年２月定例会（第６日）,議長（木原奉文君）,議長,議長,木原奉文,お諮りいたします。,null,null,null
97138,佐賀県,平成27年２月,6,27,3,6,定例,平成27年２月定例会（第６日）,議長（木原奉文君）,議長,議長,木原奉文,意第一号意見書案から意第六号意見書案まで、以上六件の意見書案を本日の日程に追加して議題といたしたいと思いますが、これに御異議ありませんか。,null,null,null
97139,佐賀県,平成27年２月,6,27,3,6,定例,平成27年２月定例会（第６日）,議長（木原奉文君）,議長,議長,木原奉文,〔「異議なし」と呼ぶ者あり〕,null,null,null
97140,佐賀県,平成27年２月,6,27,3,6,定例,平成27年２月定例会（第６日）,議長（木原奉文君）,議長,議長,木原奉文,御異議なしと認めます。,null,null,null
97141,佐賀県,平成27年２月,6,27,3,6,定例,平成27年２月定例会（第６日）,議長（木原奉文君）,議長,議長,木原奉文,よって、以上六件の意見書案を本日の日程に追加して議題といたします。,null,null,null
97142,佐賀県,平成27年２月,6,27,3,6,定例,平成27年２月定例会（第６日）,議長（木原奉文君）,議長,議長,木原奉文,お諮りいたします。,null,null,null
97143,佐賀県,平成27年２月,6,27,3,6,定例,平成27年２月定例会（第６日）,議長（木原奉文君）,議長,議長,木原奉文,意第一号意見書案から意第三号意見書案まで、以上三件の意見書案につきましては、議員全員の提出によるもので、内容も判明いたしておりますので、提出者の説明及び委員会付託を省略いたしたいと思いますが、これに御異議ありませんか。,null,null,null
97144,佐賀県,平成27年２月,6,27,3,6,定例,平成27年２月定例会（第６日）,議長（木原奉文君）,議長,議長,木原奉文,〔「異議なし」と呼ぶ者あり〕,null,null,null
97145,佐賀県,平成27年２月,6,27,3,6,定例,平成27年２月定例会（第６日）,議長（木原奉文君）,議長,議長,木原奉文,御異議なしと認めます。,null,null,null
97146,佐賀県,平成27年２月,6,27,3,6,定例,平成27年２月定例会（第６日）,議長（木原奉文君）,議長,議長,木原奉文,よって、そのように決定いたしました。,null,null,null
97147,佐賀県,平成27年２月,6,27,3,6,定例,平成27年２月定例会（第６日）,議長（木原奉文君）,議長,議長,木原奉文,これより、意第一号意見書案から意第三号意見書案まで、以上三件の意見書案についての討論に入りますが、討論の通告はあっておりませんので、討論なしと認めます。,null,null,null
97148,佐賀県,平成27年２月,6,27,3,6,定例,平成27年２月定例会（第６日）,議長（木原奉文君）,議長,議長,木原奉文,よって、討論を終了し直ちに採決に入ります。,null,null,null
97149,佐賀県,平成27年２月,6,27,3,6,定例,平成27年２月定例会（第６日）,議長（木原奉文君）,議長,議長,木原奉文,○　採　　　　　決,null,null,null
97150,佐賀県,平成27年２月,6,27,3,6,定例,平成27年２月定例会（第６日）,議長（木原奉文君）,議長,議長,木原奉文,意第一号意見書案から意第三号意見書案まで、以上三件の意見書案を一括して採決します。,null,null,null
97151,佐賀県,平成27年２月,6,27,3,6,定例,平成27年２月定例会（第６日）,議長（木原奉文君）,議長,議長,木原奉文,これは、森林・林業・木材産業施策の推進に関する意見書案、ヘイトスピーチの根絶に向けた対策を求める意見書案、ドクターヘリの安定的な事業継続に対する支援を求める意見書案であります。,null,null,null
97152,佐賀県,平成27年２月,6,27,3,6,定例,平成27年２月定例会（第６日）,議長（木原奉文君）,議長,議長,木原奉文,本意見書案に賛成の方の起立を求めます。,null,null,null
97153,佐賀県,平成27年２月,6,27,3,6,定例,平成27年２月定例会（第６日）,議長（木原奉文君）,議長,議長,木原奉文,〔賛成者起立〕,null,null,null
97154,佐賀県,平成27年２月,6,27,3,6,定例,平成27年２月定例会（第６日）,議長（木原奉文君）,議長,議長,木原奉文,全員起立と認めます。,null,null,null
97155,佐賀県,平成27年２月,6,27,3,6,定例,平成27年２月定例会（第６日）,議長（木原奉文君）,議長,議長,木原奉文,よって、意第一号意見書案から意第三号意見書案まで、以上三件の意見書案は、いずれも可決されました。,null,null,null
97156,佐賀県,平成27年２月,6,27,3,6,定例,平成27年２月定例会（第６日）,議長（木原奉文君）,議長,議長,木原奉文,次に、お諮りいたします。,null,null,null
97157,佐賀県,平成27年２月,6,27,3,6,定例,平成27年２月定例会（第６日）,議長（木原奉文君）,議長,議長,木原奉文,意第四号意見書案から意第六号意見書案まで、以上三件の意見書案につきましては、提出者の説明を省略いたしたいと思いますが、これに御異議ありませんか。,null,null,null
97158,佐賀県,平成27年２月,6,27,3,6,定例,平成27年２月定例会（第６日）,議長（木原奉文君）,議長,議長,木原奉文,〔「異議なし」と呼ぶ者あり〕,null,null,null
97159,佐賀県,平成27年２月,6,27,3,6,定例,平成27年２月定例会（第６日）,議長（木原奉文君）,議長,議長,木原奉文,御異議なしと認めます。,null,null,null
97160,佐賀県,平成27年２月,6,27,3,6,定例,平成27年２月定例会（第６日）,議長（木原奉文君）,議長,議長,木原奉文,よって、以上三件の意見書案につきましては、提出者の説明を省略することに決定いたしました。,null,null,null
97161,佐賀県,平成27年２月,6,27,3,6,定例,平成27年２月定例会（第６日）,議長（木原奉文君）,議長,議長,木原奉文,これより、意第四号意見書案から意第六号意見書案まで以上三件の意見書案について質疑に入りますが、質疑はありませんか。,null,null,null
97162,佐賀県,平成27年２月,6,27,3,6,定例,平成27年２月定例会（第６日）,議長（木原奉文君）,議長,議長,木原奉文,〔「なし」と呼ぶ者あり〕,null,null,null
97163,佐賀県,平成27年２月,6,27,3,6,定例,平成27年２月定例会（第６日）,議長（木原奉文君）,議長,議長,木原奉文,質疑なしと認めます。,null,null,null
97164,佐賀県,平成27年２月,6,27,3,6,定例,平成27年２月定例会（第６日）,議長（木原奉文君）,議長,議長,木原奉文,よって、質疑を終了いたします。,null,null,null
97165,佐賀県,平成27年２月,6,27,3,6,定例,平成27年２月定例会（第６日）,議長（木原奉文君）,議長,議長,木原奉文,お諮りいたします。,null,null,null
97166,佐賀県,平成27年２月,6,27,3,6,定例,平成27年２月定例会（第６日）,議長（木原奉文君）,議長,議長,木原奉文,意第四号意見書案から意第六号意見書案まで以上三件の意見書案につきましては、委員会付託を省略いたしたいと思いますが、これに御異議ありませんか。,null,null,null
97167,佐賀県,平成27年２月,6,27,3,6,定例,平成27年２月定例会（第６日）,議長（木原奉文君）,議長,議長,木原奉文,〔「異議なし」と呼ぶ者あり〕,null,null,null
97168,佐賀県,平成27年２月,6,27,3,6,定例,平成27年２月定例会（第６日）,議長（木原奉文君）,議長,議長,木原奉文,御異議なしと認めます。,null,null,null
97169,佐賀県,平成27年２月,6,27,3,6,定例,平成27年２月定例会（第６日）,議長（木原奉文君）,議長,議長,木原奉文,よって、以上三件の意見書案につきましては、委員会付託を省略することに決定いたしました。,null,null,null
97170,佐賀県,平成27年２月,6,27,3,6,定例,平成27年２月定例会（第６日）,議長（木原奉文君）,議長,議長,木原奉文,○　討　　　　　論,null,null,null
97171,佐賀県,平成27年２月,6,27,3,6,定例,平成27年２月定例会（第６日）,議長（木原奉文君）,議長,議長,木原奉文,これより意第四号意見書案及び第五号意見書案につきまして討論に入ります。,null,null,null
97172,佐賀県,平成27年２月,6,27,3,6,定例,平成27年２月定例会（第６日）,議長（木原奉文君）,議長,議長,木原奉文,討論の通告があっておりますので、順次発言を許可いたします。,null,null,null
97173,佐賀県,平成27年２月,6,27,3,6,定例,平成27年２月定例会（第６日）,江口善紀君,4100040000006,（議員）,江口善紀,県民ネットワークの江口善紀です。,null,null,null
97174,佐賀県,平成27年２月,6,27,3,6,定例,平成27年２月定例会（第６日）,江口善紀君,4100040000006,（議員）,江口善紀,私は、意第五号「雇用の安定を求める意見書（案）」に賛成する立場で討論を行います。,null,null,null
97175,佐賀県,平成27年２月,6,27,3,6,定例,平成27年２月定例会（第６日）,江口善紀君,4100040000006,（議員）,江口善紀,働くことは生活の糧を得るだけでなく、生きがいであり、自己実現を図るための重要な手段であります。,null,null,null
97176,佐賀県,平成27年２月,6,27,3,6,定例,平成27年２月定例会（第６日）,江口善紀君,4100040000006,（議員）,江口善紀,また、働くことは国民の権利であり、雇用を安定させることは国の重大な責務であります。,null,null,null
97177,佐賀県,平成27年２月,6,27,3,6,定例,平成27年２月定例会（第６日）,江口善紀君,4100040000006,（議員）,江口善紀,しかしながら、今政府は成長戦略の名のもとに労働規制の緩和策を検討しており、かえって国民の雇用を不安定化させるような方向に向かっているように見えてなりません。,null,null,null
97178,佐賀県,平成27年２月,6,27,3,6,定例,平成27年２月定例会（第６日）,江口善紀君,4100040000006,（議員）,江口善紀,生涯派遣で低賃金を生み出す労働者派遣法改正や、幾ら働かせても残業代を払わなくてよいとするホワイトカラーエグゼンプションの創設、お金さえ払えば首切り自由の解雇の金銭解決制度など、労働者の権利と安定を守るためのルールがますます弱められる方向に進んでいるように見えます。,null,null,null
97179,佐賀県,平成27年２月,6,27,3,6,定例,平成27年２月定例会（第６日）,江口善紀君,4100040000006,（議員）,江口善紀,本来、政府がなすべきは、すべての働く者が安心して働くことができる条件を整え、疲弊した国民生活の底上げを図ることだと思います。,null,null,null
97180,佐賀県,平成27年２月,6,27,3,6,定例,平成27年２月定例会（第６日）,江口善紀君,4100040000006,（議員）,江口善紀,地域の雇用をふやし、若者の県外流出に歯止めをかけること、女性や高齢者の活躍の場をふやし、社会の活力を維持すること、そして、安心して長く働くことができる正規雇用の割合を高め、格差社会を是正していくことが必要です。,null,null,null
97181,佐賀県,平成27年２月,6,27,3,6,定例,平成27年２月定例会（第６日）,江口善紀君,4100040000006,（議員）,江口善紀,そのためにも、政府に対して雇用の安定を図るための施策を推進するよう、強く求める必要があると思います。,null,null,null
97182,佐賀県,平成27年２月,6,27,3,6,定例,平成27年２月定例会（第６日）,江口善紀君,4100040000006,（議員）,江口善紀,以上の趣旨を踏まえ、議員の皆さんがこの意見書案に賛成されますことを訴えまして、私の賛成討論といたします。,null,null,null
97183,佐賀県,平成27年２月,6,27,3,6,定例,平成27年２月定例会（第６日）,江口善紀君,4100040000006,（議員）,江口善紀,（拍手）,null,null,null
97184,佐賀県,平成27年２月,6,27,3,6,定例,平成27年２月定例会（第６日）,武藤明美君,4100040000005,（議員）,武藤明美,日本共産党の武藤明美でございます。,null,null,null
97185,佐賀県,平成27年２月,6,27,3,6,定例,平成27年２月定例会（第６日）,武藤明美君,4100040000005,（議員）,武藤明美,私は、意第四号意見書案「政党助成金の廃止を求める意見書（案）」に賛成の立場から討論を行います。,null,null,null
97186,佐賀県,平成27年２月,6,27,3,6,定例,平成27年２月定例会（第６日）,武藤明美君,4100040000005,（議員）,武藤明美,政党助成制度は、一九九五年、政治改革の名のもとに導入、施行されました。,null,null,null
97187,佐賀県,平成27年２月,6,27,3,6,定例,平成27年２月定例会（第６日）,武藤明美君,4100040000005,（議員）,武藤明美,国民一人当たり二百五十円の負担となりました。,null,null,null
97188,佐賀県,平成27年２月,6,27,3,6,定例,平成27年２月定例会（第６日）,武藤明美君,4100040000005,（議員）,武藤明美,毎年約三百二十億円もの税金が各政党に配分される仕組みです。,null,null,null
97189,佐賀県,平成27年２月,6,27,3,6,定例,平成27年２月定例会（第６日）,武藤明美君,4100040000005,（議員）,武藤明美,この二十年間、日本共産党以外の各政党に支給された政党助成金の総額は、約六千三百十一億円にのぼります。,null,null,null
97190,佐賀県,平成27年２月,6,27,3,6,定例,平成27年２月定例会（第６日）,武藤明美君,4100040000005,（議員）,武藤明美,そもそも、国民はみずからの思想、政治信条に従い、支持政党に寄付する自由と権利を持っており、政治資金の拠出は国民の政治参加の権利そのものです。,null,null,null
97191,佐賀県,平成27年２月,6,27,3,6,定例,平成27年２月定例会（第６日）,武藤明美君,4100040000005,（議員）,武藤明美,ところが、税金を政党に配分する政党助成の仕組みによって、国民はみずから支持しない政党に対しても強制的に寄付をさせられることになります。,null,null,null
97192,佐賀県,平成27年２月,6,27,3,6,定例,平成27年２月定例会（第６日）,武藤明美君,4100040000005,（議員）,武藤明美,このような制度は、思想信条の自由や、政党支持の自由を侵す憲法違反の制度ではないでしょうか。,null,null,null
97193,佐賀県,平成27年２月,6,27,3,6,定例,平成27年２月定例会（第６日）,武藤明美君,4100040000005,（議員）,武藤明美,日本共産党は、この制度の創設に反対するとともに、一貫して政党助成金の受け取りを拒否してまいりました。,null,null,null
97194,佐賀県,平成27年２月,6,27,3,6,定例,平成27年２月定例会（第６日）,武藤明美君,4100040000005,（議員）,武藤明美,今特に、この政党助成制度が極めて深刻な形で、政党の堕落を招く事態になっているのではないでしょうか。,null,null,null
97195,佐賀県,平成27年２月,6,27,3,6,定例,平成27年２月定例会（第６日）,武藤明美君,4100040000005,（議員）,武藤明美,政治家の金銭感覚を麻痺させ、政治的腐敗と言えるようなことも起きています。,null,null,null
97196,佐賀県,平成27年２月,6,27,3,6,定例,平成27年２月定例会（第６日）,武藤明美君,4100040000005,（議員）,武藤明美,この制度の導入の際には、税金に過度に依存しないこととの議論もありましたが、現在は政党の本部収入に占める割合が六割のところ、七割のところ、八割のところもあります。,null,null,null
97197,佐賀県,平成27年２月,6,27,3,6,定例,平成27年２月定例会（第６日）,武藤明美君,4100040000005,（議員）,武藤明美,五人以上の国会議員を集めれば、政党助成金をもらえることから、新党の設立と解散が繰り返されてきました。,null,null,null
97198,佐賀県,平成27年２月,6,27,3,6,定例,平成27年２月定例会（第６日）,武藤明美君,4100040000005,（議員）,武藤明美,政党が国民、有権者から浄財を集める努力をしないで、税金頼みになっていることから、お金への感覚が麻痺してしまうのではないでしょうか。,null,null,null
97199,佐賀県,平成27年２月,6,27,3,6,定例,平成27年２月定例会（第６日）,武藤明美君,4100040000005,（議員）,武藤明美,この制度は、もともと金権政治一掃を求める国民の声を受け、企業団体献金を禁止するからという口実で導入されたものです。,null,null,null
97200,佐賀県,平成27年２月,6,27,3,6,定例,平成27年２月定例会（第６日）,武藤明美君,4100040000005,（議員）,武藤明美,しかし、実際には、企業団体献金は温存され、政党助成金との二重取りが続けられ、政治と金の問題も常に起こっています。,null,null,null
97201,佐賀県,平成27年２月,6,27,3,6,定例,平成27年２月定例会（第６日）,武藤明美君,4100040000005,（議員）,武藤明美,お金の力で政治がゆがめられている姿を、私たち国民は目の当たりにしています。,null,null,null
97202,佐賀県,平成27年２月,6,27,3,6,定例,平成27年２月定例会（第６日）,武藤明美君,4100040000005,（議員）,武藤明美,消費税増税論議の中で、増税するなら、国会も身を切れとして、議員定数削減が声高に叫ばれました。,null,null,null
97203,佐賀県,平成27年２月,6,27,3,6,定例,平成27年２月定例会（第６日）,武藤明美君,4100040000005,（議員）,武藤明美,定数削減は身を切るのではなく、民意を切るものにしかなりません。,null,null,null
97204,佐賀県,平成27年２月,6,27,3,6,定例,平成27年２月定例会（第６日）,武藤明美君,4100040000005,（議員）,武藤明美,国会議員一人当たりの国費は約一億円と言われていますが、仮に八十人の削減をしてもその効果は八十億円でしかありませんが、政党助成金を廃止すれば、年間三百二十億円削減できます。,null,null,null
97205,佐賀県,平成27年２月,6,27,3,6,定例,平成27年２月定例会（第６日）,武藤明美君,4100040000005,（議員）,武藤明美,政党助成金の制度こそ、身を切る改革の第一に挙げるべきではありませんか。,null,null,null
97206,佐賀県,平成27年２月,6,27,3,6,定例,平成27年２月定例会（第６日）,武藤明美君,4100040000005,（議員）,武藤明美,国民の納めた税金は、もっと国民生活へ有効に使われるべきです。,null,null,null
97207,佐賀県,平成27年２月,6,27,3,6,定例,平成27年２月定例会（第６日）,武藤明美君,4100040000005,（議員）,武藤明美,以上をもって、意第四号意見書案「政党助成金の廃止を求める意見書（案）」の賛成討論といたします。,null,null,null
97208,佐賀県,平成27年２月,6,27,3,6,定例,平成27年２月定例会（第６日）,武藤明美君,4100040000005,（議員）,武藤明美,議員の皆様方の賛同を心からお訴えいたします。,null,null,null
97209,佐賀県,平成27年２月,6,27,3,6,定例,平成27年２月定例会（第６日）,議長（木原奉文君）,議長,議長,木原奉文,以上をもちまして、討論を終了し採決に入ります。,null,null,null
97210,佐賀県,平成27年２月,6,27,3,6,定例,平成27年２月定例会（第６日）,議長（木原奉文君）,議長,議長,木原奉文,○　採　　　　　決,null,null,null
97211,佐賀県,平成27年２月,6,27,3,6,定例,平成27年２月定例会（第６日）,議長（木原奉文君）,議長,議長,木原奉文,まず、意第四号意見書案を採決します。,null,null,null
97212,佐賀県,平成27年２月,6,27,3,6,定例,平成27年２月定例会（第６日）,議長（木原奉文君）,議長,議長,木原奉文,これは、政党助成金の廃止を求める意見書案であります。,null,null,null
97213,佐賀県,平成27年２月,6,27,3,6,定例,平成27年２月定例会（第６日）,議長（木原奉文君）,議長,議長,木原奉文,本意見書案に賛成の方の起立を求めます。,null,null,null
97214,佐賀県,平成27年２月,6,27,3,6,定例,平成27年２月定例会（第６日）,議長（木原奉文君）,議長,議長,木原奉文,〔賛成者起立〕,null,null,null
97215,佐賀県,平成27年２月,6,27,3,6,定例,平成27年２月定例会（第６日）,議長（木原奉文君）,議長,議長,木原奉文,起立者少数と認めます。,null,null,null
97216,佐賀県,平成27年２月,6,27,3,6,定例,平成27年２月定例会（第６日）,議長（木原奉文君）,議長,議長,木原奉文,よって、意第四号意見書案は否決されました。,null,null,null
97217,佐賀県,平成27年２月,6,27,3,6,定例,平成27年２月定例会（第６日）,議長（木原奉文君）,議長,議長,木原奉文,次に、意第五号意見書案を採決します。,null,null,null
97218,佐賀県,平成27年２月,6,27,3,6,定例,平成27年２月定例会（第６日）,議長（木原奉文君）,議長,議長,木原奉文,これは、雇用の安定を求める意見書案であります。,null,null,null
97219,佐賀県,平成27年２月,6,27,3,6,定例,平成27年２月定例会（第６日）,議長（木原奉文君）,議長,議長,木原奉文,本意見書案に賛成の方の起立を求めます。,null,null,null
97220,佐賀県,平成27年２月,6,27,3,6,定例,平成27年２月定例会（第６日）,議長（木原奉文君）,議長,議長,木原奉文,〔賛成者起立〕,null,null,null
97221,佐賀県,平成27年２月,6,27,3,6,定例,平成27年２月定例会（第６日）,議長（木原奉文君）,議長,議長,木原奉文,起立者少数と認めます。,null,null,null
97222,佐賀県,平成27年２月,6,27,3,6,定例,平成27年２月定例会（第６日）,議長（木原奉文君）,議長,議長,木原奉文,よって、意第五号意見書案は否決されました。,null,null,null
97223,佐賀県,平成27年２月,6,27,3,6,定例,平成27年２月定例会（第６日）,議長（木原奉文君）,議長,議長,木原奉文,次に、意第六号意見書案について討論に入りますが、討論の通告はあっておりませんので、討論なしと認めます。,null,null,null
97224,佐賀県,平成27年２月,6,27,3,6,定例,平成27年２月定例会（第６日）,議長（木原奉文君）,議長,議長,木原奉文,よって、討論を終了し、直ちに採決に入ります。,null,null,null
97225,佐賀県,平成27年２月,6,27,3,6,定例,平成27年２月定例会（第６日）,議長（木原奉文君）,議長,議長,木原奉文,意第六号意見書案を採決します。,null,null,null
97226,佐賀県,平成27年２月,6,27,3,6,定例,平成27年２月定例会（第６日）,議長（木原奉文君）,議長,議長,木原奉文,これは、社会保障の連続削減を中止し、充実を求める意見書案であります。,null,null,null
97227,佐賀県,平成27年２月,6,27,3,6,定例,平成27年２月定例会（第６日）,議長（木原奉文君）,議長,議長,木原奉文,本意見書案に賛成の方の起立を求めます。,null,null,null
97228,佐賀県,平成27年２月,6,27,3,6,定例,平成27年２月定例会（第６日）,議長（木原奉文君）,議長,議長,木原奉文,〔賛成者起立〕,null,null,null
97229,佐賀県,平成27年２月,6,27,3,6,定例,平成27年２月定例会（第６日）,議長（木原奉文君）,議長,議長,木原奉文,起立者少数と認めます。,null,null,null
97230,佐賀県,平成27年２月,6,27,3,6,定例,平成27年２月定例会（第６日）,議長（木原奉文君）,議長,議長,木原奉文,よって、意第六号意見書案は否決されました。,null,null,null
97231,佐賀県,平成27年２月,6,27,3,6,定例,平成27年２月定例会（第６日）,議長（木原奉文君）,議長,議長,木原奉文,○　決　議　案　提　出,null,null,null
97232,佐賀県,平成27年２月,6,27,3,6,定例,平成27年２月定例会（第６日）,議長（木原奉文君）,議長,議長,木原奉文,ただいま、議長の手元に決議案が一件提出されました。,null,null,null
97233,佐賀県,平成27年２月,6,27,3,6,定例,平成27年２月定例会（第６日）,議長（木原奉文君）,議長,議長,木原奉文,これは、皆様のお手元に配付いたしておりますとおりのものであります。,null,null,null
97234,佐賀県,平成27年２月,6,27,3,6,定例,平成27年２月定例会（第６日）,議長（木原奉文君）,議長,議長,木原奉文,━━━━━━━━━━━━━━━━━━━━━━━━━━━━━━━━━━━━━━,null,null,null
97235,佐賀県,平成27年２月,6,27,3,6,定例,平成27年２月定例会（第６日）,議長（木原奉文君）,議長,議長,木原奉文,○　決　議　案　上　程,null,null,null
97236,佐賀県,平成27年２月,6,27,3,6,定例,平成27年２月定例会（第６日）,議長（木原奉文君）,議長,議長,木原奉文,お諮りいたします。,null,null,null
97237,佐賀県,平成27年２月,6,27,3,6,定例,平成27年２月定例会（第６日）,議長（木原奉文君）,議長,議長,木原奉文,決第一号決議案を本日の日程に追加して議題といたしたいと思いますが、これに御異議ありませんか。,null,null,null
97238,佐賀県,平成27年２月,6,27,3,6,定例,平成27年２月定例会（第６日）,議長（木原奉文君）,議長,議長,木原奉文,〔「異議なし」と呼ぶ者あり〕,null,null,null
97239,佐賀県,平成27年２月,6,27,3,6,定例,平成27年２月定例会（第６日）,議長（木原奉文君）,議長,議長,木原奉文,御異議なしと認めます。,null,null,null
97240,佐賀県,平成27年２月,6,27,3,6,定例,平成27年２月定例会（第６日）,議長（木原奉文君）,議長,議長,木原奉文,よって、決第一号決議案を本日の日程に追加して議題といたします。,null,null,null
97241,佐賀県,平成27年２月,6,27,3,6,定例,平成27年２月定例会（第６日）,議長（木原奉文君）,議長,議長,木原奉文,お諮りいたします。,null,null,null
97242,佐賀県,平成27年２月,6,27,3,6,定例,平成27年２月定例会（第６日）,議長（木原奉文君）,議長,議長,木原奉文,決議第一号決議案につきましては、議員全員の提出によるもので、内容も判明いたしておりますので、提出者の説明及び委員会付託を省略いたしたいと思いますが、これに御異議ありませんか。,null,null,null
97243,佐賀県,平成27年２月,6,27,3,6,定例,平成27年２月定例会（第６日）,議長（木原奉文君）,議長,議長,木原奉文,〔「異議なし」と呼ぶ者あり〕,null,null,null
97244,佐賀県,平成27年２月,6,27,3,6,定例,平成27年２月定例会（第６日）,議長（木原奉文君）,議長,議長,木原奉文,御異議なしと認めます。,null,null,null
97245,佐賀県,平成27年２月,6,27,3,6,定例,平成27年２月定例会（第６日）,議長（木原奉文君）,議長,議長,木原奉文,よって、そのように決定いたしました。,null,null,null
97246,佐賀県,平成27年２月,6,27,3,6,定例,平成27年２月定例会（第６日）,議長（木原奉文君）,議長,議長,木原奉文,これより、決第一号決議案について討論に入りますが、討論の通告はあっておりませんので、討論なしと認めます。,null,null,null
97247,佐賀県,平成27年２月,6,27,3,6,定例,平成27年２月定例会（第６日）,議長（木原奉文君）,議長,議長,木原奉文,よって、討論を終了し、直ちに採決に入ります。,null,null,null
97248,佐賀県,平成27年２月,6,27,3,6,定例,平成27年２月定例会（第６日）,議長（木原奉文君）,議長,議長,木原奉文,○　採　　　　　決,null,null,null
97249,佐賀県,平成27年２月,6,27,3,6,定例,平成27年２月定例会（第６日）,議長（木原奉文君）,議長,議長,木原奉文,決第一号決議案を採決します。,null,null,null
97250,佐賀県,平成27年２月,6,27,3,6,定例,平成27年２月定例会（第６日）,議長（木原奉文君）,議長,議長,木原奉文,これは、佐賀県の原子力行政に関する決議案であります。,null,null,null
97251,佐賀県,平成27年２月,6,27,3,6,定例,平成27年２月定例会（第６日）,議長（木原奉文君）,議長,議長,木原奉文,本決議案に賛成の方の起立を求めます。,null,null,null
97252,佐賀県,平成27年２月,6,27,3,6,定例,平成27年２月定例会（第６日）,議長（木原奉文君）,議長,議長,木原奉文,〔賛成者起立〕,null,null,null
97253,佐賀県,平成27年２月,6,27,3,6,定例,平成27年２月定例会（第６日）,議長（木原奉文君）,議長,議長,木原奉文,全員起立と認めます。,null,null,null
97254,佐賀県,平成27年２月,6,27,3,6,定例,平成27年２月定例会（第６日）,議長（木原奉文君）,議長,議長,木原奉文,よって、決第一号決議案は可決されました。,null,null,null
97255,佐賀県,平成27年２月,6,27,3,6,定例,平成27年２月定例会（第６日）,議長（木原奉文君）,議長,議長,木原奉文,○　継　続　審　査,null,null,null
97256,佐賀県,平成27年２月,6,27,3,6,定例,平成27年２月定例会（第６日）,議長（木原奉文君）,議長,議長,木原奉文,次に、会議規則第七十条の規定により、お手元に配付いたしております申出書のとおり、各委員長から議長宛て、それぞれ閉会中の継続審査申し出がありました。,null,null,null
97257,佐賀県,平成27年２月,6,27,3,6,定例,平成27年２月定例会（第６日）,議長（木原奉文君）,議長,議長,木原奉文,━━━━━━━━━━━━━━━━━━━━━━━━━━━━━━━━━━━━━━,null,null,null
97258,佐賀県,平成27年２月,6,27,3,6,定例,平成27年２月定例会（第６日）,議長（木原奉文君）,議長,議長,木原奉文,閉　会　中　継　続　審　査　申　出　書,null,null,null
97259,佐賀県,平成27年２月,6,27,3,6,定例,平成27年２月定例会（第６日）,議長（木原奉文君）,議長,議長,木原奉文,本委員会は、審査中の事件について左記により閉会中もなお継続審査を要するものと決定したから会議規則第七十条の規定により申し出ます。,null,null,null
97260,佐賀県,平成27年２月,6,27,3,6,定例,平成27年２月定例会（第６日）,議長（木原奉文君）,議長,議長,木原奉文,記,null,null,null
97261,佐賀県,平成27年２月,6,27,3,6,定例,平成27年２月定例会（第６日）,議長（木原奉文君）,議長,議長,木原奉文,一、事件　一、財政確立について,null,null,null
97262,佐賀県,平成27年２月,6,27,3,6,定例,平成27年２月定例会（第６日）,議長（木原奉文君）,議長,議長,木原奉文,一、政策の統括及び調整について,null,null,null
97263,佐賀県,平成27年２月,6,27,3,6,定例,平成27年２月定例会（第６日）,議長（木原奉文君）,議長,議長,木原奉文,一、経営支援一般事項について,null,null,null
97264,佐賀県,平成27年２月,6,27,3,6,定例,平成27年２月定例会（第６日）,議長（木原奉文君）,議長,議長,木原奉文,一、警察行政について,null,null,null
97265,佐賀県,平成27年２月,6,27,3,6,定例,平成27年２月定例会（第６日）,議長（木原奉文君）,議長,議長,木原奉文,二、理由　内容及びその重大性よりしてなお審査検討を要するため,null,null,null
97266,佐賀県,平成27年２月,6,27,3,6,定例,平成27年２月定例会（第６日）,議長（木原奉文君）,議長,議長,木原奉文,平成二十七年三月二日,null,null,null
97267,佐賀県,平成27年２月,6,27,3,6,定例,平成27年２月定例会（第６日）,議長（木原奉文君）,議長,議長,木原奉文,総務常任委員長　　大　場　芳　博　印,null,null,null
97268,佐賀県,平成27年２月,6,27,3,6,定例,平成27年２月定例会（第６日）,議長（木原奉文君）,議長,議長,木原奉文,佐賀県議会議長　　木　原　奉　文　様,null,null,null
97269,佐賀県,平成27年２月,6,27,3,6,定例,平成27年２月定例会（第６日）,議長（木原奉文君）,議長,議長,木原奉文,━━━━━━━━━━━━━━━━━━━━━━━━━━━━━━━━━━━━━━,null,null,null
97270,佐賀県,平成27年２月,6,27,3,6,定例,平成27年２月定例会（第６日）,議長（木原奉文君）,議長,議長,木原奉文,閉　会　中　継　続　審　査　申　出　書,null,null,null
97271,佐賀県,平成27年２月,6,27,3,6,定例,平成27年２月定例会（第６日）,議長（木原奉文君）,議長,議長,木原奉文,本委員会は、審査中の事件について左記により閉会中もなお継続審査を要するものと決定したから会議規則第七十条の規定により申し出ます。,null,null,null
97272,佐賀県,平成27年２月,6,27,3,6,定例,平成27年２月定例会（第６日）,議長（木原奉文君）,議長,議長,木原奉文,記,null,null,null
97273,佐賀県,平成27年２月,6,27,3,6,定例,平成27年２月定例会（第６日）,議長（木原奉文君）,議長,議長,木原奉文,一、事件　一、くらし環境行政について,null,null,null
97274,佐賀県,平成27年２月,6,27,3,6,定例,平成27年２月定例会（第６日）,議長（木原奉文君）,議長,議長,木原奉文,一、健康福祉行政について,null,null,null
97275,佐賀県,平成27年２月,6,27,3,6,定例,平成27年２月定例会（第６日）,議長（木原奉文君）,議長,議長,木原奉文,一、教育の振興について,null,null,null
97276,佐賀県,平成27年２月,6,27,3,6,定例,平成27年２月定例会（第６日）,議長（木原奉文君）,議長,議長,木原奉文,二、理由　内容及びその重大性よりしてなお審査検討を要するため,null,null,null
97277,佐賀県,平成27年２月,6,27,3,6,定例,平成27年２月定例会（第６日）,議長（木原奉文君）,議長,議長,木原奉文,平成二十七年三月二日,null,null,null
97278,佐賀県,平成27年２月,6,27,3,6,定例,平成27年２月定例会（第６日）,議長（木原奉文君）,議長,議長,木原奉文,文教厚生常任委員長　　向　門　慶　人　印,null,null,null
97279,佐賀県,平成27年２月,6,27,3,6,定例,平成27年２月定例会（第６日）,議長（木原奉文君）,議長,議長,木原奉文,佐賀県議会議長　　木　原　奉　文　様,null,null,null
97280,佐賀県,平成27年２月,6,27,3,6,定例,平成27年２月定例会（第６日）,議長（木原奉文君）,議長,議長,木原奉文,━━━━━━━━━━━━━━━━━━━━━━━━━━━━━━━━━━━━━━,null,null,null
97281,佐賀県,平成27年２月,6,27,3,6,定例,平成27年２月定例会（第６日）,議長（木原奉文君）,議長,議長,木原奉文,閉　会　中　継　続　審　査　申　出　書,null,null,null
97282,佐賀県,平成27年２月,6,27,3,6,定例,平成27年２月定例会（第６日）,議長（木原奉文君）,議長,議長,木原奉文,本委員会は、審査中の事件について左記により閉会中もなお継続審査を要するものと決定したから会議規則第七十条の規定により申し出ます。,null,null,null
97283,佐賀県,平成27年２月,6,27,3,6,定例,平成27年２月定例会（第６日）,議長（木原奉文君）,議長,議長,木原奉文,記,null,null,null
97284,佐賀県,平成27年２月,6,27,3,6,定例,平成27年２月定例会（第６日）,議長（木原奉文君）,議長,議長,木原奉文,一、事件　一、農林水産商工行政について,null,null,null
97285,佐賀県,平成27年２月,6,27,3,6,定例,平成27年２月定例会（第６日）,議長（木原奉文君）,議長,議長,木原奉文,一、生産振興行政について,null,null,null
97286,佐賀県,平成27年２月,6,27,3,6,定例,平成27年２月定例会（第６日）,議長（木原奉文君）,議長,議長,木原奉文,二、理由　内容及びその重大性よりしてなお審査検討を要するため,null,null,null
97287,佐賀県,平成27年２月,6,27,3,6,定例,平成27年２月定例会（第６日）,議長（木原奉文君）,議長,議長,木原奉文,平成二十七年三月二日,null,null,null
97288,佐賀県,平成27年２月,6,27,3,6,定例,平成27年２月定例会（第６日）,議長（木原奉文君）,議長,議長,木原奉文,産業常任委員長　　指　山　清　範　印,null,null,null
97289,佐賀県,平成27年２月,6,27,3,6,定例,平成27年２月定例会（第６日）,議長（木原奉文君）,議長,議長,木原奉文,佐賀県議会議長　　木　原　奉　文　様,null,null,null
97290,佐賀県,平成27年２月,6,27,3,6,定例,平成27年２月定例会（第６日）,議長（木原奉文君）,議長,議長,木原奉文,━━━━━━━━━━━━━━━━━━━━━━━━━━━━━━━━━━━━━━,null,null,null
97291,佐賀県,平成27年２月,6,27,3,6,定例,平成27年２月定例会（第６日）,議長（木原奉文君）,議長,議長,木原奉文,閉　会　中　継　続　審　査　申　出　書,null,null,null
97292,佐賀県,平成27年２月,6,27,3,6,定例,平成27年２月定例会（第６日）,議長（木原奉文君）,議長,議長,木原奉文,本委員会は、審査中の事件について左記により閉会中もなお継続審査を要するものと決定したから会議規則第七十条の規定により申し出ます。,null,null,null
97293,佐賀県,平成27年２月,6,27,3,6,定例,平成27年２月定例会（第６日）,議長（木原奉文君）,議長,議長,木原奉文,記,null,null,null
97294,佐賀県,平成27年２月,6,27,3,6,定例,平成27年２月定例会（第６日）,議長（木原奉文君）,議長,議長,木原奉文,一、事件　一、県土づくり行政について,null,null,null
97295,佐賀県,平成27年２月,6,27,3,6,定例,平成27年２月定例会（第６日）,議長（木原奉文君）,議長,議長,木原奉文,一、交通政策行政について,null,null,null
97296,佐賀県,平成27年２月,6,27,3,6,定例,平成27年２月定例会（第６日）,議長（木原奉文君）,議長,議長,木原奉文,一、災害対策について,null,null,null
97297,佐賀県,平成27年２月,6,27,3,6,定例,平成27年２月定例会（第６日）,議長（木原奉文君）,議長,議長,木原奉文,二、理由　内容及びその重大性よりしてなお審査検討を要するため,null,null,null
97298,佐賀県,平成27年２月,6,27,3,6,定例,平成27年２月定例会（第６日）,議長（木原奉文君）,議長,議長,木原奉文,平成二十七年三月二日,null,null,null
97299,佐賀県,平成27年２月,6,27,3,6,定例,平成27年２月定例会（第６日）,議長（木原奉文君）,議長,議長,木原奉文,県土整備常任委員長　　宮　原　真　一　印,null,null,null
97300,佐賀県,平成27年２月,6,27,3,6,定例,平成27年２月定例会（第６日）,議長（木原奉文君）,議長,議長,木原奉文,佐賀県議会議長　　木　原　奉　文　様,null,null,null
97301,佐賀県,平成27年２月,6,27,3,6,定例,平成27年２月定例会（第６日）,議長（木原奉文君）,議長,議長,木原奉文,━━━━━━━━━━━━━━━━━━━━━━━━━━━━━━━━━━━━━━,null,null,null
97302,佐賀県,平成27年２月,6,27,3,6,定例,平成27年２月定例会（第６日）,議長（木原奉文君）,議長,議長,木原奉文,閉　会　中　継　続　審　査　申　出　書,null,null,null
97303,佐賀県,平成27年２月,6,27,3,6,定例,平成27年２月定例会（第６日）,議長（木原奉文君）,議長,議長,木原奉文,本委員会は、審査中の事件について左記により閉会中もなお継続審査を要するものと決定したから会議規則第七十条の規定により申し出ます。,null,null,null
97304,佐賀県,平成27年２月,6,27,3,6,定例,平成27年２月定例会（第６日）,議長（木原奉文君）,議長,議長,木原奉文,記,null,null,null
97305,佐賀県,平成27年２月,6,27,3,6,定例,平成27年２月定例会（第６日）,議長（木原奉文君）,議長,議長,木原奉文,一、事件　一、議会の運営に関する件,null,null,null
97306,佐賀県,平成27年２月,6,27,3,6,定例,平成27年２月定例会（第６日）,議長（木原奉文君）,議長,議長,木原奉文,一、議会の会議規則、委員会に関する条例等に関する件,null,null,null
97307,佐賀県,平成27年２月,6,27,3,6,定例,平成27年２月定例会（第６日）,議長（木原奉文君）,議長,議長,木原奉文,一、議長の諮問に関する件,null,null,null
97308,佐賀県,平成27年２月,6,27,3,6,定例,平成27年２月定例会（第６日）,議長（木原奉文君）,議長,議長,木原奉文,二、理由　内容及びその重大性よりしてなお審査検討を要するため,null,null,null
97309,佐賀県,平成27年２月,6,27,3,6,定例,平成27年２月定例会（第６日）,議長（木原奉文君）,議長,議長,木原奉文,平成二十七年三月六日,null,null,null
97310,佐賀県,平成27年２月,6,27,3,6,定例,平成27年２月定例会（第６日）,議長（木原奉文君）,議長,議長,木原奉文,議会運営委員長　　石　倉　秀　郷　印,null,null,null
97311,佐賀県,平成27年２月,6,27,3,6,定例,平成27年２月定例会（第６日）,議長（木原奉文君）,議長,議長,木原奉文,佐賀県議会議長　　木　原　奉　文　様,null,null,null
97312,佐賀県,平成27年２月,6,27,3,6,定例,平成27年２月定例会（第６日）,議長（木原奉文君）,議長,議長,木原奉文,━━━━━━━━━━━━━━━━━━━━━━━━━━━━━━━━━━━━━━,null,null,null
97313,佐賀県,平成27年２月,6,27,3,6,定例,平成27年２月定例会（第６日）,議長（木原奉文君）,議長,議長,木原奉文,閉　会　中　継　続　審　査　申　出　書,null,null,null
97314,佐賀県,平成27年２月,6,27,3,6,定例,平成27年２月定例会（第６日）,議長（木原奉文君）,議長,議長,木原奉文,本委員会は、審査中の事件について左記により閉会中もなお継続審査を要するものと決定したから会議規則第七十条の規定により申し出ます。,null,null,null
97315,佐賀県,平成27年２月,6,27,3,6,定例,平成27年２月定例会（第６日）,議長（木原奉文君）,議長,議長,木原奉文,記,null,null,null
97316,佐賀県,平成27年２月,6,27,3,6,定例,平成27年２月定例会（第６日）,議長（木原奉文君）,議長,議長,木原奉文,一、事件　原子力安全・防災対策、エネルギー対策に関する諸問題の調,null,null,null
97317,佐賀県,平成27年２月,6,27,3,6,定例,平成27年２月定例会（第６日）,議長（木原奉文君）,議長,議長,木原奉文,査に関する件,null,null,null
97318,佐賀県,平成27年２月,6,27,3,6,定例,平成27年２月定例会（第６日）,議長（木原奉文君）,議長,議長,木原奉文,二、理由　内容及びその重大性よりしてなお審査検討を要するため,null,null,null
97319,佐賀県,平成27年２月,6,27,3,6,定例,平成27年２月定例会（第６日）,議長（木原奉文君）,議長,議長,木原奉文,平成二十七年三月四日,null,null,null
97320,佐賀県,平成27年２月,6,27,3,6,定例,平成27年２月定例会（第６日）,議長（木原奉文君）,議長,議長,木原奉文,原子力安全対策等特別委員長　　石　丸　　　博　印,null,null,null
97321,佐賀県,平成27年２月,6,27,3,6,定例,平成27年２月定例会（第６日）,議長（木原奉文君）,議長,議長,木原奉文,佐賀県議会議長　　木　原　奉　文　様,null,null,null
97322,佐賀県,平成27年２月,6,27,3,6,定例,平成27年２月定例会（第６日）,議長（木原奉文君）,議長,議長,木原奉文,━━━━━━━━━━━━━━━━━━━━━━━━━━━━━━━━━━━━━━,null,null,null
97323,佐賀県,平成27年２月,6,27,3,6,定例,平成27年２月定例会（第６日）,議長（木原奉文君）,議長,議長,木原奉文,お諮りいたします。,null,null,null
97324,佐賀県,平成27年２月,6,27,3,6,定例,平成27年２月定例会（第６日）,議長（木原奉文君）,議長,議長,木原奉文,各委員長からの申し出のとおり、閉会中の継続審査に付することに御異議ありませんか。,null,null,null
97325,佐賀県,平成27年２月,6,27,3,6,定例,平成27年２月定例会（第６日）,議長（木原奉文君）,議長,議長,木原奉文,〔「異議なし」と呼ぶ者あり〕,null,null,null
97326,佐賀県,平成27年２月,6,27,3,6,定例,平成27年２月定例会（第６日）,議長（木原奉文君）,議長,議長,木原奉文,御異議なしと認めます。,null,null,null
97327,佐賀県,平成27年２月,6,27,3,6,定例,平成27年２月定例会（第６日）,議長（木原奉文君）,議長,議長,木原奉文,よって、そのように決定いたしました。,null,null,null
97328,佐賀県,平成27年２月,6,27,3,6,定例,平成27年２月定例会（第６日）,議長（木原奉文君）,議長,議長,木原奉文,以上をもちまして、今期定例県議会の全日程を終了いたしました。,null,null,null
97329,佐賀県,平成27年２月,6,27,3,6,定例,平成27年２月定例会（第６日）,議長（木原奉文君）,議長,議長,木原奉文,ただいままでに議決されました各議案について、数字または字句等に誤りがありました場合は、会議規則第四十二条の規定によりまして、適宜議長の手元において訂正することに御承認を願っておきます。,null,null,null
97330,佐賀県,平成27年２月,6,27,3,6,定例,平成27年２月定例会（第６日）,議長（木原奉文君）,議長,議長,木原奉文,会期も本日で終了いたしますので、今期定例会の閉会に当たりまして一言御挨拶を申し上げます。,null,null,null
97331,佐賀県,平成27年２月,6,27,3,6,定例,平成27年２月定例会（第６日）,議長（木原奉文君）,議長,議長,木原奉文,議員の皆様方には、平成二十三年四月の御当選以来、今日まで議会活動に精励され、県勢の発展に多大な御尽力をいただきましたことに対しまして、心から感謝を申し上げます。,null,null,null
97332,佐賀県,平成27年２月,6,27,3,6,定例,平成27年２月定例会（第６日）,議長（木原奉文君）,議長,議長,木原奉文,さて、任期もあと二ヶ月ほどとなりました。,null,null,null
97333,佐賀県,平成27年２月,6,27,3,6,定例,平成27年２月定例会（第６日）,議長（木原奉文君）,議長,議長,木原奉文,来る四月の統一地方選挙に再び臨まれる議員の皆様には、全員が見事当選を果たされ、次期の議会におきましても、県政発展のため、さらなる御活躍をいただくよう心から御祈念を申し上げます。,null,null,null
97334,佐賀県,平成27年２月,6,27,3,6,定例,平成27年２月定例会（第６日）,議長（木原奉文君）,議長,議長,木原奉文,なお、今期限りで御勇退されます議員の皆様方には、長きにわたり県勢発展のため御尽力を賜り、その御苦労に対し、深甚なる敬意と感謝の意を表するとともに、今後とも健康に留意され、郷土の発展のため、変わらぬ御指導、御協力を賜りますよう、心からお願い申し上げます。,null,null,null
97335,佐賀県,平成27年２月,6,27,3,6,定例,平成27年２月定例会（第６日）,議長（木原奉文君）,議長,議長,木原奉文,山口知事におかれましては、就任早々に発生した鶏インフルエンザの対応などを初めとして、現場を重視され、県内各地を精力的に回り、県民と対話され、県政課題に真摯に向き合われております。,null,null,null
97336,佐賀県,平成27年２月,6,27,3,6,定例,平成27年２月定例会（第６日）,議長（木原奉文君）,議長,議長,木原奉文,また、執行部におかれては、九州国際重粒子線がん治療センターの開設、有明佐賀空港におけるＬＣＣ路線の新規就航や、羽田便の増便、一ヵ月後に開催されます「さが桜マラソン」のフルマラソン化など、数々の課題を解決され、あるいは達成されましたことに対しまして、心から御礼を申し上げます。,null,null,null
97337,佐賀県,平成27年２月,6,27,3,6,定例,平成27年２月定例会（第６日）,議長（木原奉文君）,議長,議長,木原奉文,一方、諫早湾干拓潮受け堤防排水門の開門問題、玄海原子力発電所の再稼動問題、有明佐賀空港の自衛隊使用要請など、今後解決すべき重要な問題も山積しております。,null,null,null
97338,佐賀県,平成27年２月,6,27,3,6,定例,平成27年２月定例会（第６日）,議長（木原奉文君）,議長,議長,木原奉文,どうか、山口知事を初め執行部の皆様方には、県政のさらなる発展のため、引き続き御尽力をいただきますようお願いを申し上げます。,null,null,null
97339,佐賀県,平成27年２月,6,27,3,6,定例,平成27年２月定例会（第６日）,議長（木原奉文君）,議長,議長,木原奉文,不肖私は、平成二十五年四月に議長に就任して以来、議会運営に当たって福島光洋前副議長、藤木卓一郎現副議長を初め、議員の皆様方並びに執行部の皆様方の御理解と御支援を賜り、今日まで議長の職を全うすることができましたことを、ここに衷心より厚く御礼を申し上げます。,null,null,null
97340,佐賀県,平成27年２月,6,27,3,6,定例,平成27年２月定例会（第６日）,議長（木原奉文君）,議長,議長,木原奉文,任期最後の県議会を終えるに当たり、皆様方のますますの御健勝と御多幸を心から御祈念を申し上げまして、御挨拶とさせていただきます。,null,null,null
97341,佐賀県,平成27年２月,6,27,3,6,定例,平成27年２月定例会（第６日）,議長（木原奉文君）,議長,議長,木原奉文,○　閉　　　　　会,null,null,null
97342,佐賀県,平成27年２月,6,27,3,6,定例,平成27年２月定例会（第６日）,議長（木原奉文君）,議長,議長,木原奉文,これをもちまして、平成二十七年二月定例県議会を閉会いたします。,null,null,null
97343,佐賀県,平成27年２月,6,27,3,6,定例,平成27年２月定例会（第６日）,議長（木原奉文君）,議長,議長,木原奉文,この後、事務局長のほうから発言がありますので、どうぞお待ちください。,null,null,null
97344,佐賀県,平成27年２月,6,27,3,6,定例,平成27年２月定例会（第６日）,中島議会事務局長,その他,,中島議会事務局長,この後、県議会議員として長年にわたり県勢の発展に寄与されました議員の方々に対し、知事から感謝状の贈呈がございますので、このまま御着席をお願いいたします。,null,null,null
97345,佐賀県,平成27年２月,6,27,3,6,定例,平成27年２月定例会（第６日）,中島議会事務局長,その他,,中島議会事務局長,午前十一時三十分　閉会,null,null,null
97346,佐賀県,平成27年２月,6,27,3,6,定例,平成27年２月定例会（第６日）,中島議会事務局長,その他,,中島議会事務局長,○　永年勤続議員に対する知事感謝状贈呈,null,null,null
97347,佐賀県,平成27年２月,6,27,3,6,定例,平成27年２月定例会（第６日）,大川内統括本部副本部長,その他,,大川内統括本部副本部長,ただいまから佐賀県議会議員として在職十五年以上にわたり、県勢の進展に寄与された方々に対し、知事感謝状の贈呈を行います。,null,null,null
97348,佐賀県,平成27年２月,6,27,3,6,定例,平成27年２月定例会（第６日）,大川内統括本部副本部長,その他,,大川内統括本部副本部長,お名前を読み上げますので、前へお進みください。,null,null,null
97349,佐賀県,平成27年２月,6,27,3,6,定例,平成27年２月定例会（第６日）,大川内統括本部副本部長,その他,,大川内統括本部副本部長,まず、二十年以上にわたり在職された方々。,null,null,null
97350,佐賀県,平成27年２月,6,27,3,6,定例,平成27年２月定例会（第６日）,大川内統括本部副本部長,その他,,大川内統括本部副本部長,石丸博殿。,null,null,null
97351,佐賀県,平成27年２月,6,27,3,6,定例,平成27年２月定例会（第６日）,大川内統括本部副本部長,その他,,大川内統括本部副本部長,━━━━━━━━━━━━━━━━━━━━━━━━━━━━━━━━━━━━━━,null,null,null
97352,佐賀県,平成27年２月,6,27,3,6,定例,平成27年２月定例会（第６日）,大川内統括本部副本部長,その他,,大川内統括本部副本部長,━━━━━━━━━━━━━━━━━━━━━━━━━━━━━━━━━━━━━━,null,null,null
97353,佐賀県,平成27年２月,6,27,3,6,定例,平成27年２月定例会（第６日）,大川内統括本部副本部長,その他,,大川内統括本部副本部長,感　謝　状,null,null,null
97354,佐賀県,平成27年２月,6,27,3,6,定例,平成27年２月定例会（第６日）,大川内統括本部副本部長,その他,,大川内統括本部副本部長,佐賀県議会議員　　石　丸　　　博　殿,null,null,null
97355,佐賀県,平成27年２月,6,27,3,6,定例,平成27年２月定例会（第６日）,大川内統括本部副本部長,その他,,大川内統括本部副本部長,あなたは佐賀県議会議員として在職二十年にわたり県勢の進展に寄与されその功績は誠に大なるものがあります,null,null,null
97356,佐賀県,平成27年２月,6,27,3,6,定例,平成27年２月定例会（第６日）,大川内統括本部副本部長,その他,,大川内統括本部副本部長,よってここに深く感謝の意を表します,null,null,null
97357,佐賀県,平成27年２月,6,27,3,6,定例,平成27年２月定例会（第６日）,大川内統括本部副本部長,その他,,大川内統括本部副本部長,平成二十七年三月六日,null,null,null
97358,佐賀県,平成27年２月,6,27,3,6,定例,平成27年２月定例会（第６日）,大川内統括本部副本部長,その他,,大川内統括本部副本部長,佐賀県知事　　　　山　口　祥　義,null,null,null
97359,佐賀県,平成27年２月,6,27,3,6,定例,平成27年２月定例会（第６日）,大川内統括本部副本部長,その他,,大川内統括本部副本部長,おめでとうございました。,null,null,null
97360,佐賀県,平成27年２月,6,27,3,6,定例,平成27年２月定例会（第６日）,大川内統括本部副本部長,その他,,大川内統括本部副本部長,〔山口知事　石丸博君に感謝状並びに記念品贈呈〕（拍手）,null,null,null
97361,佐賀県,平成27年２月,6,27,3,6,定例,平成27年２月定例会（第６日）,大川内統括本部副本部長,その他,,大川内統括本部副本部長,━━━━━━━━━━━━━━━━━━━━━━━━━━━━━━━━━━━━━━,null,null,null
97362,佐賀県,平成27年２月,6,27,3,6,定例,平成27年２月定例会（第６日）,大川内統括本部副本部長,その他,,大川内統括本部副本部長,石井秀夫殿。,null,null,null
97363,佐賀県,平成27年２月,6,27,3,6,定例,平成27年２月定例会（第６日）,大川内統括本部副本部長,その他,,大川内統括本部副本部長,石井秀夫殿。,null,null,null
97364,佐賀県,平成27年２月,6,27,3,6,定例,平成27年２月定例会（第６日）,大川内統括本部副本部長,その他,,大川内統括本部副本部長,感　謝　状,null,null,null
97365,佐賀県,平成27年２月,6,27,3,6,定例,平成27年２月定例会（第６日）,大川内統括本部副本部長,その他,,大川内統括本部副本部長,佐賀県議会議員　　石　井　秀　夫　殿,null,null,null
97366,佐賀県,平成27年２月,6,27,3,6,定例,平成27年２月定例会（第６日）,大川内統括本部副本部長,その他,,大川内統括本部副本部長,あなたは佐賀県議会議員として在職二十年にわたり県勢の進展に寄与されその功績は誠に大なるものがあります,null,null,null
97367,佐賀県,平成27年２月,6,27,3,6,定例,平成27年２月定例会（第６日）,大川内統括本部副本部長,その他,,大川内統括本部副本部長,よってここに深く感謝の意を表します,null,null,null
97368,佐賀県,平成27年２月,6,27,3,6,定例,平成27年２月定例会（第６日）,大川内統括本部副本部長,その他,,大川内統括本部副本部長,平成二十七年三月六日,null,null,null
97369,佐賀県,平成27年２月,6,27,3,6,定例,平成27年２月定例会（第６日）,大川内統括本部副本部長,その他,,大川内統括本部副本部長,佐賀県知事　　　　山　口　祥　義,null,null,null
97370,佐賀県,平成27年２月,6,27,3,6,定例,平成27年２月定例会（第６日）,大川内統括本部副本部長,その他,,大川内統括本部副本部長,おめでとうございます。,null,null,null
97371,佐賀県,平成27年２月,6,27,3,6,定例,平成27年２月定例会（第６日）,大川内統括本部副本部長,その他,,大川内統括本部副本部長,〔山口知事　石井秀夫君に感謝状並びに記念品贈呈〕（拍手）,null,null,null
97372,佐賀県,平成27年２月,6,27,3,6,定例,平成27年２月定例会（第６日）,大川内統括本部副本部長,その他,,大川内統括本部副本部長,━━━━━━━━━━━━━━━━━━━━━━━━━━━━━━━━━━━━━━,null,null,null
97373,佐賀県,平成27年２月,6,27,3,6,定例,平成27年２月定例会（第６日）,大川内統括本部副本部長,その他,,大川内統括本部副本部長,武藤明美殿。,null,null,null
97374,佐賀県,平成27年２月,6,27,3,6,定例,平成27年２月定例会（第６日）,大川内統括本部副本部長,その他,,大川内統括本部副本部長,武藤明美殿。,null,null,null
97375,佐賀県,平成27年２月,6,27,3,6,定例,平成27年２月定例会（第６日）,大川内統括本部副本部長,その他,,大川内統括本部副本部長,感　謝　状,null,null,null
97376,佐賀県,平成27年２月,6,27,3,6,定例,平成27年２月定例会（第６日）,大川内統括本部副本部長,その他,,大川内統括本部副本部長,佐賀県議会議員　　武　藤　明　美　殿,null,null,null
97377,佐賀県,平成27年２月,6,27,3,6,定例,平成27年２月定例会（第６日）,大川内統括本部副本部長,その他,,大川内統括本部副本部長,あなたは佐賀県議会議員として在職二十年にわたり県勢の進展に寄与されその功績は誠に大なるものがあります,null,null,null
97378,佐賀県,平成27年２月,6,27,3,6,定例,平成27年２月定例会（第６日）,大川内統括本部副本部長,その他,,大川内統括本部副本部長,よってここに深く感謝の意を表します,null,null,null
97379,佐賀県,平成27年２月,6,27,3,6,定例,平成27年２月定例会（第６日）,大川内統括本部副本部長,その他,,大川内統括本部副本部長,平成二十七年三月六日,null,null,null
97380,佐賀県,平成27年２月,6,27,3,6,定例,平成27年２月定例会（第６日）,大川内統括本部副本部長,その他,,大川内統括本部副本部長,佐賀県知事　　　　山　口　祥　義,null,null,null
97381,佐賀県,平成27年２月,6,27,3,6,定例,平成27年２月定例会（第６日）,大川内統括本部副本部長,その他,,大川内統括本部副本部長,おめでとうございました。,null,null,null
97382,佐賀県,平成27年２月,6,27,3,6,定例,平成27年２月定例会（第６日）,大川内統括本部副本部長,その他,,大川内統括本部副本部長,〔山口知事　武藤明美夫君に感謝状並びに記念品贈呈〕（拍手）,null,null,null
97383,佐賀県,平成27年２月,6,27,3,6,定例,平成27年２月定例会（第６日）,大川内統括本部副本部長,その他,,大川内統括本部副本部長,━━━━━━━━━━━━━━━━━━━━━━━━━━━━━━━━━━━━━━,null,null,null
97384,佐賀県,平成27年２月,6,27,3,6,定例,平成27年２月定例会（第６日）,大川内統括本部副本部長,その他,,大川内統括本部副本部長,木原奉文殿。,null,null,null
97385,佐賀県,平成27年２月,6,27,3,6,定例,平成27年２月定例会（第６日）,大川内統括本部副本部長,その他,,大川内統括本部副本部長,木原奉文殿。,null,null,null
97386,佐賀県,平成27年２月,6,27,3,6,定例,平成27年２月定例会（第６日）,大川内統括本部副本部長,その他,,大川内統括本部副本部長,感　謝　状,null,null,null
97387,佐賀県,平成27年２月,6,27,3,6,定例,平成27年２月定例会（第６日）,大川内統括本部副本部長,その他,,大川内統括本部副本部長,佐賀県議会議員　　木　原　奉　文　殿,null,null,null
97388,佐賀県,平成27年２月,6,27,3,6,定例,平成27年２月定例会（第６日）,大川内統括本部副本部長,その他,,大川内統括本部副本部長,あなたは佐賀県議会議員として在職二十年にわたり県勢の進展に寄与されその功績は誠に大なるものがあります,null,null,null
97389,佐賀県,平成27年２月,6,27,3,6,定例,平成27年２月定例会（第６日）,大川内統括本部副本部長,その他,,大川内統括本部副本部長,よってここに深く感謝の意を表します,null,null,null
97390,佐賀県,平成27年２月,6,27,3,6,定例,平成27年２月定例会（第６日）,大川内統括本部副本部長,その他,,大川内統括本部副本部長,平成二十七年三月六日,null,null,null
97391,佐賀県,平成27年２月,6,27,3,6,定例,平成27年２月定例会（第６日）,大川内統括本部副本部長,その他,,大川内統括本部副本部長,佐賀県知事　　　　山　口　祥　義,null,null,null
97392,佐賀県,平成27年２月,6,27,3,6,定例,平成27年２月定例会（第６日）,大川内統括本部副本部長,その他,,大川内統括本部副本部長,おめでとうございました。,null,null,null
97393,佐賀県,平成27年２月,6,27,3,6,定例,平成27年２月定例会（第６日）,大川内統括本部副本部長,その他,,大川内統括本部副本部長,〔山口知事　木原奉文君に感謝状並びに記念品贈呈〕（拍手）,null,null,null
97394,佐賀県,平成27年２月,6,27,3,6,定例,平成27年２月定例会（第６日）,大川内統括本部副本部長,その他,,大川内統括本部副本部長,━━━━━━━━━━━━━━━━━━━━━━━━━━━━━━━━━━━━━━,null,null,null
97395,佐賀県,平成27年２月,6,27,3,6,定例,平成27年２月定例会（第６日）,大川内統括本部副本部長,その他,,大川内統括本部副本部長,伊東猛彦殿。,null,null,null
97396,佐賀県,平成27年２月,6,27,3,6,定例,平成27年２月定例会（第６日）,大川内統括本部副本部長,その他,,大川内統括本部副本部長,伊東猛彦殿。,null,null,null
97397,佐賀県,平成27年２月,6,27,3,6,定例,平成27年２月定例会（第６日）,大川内統括本部副本部長,その他,,大川内統括本部副本部長,感　謝　状,null,null,null
97398,佐賀県,平成27年２月,6,27,3,6,定例,平成27年２月定例会（第６日）,大川内統括本部副本部長,その他,,大川内統括本部副本部長,佐賀県議会議員　　伊　東　猛　彦　殿,null,null,null
97399,佐賀県,平成27年２月,6,27,3,6,定例,平成27年２月定例会（第６日）,大川内統括本部副本部長,その他,,大川内統括本部副本部長,あなたは佐賀県議会議員として在職二十年にわたり県勢の進展に寄与されその功績は誠に大なるものがあります,null,null,null
97400,佐賀県,平成27年２月,6,27,3,6,定例,平成27年２月定例会（第６日）,大川内統括本部副本部長,その他,,大川内統括本部副本部長,よってここに深く感謝の意を表します,null,null,null
97401,佐賀県,平成27年２月,6,27,3,6,定例,平成27年２月定例会（第６日）,大川内統括本部副本部長,その他,,大川内統括本部副本部長,平成二十七年三月六日,null,null,null
97402,佐賀県,平成27年２月,6,27,3,6,定例,平成27年２月定例会（第６日）,大川内統括本部副本部長,その他,,大川内統括本部副本部長,佐賀県知事　　　　山　口　祥　義,null,null,null
97403,佐賀県,平成27年２月,6,27,3,6,定例,平成27年２月定例会（第６日）,大川内統括本部副本部長,その他,,大川内統括本部副本部長,おめでとうございます。,null,null,null
97404,佐賀県,平成27年２月,6,27,3,6,定例,平成27年２月定例会（第６日）,大川内統括本部副本部長,その他,,大川内統括本部副本部長,〔山口知事　伊東猛彦君に感謝状並びに記念品贈呈〕（拍手）,null,null,null
97405,佐賀県,平成27年２月,6,27,3,6,定例,平成27年２月定例会（第６日）,大川内統括本部副本部長,その他,,大川内統括本部副本部長,━━━━━━━━━━━━━━━━━━━━━━━━━━━━━━━━━━━━━━,null,null,null
97406,佐賀県,平成27年２月,6,27,3,6,定例,平成27年２月定例会（第６日）,大川内統括本部副本部長,その他,,大川内統括本部副本部長,続きまして、十五年以上にわたり在職された方々。,null,null,null
97407,佐賀県,平成27年２月,6,27,3,6,定例,平成27年２月定例会（第６日）,大川内統括本部副本部長,その他,,大川内統括本部副本部長,稲富正敏殿。,null,null,null
97408,佐賀県,平成27年２月,6,27,3,6,定例,平成27年２月定例会（第６日）,大川内統括本部副本部長,その他,,大川内統括本部副本部長,稲富正敏殿。,null,null,null
97409,佐賀県,平成27年２月,6,27,3,6,定例,平成27年２月定例会（第６日）,大川内統括本部副本部長,その他,,大川内統括本部副本部長,感　謝　状,null,null,null
97410,佐賀県,平成27年２月,6,27,3,6,定例,平成27年２月定例会（第６日）,大川内統括本部副本部長,その他,,大川内統括本部副本部長,佐賀県議会議員　　稲　富　正　敏　殿,null,null,null
97411,佐賀県,平成27年２月,6,27,3,6,定例,平成27年２月定例会（第６日）,大川内統括本部副本部長,その他,,大川内統括本部副本部長,あなたは佐賀県議会議員として在職十五年にわたり県勢の進展に寄与されその功績は誠に大なるものがあります,null,null,null
97412,佐賀県,平成27年２月,6,27,3,6,定例,平成27年２月定例会（第６日）,大川内統括本部副本部長,その他,,大川内統括本部副本部長,よってここに深く感謝の意を表します,null,null,null
97413,佐賀県,平成27年２月,6,27,3,6,定例,平成27年２月定例会（第６日）,大川内統括本部副本部長,その他,,大川内統括本部副本部長,平成二十七年三月六日,null,null,null
97414,佐賀県,平成27年２月,6,27,3,6,定例,平成27年２月定例会（第６日）,大川内統括本部副本部長,その他,,大川内統括本部副本部長,佐賀県知事　　　　山　口　祥　義,null,null,null
97415,佐賀県,平成27年２月,6,27,3,6,定例,平成27年２月定例会（第６日）,大川内統括本部副本部長,その他,,大川内統括本部副本部長,おめでとうございます。,null,null,null
97416,佐賀県,平成27年２月,6,27,3,6,定例,平成27年２月定例会（第６日）,大川内統括本部副本部長,その他,,大川内統括本部副本部長,〔山口知事　稲富正敏君に感謝状並びに記念品贈呈〕（拍手）,null,null,null
97417,佐賀県,平成27年２月,6,27,3,6,定例,平成27年２月定例会（第６日）,大川内統括本部副本部長,その他,,大川内統括本部副本部長,━━━━━━━━━━━━━━━━━━━━━━━━━━━━━━━━━━━━━━,null,null,null
97418,佐賀県,平成27年２月,6,27,3,6,定例,平成27年２月定例会（第６日）,大川内統括本部副本部長,その他,,大川内統括本部副本部長,竹内和教殿。,null,null,null
97419,佐賀県,平成27年２月,6,27,3,6,定例,平成27年２月定例会（第６日）,大川内統括本部副本部長,その他,,大川内統括本部副本部長,竹内和教殿。,null,null,null
97420,佐賀県,平成27年２月,6,27,3,6,定例,平成27年２月定例会（第６日）,大川内統括本部副本部長,その他,,大川内統括本部副本部長,感　謝　状,null,null,null
97421,佐賀県,平成27年２月,6,27,3,6,定例,平成27年２月定例会（第６日）,大川内統括本部副本部長,その他,,大川内統括本部副本部長,佐賀県議会議員　　竹　内　和　教　殿,null,null,null
97422,佐賀県,平成27年２月,6,27,3,6,定例,平成27年２月定例会（第６日）,大川内統括本部副本部長,その他,,大川内統括本部副本部長,あなたは佐賀県議会議員として在職十五年にわたり県勢の進展に寄与されその功績は誠に大なるものがあります,null,null,null
97423,佐賀県,平成27年２月,6,27,3,6,定例,平成27年２月定例会（第６日）,大川内統括本部副本部長,その他,,大川内統括本部副本部長,よってここに深く感謝の意を表します,null,null,null
97424,佐賀県,平成27年２月,6,27,3,6,定例,平成27年２月定例会（第６日）,大川内統括本部副本部長,その他,,大川内統括本部副本部長,平成二十七年三月六日,null,null,null
97425,佐賀県,平成27年２月,6,27,3,6,定例,平成27年２月定例会（第６日）,大川内統括本部副本部長,その他,,大川内統括本部副本部長,佐賀県知事　　　　山　口　祥　義,null,null,null
97426,佐賀県,平成27年２月,6,27,3,6,定例,平成27年２月定例会（第６日）,大川内統括本部副本部長,その他,,大川内統括本部副本部長,おめでとうございました。,null,null,null
97427,佐賀県,平成27年２月,6,27,3,6,定例,平成27年２月定例会（第６日）,大川内統括本部副本部長,その他,,大川内統括本部副本部長,〔山口知事　竹内和教君に感謝状並びに記念品贈呈〕（拍手）,null,null,null
97428,佐賀県,平成27年２月,6,27,3,6,定例,平成27年２月定例会（第６日）,大川内統括本部副本部長,その他,,大川内統括本部副本部長,━━━━━━━━━━━━━━━━━━━━━━━━━━━━━━━━━━━━━━,null,null,null
97429,佐賀県,平成27年２月,6,27,3,6,定例,平成27年２月定例会（第６日）,大川内統括本部副本部長,その他,,大川内統括本部副本部長,伊藤豊殿。,null,null,null
97430,佐賀県,平成27年２月,6,27,3,6,定例,平成27年２月定例会（第６日）,大川内統括本部副本部長,その他,,大川内統括本部副本部長,伊藤豊殿。,null,null,null
97431,佐賀県,平成27年２月,6,27,3,6,定例,平成27年２月定例会（第６日）,大川内統括本部副本部長,その他,,大川内統括本部副本部長,感　謝　状,null,null,null
97432,佐賀県,平成27年２月,6,27,3,6,定例,平成27年２月定例会（第６日）,大川内統括本部副本部長,その他,,大川内統括本部副本部長,佐賀県議会議員　　伊　藤　　　豊　殿,null,null,null
97433,佐賀県,平成27年２月,6,27,3,6,定例,平成27年２月定例会（第６日）,大川内統括本部副本部長,その他,,大川内統括本部副本部長,あなたは佐賀県議会議員として在職十五年にわたり県勢の進展に寄与されその功績は誠に大なるものがあります,null,null,null
97434,佐賀県,平成27年２月,6,27,3,6,定例,平成27年２月定例会（第６日）,大川内統括本部副本部長,その他,,大川内統括本部副本部長,よってここに深く感謝の意を表します,null,null,null
97435,佐賀県,平成27年２月,6,27,3,6,定例,平成27年２月定例会（第６日）,大川内統括本部副本部長,その他,,大川内統括本部副本部長,平成二十七年三月六日,null,null,null
97436,佐賀県,平成27年２月,6,27,3,6,定例,平成27年２月定例会（第６日）,大川内統括本部副本部長,その他,,大川内統括本部副本部長,佐賀県知事　　　　山　口　祥　義,null,null,null
97437,佐賀県,平成27年２月,6,27,3,6,定例,平成27年２月定例会（第６日）,大川内統括本部副本部長,その他,,大川内統括本部副本部長,お疲れさまでした。,null,null,null
97438,佐賀県,平成27年２月,6,27,3,6,定例,平成27年２月定例会（第６日）,大川内統括本部副本部長,その他,,大川内統括本部副本部長,〔山口知事　伊藤豊君に感謝状並びに記念品贈呈〕（拍手）,null,null,null
97439,佐賀県,平成27年２月,6,27,3,6,定例,平成27年２月定例会（第６日）,大川内統括本部副本部長,その他,,大川内統括本部副本部長,━━━━━━━━━━━━━━━━━━━━━━━━━━━━━━━━━━━━━━,null,null,null
97440,佐賀県,平成27年２月,6,27,3,6,定例,平成27年２月定例会（第６日）,大川内統括本部副本部長,その他,,大川内統括本部副本部長,中倉政義殿。,null,null,null
97441,佐賀県,平成27年２月,6,27,3,6,定例,平成27年２月定例会（第６日）,大川内統括本部副本部長,その他,,大川内統括本部副本部長,中倉政義殿。,null,null,null
97442,佐賀県,平成27年２月,6,27,3,6,定例,平成27年２月定例会（第６日）,大川内統括本部副本部長,その他,,大川内統括本部副本部長,感　謝　状,null,null,null
97443,佐賀県,平成27年２月,6,27,3,6,定例,平成27年２月定例会（第６日）,大川内統括本部副本部長,その他,,大川内統括本部副本部長,佐賀県議会議員　　中　倉　政　義　殿,null,null,null
97444,佐賀県,平成27年２月,6,27,3,6,定例,平成27年２月定例会（第６日）,大川内統括本部副本部長,その他,,大川内統括本部副本部長,あなたは佐賀県議会議員として在職十五年にわたり県勢の進展に寄与されその功績は誠に大なるものがあります,null,null,null
97445,佐賀県,平成27年２月,6,27,3,6,定例,平成27年２月定例会（第６日）,大川内統括本部副本部長,その他,,大川内統括本部副本部長,よってここに深く感謝の意を表します,null,null,null
97446,佐賀県,平成27年２月,6,27,3,6,定例,平成27年２月定例会（第６日）,大川内統括本部副本部長,その他,,大川内統括本部副本部長,平成二十七年三月六日,null,null,null
97447,佐賀県,平成27年２月,6,27,3,6,定例,平成27年２月定例会（第６日）,大川内統括本部副本部長,その他,,大川内統括本部副本部長,佐賀県知事　　　　山　口　祥　義,null,null,null
97448,佐賀県,平成27年２月,6,27,3,6,定例,平成27年２月定例会（第６日）,大川内統括本部副本部長,その他,,大川内統括本部副本部長,おめでとうございます。,null,null,null
97449,佐賀県,平成27年２月,6,27,3,6,定例,平成27年２月定例会（第６日）,大川内統括本部副本部長,その他,,大川内統括本部副本部長,〔山口知事　中倉政義君に感謝状並びに記念品贈呈〕（拍手）,null,null,null
97450,佐賀県,平成27年２月,6,27,3,6,定例,平成27年２月定例会（第６日）,大川内統括本部副本部長,その他,,大川内統括本部副本部長,━━━━━━━━━━━━━━━━━━━━━━━━━━━━━━━━━━━━━━,null,null,null
97451,佐賀県,平成27年２月,6,27,3,6,定例,平成27年２月定例会（第６日）,大川内統括本部副本部長,その他,,大川内統括本部副本部長,福島光洋殿。,null,null,null
97452,佐賀県,平成27年２月,6,27,3,6,定例,平成27年２月定例会（第６日）,大川内統括本部副本部長,その他,,大川内統括本部副本部長,福島光洋殿。,null,null,null
97453,佐賀県,平成27年２月,6,27,3,6,定例,平成27年２月定例会（第６日）,大川内統括本部副本部長,その他,,大川内統括本部副本部長,感　謝　状,null,null,null
97454,佐賀県,平成27年２月,6,27,3,6,定例,平成27年２月定例会（第６日）,大川内統括本部副本部長,その他,,大川内統括本部副本部長,佐賀県議会議員　　福　島　光　洋　殿,null,null,null
97455,佐賀県,平成27年２月,6,27,3,6,定例,平成27年２月定例会（第６日）,大川内統括本部副本部長,その他,,大川内統括本部副本部長,あなたは佐賀県議会議員として在職十五年にわたり県勢の進展に寄与されその功績は誠に大なるものがあります,null,null,null
97456,佐賀県,平成27年２月,6,27,3,6,定例,平成27年２月定例会（第６日）,大川内統括本部副本部長,その他,,大川内統括本部副本部長,よってここに深く感謝の意を表します,null,null,null
97457,佐賀県,平成27年２月,6,27,3,6,定例,平成27年２月定例会（第６日）,大川内統括本部副本部長,その他,,大川内統括本部副本部長,平成二十七年三月六日,null,null,null
97458,佐賀県,平成27年２月,6,27,3,6,定例,平成27年２月定例会（第６日）,大川内統括本部副本部長,その他,,大川内統括本部副本部長,佐賀県知事　　　　山　口　祥　義,null,null,null
97459,佐賀県,平成27年２月,6,27,3,6,定例,平成27年２月定例会（第６日）,大川内統括本部副本部長,その他,,大川内統括本部副本部長,ありがとうございます。,null,null,null
97460,佐賀県,平成27年２月,6,27,3,6,定例,平成27年２月定例会（第６日）,大川内統括本部副本部長,その他,,大川内統括本部副本部長,〔山口知事　福島光洋君に感謝状並びに記念品贈呈〕（拍手）,null,null,null
97461,佐賀県,平成27年２月,6,27,3,6,定例,平成27年２月定例会（第６日）,大川内統括本部副本部長,その他,,大川内統括本部副本部長,━━━━━━━━━━━━━━━━━━━━━━━━━━━━━━━━━━━━━━,null,null,null
97462,佐賀県,平成27年２月,6,27,3,6,定例,平成27年２月定例会（第６日）,大川内統括本部副本部長,その他,,大川内統括本部副本部長,藤木卓一郎殿。,null,null,null
97463,佐賀県,平成27年２月,6,27,3,6,定例,平成27年２月定例会（第６日）,大川内統括本部副本部長,その他,,大川内統括本部副本部長,藤木卓一郎殿。,null,null,null
97464,佐賀県,平成27年２月,6,27,3,6,定例,平成27年２月定例会（第６日）,大川内統括本部副本部長,その他,,大川内統括本部副本部長,感　謝　状,null,null,null
97465,佐賀県,平成27年２月,6,27,3,6,定例,平成27年２月定例会（第６日）,大川内統括本部副本部長,その他,,大川内統括本部副本部長,佐賀県議会議員　　藤　木　卓一郎　殿,null,null,null
97466,佐賀県,平成27年２月,6,27,3,6,定例,平成27年２月定例会（第６日）,大川内統括本部副本部長,その他,,大川内統括本部副本部長,あなたは佐賀県議会議員として在職十五年にわたり県勢の進展に寄与されその功績は誠に大なるものがあります,null,null,null
97467,佐賀県,平成27年２月,6,27,3,6,定例,平成27年２月定例会（第６日）,大川内統括本部副本部長,その他,,大川内統括本部副本部長,よってここに深く感謝の意を表します,null,null,null
97468,佐賀県,平成27年２月,6,27,3,6,定例,平成27年２月定例会（第６日）,大川内統括本部副本部長,その他,,大川内統括本部副本部長,平成二十七年三月六日,null,null,null
97469,佐賀県,平成27年２月,6,27,3,6,定例,平成27年２月定例会（第６日）,大川内統括本部副本部長,その他,,大川内統括本部副本部長,佐賀県知事　　　　山　口　祥　義,null,null,null
97470,佐賀県,平成27年２月,6,27,3,6,定例,平成27年２月定例会（第６日）,大川内統括本部副本部長,その他,,大川内統括本部副本部長,ありがとうございます。,null,null,null
97471,佐賀県,平成27年２月,6,27,3,6,定例,平成27年２月定例会（第６日）,大川内統括本部副本部長,その他,,大川内統括本部副本部長,〔山口知事　藤木卓一郎君に感謝状並びに記念品贈呈〕（拍手）,null,null,null
97472,佐賀県,平成27年２月,6,27,3,6,定例,平成27年２月定例会（第６日）,大川内統括本部副本部長,その他,,大川内統括本部副本部長,━━━━━━━━━━━━━━━━━━━━━━━━━━━━━━━━━━━━━━,null,null,null
97473,佐賀県,平成27年２月,6,27,3,6,定例,平成27年２月定例会（第６日）,大川内統括本部副本部長,その他,,大川内統括本部副本部長,以上をもちまして、感謝状の贈呈を終わります。,null,null,null
97474,佐賀県,平成27年２月,6,27,3,6,定例,平成27年２月定例会（第６日）,大川内統括本部副本部長,その他,,大川内統括本部副本部長,（拍手）,null,null,null
