84557,福岡県,平成27年２月,6,27,2,24,定例,平成27年２月定例会（第16日）,議長（加地　邦雄君）,議長,加地　邦雄,議長,ただいまから本日の会議を開きます。,null,null,null
84558,福岡県,平成27年２月,6,27,2,24,定例,平成27年２月定例会（第16日）,議長（加地　邦雄君）,議長,加地　邦雄,議長,＊諸般の報告,null,null,null
84559,福岡県,平成27年２月,6,27,2,24,定例,平成27年２月定例会（第16日）,議長（加地　邦雄君）,議長,加地　邦雄,議長,諸般の報告を行います。,null,null,null
84560,福岡県,平成27年２月,6,27,2,24,定例,平成27年２月定例会（第16日）,議長（加地　邦雄君）,議長,加地　邦雄,議長,監査委員から出納検査結果報告一件、各常任委員会から閉会中の調査報告書がそれぞれお手元配付のとおり提出されました。,null,null,null
84561,福岡県,平成27年２月,6,27,2,24,定例,平成27年２月定例会（第16日）,議長（加地　邦雄君）,議長,加地　邦雄,議長,また、議長会諸会議報告書をお手元に配付いたしております。,null,null,null
84562,福岡県,平成27年２月,6,27,2,24,定例,平成27年２月定例会（第16日）,議長（加地　邦雄君）,議長,加地　邦雄,議長,以上、報告いたします。,null,null,null
84563,福岡県,平成27年２月,6,27,2,24,定例,平成27年２月定例会（第16日）,議長（加地　邦雄君）,議長,加地　邦雄,議長,日程に従い、所管常任委員会及び議会運営委員会に付託いたしております第一号議案から第五六号議案まで、及び第五九号議案から第八四号議案までの八十二件を一括議題といたします。,null,null,null
84564,福岡県,平成27年２月,6,27,2,24,定例,平成27年２月定例会（第16日）,議長（加地　邦雄君）,議長,加地　邦雄,議長,この際、常任委員長及び議会運営委員長の報告を順次求めます。,null,null,null
84565,福岡県,平成27年２月,6,27,2,24,定例,平成27年２月定例会（第16日）,議長（加地　邦雄君）,議長,加地　邦雄,議長,まず、総務企画地域振興委員長の報告を求めます。,null,null,null
84566,福岡県,平成27年２月,6,27,2,24,定例,平成27年２月定例会（第16日）,議長（加地　邦雄君）,議長,加地　邦雄,議長,大島道人君。,null,null,null
84567,福岡県,平成27年２月,6,27,2,24,定例,平成27年２月定例会（第16日）,議長（加地　邦雄君）,議長,加地　邦雄,議長,（拍手）,null,null,null
84568,福岡県,平成27年２月,6,27,2,24,定例,平成27年２月定例会（第16日）,議長（加地　邦雄君）,議長,加地　邦雄,議長,＊総務企画地域振興委員長報告,null,null,null
84569,福岡県,平成27年２月,6,27,2,24,定例,平成27年２月定例会（第16日）,総務企画地域振興委員長（大島　道人君）,4000090000083,大島　道人,総務企画地域振興委員長,私は、総務企画地域振興委員会の委員長といたしまして、ただいま議題となりました議案のうち、本委員会に付託されました第一号議案所管分、第二号議案、第三号議案、第二〇号議案、第二二号議案、第四六号議案、第五九号議案所管分、第六〇号議案から第六二号議案まで、及び第七五号議案の以上十一件について、審査の結果を簡単に御報告いたします。,null,null,null
84570,福岡県,平成27年２月,6,27,2,24,定例,平成27年２月定例会（第16日）,総務企画地域振興委員長（大島　道人君）,4000090000083,大島　道人,総務企画地域振興委員長,関係議案について当局から説明を受け、慎重に審査を行いました。,null,null,null
84571,福岡県,平成27年２月,6,27,2,24,定例,平成27年２月定例会（第16日）,総務企画地域振興委員長（大島　道人君）,4000090000083,大島　道人,総務企画地域振興委員長,採決の結果、いずれの議案も起立多数をもって原案のとおり可決いたしました。,null,null,null
84572,福岡県,平成27年２月,6,27,2,24,定例,平成27年２月定例会（第16日）,総務企画地域振興委員長（大島　道人君）,4000090000083,大島　道人,総務企画地域振興委員長,以上で報告を終わります。,null,null,null
84573,福岡県,平成27年２月,6,27,2,24,定例,平成27年２月定例会（第16日）,総務企画地域振興委員長（大島　道人君）,4000090000083,大島　道人,総務企画地域振興委員長,（拍手）,null,null,null
84574,福岡県,平成27年２月,6,27,2,24,定例,平成27年２月定例会（第16日）,議長（加地　邦雄君）,議長,加地　邦雄,議長,次に、厚生労働環境委員長の報告を求めます。,null,null,null
84575,福岡県,平成27年２月,6,27,2,24,定例,平成27年２月定例会（第16日）,議長（加地　邦雄君）,議長,加地　邦雄,議長,原竹岩海君。,null,null,null
84576,福岡県,平成27年２月,6,27,2,24,定例,平成27年２月定例会（第16日）,議長（加地　邦雄君）,議長,加地　邦雄,議長,（拍手）,null,null,null
84577,福岡県,平成27年２月,6,27,2,24,定例,平成27年２月定例会（第16日）,議長（加地　邦雄君）,議長,加地　邦雄,議長,＊厚生労働環境委員長報告,null,null,null
84578,福岡県,平成27年２月,6,27,2,24,定例,平成27年２月定例会（第16日）,厚生労働環境委員長（原竹　岩海君）,4000090000058,原竹　岩海,厚生労働環境委員長,私は、厚生労働環境委員会の委員長といたしまして、ただいま議題となりました議案のうち、本委員会に付託をされました第一号議案所管分、第四号議案、五号議案、第一六号議案、第二一号議案所管分、第二三号議案から三〇号議案まで、第三一号議案所管分、第五九号議案所管分及び第六三号議案の以上十六件について、審査の結果を簡単に御報告を申し上げます。,null,null,null
84579,福岡県,平成27年２月,6,27,2,24,定例,平成27年２月定例会（第16日）,厚生労働環境委員長（原竹　岩海君）,4000090000058,原竹　岩海,厚生労働環境委員長,関係議案について当局から説明を受け、慎重に審査を行いました。,null,null,null
84580,福岡県,平成27年２月,6,27,2,24,定例,平成27年２月定例会（第16日）,厚生労働環境委員長（原竹　岩海君）,4000090000058,原竹　岩海,厚生労働環境委員長,採決の結果、いずれの議案も起立多数をもって原案のとおり可決をいたしました。,null,null,null
84581,福岡県,平成27年２月,6,27,2,24,定例,平成27年２月定例会（第16日）,厚生労働環境委員長（原竹　岩海君）,4000090000058,原竹　岩海,厚生労働環境委員長,以上で報告を終わります。,null,null,null
84582,福岡県,平成27年２月,6,27,2,24,定例,平成27年２月定例会（第16日）,厚生労働環境委員長（原竹　岩海君）,4000090000058,原竹　岩海,厚生労働環境委員長,（拍手）,null,null,null
84583,福岡県,平成27年２月,6,27,2,24,定例,平成27年２月定例会（第16日）,議長（加地　邦雄君）,議長,加地　邦雄,議長,次に、新社会推進商工委員長の報告を求めます。,null,null,null
84584,福岡県,平成27年２月,6,27,2,24,定例,平成27年２月定例会（第16日）,議長（加地　邦雄君）,議長,加地　邦雄,議長,宮浦寛君。,null,null,null
84585,福岡県,平成27年２月,6,27,2,24,定例,平成27年２月定例会（第16日）,議長（加地　邦雄君）,議長,加地　邦雄,議長,（拍手）,null,null,null
84586,福岡県,平成27年２月,6,27,2,24,定例,平成27年２月定例会（第16日）,議長（加地　邦雄君）,議長,加地　邦雄,議長,＊新社会推進商工委員長報告,null,null,null
84587,福岡県,平成27年２月,6,27,2,24,定例,平成27年２月定例会（第16日）,新社会推進商工委員長（宮浦　寛君）,4000090000035,宮浦　寛,新社会推進商工委員長,私は、新社会推進商工委員会の委員長といたしまして、ただいま議題となりました議案のうち、本委員会に付託されました第一号議案所管分、第一〇号議案、第一七号議案から第一九号議案まで、第五九号議案所管分、第六五号議案及び第七一号議案から第七三号議案までの以上十件について、審査の結果を簡単に御報告いたします。,null,null,null
84588,福岡県,平成27年２月,6,27,2,24,定例,平成27年２月定例会（第16日）,新社会推進商工委員長（宮浦　寛君）,4000090000035,宮浦　寛,新社会推進商工委員長,関係議案について当局から説明を受け、慎重に審査を行いました。,null,null,null
84589,福岡県,平成27年２月,6,27,2,24,定例,平成27年２月定例会（第16日）,新社会推進商工委員長（宮浦　寛君）,4000090000035,宮浦　寛,新社会推進商工委員長,採決の結果、いずれの議案も起立多数をもって原案のとおり可決いたしました。,null,null,null
84590,福岡県,平成27年２月,6,27,2,24,定例,平成27年２月定例会（第16日）,新社会推進商工委員長（宮浦　寛君）,4000090000035,宮浦　寛,新社会推進商工委員長,以上で報告を終わります。,null,null,null
84591,福岡県,平成27年２月,6,27,2,24,定例,平成27年２月定例会（第16日）,新社会推進商工委員長（宮浦　寛君）,4000090000035,宮浦　寛,新社会推進商工委員長,（拍手）,null,null,null
84592,福岡県,平成27年２月,6,27,2,24,定例,平成27年２月定例会（第16日）,議長（加地　邦雄君）,議長,加地　邦雄,議長,次に、農林水産委員長の報告を求めます。,null,null,null
84593,福岡県,平成27年２月,6,27,2,24,定例,平成27年２月定例会（第16日）,議長（加地　邦雄君）,議長,加地　邦雄,議長,栗原渉君。,null,null,null
84594,福岡県,平成27年２月,6,27,2,24,定例,平成27年２月定例会（第16日）,議長（加地　邦雄君）,議長,加地　邦雄,議長,（拍手）,null,null,null
84595,福岡県,平成27年２月,6,27,2,24,定例,平成27年２月定例会（第16日）,議長（加地　邦雄君）,議長,加地　邦雄,議長,＊農林水産委員長報告,null,null,null
84596,福岡県,平成27年２月,6,27,2,24,定例,平成27年２月定例会（第16日）,農林水産委員長（栗原　渉君）,4000090000071,栗原　渉,農林水産委員長,私は、農林水産委員会の委員長といたしまして、ただいま議題となりました議案のうち、本委員会に付託されました第一号議案所管分、第六号議案から第九号議案まで、第三一号議案所管分、第五〇号議案、第五九号議案所管分、第六四号議案、第七四号議案及び第七六号議案から第八〇号議案までの以上十五件について、審査の結果を簡単に報告いたします。,null,null,null
84597,福岡県,平成27年２月,6,27,2,24,定例,平成27年２月定例会（第16日）,農林水産委員長（栗原　渉君）,4000090000071,栗原　渉,農林水産委員長,関係議案について当局から説明を受け、慎重に審査を行いました。,null,null,null
84598,福岡県,平成27年２月,6,27,2,24,定例,平成27年２月定例会（第16日）,農林水産委員長（栗原　渉君）,4000090000071,栗原　渉,農林水産委員長,採決の結果、いずれの議案も起立多数をもって原案どおり可決いたしました。,null,null,null
84599,福岡県,平成27年２月,6,27,2,24,定例,平成27年２月定例会（第16日）,農林水産委員長（栗原　渉君）,4000090000071,栗原　渉,農林水産委員長,以上で報告を終わります。,null,null,null
84600,福岡県,平成27年２月,6,27,2,24,定例,平成27年２月定例会（第16日）,農林水産委員長（栗原　渉君）,4000090000071,栗原　渉,農林水産委員長,（拍手）,null,null,null
84601,福岡県,平成27年２月,6,27,2,24,定例,平成27年２月定例会（第16日）,議長（加地　邦雄君）,議長,加地　邦雄,議長,次に、県土整備委員長の報告を求めます。,null,null,null
84602,福岡県,平成27年２月,6,27,2,24,定例,平成27年２月定例会（第16日）,議長（加地　邦雄君）,議長,加地　邦雄,議長,平井一三君。,null,null,null
84603,福岡県,平成27年２月,6,27,2,24,定例,平成27年２月定例会（第16日）,議長（加地　邦雄君）,議長,加地　邦雄,議長,（拍手）,null,null,null
84604,福岡県,平成27年２月,6,27,2,24,定例,平成27年２月定例会（第16日）,議長（加地　邦雄君）,議長,加地　邦雄,議長,＊県土整備委員長報告,null,null,null
84605,福岡県,平成27年２月,6,27,2,24,定例,平成27年２月定例会（第16日）,県土整備委員長（平井　一三君）,4000090000057,平井　一三,県土整備委員長,私は、県土整備委員会の委員長といたしまして、ただいま議題となりました議案のうち、本委員会に付託されました第一号議案所管分、第一一号議案から第一三号議案まで、第三二号議案、第四七号議案、第四八号議案、第五五号議案、第五六号議案、第五九号議案所管分、第六六号議案から第六八号議案まで、及び第八一号議案の以上十四件について、審査の結果を簡単に御報告をいたします。,null,null,null
84606,福岡県,平成27年２月,6,27,2,24,定例,平成27年２月定例会（第16日）,県土整備委員長（平井　一三君）,4000090000057,平井　一三,県土整備委員長,関係議案について当局から説明を受け、慎重に審査を行いました。,null,null,null
84607,福岡県,平成27年２月,6,27,2,24,定例,平成27年２月定例会（第16日）,県土整備委員長（平井　一三君）,4000090000057,平井　一三,県土整備委員長,採決の結果、いずれの議案も起立多数をもって原案のとおり可決いたしました。,null,null,null
84608,福岡県,平成27年２月,6,27,2,24,定例,平成27年２月定例会（第16日）,県土整備委員長（平井　一三君）,4000090000057,平井　一三,県土整備委員長,以上で報告を終わります。,null,null,null
84609,福岡県,平成27年２月,6,27,2,24,定例,平成27年２月定例会（第16日）,県土整備委員長（平井　一三君）,4000090000057,平井　一三,県土整備委員長,（拍手）,null,null,null
84610,福岡県,平成27年２月,6,27,2,24,定例,平成27年２月定例会（第16日）,議長（加地　邦雄君）,議長,加地　邦雄,議長,次に、建築都市委員長の報告を求めます。,null,null,null
84611,福岡県,平成27年２月,6,27,2,24,定例,平成27年２月定例会（第16日）,議長（加地　邦雄君）,議長,加地　邦雄,議長,浜崎達也君。,null,null,null
84612,福岡県,平成27年２月,6,27,2,24,定例,平成27年２月定例会（第16日）,議長（加地　邦雄君）,議長,加地　邦雄,議長,（拍手）,null,null,null
84613,福岡県,平成27年２月,6,27,2,24,定例,平成27年２月定例会（第16日）,議長（加地　邦雄君）,議長,加地　邦雄,議長,＊建築都市委員長報告,null,null,null
84614,福岡県,平成27年２月,6,27,2,24,定例,平成27年２月定例会（第16日）,建築都市委員長（浜崎　達也君）,4000090000029,浜崎　達也,建築都市委員長,私は、建築都市委員会の委員長といたしまして、ただいま議題となりました議案のうち、本委員会に付託されました第一号議案所管分、第一四号議案、第一五号議案、第二一号議案所管分、第三三号議案から第三五号議案まで、第四九号議案、第五一号議案、第五二号議案、第五九号議案所管分、第六九号議案、第七〇号議案及び第八二号議案から第八四号議案までの以上十六件について、審査の結果を簡単に御報告いたします。,null,null,null
84615,福岡県,平成27年２月,6,27,2,24,定例,平成27年２月定例会（第16日）,建築都市委員長（浜崎　達也君）,4000090000029,浜崎　達也,建築都市委員長,関係議案について当局から説明を受け、慎重に審査を行いました。,null,null,null
84616,福岡県,平成27年２月,6,27,2,24,定例,平成27年２月定例会（第16日）,建築都市委員長（浜崎　達也君）,4000090000029,浜崎　達也,建築都市委員長,採決の結果、いずれの議案も起立多数をもって原案のとおり可決いたしました。,null,null,null
84617,福岡県,平成27年２月,6,27,2,24,定例,平成27年２月定例会（第16日）,建築都市委員長（浜崎　達也君）,4000090000029,浜崎　達也,建築都市委員長,以上で報告を終わります。,null,null,null
84618,福岡県,平成27年２月,6,27,2,24,定例,平成27年２月定例会（第16日）,建築都市委員長（浜崎　達也君）,4000090000029,浜崎　達也,建築都市委員長,（拍手）,null,null,null
84619,福岡県,平成27年２月,6,27,2,24,定例,平成27年２月定例会（第16日）,議長（加地　邦雄君）,議長,加地　邦雄,議長,次に、文教委員長の報告を求めます。,null,null,null
84620,福岡県,平成27年２月,6,27,2,24,定例,平成27年２月定例会（第16日）,議長（加地　邦雄君）,議長,加地　邦雄,議長,津田公治君。,null,null,null
84621,福岡県,平成27年２月,6,27,2,24,定例,平成27年２月定例会（第16日）,議長（加地　邦雄君）,議長,加地　邦雄,議長,（拍手）,null,null,null
84622,福岡県,平成27年２月,6,27,2,24,定例,平成27年２月定例会（第16日）,議長（加地　邦雄君）,議長,加地　邦雄,議長,＊文教委員長報告,null,null,null
84623,福岡県,平成27年２月,6,27,2,24,定例,平成27年２月定例会（第16日）,文教委員長（津田　公治君）,4000090000011,津田　公治,文教委員長,私は、文教委員会の委員長といたしまして、ただいま議題となりました議案のうち、本委員会に付託されました第一号議案所管分、第三六号議案所管分、第三七号議案、第三八号議案、第五三号議案、第五四号議案及び第五九号議案所管分の以上七件について、審査の結果を簡単に報告いたします。,null,null,null
84624,福岡県,平成27年２月,6,27,2,24,定例,平成27年２月定例会（第16日）,文教委員長（津田　公治君）,4000090000011,津田　公治,文教委員長,関係議案について当局から説明を受け、慎重に審査を行いました。,null,null,null
84625,福岡県,平成27年２月,6,27,2,24,定例,平成27年２月定例会（第16日）,文教委員長（津田　公治君）,4000090000011,津田　公治,文教委員長,採決の結果、いずれの議案も起立多数をもって原案のとおり可決いたしました。,null,null,null
84626,福岡県,平成27年２月,6,27,2,24,定例,平成27年２月定例会（第16日）,文教委員長（津田　公治君）,4000090000011,津田　公治,文教委員長,以上で報告を終わります。,null,null,null
84627,福岡県,平成27年２月,6,27,2,24,定例,平成27年２月定例会（第16日）,文教委員長（津田　公治君）,4000090000011,津田　公治,文教委員長,（拍手）,null,null,null
84628,福岡県,平成27年２月,6,27,2,24,定例,平成27年２月定例会（第16日）,議長（加地　邦雄君）,議長,加地　邦雄,議長,次に、警察委員長の報告を求めます。,null,null,null
84629,福岡県,平成27年２月,6,27,2,24,定例,平成27年２月定例会（第16日）,議長（加地　邦雄君）,議長,加地　邦雄,議長,野原隆士君。,null,null,null
84630,福岡県,平成27年２月,6,27,2,24,定例,平成27年２月定例会（第16日）,議長（加地　邦雄君）,議長,加地　邦雄,議長,（拍手）,null,null,null
84631,福岡県,平成27年２月,6,27,2,24,定例,平成27年２月定例会（第16日）,議長（加地　邦雄君）,議長,加地　邦雄,議長,＊警察委員長報告,null,null,null
84632,福岡県,平成27年２月,6,27,2,24,定例,平成27年２月定例会（第16日）,警察委員長（野原　隆士君）,4000090000038,野原　隆士,警察委員長,私は、警察委員会の委員長といたしまして、ただいま議題となりました議案のうち、本委員会に付託されました第一号議案所管分、第三九号議案から第四五号議案まで、及び第五九号議案所管分の以上九件について、審査の結果を簡単に御報告いたします。,null,null,null
84633,福岡県,平成27年２月,6,27,2,24,定例,平成27年２月定例会（第16日）,警察委員長（野原　隆士君）,4000090000038,野原　隆士,警察委員長,関係議案について当局から説明を受け、慎重に審査を行いました。,null,null,null
84634,福岡県,平成27年２月,6,27,2,24,定例,平成27年２月定例会（第16日）,警察委員長（野原　隆士君）,4000090000038,野原　隆士,警察委員長,採決の結果、いずれの議案も起立多数をもって原案のとおり可決いたしました。,null,null,null
84635,福岡県,平成27年２月,6,27,2,24,定例,平成27年２月定例会（第16日）,警察委員長（野原　隆士君）,4000090000038,野原　隆士,警察委員長,以上で報告を終わります。,null,null,null
84636,福岡県,平成27年２月,6,27,2,24,定例,平成27年２月定例会（第16日）,警察委員長（野原　隆士君）,4000090000038,野原　隆士,警察委員長,（拍手）,null,null,null
84637,福岡県,平成27年２月,6,27,2,24,定例,平成27年２月定例会（第16日）,議長（加地　邦雄君）,議長,加地　邦雄,議長,次に、議会運営委員長の報告を求めます。,null,null,null
84638,福岡県,平成27年２月,6,27,2,24,定例,平成27年２月定例会（第16日）,議長（加地　邦雄君）,議長,加地　邦雄,議長,井上忠敏君。,null,null,null
84639,福岡県,平成27年２月,6,27,2,24,定例,平成27年２月定例会（第16日）,議長（加地　邦雄君）,議長,加地　邦雄,議長,（拍手）,null,null,null
84640,福岡県,平成27年２月,6,27,2,24,定例,平成27年２月定例会（第16日）,議長（加地　邦雄君）,議長,加地　邦雄,議長,＊議会運営委員長報告,null,null,null
84641,福岡県,平成27年２月,6,27,2,24,定例,平成27年２月定例会（第16日）,議会運営委員長（井上　忠敏君）,4000090000056,井上　忠敏,議会運営委員長,私は、議会運営委員会の委員長といたしまして、ただいま議題となりました議案のうち、本委員会に付託されました第三六号議案所管分について、審査の結果を簡単に御報告いたします。,null,null,null
84642,福岡県,平成27年２月,6,27,2,24,定例,平成27年２月定例会（第16日）,議会運営委員長（井上　忠敏君）,4000090000056,井上　忠敏,議会運営委員長,本議案について当局から説明を受け、慎重に審査を行いました。,null,null,null
84643,福岡県,平成27年２月,6,27,2,24,定例,平成27年２月定例会（第16日）,議会運営委員長（井上　忠敏君）,4000090000056,井上　忠敏,議会運営委員長,採決の結果、起立多数をもって原案のとおり可決いたしました。,null,null,null
84644,福岡県,平成27年２月,6,27,2,24,定例,平成27年２月定例会（第16日）,議会運営委員長（井上　忠敏君）,4000090000056,井上　忠敏,議会運営委員長,以上で報告を終わります。,null,null,null
84645,福岡県,平成27年２月,6,27,2,24,定例,平成27年２月定例会（第16日）,議会運営委員長（井上　忠敏君）,4000090000056,井上　忠敏,議会運営委員長,（拍手）,null,null,null
84646,福岡県,平成27年２月,6,27,2,24,定例,平成27年２月定例会（第16日）,議長（加地　邦雄君）,議長,加地　邦雄,議長,以上で常任委員長及び議会運営委員長の報告は終わりました。,null,null,null
84647,福岡県,平成27年２月,6,27,2,24,定例,平成27年２月定例会（第16日）,議長（加地　邦雄君）,議長,加地　邦雄,議長,＊採決,null,null,null
84648,福岡県,平成27年２月,6,27,2,24,定例,平成27年２月定例会（第16日）,議長（加地　邦雄君）,議長,加地　邦雄,議長,これより採決いたします。,null,null,null
84649,福岡県,平成27年２月,6,27,2,24,定例,平成27年２月定例会（第16日）,議長（加地　邦雄君）,議長,加地　邦雄,議長,採決は一括して行います。,null,null,null
84650,福岡県,平成27年２月,6,27,2,24,定例,平成27年２月定例会（第16日）,議長（加地　邦雄君）,議長,加地　邦雄,議長,第一号議案から第五六号議案まで、及び第五九号議案から第八四号議案までの八十二件について、委員長の報告はいずれも原案可決であります。,null,null,null
84651,福岡県,平成27年２月,6,27,2,24,定例,平成27年２月定例会（第16日）,議長（加地　邦雄君）,議長,加地　邦雄,議長,委員長の報告のとおり原案を可決することに賛成の諸君は御起立願います。,null,null,null
84652,福岡県,平成27年２月,6,27,2,24,定例,平成27年２月定例会（第16日）,議長（加地　邦雄君）,議長,加地　邦雄,議長,賛　成　者　起　立,null,null,null
84653,福岡県,平成27年２月,6,27,2,24,定例,平成27年２月定例会（第16日）,議長（加地　邦雄君）,議長,加地　邦雄,議長,起立多数であります。,null,null,null
84654,福岡県,平成27年２月,6,27,2,24,定例,平成27年２月定例会（第16日）,議長（加地　邦雄君）,議長,加地　邦雄,議長,よって、第一号議案外八十一件はいずれも原案のとおり可決されました。,null,null,null
84655,福岡県,平成27年２月,6,27,2,24,定例,平成27年２月定例会（第16日）,議長（加地　邦雄君）,議長,加地　邦雄,議長,日程に従い、第五七号議案及び第五八号議案の二件を一括議題といたします。,null,null,null
84656,福岡県,平成27年２月,6,27,2,24,定例,平成27年２月定例会（第16日）,議長（加地　邦雄君）,議長,加地　邦雄,議長,＊採決,null,null,null
84657,福岡県,平成27年２月,6,27,2,24,定例,平成27年２月定例会（第16日）,議長（加地　邦雄君）,議長,加地　邦雄,議長,これより採決いたします。,null,null,null
84658,福岡県,平成27年２月,6,27,2,24,定例,平成27年２月定例会（第16日）,議長（加地　邦雄君）,議長,加地　邦雄,議長,まず、第五七号議案「監査委員の選任について」、同意することに賛成の諸君は御起立願います。,null,null,null
84659,福岡県,平成27年２月,6,27,2,24,定例,平成27年２月定例会（第16日）,議長（加地　邦雄君）,議長,加地　邦雄,議長,賛　成　者　起　立,null,null,null
84660,福岡県,平成27年２月,6,27,2,24,定例,平成27年２月定例会（第16日）,議長（加地　邦雄君）,議長,加地　邦雄,議長,起立多数であります。,null,null,null
84661,福岡県,平成27年２月,6,27,2,24,定例,平成27年２月定例会（第16日）,議長（加地　邦雄君）,議長,加地　邦雄,議長,よって、第五七号議案は同意することに決定いたしました。,null,null,null
84662,福岡県,平成27年２月,6,27,2,24,定例,平成27年２月定例会（第16日）,議長（加地　邦雄君）,議長,加地　邦雄,議長,──────────────────────────────────────────,null,null,null
84663,福岡県,平成27年２月,6,27,2,24,定例,平成27年２月定例会（第16日）,議長（加地　邦雄君）,議長,加地　邦雄,議長,〔参　照〕　　　同意された者,null,null,null
84664,福岡県,平成27年２月,6,27,2,24,定例,平成27年２月定例会（第16日）,議長（加地　邦雄君）,議長,加地　邦雄,議長,福岡県監査委員　　　　　　山　　下　　芳　　郎,null,null,null
84665,福岡県,平成27年２月,6,27,2,24,定例,平成27年２月定例会（第16日）,議長（加地　邦雄君）,議長,加地　邦雄,議長,──────────────────────────────────────────,null,null,null
84666,福岡県,平成27年２月,6,27,2,24,定例,平成27年２月定例会（第16日）,議長（加地　邦雄君）,議長,加地　邦雄,議長,次に、第五八号議案「収用委員会委員の任命について」、同意することに賛成の諸君は御起立願います。,null,null,null
84667,福岡県,平成27年２月,6,27,2,24,定例,平成27年２月定例会（第16日）,議長（加地　邦雄君）,議長,加地　邦雄,議長,賛　成　者　起　立,null,null,null
84668,福岡県,平成27年２月,6,27,2,24,定例,平成27年２月定例会（第16日）,議長（加地　邦雄君）,議長,加地　邦雄,議長,起立多数であります。,null,null,null
84669,福岡県,平成27年２月,6,27,2,24,定例,平成27年２月定例会（第16日）,議長（加地　邦雄君）,議長,加地　邦雄,議長,よって、第五八号議案は同意することに決定いたしました。,null,null,null
84670,福岡県,平成27年２月,6,27,2,24,定例,平成27年２月定例会（第16日）,議長（加地　邦雄君）,議長,加地　邦雄,議長,──────────────────────────────────────────,null,null,null
84671,福岡県,平成27年２月,6,27,2,24,定例,平成27年２月定例会（第16日）,議長（加地　邦雄君）,議長,加地　邦雄,議長,〔参　照〕　　　同意された者,null,null,null
84672,福岡県,平成27年２月,6,27,2,24,定例,平成27年２月定例会（第16日）,議長（加地　邦雄君）,議長,加地　邦雄,議長,福岡県収用委員会委員　　　田　　中　　里　　美,null,null,null
84673,福岡県,平成27年２月,6,27,2,24,定例,平成27年２月定例会（第16日）,議長（加地　邦雄君）,議長,加地　邦雄,議長,重　　松　　正　　信,null,null,null
84674,福岡県,平成27年２月,6,27,2,24,定例,平成27年２月定例会（第16日）,議長（加地　邦雄君）,議長,加地　邦雄,議長,北古賀　　　康　　博,null,null,null
84675,福岡県,平成27年２月,6,27,2,24,定例,平成27年２月定例会（第16日）,議長（加地　邦雄君）,議長,加地　邦雄,議長,──────────────────────────────────────────,null,null,null
84676,福岡県,平成27年２月,6,27,2,24,定例,平成27年２月定例会（第16日）,議長（加地　邦雄君）,議長,加地　邦雄,議長,＊議員提出議案上程,null,null,null
84677,福岡県,平成27年２月,6,27,2,24,定例,平成27年２月定例会（第16日）,議長（加地　邦雄君）,議長,加地　邦雄,議長,次に、このたび藏内勇夫君外十一名から議員提出第六号議案「福岡県飲酒運転撲滅運動の推進に関する条例の一部を改正する条例の制定について」がお手元配付のとおり提出されましたので、これを日程に追加し、報告上程いたします。,null,null,null
84678,福岡県,平成27年２月,6,27,2,24,定例,平成27年２月定例会（第16日）,議長（加地　邦雄君）,議長,加地　邦雄,議長,──────────────────────────────────────────,null,null,null
84679,福岡県,平成27年２月,6,27,2,24,定例,平成27年２月定例会（第16日）,議長（加地　邦雄君）,議長,加地　邦雄,議長,この際、提出者の説明を求めます。,null,null,null
84680,福岡県,平成27年２月,6,27,2,24,定例,平成27年２月定例会（第16日）,議長（加地　邦雄君）,議長,加地　邦雄,議長,野原隆士君。,null,null,null
84681,福岡県,平成27年２月,6,27,2,24,定例,平成27年２月定例会（第16日）,議長（加地　邦雄君）,議長,加地　邦雄,議長,（拍手）,null,null,null
84682,福岡県,平成27年２月,6,27,2,24,定例,平成27年２月定例会（第16日）,議長（加地　邦雄君）,議長,加地　邦雄,議長,＊野原議員提案理由説明,null,null,null
84683,福岡県,平成27年２月,6,27,2,24,定例,平成27年２月定例会（第16日）,十五番（野原　隆士君）,4000090000038,野原　隆士,十五番,それでは、ただいま議題となりました福岡県飲酒運転撲滅運動の推進に関する条例の一部を改正する条例案について、提出者を代表しまして私から説明をいたさせていただきます。,null,null,null
84684,福岡県,平成27年２月,6,27,2,24,定例,平成27年２月定例会（第16日）,十五番（野原　隆士君）,4000090000038,野原　隆士,十五番,本県では、かつて飲酒運転事故件数が全国最悪の水準であり、さらに、とうとい若い命が犠牲になるなど大変痛ましい事故が相次ぎました。,null,null,null
84685,福岡県,平成27年２月,6,27,2,24,定例,平成27年２月定例会（第16日）,十五番（野原　隆士君）,4000090000038,野原　隆士,十五番,このため本県議会では、会派を超えた議員提案により、全国初の罰則がついた福岡県飲酒運転撲滅運動の推進に関する条例を平成二十四年二月に制定しました。,null,null,null
84686,福岡県,平成27年２月,6,27,2,24,定例,平成27年２月定例会（第16日）,十五番（野原　隆士君）,4000090000038,野原　隆士,十五番,本県議会では、この条例を見直すため、昨年十月二日に福岡県飲酒運転撲滅運動の推進に関する条例見直し調整会議を設置しました。,null,null,null
84687,福岡県,平成27年２月,6,27,2,24,定例,平成27年２月定例会（第16日）,十五番（野原　隆士君）,4000090000038,野原　隆士,十五番,この条例見直し調整会議では、本条例で規定しています飲酒運転違反者へのアルコール依存症の診断を実際に行っている医師の方などから御意見をお聞きするなど、鋭意検討を行ってまいりました。,null,null,null
84688,福岡県,平成27年２月,6,27,2,24,定例,平成27年２月定例会（第16日）,十五番（野原　隆士君）,4000090000038,野原　隆士,十五番,現行条例が制定、施行された後の飲酒運転事故件数は減少傾向にありますが、その事故を引き起こす飲酒運転の取り締まり件数は平成二十六年でも千件を超えており、県民の生命と安全が脅かされている状況が依然としてあることから、条例見直し調整会議では、この現状を打破するために必要な改正案を取りまとめました。,null,null,null
84689,福岡県,平成27年２月,6,27,2,24,定例,平成27年２月定例会（第16日）,十五番（野原　隆士君）,4000090000038,野原　隆士,十五番,具体的には、現行条例が、飲酒運転違反を五年以内に二度犯した者に対して義務づけているアルコール依存症に関する受診などを初回から義務づけたこと、また、これに伴い受診義務などを履行しやすい環境づくりを行うこととしたこと、飲酒運転の警察官への通報を努力義務とする対象者の範囲を広げたことなどです。,null,null,null
84690,福岡県,平成27年２月,6,27,2,24,定例,平成27年２月定例会（第16日）,十五番（野原　隆士君）,4000090000038,野原　隆士,十五番,飲酒運転撲滅は、全県民の願いであります。,null,null,null
84691,福岡県,平成27年２月,6,27,2,24,定例,平成27年２月定例会（第16日）,十五番（野原　隆士君）,4000090000038,野原　隆士,十五番,これまでも、県民の方々の御協力のもと、本県議会、県警察本部、県執行部は全力を挙げて取り組んでまいりました。,null,null,null
84692,福岡県,平成27年２月,6,27,2,24,定例,平成27年２月定例会（第16日）,十五番（野原　隆士君）,4000090000038,野原　隆士,十五番,本県が一丸となって取り組み続ければ、近い将来必ずや飲酒運転ゼロの目標に手が届く日が来るものと信じております。,null,null,null
84693,福岡県,平成27年２月,6,27,2,24,定例,平成27年２月定例会（第16日）,十五番（野原　隆士君）,4000090000038,野原　隆士,十五番,議員各位におかれましては、よろしく御審議をいただき、議決を賜りますようお願いいたします。,null,null,null
84694,福岡県,平成27年２月,6,27,2,24,定例,平成27年２月定例会（第16日）,十五番（野原　隆士君）,4000090000038,野原　隆士,十五番,以上で説明を終わらさせていただきます。,null,null,null
84695,福岡県,平成27年２月,6,27,2,24,定例,平成27年２月定例会（第16日）,十五番（野原　隆士君）,4000090000038,野原　隆士,十五番,（拍手）,null,null,null
84696,福岡県,平成27年２月,6,27,2,24,定例,平成27年２月定例会（第16日）,議長（加地　邦雄君）,議長,加地　邦雄,議長,提出者の説明は終わりました。,null,null,null
84697,福岡県,平成27年２月,6,27,2,24,定例,平成27年２月定例会（第16日）,議長（加地　邦雄君）,議長,加地　邦雄,議長,お諮りいたします。,null,null,null
84698,福岡県,平成27年２月,6,27,2,24,定例,平成27年２月定例会（第16日）,議長（加地　邦雄君）,議長,加地　邦雄,議長,本件を直ちに議決したいと思いますが、御異議ありませんか。,null,null,null
84699,福岡県,平成27年２月,6,27,2,24,定例,平成27年２月定例会（第16日）,議長（加地　邦雄君）,議長,加地　邦雄,議長,〔「異議なし」と呼ぶ者がある〕,null,null,null
84700,福岡県,平成27年２月,6,27,2,24,定例,平成27年２月定例会（第16日）,議長（加地　邦雄君）,議長,加地　邦雄,議長,＊採決,null,null,null
84701,福岡県,平成27年２月,6,27,2,24,定例,平成27年２月定例会（第16日）,議長（加地　邦雄君）,議長,加地　邦雄,議長,御異議ありませんのでそのように決定し、これより採決いたします。,null,null,null
84702,福岡県,平成27年２月,6,27,2,24,定例,平成27年２月定例会（第16日）,議長（加地　邦雄君）,議長,加地　邦雄,議長,議員提出第六号議案について、原案を可決することに賛成の諸君は御起立願います。,null,null,null
84703,福岡県,平成27年２月,6,27,2,24,定例,平成27年２月定例会（第16日）,議長（加地　邦雄君）,議長,加地　邦雄,議長,賛　成　者　起　立,null,null,null
84704,福岡県,平成27年２月,6,27,2,24,定例,平成27年２月定例会（第16日）,議長（加地　邦雄君）,議長,加地　邦雄,議長,起立多数であります。,null,null,null
84705,福岡県,平成27年２月,6,27,2,24,定例,平成27年２月定例会（第16日）,議長（加地　邦雄君）,議長,加地　邦雄,議長,よって、議員提出第六号議案は原案のとおり可決されました。,null,null,null
84706,福岡県,平成27年２月,6,27,2,24,定例,平成27年２月定例会（第16日）,議長（加地　邦雄君）,議長,加地　邦雄,議長,次に、所管の常任委員会に付託いたしております請願十八件を一括議題といたします。,null,null,null
84707,福岡県,平成27年２月,6,27,2,24,定例,平成27年２月定例会（第16日）,議長（加地　邦雄君）,議長,加地　邦雄,議長,＊請願審査結果報告,null,null,null
84708,福岡県,平成27年２月,6,27,2,24,定例,平成27年２月定例会（第16日）,議長（加地　邦雄君）,議長,加地　邦雄,議長,本件に関し、委員会の審査結果はお手元配付の一覧表のとおりであります。,null,null,null
84709,福岡県,平成27年２月,6,27,2,24,定例,平成27年２月定例会（第16日）,議長（加地　邦雄君）,議長,加地　邦雄,議長,──────────────────────────────────────────,null,null,null
84710,福岡県,平成27年２月,6,27,2,24,定例,平成27年２月定例会（第16日）,議長（加地　邦雄君）,議長,加地　邦雄,議長,＊採決,null,null,null
84711,福岡県,平成27年２月,6,27,2,24,定例,平成27年２月定例会（第16日）,議長（加地　邦雄君）,議長,加地　邦雄,議長,これより採決いたします。,null,null,null
84712,福岡県,平成27年２月,6,27,2,24,定例,平成27年２月定例会（第16日）,議長（加地　邦雄君）,議長,加地　邦雄,議長,採決は一括して行います。,null,null,null
84713,福岡県,平成27年２月,6,27,2,24,定例,平成27年２月定例会（第16日）,議長（加地　邦雄君）,議長,加地　邦雄,議長,請願十八件について、いずれも委員会の報告のとおり決することに賛成の諸君は御起立願います。,null,null,null
84714,福岡県,平成27年２月,6,27,2,24,定例,平成27年２月定例会（第16日）,議長（加地　邦雄君）,議長,加地　邦雄,議長,賛　成　者　起　立,null,null,null
84715,福岡県,平成27年２月,6,27,2,24,定例,平成27年２月定例会（第16日）,議長（加地　邦雄君）,議長,加地　邦雄,議長,起立多数であります。,null,null,null
84716,福岡県,平成27年２月,6,27,2,24,定例,平成27年２月定例会（第16日）,議長（加地　邦雄君）,議長,加地　邦雄,議長,よって、本請願はいずれも委員会報告のとおり決定いたしました。,null,null,null
84717,福岡県,平成27年２月,6,27,2,24,定例,平成27年２月定例会（第16日）,議長（加地　邦雄君）,議長,加地　邦雄,議長,＊意見書案上程,null,null,null
84718,福岡県,平成27年２月,6,27,2,24,定例,平成27年２月定例会（第16日）,議長（加地　邦雄君）,議長,加地　邦雄,議長,次に、このたび意見書案第七七号「女性アスリート育成の支援強化を求める意見書案」外三件がお手元配付のとおり提出されましたので、これを日程に追加し、一括報告上程いたします。,null,null,null
84719,福岡県,平成27年２月,6,27,2,24,定例,平成27年２月定例会（第16日）,議長（加地　邦雄君）,議長,加地　邦雄,議長,──────────────────────────────────────────,null,null,null
84720,福岡県,平成27年２月,6,27,2,24,定例,平成27年２月定例会（第16日）,議長（加地　邦雄君）,議長,加地　邦雄,議長,お諮りいたします。,null,null,null
84721,福岡県,平成27年２月,6,27,2,24,定例,平成27年２月定例会（第16日）,議長（加地　邦雄君）,議長,加地　邦雄,議長,本意見書案を直ちに議決いたしたいと思いますが、御異議ありませんか。,null,null,null
84722,福岡県,平成27年２月,6,27,2,24,定例,平成27年２月定例会（第16日）,議長（加地　邦雄君）,議長,加地　邦雄,議長,〔「異議なし」と呼ぶ者がある〕,null,null,null
84723,福岡県,平成27年２月,6,27,2,24,定例,平成27年２月定例会（第16日）,議長（加地　邦雄君）,議長,加地　邦雄,議長,＊採決,null,null,null
84724,福岡県,平成27年２月,6,27,2,24,定例,平成27年２月定例会（第16日）,議長（加地　邦雄君）,議長,加地　邦雄,議長,御異議ありませんのでそのように決定し、これより採決いたします。,null,null,null
84725,福岡県,平成27年２月,6,27,2,24,定例,平成27年２月定例会（第16日）,議長（加地　邦雄君）,議長,加地　邦雄,議長,採決は一括して行います。,null,null,null
84726,福岡県,平成27年２月,6,27,2,24,定例,平成27年２月定例会（第16日）,議長（加地　邦雄君）,議長,加地　邦雄,議長,意見書案第七七号から第八〇号までの四件について、原案のとおり可決することに賛成の諸君は御起立願います。,null,null,null
84727,福岡県,平成27年２月,6,27,2,24,定例,平成27年２月定例会（第16日）,議長（加地　邦雄君）,議長,加地　邦雄,議長,賛　成　者　起　立,null,null,null
84728,福岡県,平成27年２月,6,27,2,24,定例,平成27年２月定例会（第16日）,議長（加地　邦雄君）,議長,加地　邦雄,議長,起立多数であります。,null,null,null
84729,福岡県,平成27年２月,6,27,2,24,定例,平成27年２月定例会（第16日）,議長（加地　邦雄君）,議長,加地　邦雄,議長,よって、意見書案第七七号外三件はいずれも原案のとおり可決されました。,null,null,null
84730,福岡県,平成27年２月,6,27,2,24,定例,平成27年２月定例会（第16日）,議長（加地　邦雄君）,議長,加地　邦雄,議長,次に、各調査特別委員会に付議しております事件の調査の経過について、委員長の報告を順次求めます。,null,null,null
84731,福岡県,平成27年２月,6,27,2,24,定例,平成27年２月定例会（第16日）,議長（加地　邦雄君）,議長,加地　邦雄,議長,まず、景気・雇用対策調査特別委員長の報告を求めます。,null,null,null
84732,福岡県,平成27年２月,6,27,2,24,定例,平成27年２月定例会（第16日）,議長（加地　邦雄君）,議長,加地　邦雄,議長,泉日出夫君。,null,null,null
84733,福岡県,平成27年２月,6,27,2,24,定例,平成27年２月定例会（第16日）,議長（加地　邦雄君）,議長,加地　邦雄,議長,（拍手）,null,null,null
84734,福岡県,平成27年２月,6,27,2,24,定例,平成27年２月定例会（第16日）,議長（加地　邦雄君）,議長,加地　邦雄,議長,＊景気・雇用対策調査特別委員長報告,null,null,null
84735,福岡県,平成27年２月,6,27,2,24,定例,平成27年２月定例会（第16日）,景気・雇用対策調査特別委員長（泉　日出夫君）,4000090000008,泉　日出夫,景気・雇用対策調査特別委員長,私は、景気・雇用対策調査特別委員会の委員長といたしまして、昨年二月定例会におきます中間報告以降の活動状況について報告いたします。,null,null,null
84736,福岡県,平成27年２月,6,27,2,24,定例,平成27年２月定例会（第16日）,景気・雇用対策調査特別委員長（泉　日出夫君）,4000090000008,泉　日出夫,景気・雇用対策調査特別委員長,本県の景気は、一部に弱さが見られるものの着実に持ち直しており、県内経済の先行きについては各種政策効果があらわれる中で、景気回復へ向かうことが期待される一方、海外景気の下振れリスクなどには引き続き留意する必要があります。,null,null,null
84737,福岡県,平成27年２月,6,27,2,24,定例,平成27年２月定例会（第16日）,景気・雇用対策調査特別委員長（泉　日出夫君）,4000090000008,泉　日出夫,景気・雇用対策調査特別委員長,また、雇用情勢については、一部に厳しさが見られるものの着実に改善している状況にあります。,null,null,null
84738,福岡県,平成27年２月,6,27,2,24,定例,平成27年２月定例会（第16日）,景気・雇用対策調査特別委員長（泉　日出夫君）,4000090000008,泉　日出夫,景気・雇用対策調査特別委員長,このような情勢のもと、本委員会は、中小企業に対する支援、先端成長産業の育成、集積、総合的な雇用対策を三つの柱として調査を行ってまいりました。,null,null,null
84739,福岡県,平成27年２月,6,27,2,24,定例,平成27年２月定例会（第16日）,景気・雇用対策調査特別委員長（泉　日出夫君）,4000090000008,泉　日出夫,景気・雇用対策調査特別委員長,以下、その概要について報告をいたします。,null,null,null
84740,福岡県,平成27年２月,6,27,2,24,定例,平成27年２月定例会（第16日）,景気・雇用対策調査特別委員長（泉　日出夫君）,4000090000008,泉　日出夫,景気・雇用対策調査特別委員長,まず、中小企業に対する支援についてであります。,null,null,null
84741,福岡県,平成27年２月,6,27,2,24,定例,平成27年２月定例会（第16日）,景気・雇用対策調査特別委員長（泉　日出夫君）,4000090000008,泉　日出夫,景気・雇用対策調査特別委員長,県では、中小企業の経営革新や農商工連携、海外展開など新たな事業に挑戦する中小企業への支援や、昨年四月の消費税率引き上げに伴う景気の腰折れを防ぎ、地域経済を活性化するため、プレミアムつき地域商品券の発行支援を拡充するなどの取り組みを実施しております。,null,null,null
84742,福岡県,平成27年２月,6,27,2,24,定例,平成27年２月定例会（第16日）,景気・雇用対策調査特別委員長（泉　日出夫君）,4000090000008,泉　日出夫,景気・雇用対策調査特別委員長,また、消費税率引き上げ後の売り上げ状況や売り上げ回復見込み時期など、県内中小企業の経営状況にかかわる影響調査によると、多くの事業者が売り上げが伸びておらず、消費税率引き上げによる駆け込み需要の反動減の長期化などの理由により、引き続き厳しい状況となっております。,null,null,null
84743,福岡県,平成27年２月,6,27,2,24,定例,平成27年２月定例会（第16日）,景気・雇用対策調査特別委員長（泉　日出夫君）,4000090000008,泉　日出夫,景気・雇用対策調査特別委員長,本委員会においては、委員から、建設業に関して、元請業者から下請業者に対して消費税が適正に転嫁されているかを県において確認すること、自動車産業に関して、景気後退により下落していた下請単価を景気の回復に伴い上昇させる働きかけを、県からメーカーに対して行うことなどについて要望がありました。,null,null,null
84744,福岡県,平成27年２月,6,27,2,24,定例,平成27年２月定例会（第16日）,景気・雇用対策調査特別委員長（泉　日出夫君）,4000090000008,泉　日出夫,景気・雇用対策調査特別委員長,特に、消費税率引き上げに伴う駆け込み需要の反動減に対応するため、昨年二月の本委員会で指摘をしておりましたプレミアムつき地域商品券の早期発行につきまして、年間発行見込み額約百二十一億円のうち、昨年四月から七月までに八四％の約百二億円が発行され、消費拡大に一定の効果があったと確認をしております。,null,null,null
84745,福岡県,平成27年２月,6,27,2,24,定例,平成27年２月定例会（第16日）,景気・雇用対策調査特別委員長（泉　日出夫君）,4000090000008,泉　日出夫,景気・雇用対策調査特別委員長,さらに、本日議決された平成二十六年度一般会計補正予算においても、二十七年度には二十六年度の二倍に当たる約二百五十億円分の発行が予定されており、消費を喚起し地域経済の浮揚を図ることが期待されます。,null,null,null
84746,福岡県,平成27年２月,6,27,2,24,定例,平成27年２月定例会（第16日）,景気・雇用対策調査特別委員長（泉　日出夫君）,4000090000008,泉　日出夫,景気・雇用対策調査特別委員長,また、地域の産業振興について、県内四地域に配置している中小企業振興事務所を核とし、地域の市町村、商工会議所、商工会、商店街等のメンバーにより、テーマに応じて協議を行い、地域の力を結集して創業支援、販路開拓支援、観光振興等に取り組むとの説明があり、委員から、具体的なスケジュールにより迅速に取り組み、予算に反映させるべきとの指摘がなされました。,null,null,null
84747,福岡県,平成27年２月,6,27,2,24,定例,平成27年２月定例会（第16日）,景気・雇用対策調査特別委員長（泉　日出夫君）,4000090000008,泉　日出夫,景気・雇用対策調査特別委員長,また、平成二十五年度県民意識調査結果について、商工業の振興、観光振興、雇用対策などの分野に絞り込み、筑豊地域で要望の高かった項目を踏まえた平成二十六年度の主な施策について執行部より説明がありました。,null,null,null
84748,福岡県,平成27年２月,6,27,2,24,定例,平成27年２月定例会（第16日）,景気・雇用対策調査特別委員長（泉　日出夫君）,4000090000008,泉　日出夫,景気・雇用対策調査特別委員長,県民意識調査の結果を、各部局がどのように次年度予算に反映したのかをチェックする仕組みが必要ではないかと委員からただされたことに対して、執行部から、意識調査の結果がどのように反映されたのかしっかりと確認、分析をし、取りまとめた結果については各部局と協議を行い、さらなる施策の充実強化につなげていきたいとの答弁がありました。,null,null,null
84749,福岡県,平成27年２月,6,27,2,24,定例,平成27年２月定例会（第16日）,景気・雇用対策調査特別委員長（泉　日出夫君）,4000090000008,泉　日出夫,景気・雇用対策調査特別委員長,特に、筑豊地域の特性についての認識についてただされ、人材の育成という視点で取り組みを行っており、今後も市町村と協議をしながら地域振興につなげていきたいとの答弁がありました。,null,null,null
84750,福岡県,平成27年２月,6,27,2,24,定例,平成27年２月定例会（第16日）,景気・雇用対策調査特別委員長（泉　日出夫君）,4000090000008,泉　日出夫,景気・雇用対策調査特別委員長,次に、先端成長産業の育成、集積についてであります。,null,null,null
84751,福岡県,平成27年２月,6,27,2,24,定例,平成27年２月定例会（第16日）,景気・雇用対策調査特別委員長（泉　日出夫君）,4000090000008,泉　日出夫,景気・雇用対策調査特別委員長,県では、県内での新たな雇用と所得を生み出すために、グリーンアジア国際戦略総合特区の推進、北部自動車産業アジア先進拠点の構築、福岡水素戦略の推進や医療、福祉関連機器の産業化などの新しい産業の育成、集積の取り組みの強化を図っています。,null,null,null
84752,福岡県,平成27年２月,6,27,2,24,定例,平成27年２月定例会（第16日）,景気・雇用対策調査特別委員長（泉　日出夫君）,4000090000008,泉　日出夫,景気・雇用対策調査特別委員長,本委員会においては、委員から、福岡県に燃料電池自動車（ＦＣＶ）の生産拠点を構築することについての認識をただされたことに対して、執行部から、今後北部九州の自動車産業をさらに発展させていくためには、次世代自動車、特に燃料電池自動車の生産拠点の構築が非常に重要な課題であると認識しており、まず普及拠点を福岡の地につくり、その上で生産拠点ができるようメーカーに働きかけを行っていきたいとの答弁がありました。,null,null,null
84753,福岡県,平成27年２月,6,27,2,24,定例,平成27年２月定例会（第16日）,景気・雇用対策調査特別委員長（泉　日出夫君）,4000090000008,泉　日出夫,景気・雇用対策調査特別委員長,この燃料電池自動車については、去る二月十二日にトヨタミライが九州で初めて県公用車として導入され、年度内にさらに一台が公用車として導入されると聞いております。,null,null,null
84754,福岡県,平成27年２月,6,27,2,24,定例,平成27年２月定例会（第16日）,景気・雇用対策調査特別委員長（泉　日出夫君）,4000090000008,泉　日出夫,景気・雇用対策調査特別委員長,このことにより、燃料電池自動車の普及と水素ステーションの整備がより一層進むことが期待をされます。,null,null,null
84755,福岡県,平成27年２月,6,27,2,24,定例,平成27年２月定例会（第16日）,景気・雇用対策調査特別委員長（泉　日出夫君）,4000090000008,泉　日出夫,景気・雇用対策調査特別委員長,次に、総合的な雇用対策についてであります。,null,null,null
84756,福岡県,平成27年２月,6,27,2,24,定例,平成27年２月定例会（第16日）,景気・雇用対策調査特別委員長（泉　日出夫君）,4000090000008,泉　日出夫,景気・雇用対策調査特別委員長,県では、雇用の創出及び就労支援について、若者しごとサポートセンターを初めとする年代別の就職支援センター等による求職者の状況に応じたきめ細かな求人、求職のマッチングを実施しております。,null,null,null
84757,福岡県,平成27年２月,6,27,2,24,定例,平成27年２月定例会（第16日）,景気・雇用対策調査特別委員長（泉　日出夫君）,4000090000008,泉　日出夫,景気・雇用対策調査特別委員長,また、職業訓練については、高等技術専門校が県内に七校設置されているほか、四年制の九州職業能力開発大学校を初め、高齢・障害・求職者雇用支援機構が運営する職業訓練関連施設が県内に計四カ所設置され、他県に比べても労働支援機関は充実した体制になっており、カリキュラムの充実を図りながら地域のニーズに沿った訓練を実施しております。,null,null,null
84758,福岡県,平成27年２月,6,27,2,24,定例,平成27年２月定例会（第16日）,景気・雇用対策調査特別委員長（泉　日出夫君）,4000090000008,泉　日出夫,景気・雇用対策調査特別委員長,本委員会においては、委員から、県内高等学校卒業者の就職状況について、県教育委員会と連携を図ることにより学科ごとの状況を把握し、今後の施策に反映させることが必要ではないかとただされたことに対して、執行部から、具体的な中身を掘り下げ、他の部局としっかり連携をとりながら具体的な施策を考えていきたいとの答弁がありました。,null,null,null
84759,福岡県,平成27年２月,6,27,2,24,定例,平成27年２月定例会（第16日）,景気・雇用対策調査特別委員長（泉　日出夫君）,4000090000008,泉　日出夫,景気・雇用対策調査特別委員長,また、福岡県の人口移動の状況は、転入が転出を約一万人上回っており、転入の約四割が九州各県からのものとなっております。,null,null,null
84760,福岡県,平成27年２月,6,27,2,24,定例,平成27年２月定例会（第16日）,景気・雇用対策調査特別委員長（泉　日出夫君）,4000090000008,泉　日出夫,景気・雇用対策調査特別委員長,委員から、今後も受け皿としての役割を果たしていくためには、福岡県の企業に勤めたくなるような魅力を県外から本県へ来た大学生などに発信していくべきではないかとただされたことに対して、執行部から、本県には非常に将来性の高い企業がたくさんあり、また理工系の大学も多くあることから、特に物づくりなどに関して企業の情報、魅力をインターンシップなども活用してしっかり伝えていきたいとの答弁がありました。,null,null,null
84761,福岡県,平成27年２月,6,27,2,24,定例,平成27年２月定例会（第16日）,景気・雇用対策調査特別委員長（泉　日出夫君）,4000090000008,泉　日出夫,景気・雇用対策調査特別委員長,以上が調査の概要でありますが、執行部におかれましては、本委員会での意見、要望等を十分に踏まえ、関係各部各課のさらなる連携強化に努められ、本県の各地域が活性化し、県民一人一人が景気の回復や雇用の改善、そして幸福を実感できるよう全庁を挙げての対策、たゆみない努力を切にお願いする次第であります。,null,null,null
84762,福岡県,平成27年２月,6,27,2,24,定例,平成27年２月定例会（第16日）,景気・雇用対策調査特別委員長（泉　日出夫君）,4000090000008,泉　日出夫,景気・雇用対策調査特別委員長,最後に、本委員会の調査に当たり、終始熱心に御協力を賜りました委員各位並びに執行部の皆様に対し深く感謝を申し上げ、報告を終わります。,null,null,null
84763,福岡県,平成27年２月,6,27,2,24,定例,平成27年２月定例会（第16日）,景気・雇用対策調査特別委員長（泉　日出夫君）,4000090000008,泉　日出夫,景気・雇用対策調査特別委員長,御清聴ありがとうございました。,null,null,null
84764,福岡県,平成27年２月,6,27,2,24,定例,平成27年２月定例会（第16日）,景気・雇用対策調査特別委員長（泉　日出夫君）,4000090000008,泉　日出夫,景気・雇用対策調査特別委員長,（拍手）,null,null,null
84765,福岡県,平成27年２月,6,27,2,24,定例,平成27年２月定例会（第16日）,議長（加地　邦雄君）,議長,加地　邦雄,議長,次に、広域行政推進対策調査特別委員長の報告を求めます。,null,null,null
84766,福岡県,平成27年２月,6,27,2,24,定例,平成27年２月定例会（第16日）,議長（加地　邦雄君）,議長,加地　邦雄,議長,井上順吾君。,null,null,null
84767,福岡県,平成27年２月,6,27,2,24,定例,平成27年２月定例会（第16日）,議長（加地　邦雄君）,議長,加地　邦雄,議長,（拍手）,null,null,null
84768,福岡県,平成27年２月,6,27,2,24,定例,平成27年２月定例会（第16日）,議長（加地　邦雄君）,議長,加地　邦雄,議長,＊広域行政推進対策調査特別委員長報告,null,null,null
84769,福岡県,平成27年２月,6,27,2,24,定例,平成27年２月定例会（第16日）,広域行政推進対策調査特別委員長（井上　順吾君）,4000090000061,井上　順吾,広域行政推進対策調査特別委員長,私は、広域行政推進対策調査特別委員会の委員長といたしまして、昨年二月定例会におきます中間報告以降、本委員会が取り組んでまいりました調査活動の経過について、その概要を報告いたします。,null,null,null
84770,福岡県,平成27年２月,6,27,2,24,定例,平成27年２月定例会（第16日）,広域行政推進対策調査特別委員長（井上　順吾君）,4000090000061,井上　順吾,広域行政推進対策調査特別委員長,本委員会では、調査、審議するに当たって、三本の柱を立てております。,null,null,null
84771,福岡県,平成27年２月,6,27,2,24,定例,平成27年２月定例会（第16日）,広域行政推進対策調査特別委員長（井上　順吾君）,4000090000061,井上　順吾,広域行政推進対策調査特別委員長,広域連携について、道州制について、そして国と地方の役割分担及び税財源配分のあり方についての三本であり、そのうち広域連携については、九州各県共通の成長戦略を調査、審議するということを基本方針としてあらかじめ取り決めておりましたが、折しも、私たち福岡県議会議員全員が会員となっております九州の自立を考える会におかれては、去る十月六日に九州の成長戦略に係る政策提言を公表されたところであります。,null,null,null
84772,福岡県,平成27年２月,6,27,2,24,定例,平成27年２月定例会（第16日）,広域行政推進対策調査特別委員長（井上　順吾君）,4000090000061,井上　順吾,広域行政推進対策調査特別委員長,この提言は、九州の自立を考える会の藏内勇夫会長から本県議会の加地邦雄議長にも提出され、またその際、提言の実現に向け福岡県として早急に実施すべき事項をあわせて示し、本県さらに九州が地方創生の先導的役割を担ってほしいとの要請が行われました。,null,null,null
84773,福岡県,平成27年２月,6,27,2,24,定例,平成27年２月定例会（第16日）,広域行政推進対策調査特別委員長（井上　順吾君）,4000090000061,井上　順吾,広域行政推進対策調査特別委員長,これを受け加地議長は、県政をともに担う小川洋知事に対し、この要請の趣旨を直ちに伝えられ、議長として全力でこれに応えていく決意を示されるとともに、知事においても提言事項に速やかに取り組まれるよう求められたと伺っています。,null,null,null
84774,福岡県,平成27年２月,6,27,2,24,定例,平成27年２月定例会（第16日）,広域行政推進対策調査特別委員長（井上　順吾君）,4000090000061,井上　順吾,広域行政推進対策調査特別委員長,そこで、本委員会といたしまして、まず、この知事への提言事項について、執行部としてどのように受けとめておられるのか、また、どのように対応されるのか説明を求めました。,null,null,null
84775,福岡県,平成27年２月,6,27,2,24,定例,平成27年２月定例会（第16日）,広域行政推進対策調査特別委員長（井上　順吾君）,4000090000061,井上　順吾,広域行政推進対策調査特別委員長,執行部からは、まずこの政策提言全体に関しては、十一月に国に対して行った施策、制度、予算に対する提言、要望に、九州の自立を考える会の各提言事項を盛り込んだこと、また今後も県が取り組むべきものは全庁的に連携して対応していくこと、そして九州全体で取り組むべきものは九州地方知事会など取り組みの主体となり得る団体に対して働きかけ、また国に対してもさまざまな機会を活用して提言、要望活動等を実施していきたいとの報告がありました。,null,null,null
84776,福岡県,平成27年２月,6,27,2,24,定例,平成27年２月定例会（第16日）,広域行政推進対策調査特別委員長（井上　順吾君）,4000090000061,井上　順吾,広域行政推進対策調査特別委員長,続いて、提言の個別的な内容に関して、まず観光振興については、担い手となる観光マーケティング、マネジメント機関、略してＤＭＯと言われておりますが、その活動促進や九州の観光行政の推進体制の強化、観光ブランドの確立などを九州各県や各市町村、そして産業界とその具体化について協議していくことなどの報告がありました。,null,null,null
84777,福岡県,平成27年２月,6,27,2,24,定例,平成27年２月定例会（第16日）,広域行政推進対策調査特別委員長（井上　順吾君）,4000090000061,井上　順吾,広域行政推進対策調査特別委員長,提言にある九州のロゴマークについて、委員からは、執行部において議会と共同歩調をとることでより相乗的な効果が生まれるとともに、議会と執行部が同じ方向を向いているとの県民の理解につながることから、福岡県をＰＲするさまざまな場面で使用する考えがあるのかとただされ、執行部からは、広報の仕方を研究し、前向きに検討したいとの回答がありました。,null,null,null
84778,福岡県,平成27年２月,6,27,2,24,定例,平成27年２月定例会（第16日）,広域行政推進対策調査特別委員長（井上　順吾君）,4000090000061,井上　順吾,広域行政推進対策調査特別委員長,このことにつきましては、委員から、提言のロゴマークについて時間を置かず直ちに検討すべきとの意見があり、委員長として私からも、急ぐべきものは急ぐという意思を持ってしっかり対応するようにと、その場で執行部に要望をしたところであります。,null,null,null
84779,福岡県,平成27年２月,6,27,2,24,定例,平成27年２月定例会（第16日）,広域行政推進対策調査特別委員長（井上　順吾君）,4000090000061,井上　順吾,広域行政推進対策調査特別委員長,また、農林水産業の経営力の強化については、九州の輸出戦略の司令塔となるべき組織として、福岡農産物通商の強化について、関係団体の実務レベルにおいて進め方の協議を開始したことなどが報告されたところであります。,null,null,null
84780,福岡県,平成27年２月,6,27,2,24,定例,平成27年２月定例会（第16日）,広域行政推進対策調査特別委員長（井上　順吾君）,4000090000061,井上　順吾,広域行政推進対策調査特別委員長,その他、昨年春に高病原性鳥インフルエンザなどの家畜伝染病が九州において発生しましたが、このような事態については、県の境界を越えた機動的な対応が求められることから、その広域的な連携について執行部に説明を求めました。,null,null,null
84781,福岡県,平成27年２月,6,27,2,24,定例,平成27年２月定例会（第16日）,広域行政推進対策調査特別委員長（井上　順吾君）,4000090000061,井上　順吾,広域行政推進対策調査特別委員長,執行部からは、熊本県での鳥インフルエンザの発生の翌日に九州・沖縄・山口家畜防疫連携会議を開催したこと、本県単独の取り組みとしては、農場で異常な家畜が見つかったときのために、県内四カ所にある家畜保健衛生所において通報を二十四時間受け付ける体制を構築していること、そして家畜伝染病の防疫について獣医師の方々などに家畜の殺処分など特殊な業務の支援をお願いする必要があることから、あらかじめ公益社団法人福岡県獣医師会など八団体と口蹄疫等防疫対策支援協定を締結していることなどについて報告がなされました。,null,null,null
84782,福岡県,平成27年２月,6,27,2,24,定例,平成27年２月定例会（第16日）,広域行政推進対策調査特別委員長（井上　順吾君）,4000090000061,井上　順吾,広域行政推進対策調査特別委員長,次に、地方分権をめぐる動向や道州制の最近の動きについて執行部に説明を求めました。,null,null,null
84783,福岡県,平成27年２月,6,27,2,24,定例,平成27年２月定例会（第16日）,広域行政推進対策調査特別委員長（井上　順吾君）,4000090000061,井上　順吾,広域行政推進対策調査特別委員長,執行部からは、昨年二月に本県で開催されました地方分権改革有識者会議地方懇談会イン福岡県の概要について、地方の優良事例として、本県の産業廃棄物税の導入に関するものを含めて六つの地方公共団体によるプレゼンテーションが行われたことなどが報告されました。,null,null,null
84784,福岡県,平成27年２月,6,27,2,24,定例,平成27年２月定例会（第16日）,広域行政推進対策調査特別委員長（井上　順吾君）,4000090000061,井上　順吾,広域行政推進対策調査特別委員長,その中で、広島県と広島市が連携して取り組んでいる事例と、徳島県が従来の予算、事業要望にかえて国への政策提言に取り組んでいる事例につきましては、特に先進的であると思われましたことから、昨年十一月、本委員会として各自治体を訪問し、詳細について視察調査を行ったところであります。,null,null,null
84785,福岡県,平成27年２月,6,27,2,24,定例,平成27年２月定例会（第16日）,広域行政推進対策調査特別委員長（井上　順吾君）,4000090000061,井上　順吾,広域行政推進対策調査特別委員長,以上が調査の概要でありますが、本県そして九州の発展のためには、九州の成長戦略に係る政策提言の内容の早急な実現が必要不可欠と考えますことから、私といたしましても、今後、同提言の実現に向け、一生懸命取り組んでまいる決意であります。,null,null,null
84786,福岡県,平成27年２月,6,27,2,24,定例,平成27年２月定例会（第16日）,広域行政推進対策調査特別委員長（井上　順吾君）,4000090000061,井上　順吾,広域行政推進対策調査特別委員長,終わりに、本委員会の調査に当たり、終始熱心に御協力賜りました委員各位並びに執行部の皆様方に心から深く感謝を申し上げ、私の報告といたします。,null,null,null
84787,福岡県,平成27年２月,6,27,2,24,定例,平成27年２月定例会（第16日）,広域行政推進対策調査特別委員長（井上　順吾君）,4000090000061,井上　順吾,広域行政推進対策調査特別委員長,ありがとうございました。,null,null,null
84788,福岡県,平成27年２月,6,27,2,24,定例,平成27年２月定例会（第16日）,広域行政推進対策調査特別委員長（井上　順吾君）,4000090000061,井上　順吾,広域行政推進対策調査特別委員長,（拍手）,null,null,null
84789,福岡県,平成27年２月,6,27,2,24,定例,平成27年２月定例会（第16日）,議長（加地　邦雄君）,議長,加地　邦雄,議長,次に、国際交流推進対策調査特別委員長の報告を求めます。,null,null,null
84790,福岡県,平成27年２月,6,27,2,24,定例,平成27年２月定例会（第16日）,議長（加地　邦雄君）,議長,加地　邦雄,議長,原田博史君。,null,null,null
84791,福岡県,平成27年２月,6,27,2,24,定例,平成27年２月定例会（第16日）,議長（加地　邦雄君）,議長,加地　邦雄,議長,（拍手）,null,null,null
84792,福岡県,平成27年２月,6,27,2,24,定例,平成27年２月定例会（第16日）,議長（加地　邦雄君）,議長,加地　邦雄,議長,＊国際交流推進対策調査特別委員長報告,null,null,null
84793,福岡県,平成27年２月,6,27,2,24,定例,平成27年２月定例会（第16日）,国際交流推進対策調査特別委員長（原田　博史君）,4000090000005,原田　博史,国際交流推進対策調査特別委員長,私は、国際交流推進対策調査特別委員会の委員長といたしまして、昨年二月の定例会におきます中間報告以降の本委員会の今日までの調査活動について、その概要を報告いたします。,null,null,null
84794,福岡県,平成27年２月,6,27,2,24,定例,平成27年２月定例会（第16日）,国際交流推進対策調査特別委員長（原田　博史君）,4000090000005,原田　博史,国際交流推進対策調査特別委員長,まず、海外との友好交流についてであります。,null,null,null
84795,福岡県,平成27年２月,6,27,2,24,定例,平成27年２月定例会（第16日）,国際交流推進対策調査特別委員長（原田　博史君）,4000090000005,原田　博史,国際交流推進対策調査特別委員長,本県を訪れる留学生は、近年約九千人程度で推移し、卒業後、世界各国で活躍される元留学生の中には本県を第二の故郷と思い、母国と福岡との交流に貢献したいと考えている方々が数多くおられます。,null,null,null
84796,福岡県,平成27年２月,6,27,2,24,定例,平成27年２月定例会（第16日）,国際交流推進対策調査特別委員長（原田　博史君）,4000090000005,原田　博史,国際交流推進対策調査特別委員長,本県では、元留学生の方々が福岡県の応援団になることを期待し、元留学生会の設立に協力してきたところであります。,null,null,null
84797,福岡県,平成27年２月,6,27,2,24,定例,平成27年２月定例会（第16日）,国際交流推進対策調査特別委員長（原田　博史君）,4000090000005,原田　博史,国際交流推進対策調査特別委員長,現在、ベトナム、上海、カンボジア、ブラジルにおいて元留学生の会が設立されておりますが、昨年七月に、新たにタイ福岡ＯＢ会が設立されたとの報告がありました。,null,null,null
84798,福岡県,平成27年２月,6,27,2,24,定例,平成27年２月定例会（第16日）,国際交流推進対策調査特別委員長（原田　博史君）,4000090000005,原田　博史,国際交流推進対策調査特別委員長,委員からは、ＯＢ会の実のある活動や友好を深めるため予算措置等を検討してほしいとの要望や、国と国との関係が冷え切っているときには地方が緊密な友好関係を持つことが重要であり、韓国にもＯＢ会を設立すべきとの提案がありました。,null,null,null
84799,福岡県,平成27年２月,6,27,2,24,定例,平成27年２月定例会（第16日）,国際交流推進対策調査特別委員長（原田　博史君）,4000090000005,原田　博史,国際交流推進対策調査特別委員長,また、国連ハビタットからの招聘を受け、昨年七月に知事と、議長を団長とする県議会の代表団が、ケニア共和国のナイロビにある国連ハビタット本部を訪問されました。,null,null,null
84800,福岡県,平成27年２月,6,27,2,24,定例,平成27年２月定例会（第16日）,国際交流推進対策調査特別委員長（原田　博史君）,4000090000005,原田　博史,国際交流推進対策調査特別委員長,執行部からは、クロス事務局長初め関係者との意見交換やハビタットのプロジェクトの視察を通して、本県とハビタットとの協力関係が深められるとともに、福岡方式による産業廃棄物処分施設のプロジェクトがハビタットからも高い評価を得ていることなど、ハビタットの活動に対して本県が大きく貢献していることが改めて確認されたとの報告がありました。,null,null,null
84801,福岡県,平成27年２月,6,27,2,24,定例,平成27年２月定例会（第16日）,国際交流推進対策調査特別委員長（原田　博史君）,4000090000005,原田　博史,国際交流推進対策調査特別委員長,また、本県では、平成二十三年度より福岡女子大学において、女子高校生を対象に英語コミュニケーション能力を磨き、留学への意欲を向上させるなどを目的に、高校生のためのイングリッシュ・キャンプが実施されております。,null,null,null
84802,福岡県,平成27年２月,6,27,2,24,定例,平成27年２月定例会（第16日）,国際交流推進対策調査特別委員長（原田　博史君）,4000090000005,原田　博史,国際交流推進対策調査特別委員長,平成二十五年度には三十六名が参加し、参加者の九〇％以上から留学意識が高まったとの回答があったとの報告がありました。,null,null,null
84803,福岡県,平成27年２月,6,27,2,24,定例,平成27年２月定例会（第16日）,国際交流推進対策調査特別委員長（原田　博史君）,4000090000005,原田　博史,国際交流推進対策調査特別委員長,委員からは、すばらしい成果を上げており、男子高校生にもひとしく機会を与えるような事業を検討してほしいとの提案がありました。,null,null,null
84804,福岡県,平成27年２月,6,27,2,24,定例,平成27年２月定例会（第16日）,国際交流推進対策調査特別委員長（原田　博史君）,4000090000005,原田　博史,国際交流推進対策調査特別委員長,特に私からは、高校で開催されるイングリッシュ・キャンプの実態を調査し、グローバル人材の育成のため、次年度に向け検討するように要望を行ったところであります。,null,null,null
84805,福岡県,平成27年２月,6,27,2,24,定例,平成27年２月定例会（第16日）,国際交流推進対策調査特別委員長（原田　博史君）,4000090000005,原田　博史,国際交流推進対策調査特別委員長,次に、海外との経済交流及び企業誘致、観光についてであります。,null,null,null
84806,福岡県,平成27年２月,6,27,2,24,定例,平成27年２月定例会（第16日）,国際交流推進対策調査特別委員長（原田　博史君）,4000090000005,原田　博史,国際交流推進対策調査特別委員長,一昨年の夏、タイ王国からの訪日ビザが緩和され、タイ人観光客は大幅に増加しております。,null,null,null
84807,福岡県,平成27年２月,6,27,2,24,定例,平成27年２月定例会（第16日）,国際交流推進対策調査特別委員長（原田　博史君）,4000090000005,原田　博史,国際交流推進対策調査特別委員長,本県においてもタイとの交流をさらに拡大させる必要があることから、昨年の七月に、福岡のお酒や食、観光など本県の魅力を発信するクールジャパン・フクオカインバンコクを実施し、参加企業の販路開拓、拡大につながったとの報告がございました。,null,null,null
84808,福岡県,平成27年２月,6,27,2,24,定例,平成27年２月定例会（第16日）,国際交流推進対策調査特別委員長（原田　博史君）,4000090000005,原田　博史,国際交流推進対策調査特別委員長,委員からは、八女茶のよさやお茶の文化をＰＲすべきとの提案や、ビザ発給の緩和が広がる中、先を見越したプロモーションの検討についてただされ、執行部からは、新しい市場が成長しており、市場の状況等を踏まえ九州全体あるいは福岡県として戦略を立てて取り組んでいきたいとの答弁がございました。,null,null,null
84809,福岡県,平成27年２月,6,27,2,24,定例,平成27年２月定例会（第16日）,国際交流推進対策調査特別委員長（原田　博史君）,4000090000005,原田　博史,国際交流推進対策調査特別委員長,また、ことし一月には、本県とタイ工業省との経済交流をより一層活発化させるため、タイ王国工業省との中小企業交流支援に関する覚書が締結され、引き続き経済交流を促進していくとの報告がありました。,null,null,null
84810,福岡県,平成27年２月,6,27,2,24,定例,平成27年２月定例会（第16日）,国際交流推進対策調査特別委員長（原田　博史君）,4000090000005,原田　博史,国際交流推進対策調査特別委員長,委員からは、タイとの交流は今後も増していくと考えられるため、ホームページ等も含め、広く情報発信をしてほしいとの要望がありました。,null,null,null
84811,福岡県,平成27年２月,6,27,2,24,定例,平成27年２月定例会（第16日）,国際交流推進対策調査特別委員長（原田　博史君）,4000090000005,原田　博史,国際交流推進対策調査特別委員長,次に、本委員会としてこれまで審議してきましたアジア諸地域との交流を促進する上での問題点や、県が実施すべき施策等について、さらに議論を深めていくため、昨年七月に、シンガポール及びマレーシアを訪問し、ＣＬＡＩＲシンガポール事務所やジェトロ・クアラルンプール事務所などの視察、企業会、現地旅行会社や県人会との意見交換会など、先進的事例や特色ある取り組みについて調査を行いました。,null,null,null
84812,福岡県,平成27年２月,6,27,2,24,定例,平成27年２月定例会（第16日）,国際交流推進対策調査特別委員長（原田　博史君）,4000090000005,原田　博史,国際交流推進対策調査特別委員長,現地調査では、マレーシアの旅行会社との意見交換会などを通じて、県や九州が一体となって観光ＰＲを行っているものの、思ったほど現地の方には伝わっていないことが明らかになりました。,null,null,null
84813,福岡県,平成27年２月,6,27,2,24,定例,平成27年２月定例会（第16日）,国際交流推進対策調査特別委員長（原田　博史君）,4000090000005,原田　博史,国際交流推進対策調査特別委員長,委員からは、言葉だけでは伝わりにくいため、映像を使用したプロモーションなども必要ではないかとの意見が出されました。,null,null,null
84814,福岡県,平成27年２月,6,27,2,24,定例,平成27年２月定例会（第16日）,国際交流推進対策調査特別委員長（原田　博史君）,4000090000005,原田　博史,国際交流推進対策調査特別委員長,委員会として、県は地域の観光資源を生かしたインバウンドの促進のため、さらなる観光ＰＲを行う必要があると実感したところであります。,null,null,null
84815,福岡県,平成27年２月,6,27,2,24,定例,平成27年２月定例会（第16日）,国際交流推進対策調査特別委員長（原田　博史君）,4000090000005,原田　博史,国際交流推進対策調査特別委員長,次に、九州国立博物館活動等の文化交流についてであります。,null,null,null
84816,福岡県,平成27年２月,6,27,2,24,定例,平成27年２月定例会（第16日）,国際交流推進対策調査特別委員長（原田　博史君）,4000090000005,原田　博史,国際交流推進対策調査特別委員長,世界四大博物館の一つに数えられ、東洋文化の至宝と称賛される数々の収蔵品を誇る台北國立故宮博物院の特別展が、昨年十月七日から十一月三十日まで開催されました。,null,null,null
84817,福岡県,平成27年２月,6,27,2,24,定例,平成27年２月定例会（第16日）,国際交流推進対策調査特別委員長（原田　博史君）,4000090000005,原田　博史,国際交流推進対策調査特別委員長,展示会には、初の海外展示となる肉形石を初め、数多くの貴重な収蔵物が出品され、五十一日間で約二十五万六千人が訪れました。,null,null,null
84818,福岡県,平成27年２月,6,27,2,24,定例,平成27年２月定例会（第16日）,国際交流推進対策調査特別委員長（原田　博史君）,4000090000005,原田　博史,国際交流推進対策調査特別委員長,このことは、これまでの本議会の地道な活動の継続により、日本と台湾との交流のきずなを深めてきた成果であります。,null,null,null
84819,福岡県,平成27年２月,6,27,2,24,定例,平成27年２月定例会（第16日）,国際交流推進対策調査特別委員長（原田　博史君）,4000090000005,原田　博史,国際交流推進対策調査特別委員長,本委員会といたしましても、これまで数回にわたり台湾を訪問され、今回の開催に御尽力をいただきました加地邦雄議長、松本國寛台湾友好議員連盟会長初め関係議員の皆様方や、執行部を初めとする関係者の皆様方に、改めて深く感謝を申し上げます。,null,null,null
84820,福岡県,平成27年２月,6,27,2,24,定例,平成27年２月定例会（第16日）,国際交流推進対策調査特別委員長（原田　博史君）,4000090000005,原田　博史,国際交流推進対策調査特別委員長,以上、調査の概要を述べてまいりましたが、今日、地方自治体には、地域特性を生かした独自の国際化施策により、文化、経済の活性化を進めることが求められています。,null,null,null
84821,福岡県,平成27年２月,6,27,2,24,定例,平成27年２月定例会（第16日）,国際交流推進対策調査特別委員長（原田　博史君）,4000090000005,原田　博史,国際交流推進対策調査特別委員長,執行部におかれましては、本委員会での意見、要望を十分に踏まえ、多様な国際交流による活力ある地域づくりを行っていただきますように強く要望するものであります。,null,null,null
84822,福岡県,平成27年２月,6,27,2,24,定例,平成27年２月定例会（第16日）,国際交流推進対策調査特別委員長（原田　博史君）,4000090000005,原田　博史,国際交流推進対策調査特別委員長,終わりに、本委員会の調査に当たり、終始熱心に御協力賜りました委員各位並びに執行部の皆様方に心から深く感謝を申し上げ、私の報告とします。,null,null,null
84823,福岡県,平成27年２月,6,27,2,24,定例,平成27年２月定例会（第16日）,国際交流推進対策調査特別委員長（原田　博史君）,4000090000005,原田　博史,国際交流推進対策調査特別委員長,ありがとうございました。,null,null,null
84824,福岡県,平成27年２月,6,27,2,24,定例,平成27年２月定例会（第16日）,国際交流推進対策調査特別委員長（原田　博史君）,4000090000005,原田　博史,国際交流推進対策調査特別委員長,（拍手）,null,null,null
84825,福岡県,平成27年２月,6,27,2,24,定例,平成27年２月定例会（第16日）,議長（加地　邦雄君）,議長,加地　邦雄,議長,以上で調査特別委員長の報告は終わりました。,null,null,null
84826,福岡県,平成27年２月,6,27,2,24,定例,平成27年２月定例会（第16日）,議長（加地　邦雄君）,議長,加地　邦雄,議長,＊閉会中の常任委員会及び議会運営委員会調査事項付議,null,null,null
84827,福岡県,平成27年２月,6,27,2,24,定例,平成27年２月定例会（第16日）,議長（加地　邦雄君）,議長,加地　邦雄,議長,このたび、各常任委員会及び議会運営委員会から、お手元配付の事項について閉会中これを継続調査したい旨の申し出がありました。,null,null,null
84828,福岡県,平成27年２月,6,27,2,24,定例,平成27年２月定例会（第16日）,議長（加地　邦雄君）,議長,加地　邦雄,議長,──────────────────────────────────────────,null,null,null
84829,福岡県,平成27年２月,6,27,2,24,定例,平成27年２月定例会（第16日）,議長（加地　邦雄君）,議長,加地　邦雄,議長,お諮りいたします。,null,null,null
84830,福岡県,平成27年２月,6,27,2,24,定例,平成27年２月定例会（第16日）,議長（加地　邦雄君）,議長,加地　邦雄,議長,本件について各常任委員会及び議会運営委員会から申し出のとおり、閉会中の継続調査に付することに御異議ありませんか。,null,null,null
84831,福岡県,平成27年２月,6,27,2,24,定例,平成27年２月定例会（第16日）,議長（加地　邦雄君）,議長,加地　邦雄,議長,〔「異議なし」と呼ぶ者がある〕,null,null,null
84832,福岡県,平成27年２月,6,27,2,24,定例,平成27年２月定例会（第16日）,議長（加地　邦雄君）,議長,加地　邦雄,議長,御異議ありませんので、そのように決定いたしました。,null,null,null
84833,福岡県,平成27年２月,6,27,2,24,定例,平成27年２月定例会（第16日）,議長（加地　邦雄君）,議長,加地　邦雄,議長,＊議員表彰,null,null,null
84834,福岡県,平成27年２月,6,27,2,24,定例,平成27年２月定例会（第16日）,議長（加地　邦雄君）,議長,加地　邦雄,議長,次に、このたび規定の在職年数に達した県政功労議員に対し、本県議会議員表彰規程に基づき、これより表彰を行います。,null,null,null
84835,福岡県,平成27年２月,6,27,2,24,定例,平成27年２月定例会（第16日）,議長（加地　邦雄君）,議長,加地　邦雄,議長,表彰の実施に当たっては、この際議長に御一任願います。,null,null,null
84836,福岡県,平成27年２月,6,27,2,24,定例,平成27年２月定例会（第16日）,議長（加地　邦雄君）,議長,加地　邦雄,議長,被表彰者は、お手元配付の被表彰者名簿のとおりであります。,null,null,null
84837,福岡県,平成27年２月,6,27,2,24,定例,平成27年２月定例会（第16日）,議長（加地　邦雄君）,議長,加地　邦雄,議長,──────────────────────────────────────────,null,null,null
84838,福岡県,平成27年２月,6,27,2,24,定例,平成27年２月定例会（第16日）,議長（加地　邦雄君）,議長,加地　邦雄,議長,被表彰者を代表して田中久也君、登壇願います。,null,null,null
84839,福岡県,平成27年２月,6,27,2,24,定例,平成27年２月定例会（第16日）,議長（加地　邦雄君）,議長,加地　邦雄,議長,（拍手）,null,null,null
84840,福岡県,平成27年２月,6,27,2,24,定例,平成27年２月定例会（第16日）,議長（加地　邦雄君）,議長,加地　邦雄,議長,〔田中久也君登壇　加地議長表彰状朗読〕,null,null,null
84841,福岡県,平成27年２月,6,27,2,24,定例,平成27年２月定例会（第16日）,議長（加地　邦雄君）,議長,加地　邦雄,議長,表　　　彰　　　状,null,null,null
84842,福岡県,平成27年２月,6,27,2,24,定例,平成27年２月定例会（第16日）,議長（加地　邦雄君）,議長,加地　邦雄,議長,福岡県議会議員　　田　　中　　久　　也　　殿,null,null,null
84843,福岡県,平成27年２月,6,27,2,24,定例,平成27年２月定例会（第16日）,議長（加地　邦雄君）,議長,加地　邦雄,議長,あなたは昭和四十六年四月以来四十四カ年福岡県議会議員として在職し終始県政の発展と県民の福祉増進の,null,null,null
84844,福岡県,平成27年２月,6,27,2,24,定例,平成27年２月定例会（第16日）,議長（加地　邦雄君）,議長,加地　邦雄,議長,ため尽力されその功績はまことに顕著であります　よってここに福岡県議会議員表彰規程に基づきこれを表彰し,null,null,null
84845,福岡県,平成27年２月,6,27,2,24,定例,平成27年２月定例会（第16日）,議長（加地　邦雄君）,議長,加地　邦雄,議長,ます,null,null,null
84846,福岡県,平成27年２月,6,27,2,24,定例,平成27年２月定例会（第16日）,議長（加地　邦雄君）,議長,加地　邦雄,議長,平成二十七年二月二十四日,null,null,null
84847,福岡県,平成27年２月,6,27,2,24,定例,平成27年２月定例会（第16日）,議長（加地　邦雄君）,議長,加地　邦雄,議長,福　　岡　　県　　議　　会,null,null,null
84848,福岡県,平成27年２月,6,27,2,24,定例,平成27年２月定例会（第16日）,議長（加地　邦雄君）,議長,加地　邦雄,議長,〔拍　　手〕,null,null,null
84849,福岡県,平成27年２月,6,27,2,24,定例,平成27年２月定例会（第16日）,議長（加地　邦雄君）,議長,加地　邦雄,議長,引き続き、ただいまの被表彰者に対し、知事から感謝状が贈られます。,null,null,null
84850,福岡県,平成27年２月,6,27,2,24,定例,平成27年２月定例会（第16日）,議長（加地　邦雄君）,議長,加地　邦雄,議長,代表して田中久也君、登壇願います。,null,null,null
84851,福岡県,平成27年２月,6,27,2,24,定例,平成27年２月定例会（第16日）,議長（加地　邦雄君）,議長,加地　邦雄,議長,〔田中久也君登壇　小川知事感謝状朗読〕,null,null,null
84852,福岡県,平成27年２月,6,27,2,24,定例,平成27年２月定例会（第16日）,議長（加地　邦雄君）,議長,加地　邦雄,議長,感　　　謝　　　状,null,null,null
84853,福岡県,平成27年２月,6,27,2,24,定例,平成27年２月定例会（第16日）,議長（加地　邦雄君）,議長,加地　邦雄,議長,福岡県議会議員　　田　　中　　久　　也　　殿,null,null,null
84854,福岡県,平成27年２月,6,27,2,24,定例,平成27年２月定例会（第16日）,議長（加地　邦雄君）,議長,加地　邦雄,議長,あなたは県議会議員として四十四年の長きにわたり県政の発展に尽くされ地方自治の振興に貢献されましたその,null,null,null
84855,福岡県,平成27年２月,6,27,2,24,定例,平成27年２月定例会（第16日）,議長（加地　邦雄君）,議長,加地　邦雄,議長,功績はまことに顕著であります　よってここに感謝の意を表します,null,null,null
84856,福岡県,平成27年２月,6,27,2,24,定例,平成27年２月定例会（第16日）,議長（加地　邦雄君）,議長,加地　邦雄,議長,平成二十七年二月二十四日,null,null,null
84857,福岡県,平成27年２月,6,27,2,24,定例,平成27年２月定例会（第16日）,議長（加地　邦雄君）,議長,加地　邦雄,議長,福岡県知事　　小　　川　　　　洋,null,null,null
84858,福岡県,平成27年２月,6,27,2,24,定例,平成27年２月定例会（第16日）,議長（加地　邦雄君）,議長,加地　邦雄,議長,〔拍　　手〕,null,null,null
84859,福岡県,平成27年２月,6,27,2,24,定例,平成27年２月定例会（第16日）,議長（加地　邦雄君）,議長,加地　邦雄,議長,この際、被表彰者を代表して田中久也君から発言の申し出がありましたので、これを許可いたします。,null,null,null
84860,福岡県,平成27年２月,6,27,2,24,定例,平成27年２月定例会（第16日）,議長（加地　邦雄君）,議長,加地　邦雄,議長,田中久也君。,null,null,null
84861,福岡県,平成27年２月,6,27,2,24,定例,平成27年２月定例会（第16日）,議長（加地　邦雄君）,議長,加地　邦雄,議長,＊田中（久）議員挨拶,null,null,null
84862,福岡県,平成27年２月,6,27,2,24,定例,平成27年２月定例会（第16日）,八十六番（田中　久也君）,4000090000036,田中　久也,八十六番,大変僣越ではありますが、年長のゆえをもちまして、ただいま表彰をいただきました三十八名の議員の皆さんを代表して、私から一言御礼の御挨拶を申し上げたいと思います。,null,null,null
84863,福岡県,平成27年２月,6,27,2,24,定例,平成27年２月定例会（第16日）,八十六番（田中　久也君）,4000090000036,田中　久也,八十六番,私どもは、ただいま県政功労者として議会から表彰状、また知事からは感謝状を頂戴をいたしました。,null,null,null
84864,福岡県,平成27年２月,6,27,2,24,定例,平成27年２月定例会（第16日）,八十六番（田中　久也君）,4000090000036,田中　久也,八十六番,これもひとえに県政発展のために力を尽くしてまいりました県議会の皆様を初め、関係各位の長年にわたる御指導、御鞭撻のたまものだと感じ、厚く深く御礼を申し上げる次第であります。,null,null,null
84865,福岡県,平成27年２月,6,27,2,24,定例,平成27年２月定例会（第16日）,八十六番（田中　久也君）,4000090000036,田中　久也,八十六番,私どもは、今日まで県政推進のために全力をもって取り組んでまいりましたが、本日の栄誉を契機といたしまして、この困難な時代における諸問題解決のために皆様方と手を携えて取り組んでまいる所存であります。,null,null,null
84866,福岡県,平成27年２月,6,27,2,24,定例,平成27年２月定例会（第16日）,八十六番（田中　久也君）,4000090000036,田中　久也,八十六番,今後とも、さらなる御指導、御鞭撻、そして御協力のほどをよろしくお願いを申し上げます。,null,null,null
84867,福岡県,平成27年２月,6,27,2,24,定例,平成27年２月定例会（第16日）,八十六番（田中　久也君）,4000090000036,田中　久也,八十六番,なお、御案内のとおり、本定例会は今任期の最後の議会であります。,null,null,null
84868,福岡県,平成27年２月,6,27,2,24,定例,平成27年２月定例会（第16日）,八十六番（田中　久也君）,4000090000036,田中　久也,八十六番,来る四月には統一地方選挙が施行されますが、決意も新たにこれに臨まれる皆様方の再選を、心からお祈りを申し上げます。,null,null,null
84869,福岡県,平成27年２月,6,27,2,24,定例,平成27年２月定例会（第16日）,八十六番（田中　久也君）,4000090000036,田中　久也,八十六番,また、後進に道を譲られます方々には、どうかいつまでも御健康にて福岡県の発展を見守っていただきたいと、このように思います。,null,null,null
84870,福岡県,平成27年２月,6,27,2,24,定例,平成27年２月定例会（第16日）,八十六番（田中　久也君）,4000090000036,田中　久也,八十六番,終わりになりますが、大変簡単、粗辞でありますが、私の代表としての御礼の御挨拶とさせていただきます。,null,null,null
84871,福岡県,平成27年２月,6,27,2,24,定例,平成27年２月定例会（第16日）,八十六番（田中　久也君）,4000090000036,田中　久也,八十六番,まことにありがとうございました。,null,null,null
84872,福岡県,平成27年２月,6,27,2,24,定例,平成27年２月定例会（第16日）,八十六番（田中　久也君）,4000090000036,田中　久也,八十六番,（拍手）,null,null,null
84873,福岡県,平成27年２月,6,27,2,24,定例,平成27年２月定例会（第16日）,議長（加地　邦雄君）,議長,加地　邦雄,議長,以上で表彰を終わります。,null,null,null
84874,福岡県,平成27年２月,6,27,2,24,定例,平成27年２月定例会（第16日）,議長（加地　邦雄君）,議長,加地　邦雄,議長,＊会議録署名議員指名,null,null,null
84875,福岡県,平成27年２月,6,27,2,24,定例,平成27年２月定例会（第16日）,議長（加地　邦雄君）,議長,加地　邦雄,議長,会議録署名議員を指名いたします。,null,null,null
84876,福岡県,平成27年２月,6,27,2,24,定例,平成27年２月定例会（第16日）,議長（加地　邦雄君）,議長,加地　邦雄,議長,森　　下　　博　　司　　君,null,null,null
84877,福岡県,平成27年２月,6,27,2,24,定例,平成27年２月定例会（第16日）,議長（加地　邦雄君）,議長,加地　邦雄,議長,吉　　村　　敏　　男　　君,null,null,null
84878,福岡県,平成27年２月,6,27,2,24,定例,平成27年２月定例会（第16日）,議長（加地　邦雄君）,議長,加地　邦雄,議長,冨　　田　　徳　　二　　君,null,null,null
84879,福岡県,平成27年２月,6,27,2,24,定例,平成27年２月定例会（第16日）,議長（加地　邦雄君）,議長,加地　邦雄,議長,中　　村　　明　　彦　　君,null,null,null
84880,福岡県,平成27年２月,6,27,2,24,定例,平成27年２月定例会（第16日）,議長（加地　邦雄君）,議長,加地　邦雄,議長,田　　中　　久　　也　　君,null,null,null
84881,福岡県,平成27年２月,6,27,2,24,定例,平成27年２月定例会（第16日）,議長（加地　邦雄君）,議長,加地　邦雄,議長,以上五名の諸君を指名いたします。,null,null,null
84882,福岡県,平成27年２月,6,27,2,24,定例,平成27年２月定例会（第16日）,議長（加地　邦雄君）,議長,加地　邦雄,議長,以上で本定例会の議事は全て議了いたしました。,null,null,null
84883,福岡県,平成27年２月,6,27,2,24,定例,平成27年２月定例会（第16日）,議長（加地　邦雄君）,議長,加地　邦雄,議長,＊閉会,null,null,null
84884,福岡県,平成27年２月,6,27,2,24,定例,平成27年２月定例会（第16日）,議長（加地　邦雄君）,議長,加地　邦雄,議長,これをもって平成二十七年二月第二十回福岡県議会定例会を閉会いたします。,null,null,null
84885,福岡県,平成27年２月,6,27,2,24,定例,平成27年２月定例会（第16日）,議長（加地　邦雄君）,議長,加地　邦雄,議長,午　後　一　時　二十二分　　閉　会,null,null,null
84886,福岡県,平成27年２月,6,27,2,24,定例,平成27年２月定例会（第16日）,議長（加地　邦雄君）,議長,加地　邦雄,議長,閉　会　の　あ　い　さ　つ,null,null,null
84887,福岡県,平成27年２月,6,27,2,24,定例,平成27年２月定例会（第16日）,議長（加地　邦雄君）,議長,加地　邦雄,議長,加　地　議　長,null,null,null
84888,福岡県,平成27年２月,6,27,2,24,定例,平成27年２月定例会（第16日）,議長（加地　邦雄君）,議長,加地　邦雄,議長,今期最後の定例会の閉会に当たり、一言御挨拶を申し述べたいと存じます。,null,null,null
84889,福岡県,平成27年２月,6,27,2,24,定例,平成27年２月定例会（第16日）,議長（加地　邦雄君）,議長,加地　邦雄,議長,今期四年間の県議会を振り返りますと、県民の安全を守るため議員提案によります全国初の罰則つき飲酒運転撲滅の条例の制定や薬物濫用防止条例の制定など、議会の政策立案機能の一層の充実強化を図ってきたところであります。,null,null,null
84890,福岡県,平成27年２月,6,27,2,24,定例,平成27年２月定例会（第16日）,議長（加地　邦雄君）,議長,加地　邦雄,議長,また、本県議会議員全員を会員とする九州の自立を考える会が設立され、九州の自立的発展を目指し政策提言を行うなど、地方分権を大きく進める活動も行うことができました。,null,null,null
84891,福岡県,平成27年２月,6,27,2,24,定例,平成27年２月定例会（第16日）,議長（加地　邦雄君）,議長,加地　邦雄,議長,平成二十四年七月に発生しました豪雨災害におきましては、県議会においても迅速に対応し、着実に復旧、復興が進んでおります。,null,null,null
84892,福岡県,平成27年２月,6,27,2,24,定例,平成27年２月定例会（第16日）,議長（加地　邦雄君）,議長,加地　邦雄,議長,さらに、韓国慶尚南道議会やハノイ市人民評議会との友好提携や、県議会を挙げた誘致活動による九州国立博物館におきます台北國立故宮博物院展の実現など、国際交流の分野についても大きな成果を上げることができました。,null,null,null
84893,福岡県,平成27年２月,6,27,2,24,定例,平成27年２月定例会（第16日）,議長（加地　邦雄君）,議長,加地　邦雄,議長,この間、議員各位におかれましては、県民福祉の向上と県政発展のために御尽力をいただきましたことに深く敬意を表しますとともに、議会活動の御協力に対しまして心から感謝を申し上げます。,null,null,null
84894,福岡県,平成27年２月,6,27,2,24,定例,平成27年２月定例会（第16日）,議長（加地　邦雄君）,議長,加地　邦雄,議長,また、小川知事を初め執行部の皆さんにおかれましては、議会審議に御協力をいただきましたことに深く感謝を申し上げます。,null,null,null
84895,福岡県,平成27年２月,6,27,2,24,定例,平成27年２月定例会（第16日）,議長（加地　邦雄君）,議長,加地　邦雄,議長,さらに、議会活動を支えていただきました議会事務局職員の皆様にも、六十一代原口議長を初め四代の正副議長を代表しまして、心から御礼を申し上げたいと思います。,null,null,null
84896,福岡県,平成27年２月,6,27,2,24,定例,平成27年２月定例会（第16日）,議長（加地　邦雄君）,議長,加地　邦雄,議長,さて、我々は来る四月十二日に県民の皆様の審判を仰がなければなりません。,null,null,null
84897,福岡県,平成27年２月,6,27,2,24,定例,平成27年２月定例会（第16日）,議長（加地　邦雄君）,議長,加地　邦雄,議長,心新たに出馬される議員の皆様におかれましては、県民の厚い信頼を得て再びこの場でお会いし、県政発展のために御活躍いただきますよう心から祈念を申し上げます。,null,null,null
84898,福岡県,平成27年２月,6,27,2,24,定例,平成27年２月定例会（第16日）,議長（加地　邦雄君）,議長,加地　邦雄,議長,また、今期を最後に御勇退されます皆様方には、これまで県勢発展に尽くしてこられました御功績に対し深く敬意を表しますとともに、心から御礼を申し上げます。,null,null,null
84899,福岡県,平成27年２月,6,27,2,24,定例,平成27年２月定例会（第16日）,議長（加地　邦雄君）,議長,加地　邦雄,議長,今後とも、御自愛の上、それぞれのお立場で福岡県政へのお力添えを賜りますようお願いを申し上げまして、御礼の御挨拶といたします。,null,null,null
84900,福岡県,平成27年２月,6,27,2,24,定例,平成27年２月定例会（第16日）,議長（加地　邦雄君）,議長,加地　邦雄,議長,本当にありがとうございました。,null,null,null
84901,福岡県,平成27年２月,6,27,2,24,定例,平成27年２月定例会（第16日）,議長（加地　邦雄君）,議長,加地　邦雄,議長,（拍手）,null,null,null
84902,福岡県,平成27年２月,6,27,2,24,定例,平成27年２月定例会（第16日）,議長（加地　邦雄君）,議長,加地　邦雄,議長,小　川　知　事,null,null,null
84903,福岡県,平成27年２月,6,27,2,24,定例,平成27年２月定例会（第16日）,議長（加地　邦雄君）,議長,加地　邦雄,議長,ただいま我々の任期の最後の議会が終了いたしました。,null,null,null
84904,福岡県,平成27年２月,6,27,2,24,定例,平成27年２月定例会（第16日）,議長（加地　邦雄君）,議長,加地　邦雄,議長,議員の皆様におかれましては、本当にお疲れさまでございました。,null,null,null
84905,福岡県,平成27年２月,6,27,2,24,定例,平成27年２月定例会（第16日）,議長（加地　邦雄君）,議長,加地　邦雄,議長,また、この四年間、県政の推進に多大な御理解、御支援をいただき、厚くお礼を申し上げます。,null,null,null
84906,福岡県,平成27年２月,6,27,2,24,定例,平成27年２月定例会（第16日）,議長（加地　邦雄君）,議長,加地　邦雄,議長,今期限りで御勇退されます議員の皆様におかれましては、県政の発展と県民福祉の向上のために長年にわたり大変な御尽力をいただきました。,null,null,null
84907,福岡県,平成27年２月,6,27,2,24,定例,平成27年２月定例会（第16日）,議長（加地　邦雄君）,議長,加地　邦雄,議長,その御功績に対しまして深く敬意を表し、心から感謝を申し上げます。,null,null,null
84908,福岡県,平成27年２月,6,27,2,24,定例,平成27年２月定例会（第16日）,議長（加地　邦雄君）,議長,加地　邦雄,議長,本当にありがとうございました。,null,null,null
84909,福岡県,平成27年２月,6,27,2,24,定例,平成27年２月定例会（第16日）,議長（加地　邦雄君）,議長,加地　邦雄,議長,多くの皆様におかれましては、来るべき統一地方選挙に心新たに立候補されます。,null,null,null
84910,福岡県,平成27年２月,6,27,2,24,定例,平成27年２月定例会（第16日）,議長（加地　邦雄君）,議長,加地　邦雄,議長,必ずや当選をされるものと確信をいたしているところでございます。,null,null,null
84911,福岡県,平成27年２月,6,27,2,24,定例,平成27年２月定例会（第16日）,議長（加地　邦雄君）,議長,加地　邦雄,議長,私も、知事選に立候補いたします。,null,null,null
84912,福岡県,平成27年２月,6,27,2,24,定例,平成27年２月定例会（第16日）,議長（加地　邦雄君）,議長,加地　邦雄,議長,県議会の皆様方から推薦をいただき、心から感謝を申し上げます。,null,null,null
84913,福岡県,平成27年２月,6,27,2,24,定例,平成27年２月定例会（第16日）,議長（加地　邦雄君）,議長,加地　邦雄,議長,ともに戦う覚悟でございます。,null,null,null
84914,福岡県,平成27年２月,6,27,2,24,定例,平成27年２月定例会（第16日）,議長（加地　邦雄君）,議長,加地　邦雄,議長,再びこの議場におきまして、皆様方と力を合わせて、この福岡県の一層の発展に挑戦をしてまいりたい、このように考えております。,null,null,null
84915,福岡県,平成27年２月,6,27,2,24,定例,平成27年２月定例会（第16日）,議長（加地　邦雄君）,議長,加地　邦雄,議長,皆様方の御健勝、そして御健闘を祈念を申し上げ、またこれまでの御厚情、御支援に対しまして心から感謝を申し上げまして、私の挨拶とさせていただきます。,null,null,null
84916,福岡県,平成27年２月,6,27,2,24,定例,平成27年２月定例会（第16日）,議長（加地　邦雄君）,議長,加地　邦雄,議長,ともに頑張りましょう。,null,null,null
84917,福岡県,平成27年２月,6,27,2,24,定例,平成27年２月定例会（第16日）,議長（加地　邦雄君）,議長,加地　邦雄,議長,ありがとうございました。,null,null,null
84918,福岡県,平成27年２月,6,27,2,24,定例,平成27年２月定例会（第16日）,議長（加地　邦雄君）,議長,加地　邦雄,議長,（拍手）,null,null,null
